:020000041000EA
:10000000002000208D790010892E0010CD2E0020B8
:100010000F2F0020D7790010D7790010D779001062
:10002000000000000000000000000000D779001070
:10003000D779001000000000F12D00200D8F001076
:10004000D7790010D7790010817A0010937A0010C8
:10005000A57A0010B77A0010C97A0010DB7A001078
:10006000ED7A0010FF7A0010D77900101579001092
:10007000D7790010D7790010D7790010D779001000
:10008000D7790010D7790010D7790010D7790010F0
:10009000D1860010D7790010D7790010D7790010D9
:1000A000D7790010D7790010D7790010D7790010D0
:1000B000D7790010D7790010D7790010D7790010C0
:1000C000D7790010D7790010D7790010D7790010B0
:1000D000D7790010D7790010D7790010D7790010A0
:1000E000D7790010D7790010D7790010D779001090
:1000F000D7790010D7790010D7790010D779001080
:10010000D7790010D7790010F1790010037A001028
:10011000157A0010277A0010397A00104B7A0010F7
:100120005D7A00106F7A0010D7790010A18D001051
:10013000D7790010D7790010D7790010D77900103F
:10014000D7790010D7790010D7790010D77900102F
:10015000D7790010D7790010D7790010D77900101F
:10016000D7790010D7790010B98D0010D779001019
:10017000D7790010D7790010D7790010D7790010FF
:10018000D7790010D7790010D7790010D7790010EF
:100190005D880010D7790010D7790010D77900104A
:1001A000D7790010D7790010D7790010D7790010CF
:1001B000D7790010D7790010D7790010D7790010BF
:1001C000D7790010D7790010D7790010000000000F
:1001D000000000000000000000000000000000001F
:1001E000000000000000000000000000000000000F
:1001F00000000000000000000000000000000000FF
:0402000000000000FA
:10020400014B43F82010704730B00C50014B53F8A9
:100214002000704730B00C5038B560B1114C6368A1
:10022400DBB2072B1AD06368DBB20F2B16D0082879
:1002340001D0102814D100294FF021040CBF202133
:100244000121094D8440EB6D814023EA04030B43F3
:10025400EB651AB141F2883001F01AFB002038BD79
:100264000120FCE700B0005000A00C5038B5EFF3BB
:100274001083012585F31088022001F033FA284603
:1002840000F04AFD2A4600210820FFF7C5FF4FF47D
:10029400FA5001F01FFB002000F0DEFA044628B9F2
:1002A40001F08AFA2946204600F09CFB104B114CC1
:1002B40000206367FFF7AAFF014620F07F4020F08B
:1002C4000F0028B941F4A04141F05001FFF798FF15
:1002D40023685B0706D52368074823F004032360DB
:1002E40001F0D6FA034A136843F004031360FEE7EF
:1002F40015C0500A00A00C50A0860100044B1A78C7
:1003040022B118B1DB7803700020704701207047D8
:10031400B1530020044B1A7822B118B15B7B0370EF
:100324000020704701207047B153002003280ED8E5
:10033400084A52F8203029B143F0060342F820302D
:100344000020704723F0060343F00403F6E701207E
:10035400704700BF5CB00C5003289DBF034B53F89B
:100364002000C0F340204FF0FF3070475CB00C50C9
:1003740003280CD8074B53F82020920707D553F8CD
:10038400202061F3000243F8202000207047012060
:10039400704700BF5CB00C5059B1032809D8064B14
:1003A40053F82030002013F0020318BF01230B7010
:1003B40070470120704700BF5CB00C5000F0A2BE33
:1003C400EFF3108072B6704780F31088704740BF17
:1003D400714A1368012B04D04FF0010313606F4A74
:1003E40010606F4A11606F484FF080510160704790
:1003F400EFF3108272B66848016889B34FF00001C8
:10040400016066480168B1B1EFF309811EF0100F75
:1004140008BF21ED108B21E9F00FEFF30B8441F8B5
:10042400044D4FF000041EF0100F08BF012441F8E2
:10043400044D006801605A490968096808C910C96F
:1004440084F30B88B1E8F00F002B18BFB1EC108BCC
:1004540081F309884EF0100E002B18BF2EF0100EF9
:1004640082F310884EF0040E70474F484FF47F011A
:10047400D0F8002041EA0201016070474849086051
:10048400EFF3148222F0040282F3148843494FF0FC
:100494000000086040494FF00100086042484FF4F2
:1004A4007F01D0F8002041EA020101603D484FF08D
:1004B400805101603D480068006800BF80F30888EF
:1004C40061B662B6704700BF20BF7047EFF3088083
:1004D4001EF0040F01D0EFF3098020E9F00FEFF3D1
:1004E4000B8440F8044D40F804ED40F804ED1EF090
:1004F400040F02D080F3098801E080F3088800B576
:1005040002F016FA5DF804EB4EF0040E7047EFF3B8
:1005140008801EF0040F01D0EFF3098020E9F00FEA
:10052400EFF30B8440F8044D40F804ED40F804ED7B
:100534001EF0040F02D080F3098801E080F30888DC
:1005440000B502F0E5F95DF804EB4EF0040E7047D7
:1005540010B4EFF3038410B47C4600B500B54DF835
:1005640004CD0FB4089C2DE9F00FEFF30B8410B405
:1005740000B5684602F00CFA01BC10BC84F30B8889
:10058400BDE8F00F0FBC5DF804CB5DF804EB10BCC4
:1005940010BC10BC70470000046800200C680020E8
:1005A4000868002004ED00E020ED00E008ED00E024
:1005B400104A1378FF2B05D10F4B9B68DB4303F0E4
:1005C400010313700D4A506B4BB10D4B1B681BB9E3
:1005D4000A23B0FBF3F070470A4B1B88F9E74FF48A
:1005E4007A72C0F30E03C00B5343504300EBD33075
:1005F400704700BF045A002000B00C5000000C509B
:10060400CC600020C8600020034610B51046002AC4
:1006140046D0002900F0F280612B32D8DFE803F0E5
:100624003AD431B5D141CE3144A5C8C53147314A58
:100634004D3150313154C1585C6064686C31313192
:100644007074BDB9787C31318031318431888C9FAC
:10065400AD31313131313190E794E3969931313113
:100664009B319D313131A131313131313131A7A744
:10067400AB31313131AF3131B3CBD7DBDF3231B7CD
:10068400EBA7FEE701244FF400130C6003604FF066
:10069400804005E0002301240B6004604FF0A0407B
:1006A40010BD00230424F7E700231024F4E70023FB
:1006B4002024F1E700234024EEE700238024EBE725
:1006C40000234FF48074E7E700234FF48064E3E7EA
:1006D40000234FF40064DFE700234FF48054DBE78A
:1006E40000234FF40054D7E700234FF48044D3E7AA
:1006F40000234FF40044CFE700234FF48034CBE7CA
:1007040000234FF40034C7E700234FF48024C3E7E9
:1007140000234FF48014BFE700234FF40014BBE719
:1007240000234FF48004B7E700234FF00074B3E7CD
:1007340000234FF00064AFE700234FF08054ABE791
:1007440000234FF00044A7E70123A4E70123022478
:10075400A2E70123A6E70123A7E70123ABE70123CF
:10076400AFE701234FF4007496E70123B5E70123B3
:100774004FF4002490E70123CBE70123D5E70123BD
:100784004FF4000488E70123CBE70023DFE70023CD
:10079400F6E700244FF4806377E700244FF40073F6
:1007A40073E700244FF400436FE7002440236CE711
:1007B4000024202369E70024102366E7002408238B
:1007C40063E70024042360E7002402235DE7002498
:1007D4004FF4801359E700244FF4002355E7002415
:1007E4004FF4802351E700244FF480334DE7002475
:1007F4004FF4807349E70024802346E708464FE717
:1008040007B5134A134902EBC002D1F89C30927821
:10081400022862F30303C1F89C300DF1070011D1E3
:10082400FFF76CFD10B10B238DF80730094A9DF8D2
:100834000710D2F8943061F30303C2F8943003B084
:100844005DF804FBFFF766FD0028EFD00D23EBE70E
:10085400A439002000A00C504FF0A0430D281A6AC0
:100864000DD842F6F173C34013F0010F0CBF0123FE
:1008740003238340134023FA00F0C0B270470123DE
:10088400F7E70000012803D002280ED000207047AB
:100894004FF0A043DB6A63B113F001000AD00648AD
:1008A400C3F3830303FB000070474FF0A0431B6BAB
:1008B400F1E71846704700BF00366E010120FFF7CC
:1008C400E1BF0220FFF7DEBF234BA1F1B771A1F511
:1008D4005851994210B53CD8012802D0022836D08C
:1008E400FEE71E4C1E4BD3F89420900758BFD3F854
:1008F40094204FF000005CBF42F00202C3F8942041
:10090400D3F89420D2075EBFD3F8942042F00102BA
:10091400C3F89420134A2368B1FBF2F123F00103D6
:100924002360236823F4005323F03C0343EA810348
:1009340043F4805343F00103236000F0A9FF0A202D
:1009440000F0A6FF2368002BFCDA002010BD064C43
:10095400C8E70120FAE700BF002A75152C000050F3
:1009640000B0005000366E013000005001460120F6
:10097400FFF7AABF01460220FFF7A6BF4FF0A0422F
:10098400D36A002023F00103D3627047012808D101
:100994004FF0A0431B6A03F00303032B01D1FFF7BD
:1009A4008DBF0148704700BF006CDC02021E08BF07
:1009B400012208B51046FFF7E9FF012A02D0022AF6
:1009C4000AD0FEE74FF0A0435B6ADBB2012BB8BF4D
:1009D4000123B0FBF3F008BD4FF080435B6903F0E3
:1009E4003F03F3E74FF0A04310B50D281B6A18D856
:1009F40042F6F172C24012F0010F0CBF0122032231
:100A040002FA00F411404FF0A04223EA04038140AB
:100A14000B43136220B90120FFF7C8FF024B186093
:100A240010BD0122ECE700BFC45700200028D8BF46
:100A3400002008B5CCBFFF230346002912DB002A9F
:100A440043F4E06340EA01200EDA4FF0A0414A6A21
:100A540022EA030303434B620120FFF7A7FF074B7E
:100A6400186008BD002A04DB43F4E04340EA023086
:100A7400EBE7002BF0D0FF23E7E700BFC4570020CB
:100A840070B50C46194D0646FFF7BAFE2B69FA20DD
:100A940023F004032B6100F0FBFE302C0DD8002161
:100AA4000846FFF79FFF302004220021B0FBF4F03A
:100AB400FFF7BCFF0024204670BD00F07DFE0C480B
:100AC40000EBC60043680B48EB616043FFF74EFF41
:100AD40004460028EFD1012106220846FFF7A6FFAD
:100AE40003212046FFF77EFFE4E700BF00B000507B
:100AF400A439002040420F002DE9F3411D4C1E4F44
:100B040004EBC0023B6B9278054662F317534FEA3D
:100B1400C0083B630DF107000E46FFF7EFFB10B171
:100B24000B238DF807309DF8071014F93520FB6C62
:100B34000A44002162F385030846FB64FFF752FF71
:100B4400302E00D9FEE7302004220021B0FBF6F05D
:100B5400FFF76CFFFFF712FF00F03AFE4444074B27
:100B64006268DA611A6942F004021A6102B0BDE8EF
:100B7400F08100BFA439002000A00C5000B0005048
:100B840070B5314E054633780C46012B43D9023BF0
:100B9400012B02D90125284670BD2C4B53F8212086
:100BA400FFF78FFE9042F5D8012905D82946204643
:100BB400FFF7A2FF002535E000210846FFF712FFEA
:100BC4002046FFF71DFEFA2000F062FEFFF7D6FE76
:100BD400302D0DD800F0FCFD00210846FFF702FF80
:100BE400042200213020B0FBF5F0FFF71FFFE1E7FE
:100BF40000F0E2FD16486843FFF7B8FE05460028FA
:100C0400C8D1012106220846FFF710FF0321284618
:100C1400FFF7E8FECEE7012909D901462046FFF790
:100C24002FFF05460020347000F032FEB3E78B42FC
:100C340003D14FF0FF321146D4E790210220FFF791
:100C44001FFF0028A6D1B1E7C05700209439002027
:100C540040420F00002808B511DD002926DB0128D9
:100C640000D139B13F2343F4E06340EA0120002A74
:100C74000BDA0EE00146F5E700200346F3E700290E
:100C8400FADA002A0CDB0020034643F4E04340EA8E
:100C940002304FF080414A6922EA030303434B6167
:100CA4000220FFF783FE024B186008BD3F23DEE7F6
:100CB400C457002010B5041E08BF01242046FFF7C6
:100CC40075FE012C02D0022C08D0FEE74FF0A043A1
:100CD4005B6A39B1C3F30223D84010BD4FF080439F
:100CE4005B69F6E7C3F30233F6E74FF080431A6813
:100CF40042F480221A601A685203FCD51A6822F45E
:100D040080221A6070470000024A136823F004032B
:100D14001360704700000440134A1368590721D434
:100D2400116800280CBF01234FF0FF3341F0040188
:100D340011604FF0804243F480131360116800295E
:100D4400FCD0094A116CC80606D5116C41F00201A9
:100D54001164116CC906FCD44FF080410A6822EA80
:100D640003030B60704700BF0000044007B56A46E8
:100D740001A9FFF749FCB0F1A04F04D1019B53B185
:100D8400012B17D0FEE7B0F1804FFBD1019B002B64
:100D9400F8D1094B00E0094BEFF31081012282F3F3
:100DA40010881A68009802431A6081F3108803B00F
:100DB4005DF804FB024BEFE704000040080000501C
:100DC4000C00005007B56A4601A9FFF71DFCB0F1FD
:100DD400A04F04D1019B53B1012B18D0FEE7B0F111
:100DE400804FFBD1019B002BF8D10A4B00E00A4B4A
:100DF400EFF31081012282F310881A68009822EA26
:100E040000021A6081F3108803B05DF804FB034B01
:100E1400EEE700BF04000040080000500C00005042
:100E24002DE9F8432A4B1B69002B4EDA4FF0A045FD
:100E34006B6B4FF00B096FF30F036FEA93336FEA99
:100E440083334FF400744FF48078224E6B63736FD6
:100E5400214F43F4C0037367736F43F040637367B8
:100E640047F6E073726F03EA44133A40134373671F
:100E7400032000F00DFD6B6B43F080436B636B6BE1
:100E8400002BFCDAA96BAA6B6B6B90B223F0804346
:100E9400B0EB114F6B634FEA114335BF1B1AC01AF5
:100EA4004444A4EB080435BF98B280B2A4B2A4B2FF
:100EB4003F2804D9B9F101094FEA5808D0D1A02834
:100EC40094BF00200120BDE8F8830120FBE700BFA8
:100ED40000000C5000A00C501F80FFFF704700283A
:100EE400D6BF0020FF230346002913DB002A08BFD6
:100EF4000122090201F4E061002A43F4E06340EABC
:100F0400010009DA4FF0A0414A6C22EA03030343CB
:100F14004B647047002A06DB120302F4E04243F4F8
:100F2400E0431043EEE7002BF3D0FF23EAE74FF052
:100F3400A0435A6C22F480225A645A6C61F3114221
:100F44005A64704708B50F20FFF73CFF0D20FFF7E8
:100F540039FF01200021FFF7EAFF02460C20FFF7CA
:100F6400BEFF00210C20FFF73DFDFFF7B7FF08BDD2
:100F7400F0280DD8902807D8302807D8182894BF0F
:100F840000210121FFF7FCBD0321FBE70221F9E762
:100F940001207047000000000000000000882A11B2
:100FA40000882A11FB06090030031000FD080A001E
:100FB40031031100000B0D0013021300020D0F008A
:100FC400130213000020704738B50020FFF744FCDB
:100FD400044628B900F0F0FB01212046FFF702FD8A
:100FE40001210C20FFF7FEFCFFF7ECFF01285BD08A
:100FF400022000F077FB0120FFF78EFE01F090FC49
:1010040000F0FCFB012001F0CFFC022001F0A8FC61
:10101400334B344A0120C3F8902001F0B5FC01F0B1
:10102400ABFC01F0B9FC00B1FEE72F4C2F48A368DC
:1010340043F00103A36001F0B3FC4FF08042136955
:1010440043F010031361EFF31081012383F310883D
:10105400274A137803B9FEE7013BDBB2137023B9C7
:10106400244AD36A23F00103D36281F31088A4686D
:1010740014F0010418D101F057FC64222146C82061
:1010840001F04AFC01F068FC4FF41652B0FBF2F098
:101094004FF47A72B2FBF0F2114901320B6F23F470
:1010A4007C7343EA02130B6702240425F020FFF744
:1010B4005FFF1148FFF75EFC002000F0E9FB0F4BD7
:1010C4001C800F4B1D80FFF779F921462846FFF756
:1010D40089FC2146BDE838400620FFF783BC00BFE9
:1010E40000A00C5000E2040000B00C5000B000401E
:1010F400B053002000000C5000882A11085A002028
:10110400065A002008B500F007F8BDE808400120A1
:1011140000F0C7B87047000010B5504B5B6813F47B
:10112400E06FC3F3022422D10123224603210220CB
:1011340000F030FD0123224619460A2000F02AFD62
:10114400012310220921082000F024FD012310228C
:101154000A21032000F01EFD012322460C210B204E
:1011640000F018FDFFF72EFF012842D1FEE7012C05
:101174003FD1234600220321052000F00BFD234626
:10118400002221460A2000F005FD234610220921F1
:101194000C2000F0FFFC234610220A21032000F05B
:1011A400F9FC234630220B21204600F0F3FC2346B1
:1011B40030220C21092000F0EDFC2146022000F031
:1011C40091FE2146042000F08DFE2146062000F009
:1011D40089FE2146072000F085FE2146082000F004
:1011E40081FE21460B2000F07DFE21460D2000F0FB
:1011F40079FE0123102262211E2000F0CBFC012382
:1012040010225E211A2000F0C5FC01231022612166
:101214001D2000F0BFFC012310225F211B2000F0E1
:10122400B9FC0123102260211C2000F0B3FC01232F
:10123400102263211F2000F0ADFC0123302240F274
:101244002111212000F0A6FCBDE81040012330222A
:101254004FF49071202000F09DBC00BF00B00050FE
:101264007FB50B4B0B4C0546002A18BF1C460123C7
:101274000E46CDE901030023204601A9039300F0A3
:1012840027F82046F2B2A9B200F007F904B070BD05
:1012940000000A500000084001220B201146FFF70D
:1012A400DFBF08B5FFF7F8FF08BD0000074B984201
:1012B40014BF402360238B4200D8FEE701F01F03D4
:1012C4004909138000EBC110704700BF00000A50A9
:1012D40073B50D46064600B9FEE74C68012C11D9DA
:1012E400112C0FD0404B24F400129A420AD003F57B
:1012F40080139C4206D024F4801203F500139A4212
:1013040000D0FEE7AB68022B00D9FEE730462988FF
:101314000DF10602FFF7CAFF034688B10122BDF8AA
:101324000600012C02FA00F20CD1596A11435962E9
:10133400996D11439965DA64DA65DA639A645A61DE
:1013440002B070BD112C0CD1596A11435962996DC8
:1013540011439965DA64DA65DA601A639A635A6448
:10136400EEE75CB9596A11435962996D1143996565
:10137400DA64DA65DA639A649A61E1E79A61696822
:10138400194CA14211D1D96A1143D9629A639A6462
:101394000122164982408E420BBF196A596D0A43D5
:1013A4000A430CBF1A625A65CAE7114CA14204D120
:1013B400D96A1143D962DA6306E00E4CA14205D121
:1013C400D96A1143D9629A635A64E1E70A4CA1428B
:1013D40003D1196B11431963D8E7084CA142D7D143
:1013E400196B11431963E6E70000111000000A505D
:1013F40000002110000031100000411000005110C5
:1014040007B500B9FEE70DF1060289B2FFF74EFFFA
:1014140080B10123BDF8061082698B401A438261B2
:10142400426A1A434262826D1A438265C364C36589
:10143400C363836403B05DF804FB13B500B9FEE72E
:101444000DF10602FFF732FFE0B10123BDF80620DB
:1014540041689340D140CC0716D4816AD140C90772
:1014640012D4416B01EA030433EA01010CD1016C8B
:101474008C4309D10369D340DB4303F00103181EF5
:1014840018BF012002B010BD016921FA02F2D2078F
:101494004CBF426802681340F1E737B5144600B9FF
:1014A400FEE7012A00D9FEE70DF10602FFF7FEFE72
:1014B400D0B10123BDF8061042688B40CA40D5075D
:1014C40018D4826ACA40D20714D4416B01EA0302D9
:1014D40033EA01010ED1056C05EA0201AA4309D1E0
:1014E40024B943690B43436103B030BD83690B43A3
:1014F4008361F9E70CB18360F6E7C360F4E70000A9
:1015040037B50DF1060204460D46FFF7CFFE10B3C2
:10151400194ABDF8063094421FD0C26DDA40D10793
:1015240019D5026DDA40D20700D4FEE7012202FA8F
:1015340003F3C3652946204601F0FEF929462046F7
:1015440000F0FAF8002806DB012308300B4A834038
:1015540043F00043936203B030BDC26CDA40D1075C
:10156400F9D5C269DA40D20700D4FEE7012202FAB3
:1015740003F3C364DEE700BF00000A5000000C5010
:101584000A4B70B59842044603D0094B98420AD0DE
:10159400FEE74E260025A9B220460135FFF7B0FF2D
:1015A400AE42F8D270BD2426F4E700BF00000A5012
:1015B4000000084007B500B9FEE70DF10602FFF789
:1015C40075FE024600284FD04368BDF80610CB4094
:1015D400D8070CD4936ACB40DB0708D40123506BA3
:1015E4008B4033EA000002D1106C834336D0136978
:1015F400CB4013F001001ED1D369CB4013F001009E
:1016040019D0936ACB4013F0010F536B23FA01F303
:1016140014D0D80703D5136CCB40DB0720D4536B0D
:10162400CB40D8071ED4136C1248CB4013F0010FE3
:1016340008BF4FF0FF3003B05DF804FBDB0703D5B0
:10164400136CCB40D8070FD4536BCB40DB070ED4BD
:10165400136C0948CB4013F0010FE9E71120EAE7C6
:101664000648E8E70648E6E74FF0FF30E3E70548B9
:10167400E1E700BF0000211000005110000031100C
:10168400000011100000411013B50DF106020446CC
:10169400FFF70CFE10B3124ABDF8063094420FD087
:1016A400C26DDA40D20708D5026DDA40D40700D4FF
:1016B400FEE7012202FA03F3C365002002B010BD65
:1016C400C26CDA40D107F8D5C269DA40D20700D437
:1016D400FEE7012202FA03F3C364EEE70120EDE71B
:1016E40000000A50022810B520D1114CE620E36A0C
:1016F40043F00103E36200F0CBF8E36A9A06FCD5F9
:101704001E2000F0C5F8E36A9B06FCD5EFF31081B8
:10171400012383F31088074A1378132B00D9FEE7BB
:101724000133137081F31088002010BD0120FCE701
:1017340000000C50B0530020064B984206D1A1F192
:10174400180083B2142B01D840B270474FF0FF3019
:10175400704700BF00000A500346084631B1142BFD
:1017640003D8183302480B8070470020704700BF2D
:1017740000000A50B9B1142815D80F280CD9103814
:101784000A4BC0B21A68072300EB400083401340A1
:10179400C3400B7000207047072885BF0838044BEE
:1017A400044BC0B2EEE70120704700BF0C000C50A0
:1017B40008000C5004000C50044B1A6942F0020259
:1017C4001A611A69002AFCDA704700BF00000C5045
:1017D400024A136923F002031361704700000C509E
:1017E400054B5B6B834238BF03F1FF33181A884201
:1017F4002CBF03200020704700000C50094BDA6A0C
:1018040092060CD5084900204A6842F000424A601A
:101814005A6842F000425A6001225A63704701201C
:10182400704700BF00000C500000044010B5FFF7E3
:10183400CBFBFFF7C7FB012803D0FFF7F1FA00B198
:10184400FEE701F09DF8FFF77DFBFFF7BBFB0128E6
:1018540001D001F07DF8FFF7B5FB013818BF012076
:1018640001F072F8032001F07FF8002001F068F81D
:10187400044640B9054AD36823F00103D36001F05C
:1018840077F8204610BD0124FBE700BF00B00050EC
:10189400034670B5B8B142F210754FF0E026AB4282
:1018A40084BFA3F51C5442F21073326998BF00241C
:1018B400184688BF103CD30708D400F00BF8234621
:1018C400002CECD101E000F005F870BD00F042F806
:1018D400F5E7000013B50190019B1A4C33B123685E
:1018E40023B1019BB3F1807F0CD9FEE70020FFF701
:1018F4005DF8154BB0FBF3F0019B2060002BF0D199
:1019040002B010BD019B002BFAD0104A136813F0EB
:1019140001030DD10E48D0F8FC1041F08071C0F8DD
:10192400FC105360136843F4003343F00103136065
:10193400019B22680549534348684A68121A9A422F
:10194400FBD3DDE70C5C002040420F00001000E0F8
:1019540000ED00E037B501904FF0E0204FF47A72CB
:101964004469019B6343B3FBF2F301930023816950
:1019740082698A42FCD025BFA51A5B195B185B18E3
:10198400019938BF9B1A994201D803B030BD114662
:10199400EEE707B50190019B13B903B05DF804FBB2
:1019A4004FF47A70FFF774FF019B013B0193F2E758
:1019B4008B10A3F14802F0B5D6B2042E49D8022EFA
:1019C40010D8254D0E2405EB820540F2B222A1EB7E
:1019D40086039BB2A3F59073032B3AD8DFE803F098
:1019E400091A27201D4D9B003D2440F221321D443D
:1019F400EDE70E2C4FF0080620D14FF47C512F68F0
:101A0400031BB3407B400B4010447B40001B2B6006
:101A140080B2F0BD0E2C4FF0000612D13F21EEE74C
:101A24000E2C4FF010060ED14FF47C11E7E70E2C6C
:101A34004FF018060AD14FF07C51E0E74FF4E06113
:101A4400DDE70721DBE74FF4E021D8E74FF0E06161
:101A5400D5E70020DDE700BF58B000500CEF004090
:101A6400002A31D02F2816DD3A282DDC0123174A0D
:101A74002A388340106F11F0200F14BF1843984385
:101A84001067124A11F0100FD16E14BF0B4321EAF4
:101A94000303D36670472638032815D80C4B11F07E
:101AA400200F53F8202014BF42F0100222F010023D
:101AB40043F8202053F82020C9064CBF42F0080206
:101AC40022F0080243F82020704700BF00B00C50F9
:101AD4005CB00C5038B14FF0A0429368064843F014
:101AE4000403936070474FF080425368034843F007
:101AF40008035360704700BF0030005000300040BE
:101B04003A2870B5CDBF002601260546A0F13C0554
:101B140004463046FFF7DEFF4EB9402C07DD094A84
:101B240052F8243061F30E3342F8243070BD05F1CD
:101B34008043013B50F8232022F00F02114340F868
:101B44002310F3E758AF0C503B28C8BF3C3843017F
:101B540052B1064A0020134433F810208A4202D0BE
:101B640001301028F8D17047014AF3E7AC4A00204D
:101B74000C4A00203B28C8BF3C38000108441AB175
:101B8400024B33F810007047014BFAE7AC4A0020CF
:101B94000C4A00202DE9F0471546044618B94FF0C9
:101BA400FF30BDE8F0873A28CDBF0027012706465D
:101BB400A0F13C063846FFF78DFF8046002F00F069
:101BC4005E81A4F1260003280AD8DFF80CC304F1CF
:101BD4008043263B5CF8232022F002024CF82320A9
:101BE400A1F590739BB20B2B04D82046FFF7E0FEBF
:101BF400014625E0A1F59C739BB2072B50D84A10EF
:101C04009C3AA1EB420189B2B1F59C7F43D040F2EA
:101C14003913994240F03A814FF0080E4FF47C5C3E
:101C2400A549A4F10E0351F8220003FA0EF3434030
:101C340003EA0C03434041F8223004F5297189B2C8
:101C44003A462046FFF780FF0F288146A7DC3A4634
:101C540029462046FFF704FF002F40F01981402C4D
:101C640040F31681954AE80652F824304FEA0939C0
:101C740023F4E04323F0180348BF43F00803A90604
:101C840048BF43F0100309F4E04949EA030342F86A
:101C94002430002085E74FF0000E4FF03F0CBFE7E3
:101CA400A1F5EC739AB2092A37D80522B3FBF2F3F3
:101CB400C3EB8332C3EB82020A4492B2A2F5EC7105
:101CC40088B2032814D84FF03F0E7D48C90050F85D
:101CD40023C0A4F10E028A4082EA0C020EFA01F13A
:101CE4000A4082EA0C0240F8232004F25521A6E7B8
:101CF400B2F5EE7F40F0CA803F217248DA00D0F896
:101D04006CC0A4F10E03934083EA0C0301FA02F2BF
:101D1400134083EA0C03C366E7E76FF4017A01EB2F
:101D24000A0293B2052B28D80323B2FBF3F26FF413
:101D34000179C2EB823302EB83030B449BB203EBC6
:101D4400090C1FFA8CFCBCF1020F00F29F80DB002F
:101D5400A3F581535C49A4F10E0E083B0EFA03F37C
:101D6400DFF878E151F822005EF82CC0434003EA22
:101D74000C03434041F82230B7E76FF4F87E01EBDF
:101D84000E039AB2092A2AD8B1F5FC7F16D2590853
:101D940013F0010F4D4B4FF03F004D4A18BF1A4648
:101DA400C9008840D2F800C0A4F10E038B4083EA36
:101DB4000C03034083EA0C03136096E707D040F258
:101DC400F913994207D100213F20424AEAE7102142
:101DD4004FF47C10F9E708214FF47C50F5E76FF4D9
:101DE400587C01EB0C039BB2052B3FF629AF03286B
:101DF4004CD804F18043A1F26232DFF8DCC0263B08
:101E0400042A15D8DFE802F0382A033123004FF4FE
:101E140040524FF0E04A4FF0005EDFF8C490D9F82A
:101E2400040020EA0A0040EA0E00C9F8040000E0B9
:101E340000225CF8230020F4E04002434CF8232005
:101E44005CF8232042F002024CF82320F8E64FF419
:101E540040524FF0E04A4FF0405EDEE74FF400524C
:101E64004FF0606A4FF0806ED7E74FF400524FF0A6
:101E7400606A4FF0C06ED0E74FF48052D9E7A1F505
:101E840096739BB2072B3FF6DBAEAEE60021D7E696
:101E940006F18046013E58F8263005F0300509F079
:101EA4000F0945EA090523F03F031D4345F04005AA
:101EB40048F82650EDE600BF48B0005058AF0C502B
:101EC40064B0005000B0005070B000507CB00050BE
:101ED40078B0005080B000505CB00C50004A002034
:101EE40000000C503A2838B5044625DD402816DC9D
:101EF4000025A0F13C012846FFF7ECFD01F18043E9
:101F0400013B50F823102A4621F05F0141F00F01F4
:101F140040F8231000212046FFF7A2FD0AE0084AFA
:101F240052F8203023F4E04323F00E0343F4E0435B
:101F340042F82030002038BD01460125DBE700BF10
:101F440058AF0C503A2870B50D4611460ADC4FF0D4
:101F5400A042936843F00403936080BB4FF0FF36C4
:101F6400304670BD4FF08042536843F0080353601D
:101F7400B0F13C03F2D040282EDD1E4B53F8202054
:101F8400C2F3C003D4064FEA0313C2F3023648BFB8
:101F940043F0200312F0040205D0002243F0400372
:101FA400402B22D01BD823B1302B08BF052318BFE8
:101FB400FF230B703146FFF7DDFD2880D0E7034691
:101FC40001220D4C03F18043013B54F8233003F00C
:101FD4000F0603F07003E3E70022084CF2E7502BEE
:101FE40005D0702B08BF0223E1E70123E1E70323B7
:101FF400DFE700BF58AF0C50003000500030004005
:102004003F000000003F000000003F00000000000F
:1020140000000000000000000000000000000000BC
:10202400000000000000000000000000B2002103D6
:1020340001030000000000003B024B0237020000D5
:10204400000000000000000000000000B3002203B4
:1020540002030000000000003C024B0238020000B2
:10206400000000000000000000000000B400230392
:1020740003030000000000003D024B023A0200008E
:10208400000000000000000000000000B500240370
:1020940004030000000000003E024B02390200006D
:1020A400000000000000000000000000000000002C
:1020B400000000000000000000000000000000001C
:1020C400000000000000000000000000F200040016
:1020D4000000000000000B000000000000000000F1
:1020E400000000000000000000000000F3000900F0
:1020F40000000000000003000000000000000000D9
:10210400000000000000000000000000F4000A00CD
:102114000000000000000A000000000000000000B1
:10212400000000000000000000000000F5000B00AB
:102134000000000000000B00000000000000000090
:10214400000000000000000000000000F6000C0089
:102154000000000000000300000000000000000078
:10216400000000000000000000000000F700030071
:1021740000000D0009000000000000000000000045
:10218400000000000000000000000000F800020051
:1021940000000E000B000000000000000000000022
:1021A400000000000000000000000000F900010031
:1021B40000000F000A0009000000000000000000F9
:1021C400000000000000000000000000FA000D0004
:1021D4000000100003000C000000000000000000DC
:1021E400000000000000000000000000FB000E00E2
:1021F40000000600010001000000000000000000D3
:10220400000000000000000000000000FC000F00BF
:10221400000001000C000C000000000000000000A1
:10222400000000000000000000000000FD0010009D
:10223400000003000000090000000000000000008E
:10224400000000000000000000000000FE00050087
:102254000600000000000000000000000000000074
:1022640000000000000000000000000052005401C3
:1022740000000000B202630200006A0100000000D6
:1022840000000000000000000000000053000000F7
:1022940000000000B302640200000000000000001F
:1022A4000000000000000000000000005400550180
:1022B4000000C601B40265029A016B0100003B02F2
:1022C40000002702000000000000000055004E013D
:1022D4000000C801B502660299015F0100003C02DA
:1022E40000002802000000000000000056004F011A
:1022F4000000C701B602670297015E0100003D02BB
:1023040000002902000000000000000057005001F6
:102314000000C401B70268029501680100003E0292
:1023240000002A02000000000000000058005101D3
:102334000000C501B80269029401690100003F026E
:1023440000002B02000000000000000059005201B0
:102354000000D401B9026A02920160010000400247
:1023640000002C0200000000000000005A0053018D
:102374000000D501BA026B02910161010000410223
:102384003A02000000000000000000005B000000B2
:1023940000000000BB026C020000000000004202CA
:1023A4003902000000000000000000005C00000092
:1023B40000000000BC026D020000000000000000EC
:1023C4000000000000000000000000005D000000AC
:1023D40000000000BD026E02000000000000D301F6
:1023E4003702210200000000000000005E001B0014
:1023F400B7010000BE026F020000000000000000F0
:102404003802220200000000000000005F002200E9
:10241400B8010000BF0270020000000000000000CC
:102424000000230200000000000000006000230000
:10243400B2010000C00271020000000000000000B0
:1024440000002402000000000000000061002100E0
:10245400B4010000C102720200000000000000008C
:1024640000002502000000000000000062001900C6
:10247400B5010000C2027302000000000000000069
:102484000000260200000000000000006300240099
:10249400B6010000C3027402000000000000000046
:1024A40000000000000000000000000064000000C4
:1024B4001A020000C40275020000000000000000BF
:1024C40000000000000000000000000065000000A3
:1024D40019020000C502760200000000000000009E
:1024E4000000000000000000000000006600000082
:1024F40000000000C60277020000000000004B024A
:102504000000000000000000000000006700000060
:1025140000000000C7027802000000000000000074
:10252400000000000000000000000000680000003F
:102534000000D401C802790200000000000000007D
:10254400000000000000000000000000690000001E
:102554000000D501C9027A0200000000000000005A
:102564000000000000000000000000006A000000FD
:102574004901C601CA027B02610362036303640367
:102584006503660300000000000000006B0000000B
:102594004801C801CB027C02610362036303640344
:1025A4006503660300000000000000006C000000EA
:1025B40000000000CC027D02610362036303640334
:1025C4006503660300000000000000006D000000C9
:1025D40000000000CD027E02610362036303640312
:1025E4006503660300000000000000006E000000A8
:1025F4004601C701CE027F02000000000000000077
:102604000000000000000000000000006F00000057
:102614004701C401CF028002000000000000000056
:102624000000000000000000000000007000000036
:102634000000C501D002810200000000000000007B
:102644000000000000000000000000007100000015
:1026540000000000D10282020000000000004302DA
:1026640000000000000000000000000072000000F4
:1026740000000000D20283020000000000000000FD
:1026840000000000000000000000000073000000D3
:1026940000000000D30284020000000000000000DB
:1026A40000000000000000000000000074000000B2
:1026B40000000000D40285020000000000000000B9
:1026C4000000000000000000000000007500000091
:1026D40000000000D5028602000000000000000097
:1026E4000000000000000000000000007600000070
:1026F40000000000D6028702000000000000000075
:10270400000000000000000000000000770000004E
:102714004D010000D702880200006201000044025B
:10272400000000000000000000000000780000002D
:102734004C010000D80289020000000000000000E3
:10274400000000000000000000000000790000000C
:102754004A010000D9028A02900163010000450287
:1027640000002F0200000000000000007A000000BA
:102774004B010000DA028B028F0164010000460263
:102784000000300200000000000000007B00000098
:1027940000000000DB028C02930165010000470287
:1027A4000000310200000000000000007C00000076
:1027B40000000000DC028D02960166010000480260
:1027C4000000320200000000000000007D00000054
:1027D40000000000DD028E0298016701000049023A
:1027E4000000330200000000000000007E00000032
:1027F40000000000DE028F020000000000004A0218
:10280400000034020000000000000000032AF0B5BC
:1028140004D803461A44934227D1F0BD8307F8D164
:102824004FF00133CCB25C43154603460F2D03F140
:10283400100311D802F00F031E4622F00F050544C1
:1028440003EB050C032EACEB06070BD803F00C03CB
:102854002B4402F00302DDE743E9044443E9024464
:10286400103DE3E73C60043EECE703F8011BD2E7CC
:10287400830730B546D08418844604E003F8011B6E
:102884009D0704D09C46A4456346F7D130BD013A68
:102894000244A2EB0C02032A29D9CCB20F2A04EB7E
:1028A400042404EB04442FD9A2F1100C03F1100505
:1028B4002CF00F0CAC44C3E90044C3E902441033C8
:1028C4006345F8D112F00C0F02F00F0E18D02EF061
:1028D400030CAEF104051A469C4442F8044B6245CD
:1028E400FBD125F0030404330EF003022344002A31
:1028F400CCD0C9B21A4403F8011B9342FBD130BDBA
:102904007246F4E70346C6E79646E0E70000000097
:102914005FF800F0A5C800105FF800F0AD3C0010AF
:102924005FF800F0E54900105FF800F00141001085
:102934005FF800F011C700105FF800F03587001051
:102944005FF800F0418F00105FF800F0A52E001032
:102954005FF800F0594200105FF800F09D3C001051
:102964005FF800F0F94100105FF800F0B52E001098
:102974005FF800F0313700105FF800F021410010DB
:102984005FF800F0712E00105FF800F05541001060
:102994005FF800F0B5C800105FF800F07141001056
:1029A4005FF800F0294200105FF800F0A541001024
:1029B8000348044B834202D0034B03B118477047C6
:1029C800F05B0020F05B002000000000064B074988
:1029D800C91A891048BF0131491003D0044B0BB103
:1029E80001481847704700BFF05B0020F05B0020EB
:1029F8000000000010B5064C237843B9FFF7D8FF54
:102A0800044B13B10448AFF300800123237010BDB9
:102A1800F05B0020000000007068011008B5054B4D
:102A28001BB105490548AFF30080BDE80840FFF732
:102A3800CDBF00BF00000000F45B002070680110EB
:102A480008B5064A0648136A43F00053136208F0B3
:102A5800BDF9044809F052FE002008BD00B000503E
:102A6800012B0010ED2B0010F0B52DED028B164652
:102A78001E4A044693420D4607EE903A85B015D992
:102A8800F8EE677A9FED1A7A4D2787EE878ACCB9D8
:102A980018EE100A0DF09CF9009702460B463046D6
:102AA80008F0B0F805B0BDEC028BF0BDB3F57A7F45
:102AB800B8EEE78A23BFDFED0F7A4B2788EE278A27
:102AC8002027E4E720460CF077FF2D1A012DE9D9DD
:102AD800044418EE100A02970DF07AF93246CDE94F
:102AE80000012946204608F05BF8DBE73F420F006B
:102AF8000024744900007A4410B5064C236A5B0030
:102B080006D4022013F068FD236A43F08053236241
:102B180010BD00BF00B0005001282DE9F0418046EB
:102B28000C4607DD4E68294831460CF093FD20B964
:102B380004F044FE0020BDE8F081314624480CF042
:102B480089FD10B904F0A6FEF4E7314621480CF0DF
:102B580081FDE8B9A0680CF015FBC0B218B10220DD
:102B680013F03AFDE6E7EFF31081012383F31088B1
:102B7800194A137803B9FEE7013BDBB2137023B996
:102B8800164AD36A23F00103D36281F31088D1E790
:102B980030460CF011FF04F1080704EB88044FF0ED
:102BA80020083518A74206D130460D490CF0C6FC5E
:102BB800C0E705F8018B2B7838680BB9A842F8D81C
:102BC8000CF0FAFE04370544ECE700BFB807011023
:102BD800BB070110BF070110B053002000000C50C4
:102BE800361D011010B5064C236A5B0006D402207E
:102BF80013F0F2FC236A43F080532362012010BDD6
:102C080000B0005008B507F02FFA084B0122032046
:102C180007490CF0E9F940F23B120649064808F06A
:102C2800DBF8BDE8084007F035BA00BFC607011059
:102C3800D6070110702701101713011030B599B08D
:102C4800044603A80D4606F081F907A806F09EF988
:102C58000BA806F0D7F9694806F016FD01460028CA
:102C680079D000231793038B1A070AD5172114AAC2
:102C780006F052FE28B140F2E3126149614808F0BB
:102C8800ABF824B12A460021204613F049FC294616
:102C98002046039B5C4AFFF7E7FE29462046049B33
:102CA8005A4AFFF7E1FE29462046059B584AFFF796
:102CB800DBFE29462046069B564AFFF7D5FE2946E5
:102CC8002046079B544AFFF7CFFE29462046089B1B
:102CD8004E4AFFF7C9FE29462046099B4C4AFFF792
:102CE800C3FE294620460A9B4A4AFFF7BDFE2946ED
:102CF80020460B9B494AFFF7B7FE294620460C9B06
:102D0800424AFFF7B1FE002329462046444AFFF70E
:102D1800ABFE29462046179B424AFFF7A5FEFCB9A1
:102D28009DF85230BDF85620BDF854103E4807F0C3
:102D380069FF9DF85330DB0730D524BB3B4807F0CB
:102D480061FF9DF85030052B33D0082B42D0002C62
:102D58004BD137482FE0102214A813F0E1FB90E77D
:102D680020460CF029FE291A0129E2D99DF8523093
:102D78002D4A0193BDF8563020440093BDF85430D5
:102D880007F00EFFD5E720460CF016FE291A012998
:102D9800D7D9264A204407F003FFD2E70CB92548C3
:102DA800CDE720460CF008FE291A0129C9D9214A85
:102DB800F0E724B9204807F025FF19B030BD2046B8
:102DC8000CF0FAFD291A0129F7D91B4A204407F00B
:102DD800E7FEF2E70CB91948EDE720460CF0ECFDE8
:102DE800291A0129E9D9154AF0E720460CF0E4FD33
:102DF800291A0129E1D90E4AE8E700BFDD070110C9
:102E080062270110E1070110EF0701100708011000
:102E1800170801102808011039080110520801107C
:102E28006C0801107508011090080110A108011024
:102E3800C8080110AD080110B8080110C008011039
:102E480008B5064807F0DEFE00210846FFF7F6FE43
:102E5800034807F0D7FE002008BD00BFD6080110C0
:102E6800361D01100020704770470000024A1368A1
:102E780001331360704700BF105C002070470000EA
:102E880008B5054B1B6A5B0002D5FFF7BBFE08BD02
:102E9800FFF7F4FFFBE700BF00B00050024B9A6B4E
:102EA80022F400729A63704700700850C31E042B06
:102EB80000D9FEE7064AD36823F4E0631B041B0C21
:102EC80043EA002040F0BF6040F40030D060704713
:102ED80000ED00E00F2A30B500D9FEE70F2900D930
:102EE800FEE7154BDC68C4F30224C4F10703E51CB4
:102EF800032B28BF0323062D4FF0FF3594BF002472
:102F0800043C05FA03F321EA0303A54022EA05027B
:102F1800A340002843EA0203ACBF00F16040074A1F
:102F28004FEA4313DBB2ABBF00F5614000F00F007E
:102F380080F80033135430BD00ED00E014ED00E0DC
:102F4800002800DAFEE701234109034A00F01F00C8
:102F5800834042F82130704700E100E0002800DAA1
:102F6800FEE701220649430900F01F008240203392
:102F780041F82320BFF34F8FBFF36F8F704700BF17
:102F880000E100E00138B0F1807F0BD24FF0E02380
:102F9800E021054A586182F8231000200722986131
:102FA8001A6170470120704700ED00E0002800DA40
:102FB800FEE701224309044900F01F008240403324
:102FC80041F82320704700BF00E100E0042801D049
:102FD80038B1FEE74FF0E022136943F004031361B0
:102FE80070474FF0E022136923F00403F7E7022348
:102FF80030B5426A80F82D3003681A61D0E902348E
:10300800234304690168234344690A6823438469A4
:103018006FF30E122343C4692343046A2343134303
:103028000B608368B3F5804F18D0C16C826CC1F314
:103038008703C9061BD43F2403F00703D2F8A8105E
:10304800DB009C4021EA0401C2F8A810816C4268A8
:10305800D1F8A8409A402243C1F8A8208269B2F565
:10306800806F18D0B2F5006F1FD0AAB1FEE73F24D9
:1030780003F00303D2F8AC10DB009C4021EA040102
:10308800C2F8AC10816C4268D1F8AC409A40224337
:10309800C1F8AC20E2E701224369B3F5807F06D08E
:1030A800B3F5007F2BD01BB1FEE70222F4E7012322
:1030B8000169A1F1800461426141C468A4F140053D
:1030C8006C426C418568102D1FBF80F86510194649
:1030D80013460A4680F8673080F866204FF00003F0
:1030E8004FF00102436406BF80F8654080F8641021
:1030F80080F8644080F82D2080F82C3030BD022301
:10310800D6E70000F8B52E4B02681344A02B04D96B
:103118002C4B1344A02B0FD9FEE73226DFF8B0C0A2
:10312800294BEFF31087012282F31088C56C1F2DFD
:103138004FEA950405D9FEE70226DFF898C0234B2D
:10314800EFE703EBC40595F804E0BEF1000F32D0B9
:1031580053F83420824203D187F310880220F8BD47
:1031680000221C791D4604BB01232B71142303FB89
:1031780002C31644920074B20360C26487F31088D5
:1031880021B12B68834201D0FFF731FF2860836AA1
:1031980004F160425B01DBB202F56142204682F82D
:1031A8000033FFF7CDFE0020D9E70132082A03F1EA
:1031B8000803D6D1D0E734442A7164B2DEE700BFF1
:1031C800F8EFF7AFF8EFFFBF545C0020145C002065
:1031D800081008500810004038B5134A836C934211
:1031E80003D0124A934208D0FEE73221104AC46C39
:1031F8001F2C4FEA940303D9FEE702210D4AF6E794
:10320800EFF31084012585F3108802EBC30552F80B
:103218003320904205D1581840B2FFF79FFE002393
:103228002B7184F3108838BD00100850001000403E
:10323800545C0020145C002038B50446002853D0A4
:10324800836833F0100203D0B3F5804F00D0FEE757
:10325800E36833F0400300D0FEE7236933F08003CE
:1032680000D0FEE7636933F4807203D0B3F5007FC2
:1032780000D0FEE7A36933F4806203D0B3F5006F92
:1032880000D0FEE7E36933F0200300D0FEE7236AAD
:1032980033F4405300D0FEE763683F2B00D9FEE7C4
:1032A8002268134B13448C2B13D81422B3FBF2F36C
:1032B8009B00E3640F4BA36400212046FFF722FF25
:1032C800054698B92046FFF792FEFFF785FF284686
:1032D80038BD094B13448C2BEED81422B3FBF2F300
:1032E8009B00E364054BE6E70125F0E70225EEE7DE
:1032F800F8EFF7AF00100850F8EFFFBF00100040DC
:1033080010B50446002851D00268136823F0010361
:1033180013600268264B13448C2B2FD81421B3FB5F
:10332800F1F39B00C364234BA36400231360D4E927
:10333800121303F01C02012393404B60E36CA16C51
:103348000F2B4FEA930224D83F205B00D1F8A82026
:1033580003F0380300FA03F322EA0303C1F8A830A4
:103368002046FFF739FF0020C4E90D00C4E90F002B
:10337800606484F82C0084F82D0010BD0E4B1344B3
:103388008C2BD2D81421B3FBF1F39B00C3640B4BF5
:10339800CAE702F003033F22D1F8AC00DB0002FACF
:1033A80003F320EA0303C1F8AC30D9E70120E4E7CE
:1033B800F8EFF7AF00100850F8EFFFBF001000401B
:1033C80038B590F82D300446022B03D0042343640B
:1033D800012038BD01250268136823F00E0313602D
:1033E8000268136823F001031360D0E9122303F085
:1033F8001C0305FA03F35360FFF7EEFE002384F87D
:103408002C30236C84F82D500BB1204698470020AF
:10341800DFE7000030B5154B846C9C421BD18368F4
:10342800102B02D0B3F5804F08D10B68104C03F174
:103438006045A54298BF03F120630B60836833F4AD
:10344800804308D113680A4803F16044844298BF56
:1034580003F1206313600B6803F17042B2F1805FDF
:103468003CBF03F1A0430B6030BD00BF001000401B
:10347800FEFF07002DE9F3414FF6FF75036D026863
:103488009D4228BF1D465B1B03658565136890F840
:10349800667023F0010390F867801360D0E9172362
:1034A8000E46CDE90023D0E9122303F01C010123C5
:1034B80004468B405360036869465D6001AAFFF7C4
:1034C800A9FFDDE90003A168226810290BBF9360FA
:1034D8009060236822680CBFD860D36094F8643089
:1034E80023B1E36D05FA07F73B44E36594F86530CB
:1034F80023B1236E05FA08F52B44236636B1A26B77
:1035080023685AB11A6842F00E021A6022681368DA
:1035180043F00103136002B0BDE8F0811A6822F09D
:1035280004021A602268136843F00A031360EDE787
:103538002DE9F8431E4690F82C300446012B8846A6
:10354800174610D0012380F82C3090F82D30012B2D
:103558005FFA83F904D14946FFF7D4FD054630B137
:10356800002384F82C3002252846BDE8F88302237E
:10357800494684F82D30C4E914666064C4E91787A5
:103588002046FFF777FFEFE770B504460421866C05
:10359800E26C356802F01C02036891402942186801
:1035A80012D0410710D51A6892065EBF1A6822F039
:1035B80004021A60D4E9121303F01C020423934096
:1035C8004B60A36B23BB70BD0221914029422AD0D6
:1035D80010F0020F27D0716023681A68900609D48A
:1035E8001A6822F00A021A60236DABB10121204645
:1035F800FFF740FF002384F82C30636B002BE2D0E8
:1036080022681268910603D494F82D20012ADAD191
:103618002046BDE8704018472046FFF7DDFD01232E
:1036280084F82D30E6E7082101FA02F22A42CAD0CE
:103638000207C8D501251A68204622F00E021A6032
:10364800D4E9122303F01C0305FA03F353606564FD
:10365800FFF7C2FD002384F82D5084F82C30E36B6B
:10366800B0E70000014B1868FFF78EBF545C0020DC
:10367800014B9868FFF788BF545C0020014B18691C
:10368800FFF782BF545C0020014B9869FFF77CBFAD
:10369800545C0020014B186AFFF776BF545C002089
:1036A800014B986AFFF770BF545C0020014B186B00
:1036B800FFF76ABF545C0020014B986BFFF764BFAB
:1036C800545C0020014B1868FFF75EBF145C0020B3
:1036D800014B9868FFF758BF145C0020014B18692C
:1036E800FFF752BF145C0020014B9869FFF74CBFED
:1036F800145C0020014B186AFFF746BF145C0020D9
:10370800014B986AFFF740BF145C0020014B186B0F
:10371800FFF73ABF145C0020014B986BFFF734BFEA
:10372800145C0020000000000121F8B5084612F0E2
:103738004FFF254B0446984240D821A3D3E90023E4
:103748001420A4FB00010CF073FE0A250021461C7E
:103758001E480023E4FB05011D4A0CF069FE0746DC
:1037680005461C4800232246A7FB00010CF060FE1A
:1037780042F6F82398424FEAC61619D97D1E4FF42F
:10378800FA700FA3D3E90023A4FB00010CF050FE4C
:10379800AD0225F07F4525F46005013025F47F75DD
:1037A8000D4B304325F00305284358600020F8BD31
:1037B80042F22733984298BF7D1CE0E70120F6E7E4
:1037C80000CA9A3B00000000000E270720A107004E
:1037D80040420F0000CA9A3B00C00050202A2DE941
:1037E800F84306460C46154630DCC0F3C40808EB1F
:1037F8000203202B2ADC970728D110F01F0925D1B6
:10380800254A1420D2F89470360AFB1C0E2B38BFB8
:103818000E230F2B28BF0F23C2F8943012F0C4FEDA
:103828001E4AB300136013681D4943F00103136077
:103838004B4669439068C0070CD590688B4240F0AE
:10384800010090600AD3144BC3F8947000252846F1
:10385800BDE8F8838B42F0D20133EBE7114A08F058
:103868001C0000EB461025F00301024421448C4261
:1038780003D1094BC3F89470E9E752F8043B0434C8
:10388800180A04F8043C04F8030C180C1B0E04F87E
:10389800020C04F8013CEAE700A00C5000C00050FC
:1038A80000DC050030C000500FB404B070470000C1
:1038B800B1288BBFB238523880B280B28CBF1C4B53
:1038C8001C4B3F2810B529D903F58073403880B2C6
:1038D8000122824018481C1D02601848B129046062
:1038E80018698CBFB239523942EA00028CBF89B2DA
:1038F80089B21A618CBF0E4B0E4B3F2913D903F5C1
:103908008073403989B201228A400D49181D0A6026
:103918000C49086019690A431A6110BD1F28D7D9D4
:1039280080332038D3E71F29EDD980332039E9E7E0
:103938000000084000000A509C5C0020A05C0020A9
:10394800945C0020985C0020F0B51C4B1B68002B91
:1039580032D01B491B4C09682468CE434FF0070C32
:10396800E7431A680A431A60174A1268156825431C
:1039780015601D6825EA01051D6015683D40156044
:1039880040FA0CF515F0010F1D6814BF0D433540C2
:103998001D601568BCF1010C45EA04051560ECD200
:1039A800106807401760186806401E6010680443D6
:1039B80014601A6811431960F0BD00BF985C0020BC
:1039C800945C00209C5C0020A05C002070B504463C
:1039D8000D460646331B9D4200DC70BD16F8010BF0
:1039E800FFF7B2FFF6E7421E0020531C02D012F880
:1039F800013F03B97047A3F13001C9B2092903D8BF
:103A08004BB203EB0010F0E7A3F16101052902D8DE
:103A1800573B5BB2F5E7A3F141010529EAD8373BEB
:103A2800F7E72DE9F341002504460F461646A84658
:103A380023780BB1AE4203DC284602B0BDE8F08122
:103A48008DF8043063788DF8053033B9013401A856
:103A5800FFF7C9FF78550135EAE78DF8068002348B
:103A6800F5E7000010B50A4B0A495A680A4BD2B26A
:103A7800062A88BF0B46094C236001F003FB236824
:103A880002460021184612F04BFD054A026010BD9F
:103A980000B00050002A4020C0FD4020A45C002057
:103AA8007878454508B513460A4601460348006834
:103AB80001F0C4FA003818BF012008BDA45C00203A
:103AC80008B513460A4601460348006801F0C8FADB
:103AD800003818BF012008BDA45C002070B504465A
:103AE80016460D4619B3FD2821D8022012F074FDA0
:103AF800104B1B680BB9FFF7B5FF32462946204625
:103B0800FFF7D0FFEFF31081012383F310880A4AEF
:103B1800137803B9FEE7013BDBB2137023B9074AF8
:103B2800D36A23F00103D36281F3108870BD0120AA
:103B3800FCE700BFA45C0020B053002000000C503C
:103B4800F8B5054617460E4619B312B3FD2820D816
:103B58001D4C022012F040FD23680BB9FFF782FFCD
:103B680023681A4C1A681A4B9A4214D0EFF3108142
:103B7800012383F31088237803B9FEE7013BDBB206
:103B8800237023B9134AD36A23F00103D36281F364
:103B980010880120F8BD3A4631462846FFF790FFC5
:103BA800EFF31081012383F31088237803B9FEE72C
:103BB800013BDBB2237023B9064AD36A23F0010321
:103BC800D36281F31088E5E7A45C0020B05300209D
:103BD8007878454500000C500268034BC3F8002173
:103BE8004268C3F8042170470000044007B502206A
:103BF80012F0F2FC0021022000F0F8F900210190F7
:103C080001A800F009FAEFF31081012383F310886B
:103C18000A4A137803B9FEE7013BDBB2137023B9F4
:103C2800074AD36A23F00103D36281F3108800386E
:103C380018BF0120404203B05DF804FBB0530020D8
:103C480000000C5007B5022012F0C6FC002102202B
:103C580000F0CCF90021019001A800F0F2F9EFF38F
:103C68001081012383F31088084A137803B9FEE70B
:103C7800013BDBB2137023B9054AD36A23F0010371
:103C8800D36281F3108803B05DF804FBB0530020C1
:103C980000000C50032012F093BC0146042012F0DF
:103CA80047BC000000232DE9F04F89B00693BE4BB6
:103CB80002929E680D4616F0010640F06F81FFF7EC
:103CC80095FF002840F06D81022012F085FCEFF38B
:103CD8001080012181F31088B44B1A6942F0020266
:103CE8001A61B34A117080F310881A69002AFCDA45
:103CF8004FF08042136923F0030343F0010313617B
:103D0800D2F814A0CAF3023BBBF1070F05D04FF05D
:103D1800FF310722084612F073FC00229146A54F96
:103D28000392D7F8141101206FF3DC4141F400210C
:103D3800C7F81411D7F8141141F00051C7F814113D
:103D4800D7F8141121F48031C7F81411D7F81411D9
:103D5800C7F81411D7F814116FF30F01C7F814112D
:103D6800D7F8141141F0C801C7F81411D7F8141185
:103D780041F40031C7F8141112F0B6FB039AD7F8D2
:103D880018110029FBDADFF85882D7F81841D8F85B
:103D9800001024F0004481B1042012F011FC41F21B
:103DA8008731A04234BF221A021B8A42069004D9E6
:103DB80009F10109B9F10A0FB2D1002321467E4861
:103DC800FFF772FDB9F10A0F26D17C4A1378013347
:103DD800DBB2042B13701BD00023BBF1070F08D0F4
:103DE8005A46CAF302210AF03F00039312F008FC76
:103DF800039B4FF000096E4A714F82F80090012230
:103E080013BBEFF3108182F310883B7853B9FEE7B8
:103E18000023C8F80030DFE72146032012F088FBB2
:103E28000123DAE7013BDBB23B7023B9654AD36A69
:103E380023F00103D36281F31088FFF703FF6FF0CB
:103E4800010009B0BDE8F08FC82300921946FA2294
:103E58005D48FFF729FD15B10225C8F80090D8F88C
:103E68000010029BDFF87CA199423CBF0131C8F8E1
:103E780000100129DAF80030DFF86C917DD90229A9
:103E8800D9F8002056D101260132224452084FF0B9
:103E9800000BC9F8002021464C48CDE9006BFFF71C
:103EA80003FDD9F80000CAF800400690FFF7F5FEB8
:103EB80099ED007ADFED466AB8EE477AC6EE877A62
:103EC8009FED447A012367EE877A07200DF11602E9
:103ED8000DF11501ADF81630CDED077A8DF815B056
:103EE800FFF72EFE9DF815303BB93B48FFF7DCFC89
:103EF8000422022006A9FFF7F1FD07A904220120E8
:103F0800FFF7ECFD032012F05BFB0446042012F0DF
:103F180057FB0023009302462146D8F800302F486B
:103F2800FFF7C2FCEFF31081012383F310883B787D
:103F38002BBBFEE7A24210D2A11AFA2916D9934246
:103F480014D9991AFA2911D90D2102EB4202083223
:103F580001FB04220326120999E707D9111BC82976
:103F680004D9934202D2D11AC829ECE7C2EBC202A3
:103F7800043222440226D20889E7224687E7013B19
:103F8800DBB23B7023B90F4AD36A23F00103D36233
:103F980081F31088FFF756FE284652E74FF0FF30AE
:103FA8004FE76FF002004CE700B00C5000000440EF
:103FB800B85C002000000940FB080110B05C00203C
:103FC800B053002000000C501D09011046090110D3
:103FD800001B374C000048438A0901109209011060
:103FE800B45C0020A85C0020AC5C002001280BD148
:103FF80003290BD8064803E0022800D0FEE705484D
:10400800182303FB010070470129F5D900207047E8
:10401800002008500020004018B1016849B9042068
:1040280070470329FBD81823594301F1A04101F532
:1040380002214869002802DB00F00F0070470020C9
:10404800704710B1016841B97047032909D818238E
:10405800594301F1A04101F502214B6943F00043A6
:104068004B61704700232DE9F0414FF0402C074683
:104078004FF001081846154ECCF8803007F1040EB1
:1040880099420BDC00214FF040238A4208BF0246C8
:10409800C3F88410C3F88020BDE8F0811AB122FA71
:1040A80003F4E4070FD557F833509C0004F140247B
:1040B800354025605EF8335008FA03F4CCF88440A4
:1040C8002043CCF888500133DAE700BFFCFF070033
:1040D80008B501F023F8074B02689A4207D1BDE8FA
:1040E800084041680022C9080830FFF7BBBF00201C
:1040F80008BD00BF4843545008B5064A01209369DB
:1041080023F4E77343F4A773936112F0EDF90020E9
:1041180008BD00BF00A00C5008200A4A136A116AA3
:1041280023F4804321F00301116223F03C03064984
:1041380043F0CB03C1F88C00C1F890000020136253
:10414800704700BF00A00C5000300050054B9A6E1D
:1041580020B142F0200200209A66704722F0200227
:10416800F9E700BF00A00C5038B50B4C0020236ABB
:10417800002B0FDB12F004FA4FF47A75236A002B38
:1041880005DB4FF47A7012F0FBF9013DF6D1206A95
:10419800C043C00F38BD00BF00A00C50054BDA6902
:1041A80020B142F001020020DA61704722F00102DA
:1041B800F9E700BF00A00C5038B50B4CE369002BA1
:1041C8000FDB0A4B5D6BE369002B06DB42F21071D3
:1041D800284612F029FA0028F5D0E069C043C00F3C
:1041E80038BD0020FCE700BF00A00C5000000C50B8
:1041F80008B530B9094A136823F001031360002099
:1042080008BD022804D1FFF7D7FF012800D1FEE737
:10421800024A136843F00103F0E700BF00A00C5006
:10422800084B984205D1084A536843F0020353608B
:104238007047064B9842FBD1034A536843F0040386
:10424800F5E700BF0040095000A00C5000B0004046
:10425800214B5A6922F03C0242F004025A611A6B5F
:1042680042F00F021A631A6B6FF30F1242F4EE4218
:1042780042F070021A631A6B22F0706242F0C06258
:104288001A639A6A22F07F0242F006029A625A681A
:1042980042F080025A60DA6C22F47C4242F4806276
:1042A800DA641A6D22F47C4242F480621A655A6D0F
:1042B80022F0700242F030025A659A6D22F07002C4
:1042C80042F030029A651A6F42F47C721A674FF016
:1042D8000112C3F88C20704700A00C5038B5304C40
:1042E8000E222146062000F09BFB002853DD012307
:1042F8002C4A04F8013C20786378D56A9B0740066D
:1043080000F0606003F08043034325F09C400343C2
:10431800D362D2F89830E078234D60F30303C2F8F3
:10432800983053692079611E60F38D2353616B685F
:104338006079DBB24000072B00F01E002CD06B68C0
:10434800DBB20F2B28D0CB79D46D5B0203F4F0538A
:10435800034324F01E1020F4F0500343087A40046D
:1043680000F4F0100343D3650F4A5368DBB2072B00
:1043780011D05368DBB20F2B0DD00A484B7A426A32
:1043880003F0070322F0270213438A7A520102F04E
:1043980020021343436238BDD36D23F01E03E1E7C7
:1043A800B253002000A00C5000B0005002681368FF
:1043B80023F4907313600268936823F001039360F9
:1043C800202380F87230002303667047704700008E
:1043D80038B5134690F871200446202A33D10029B5
:1043E8002FD0002B2DD090F87020012A2BD001223D
:1043F800002580F870202122A0F85230C16445675A
:10440800124980F87120826EA0F850305163826E94
:104418000F499163826E0F49D163826E15640268F9
:10442800C16C2832806EFFF783F840222846236843
:104438001A62226884F87050936843F0800393608E
:1044480038BD0120FCE70220FAE700BF57450010FD
:1044580089450010DB45001038B5134690F87220E6
:104468000446202A38D1002934D0002B32D090F8C5
:104478007020012A30D00122002580F870202222E5
:1044880041654567154980F87220C26EA0F858301A
:104498005163C26E12499163C26E1249D163C26EF2
:1044A80015640168426D2431C06EFFF741F8284653
:1044B800226884F87050136843F48073136022688C
:1044C800936843F0010393602268936843F04003C4
:1044D800936038BD0120FCE70220FAE793450010FD
:1044E800D1450010DB4500102DE9F0411746D0E911
:1044F8001A24054688461E4683B1002314461946E9
:1045080000228020C4E90522C4E90320C4E9073158
:104518002046A660FEF7F4FE20B1FEE720234FF404
:104528008051EDE72046FEF787FE00B1FEE74146E1
:104538002846BAB21EB9FFF78FFF20B1FEE7FFF792
:1045480047FF00B1FEE70020BDE8F081704708B5DD
:1045580003461B68006B1B6813F020030CD102682C
:10456800A0F85230936823F08003936002681368C0
:1045780043F04003136008BDFFF7E8FFFBE770470F
:1045880008B5006BFFF7FBFF08BD08B503461B68BD
:10459800006B1B6813F0200313D10268A0F85A308F
:1045A800136823F4807313600268936823F001038F
:1045B80093600268936823F040039360202380F897
:1045C800723004F0E7FB08BD08B5006B04F0B6FBD9
:1045D80008BD08B5006B90F87130212B0DD1036828
:1045E8009A68120609D50022A0F852201A6822F00B
:1045F800C0021A60202380F8713090F87230222BA4
:1046080008D103689B685B0604D50023A0F85A30DC
:10461800FFF7CCFE436F43F01003436704F0D4FB6D
:1046280008BD704710B502680446136823F0C0033C
:1046380013600268936813F0800310D0936823F026
:1046480080039360836E53B1094A1A64806EFEF743
:10465800B7FE10B1A06E036C9847002010BDA4F8F7
:1046680052306366202384F87130FFF7DAFFF4E7ED
:104678007D46001008B50023006BA0F852302023B7
:1046880080F87130FFF7CDFF08BD704710B502689C
:104698000446136823F4907313600268936823F048
:1046A800010393600268936813F0400321D0936874
:1046B80023F040039360C36E53B1114A1A64C06E6D
:1046C800FEF77EFE10B1E06E036C9847002010BD27
:1046D8000F22A0F85A30436503681A62026893698A
:1046E80043F008039361202384F87230FFF7CDFF6D
:1046F800ECE7A0F85A3043650F231362F3E700BFD5
:104708000D47001008B500230F22006BA0F85A309F
:1047180003681A620268936943F0080393612023CF
:1047280080F87230FFF7B1FF08BD0000F0B5274AE6
:1047380041680346914200D9FEE7826832F0C051D1
:1047480000D0FEE7C16831F4405100D0FEE7016AAD
:1047580031F4006100D0FEE7056935F4806103D0CB
:10476800B5F5C06F00D0FEE75C6934F00C0100D1EC
:1047780004B9FEE7996931F4407100D0FEE7D969C0
:1047880031F4804000D0FEE71E682A432243376890
:104798000A430F4939400A4332601968DC684A689D
:1047A80022F4405222434A601C689A69A1681D6A33
:1047B80021F430612A430A43A2601968CA6A22F0C8
:1047C800F002CA62C3E91800F0BD00BF80969800E5
:1047D800F3B9FFE7436AFF2B00D9FEE7DA070AD5EA
:1047E800816A31F4003300D0FEE70268536823F48D
:1047F80000330B435360436A9B070AD5C16A31F4FF
:10480800803300D0FEE70268536823F480330B43FB
:104818005360436A59070AD5016B31F4802300D0ED
:10482800FEE70268536823F480230B435360436A0E
:104838001A070AD5416B31F4004300D0FEE702683D
:10484800536823F400430B435360436ADB060AD5DD
:10485800816B31F4805300D0FEE70268936823F43B
:1048680080530B439360436A99060AD5C16B31F4B0
:10487800005300D0FEE70268936823F400530B430B
:104888009360436A5A0615D5016C31F4801300D041
:10489800FEE70268536823F480130B435360036CEC
:1048A800B3F5801F06D10268416C536823F4C00336
:1048B8000B435360436A1B060AD5816C31F400230D
:1048C80000D0FEE70268536823F400230B435360CB
:1048D8007047000010B50446002870D00268394BB4
:1048E8009A4202D1082011F027FE2268364B9A42DC
:1048F80002D1092011F020FE2268344B9A4202D1DD
:104908000A2011F019FE2268314B9A4202D10B207D
:1049180011F012FE94F8713003F0FF0223B920461B
:1049280084F87020FFF752FD2423226884F8713040
:104938001368204623F001031360FFF7F7FE636A4C
:1049480013B12046FFF746FF2268536823F49043CB
:1049580053602268936823F02A03936022681368DF
:1049680043F00103136061681A4B2268B3FBF1F34B
:104978000F2B19D8184BB3FBF1F3116841F48041A0
:1049880011602168CA6A22F00F0242F00202CA626C
:1049980022680020D3602023606784F8700084F8C0
:1049A800713084F8723010BD116821F480411160B3
:1049B8002168CA6A22F00F0242F00602E7E70120E6
:1049C800F1E700BF00500850006008500050004058
:1049D80000600040006CDC0200D8B80510B5FEF796
:1049E800A3FE0446A8B911F0DFFD0A2011F0DCFD92
:1049F80020222146094811F093FD20224FF48070AF
:104A08000649FEF7EBFE202805D1FFF767FC204694
:104A180010BD0120FCE70220FAE700BFBC5C0020C3
:104A28002DE9F04104461046914A566811B9002014
:104A3800BDE8F0810028FADD8E4B1D78002DF6D0F8
:104A4800042C79D10D28F2DD546893F804C0E4B23F
:104A5800072C874C18BF52686268DFF81482D2B2FC
:104A6800072A18BF62685A79120202F470624CEA87
:104A7800020CA1F800C09D795A792D0105F01005A6
:104A880045EA12158D80DF799A79FF0107F4786776
:104A980047EA52074F801C7ADA79E40004F01804D8
:104AA80044EA5214CC805A7A1E7A920102F47C624B
:104AB80042EA96020A819E7A93F809E0B60006F067
:104AC8003C0646EA9E1605EB850504EB840406EBD6
:104AD800860605EB850504EB840406EB8606AD0027
:104AE800A400B6008D80CC804E81D8F804E05FFA2F
:104AF8008EFEBEF1070F06D0D8F804E05FFA8EFEEE
:104B0800BEF10F0F08D193F811E0CEF3C00E81F873
:104B18000CE05B7C1B094B73BCF1000F87D0002DA8
:104B280085D0002F83D0002C81D0002A3FF47FAF9E
:104B3800002E3FF47CAF7BE7062C79D10D287FF758
:104B480076AF5468E4B2072C494C18BF52686268C3
:104B5800D2B2072A03D06268D2B20F2A03D1C6F3B1
:104B68000722042A1CD0424C6268D2B2072A00D01D
:104B7800626805F007050D701A78C2F3C0044C701E
:104B88005C78120904F00F0524098A70CD700C7145
:104B98005C7B24090C739C7B04F00F044C7315E0B8
:104BA8001A7D02F007020A701A7DC2F3C0024A7029
:104BB8001A7D12098A705C7D04F00F04CC705C7D4C
:104BC80024090C711C7FC4F3C3040C73284D6C6852
:104BD800E4B2072C0FD06C68E4B20F2C0BD09C7891
:104BE80024098C71DC7804F00F05CD71C4F302152B
:104BF800E4090D724C721E4C6568EDB2072D03D0A6
:104C08006568EDB20F2D07D16568EDB2072D03D0A9
:104C18006468E4B20F2C03D19B7803F00F034B7147
:104C2800002A3FF404AF0B7B002B3FF400AFFFE6F4
:104C3800152C7FF4FCAE07287FF7F9AE9A7A120993
:104C48000A70DA7A02F03F024A701A7BDC7A920024
:104C580002F01C0242EA94128A701A7BD208CA70C7
:104C6800DA7B9B7B1B0943EA02130B71E0E600BF6A
:104C780000B00050BC5C0020704770470022914B88
:104C880070B5C3F88420BFF34F8F5A6922F480327D
:104C98005A61BFF34F8F43F6E074D3F88020C2F314
:104CA800C900C2F34E325201014602EA040646EA3E
:104CB80081750139C3F87452F9D2203A12F1200FE4
:104CC800F2D1BFF34F8FBFF36F8FBFF34F8FBFF397
:104CD8006F8F5A6922F400325A610022C3F85022B9
:104CE800BFF34F8FBFF36F8FBFF35F8F596A21F404
:104CF80080315962D3F8941021F00101C3F894105F
:104D0800BFF34F8FBFF36F8F114610466D4BC3F83B
:104D1800982001320C2AC3F8A000F8D1D3F8C0209B
:104D2800694822F0FF0242F02202C3F8C020D3F8FB
:104D3800C02022F47F4242F48842C3F8C020D3F84E
:104D4800C02022F47F02C3F8C020D3F8C02022F08C
:104D58007F4242F0EE42C3F8C020D3F8C42022F0CC
:104D6800FF0242F03302C3F8C420C3F898104FF68C
:104D7800E1720721C3F89C10C3F8A0200122C3F8F0
:104D8800982002F10112C3F89C20504AC3F8A020D1
:104D98000222C3F898204E4AC3F89C204D4AC3F813
:104DA800A0200322C3F89820C3F89C004A48C3F8FF
:104DB800A0000420C3F898004848C3F89C0048485D
:104DC800C3F8A0000520C3F898004648C3F89C0023
:104DD8004548C3F8A0000620C3F898004348C3F824
:104DE8009C004348C3F8A000C3F898104149C3F891
:104DF8009C1001F5432101F6E171C3F8A0100821C8
:104E0800C3F898103C49C3F89C1001F57F2101F6BE
:104E1800DF71C3F8A0100921C3F898103749C3F807
:104E28009C103749C3F8A010BFF35F8FC3F89420D4
:104E38005A6A42F480325A62BFF34F8FBFF36F8FC2
:104E48005A6912F4803224D1C3F88420BFF34F8FFB
:104E580043F6E074D3F880301A49C3F3C900C3F3AA
:104E68004E335B01024603EA040646EA8275013ABC
:104E7800C1F86052F9D2203B13F1200FF2D1BFF3F1
:104E88004F8F4B6943F480334B61BFF34F8FBFF3B0
:104E98006F8F0C4B5A6912F4003211D1BFF34F8F48
:104EA800BFF36F8FC3F85022BFF34F8FBFF36F8FDD
:104EB8005A6942F400325A61BFF34F8FBFF36F8FC4
:104EC80070BD00BF00ED00E002000020E3FF02001B
:104ED80006000010E1FFFF1FE3FF2720030000404A
:104EE800E5FFFF5F02000060E9FFFF6102C03F20AD
:104EF800E3FF4F2002C0BF200200802006000062AE
:104F0800E3FFFF6F70B5204B5A6912F4003211D1DC
:104F1800BFF34F8FBFF36F8FC3F85022BFF34F8F8C
:104F2800BFF36F8F5A6942F400325A61BFF34F8F53
:104F3800BFF36F8F144A536913F4803323D1C2F837
:104F48008430BFF34F8F43F6E074D2F88030C3F358
:104F5800C900C3F34E335B01014603EA040646EA7F
:104F680081750139C2F86052F9D2203B13F1200F44
:104F7800F2D1BFF34F8F536943F480335361BFF3CA
:104F88004F8FBFF36F8F70BD00ED00E070470000DA
:104F980008B5104A104B9A60D3F8882042F03F02B7
:104FA800C3F88820D3F8882042F47002C3F8882018
:104FB800FFF763FEFFF762FE084B1B68DB0701D4AF
:104FC800FFF75AFEFFF79EFFFFF7E0FF044B054A85
:104FD8001A6008BD0000001000ED00E000B00050AD
:104FE800C457002040787D0130B502460024104B9C
:104FF8001D781846954202D19D888D4217D00134FC
:10500800092C03F10603F3D10A4B5B68DBB2062BCC
:105018000CD90624084B1D781846954202D19D8864
:105028008D4204D0013C03F10603F4D1002030BDC9
:10503800F227011000B00050CE27011038B5044601
:10504800084619461546FFF7CFFF38B143888288CE
:105058002946E0180AF03AFC002038BD0120FCE798
:1050680038B50546084619881446FFF7BDFF38B11C
:1050780041888288294420460AF028FC002038BD4F
:105088000120FCE7034B5B68DBB2062B8CBFCC200E
:105098004020704700B0005008B5F82209490A4876
:1050A8000AF014FCFFF714F84FF4005200210748E7
:1050B80011F036FA4FF4FD52054904480AF006FC8F
:1050C80008BD00BFC8470110007F40200060402095
:1050D8002828011010B50E4A86B00E4C03AB07CA3B
:1050E80083E8070004F10C0384E80700184642F639
:1050F800F4720021019311F013FA40F21C52064990
:1051080001980AF0E3FB06B0BDE81040FEF7E0BFE7
:105118004C4E011000504020C0480110044B054A75
:105128005B680548DBB2062B88BF1046704700BF96
:1051380000B00050DC4D0110007F40200023F0B586
:1051480000F18044490804F50224971C37F82360CD
:1051580032F82350013305EB064544F8045BDDB211
:10516800A942F3D80139C9B2043000EB810080B2FA
:10517800F0BD2DE9F0414FF0000E9DF81C809C46D3
:10518800DDE908633244002531F815400788A74255
:105198008BBF3F1BE41BBCB2A4B20DB1744506D251
:1051A800A6461CF805703770069F7F5D1F70013595
:1051B800ECB24445E8D30136964203F1010300F10D
:1051C8000200E0D1BDE8F08110B50E4C042011F0CA
:1051D800EBF963690A2023F004036361636923F030
:1051E80002036361636943F002036361636943F027
:1051F8000403636111F0D8F96369DB07FCD5A06982
:10520800000C10BD0028084010B5354B354C1A6805
:10521800002042F010021A605A68462142F080626B
:105228005A60D3F8FC206FF30902C3F8FC20A26D82
:1052380022F48072A265226E42F480622266E268DD
:1052480022F40042E260D3F8EC2022F02002C3F8F6
:10525800EC20D3F8EC2042F02002C3F8EC2043F60F
:10526800FC72636F13436367A36F1343A367636F92
:105278001D4A23F080436367C4F88C00FFF75EFF84
:10528800D4F88C30043003EB0043C4F88C3036215A
:10529800164AFFF753FF04303021154AC4F890002E
:1052A800FFF74CFFD4F89030043003EB0043C4F808
:1052B80090304E210F4AFFF741FF043060210E4A1B
:1052C800C4F89400FFF73AFFD4F89430043003EBA5
:1052D80000435E21094AC4F89430FFF72FFF10BD40
:1052E8000040084000280840885101101C51011056
:1052F800BC50011020500110604F0110A44E011045
:105308002DE9F04F2DED028BBFB00590782009F004
:105318003DFF0490782009F039FF81464FF4F07082
:1053280009F034FF08904FF49E7009F02FFF0690A3
:10533800A02009F02BFF0B90A02009F027FF0C906C
:105348004FF49E7009F022FF09904FF49E7009F007
:105358001DFF0790A02009F019FF0D90A02009F06B
:1053680015FF0E904FF49E7009F010FFB14C0A9093
:10537800636F002623F003036367A36F4FF0FF3BBF
:1053880023F00303A367E368B24643F0006343F0E6
:105398000303E36023694FF0010843F4E02323612A
:1053A8006368802523F0FF036360636843F031037B
:1053B8006360236843F4805343F001032360636808
:1053C80043F4002343F480736360236A43F4804307
:1053D8002362994BD3F8182122F07C62C3F8182174
:1053E800D3F8182142F0E072C3F81821A26822F419
:1053F800FE42A260A26842F48042A260626922F082
:1054080030026261626942F4815242F008026261CC
:10541800626842F400226260A2696FF30F02A2611F
:10542800A26942F4F052A261D3F81C216FF30A0278
:10543800C3F81C21D3F81C2142F01002C3F81C2128
:10544800A26822F0FF02A260A26842F08002A26075
:10545800D3F8182122F07E62C3F81821D3F8182156
:1054680042F0E072C3F81821236843F00103236077
:10547800636943F080036361636923F080036361B8
:10548800636923F002036361636943F002036361A4
:10549800E36843F04403E360E36943F40023E36112
:1054A800A36823F4FE43A360A36843F48043A36086
:1054B800CDE9116B10960F96A368042023F4FE43E0
:1054C800A360A368402743F48043A36011F06CF8FD
:1054D8000121636843F4807363606068400118D5F4
:1054E8006068820100F19380402343FA01F03B1A7F
:1054F800DFB21591A06820F4FE40A060A06840EAE1
:105508000720A060012011F04FF8159901310729F3
:10551800E3D1616821F480716160FFF755FE802155
:1055280048F2484C41FA08F16045C9B278D9A0F56B
:10553800044B2944CDE91075ABF1480BCDB20F905F
:10554800636908F1010823F004036361A368B8F1F3
:10555800090F23F0FF03A360A36843EA0503A360D0
:10556800AAD1129B5B4528BFDDE9106A89F800A023
:105578004FF0010A049B28BFBDF83C701E7038BF6D
:10558800BDF85070089B1F80A36823F0FF03A36039
:10559800A3681D43A560636923F00403636199F858
:1055A80000300F93049B1D7800260F9BB34653FAD7
:1055B8008AF8A3685FFA88F823F0FF03A360A3685A
:1055C8005FFA8AF748EA0303A360636843F48073C9
:1055D8006360236A43F48043236233461093A268CE
:1055E800042022F4FE42A260A26842EA0522A260D8
:1055F80010F0DAFF6268500134D56268109B12F02F
:10560800007245D1D5B1013D0026EDB218E06068C1
:1056180083017FF56EAF402343FA01F03B1867E73B
:10562800ACEB0003691AAA463E461293CDB2149019
:1056380086E700BF00280840004008400136F6B25F
:1056480043B1139B9A420EBF4FF0000B0BF1010BB5
:105658005FFA8BFBBBF1040F4FF00103139201D0EB
:10566800022EBBD1636823F480736360A36823F4BC
:10567800FE43A360A36843EA0523A360FFF7A4FDE4
:1056880047F21063984216D9BAF1780F08D1FEE7AD
:105698003E2D01D80135B7E701363F25F6B2CFE7F1
:1056A800049B09F80A8003F80A50089B23F81A009B
:1056B8000AF1010A78E76368282223F4002363606B
:1056C8000E9B089903930C9BB248CDE90173CDF862
:1056D8000090049BFFF74DFD0D9B282203930B9B25
:1056E800AD48CDE90173CDF80090049BFFF741FD6B
:1056F8000A9B4F220393099BA848CDE90173CDF873
:105708000090049BFFF735FD079B4F220393069BF0
:10571800A348CDE90173CDF80090049BFFF729FD5C
:105728006368A04D43F400236360A36916AF6FF369
:105738000F03A361A369B7EE008A43F48743A3610B
:10574800D5F81C316FF30A03C5F81C31D5F81C31A4
:1057580043F01003C5F81C31069BDA7C079BDB7C01
:1057680043EA0223A360D5F8183123F07E63C5F815
:105778001831D5F81831C5F81831FFF725FD6369D8
:10578800064623F004036361D5F8183123F07C63DF
:10579800C5F81831D5F8183143F07C63C5F81831CD
:1057A800FFF712FD6369801B23F0040363616368DC
:1057B8003A4623F4002363604FF4D823B3FBF0F395
:1057C80007EE903A0025F8EEE76A9FED776A74498C
:1057D80031F8023BB0EE487AA3F5F443493B03EBBA
:1057E800430307EE903AF8EEE77AA7EEC67A66EE3C
:1057F800877AFCEEE77A17EE903A0135EDB2282D5C
:1058080022F8023BE4D16368664E43F400236360E8
:10581800A3696FF30F03A361A36943F48743A361EB
:10582800D6F81C316FF30A03C6F81C31D6F81C31C0
:1058380043F01003C6F81C31069B93F83B20079BE6
:1058480093F83B3043EA0223A360D6F8183123F0DB
:105858007E63C6F81831D6F81831C6F81831FFF744
:10586800B3FC6369804623F004036361D6F81831FA
:1058780023F07C63C6F81831D6F8183143F07C63FE
:10588800C6F81831FFF7A0FC6369A0EB080023F005
:10589800040363614FF4D823B3FBF0F307EE903AA7
:1058A8009FED426AF8EEE76A3D4916AA31F81530CD
:1058B800B0EE487AA3F50043893B03EB430307EEB8
:1058C800903AF8EEE77AA7EEC67A66EE877AFCEEAB
:1058D800E77A17EE903A22F8153001354F2DE5D1C9
:1058E800E36923F40023E3610023C4F89830059AA0
:1058F800C4F89820059A02F1804101F502210B9A1B
:105908000D98D25CC05C00EB02200E9AD25C02EBD0
:1059180000420C98C05C013302EB0022282B41F8AE
:10592800042BECD1059AD4F89830A03203EB02434B
:10593800C4F89830059B1E49099A19440023551C40
:105948000A9A501C15F8132010F8136006EB02266B
:105958000A9A12F8132002EB0642099E16F8136001
:10596800013302EB0622282B41F8042BEAD100224E
:10597800059BC4F89C2003F5A073C4F89C30069BD3
:105988000C4A591E079B581E059B1A44069B03F197
:105998004E0511E03E540110EE530110B2520110B1
:1059A80014520110004008407F512D370B802A37D0
:1059B800A02008404021084037F8023B11F8016F49
:1059C8001B0403EB062310F8016F8D42334442F8A1
:1059D800043BF1D1059B142003F51F75636B23F479
:1059E800F0136363636B43F4E0136363236943F465
:1059F80080732361A36B43F47E33A363636B43F427
:105A080083036363D4F8883043F44073C4F8883060
:105A180010F0CAFD636B022023F40073636310F077
:105A2800C3FD636B022043F40073636310F0BCFD95
:105A3800D4F8883023F00103C4F88830D4F88830CB
:105A480043F00103C4F88830D4F888309907FBD5AF
:105A5800636B23F4F8436363D4F88820D4F8883060
:105A6800C2F3C302C3F38003616B9B0343EA82233F
:105A78000B436363D4F8883023F00103C4F88830FB
:105A8800636B23F481036363D4F8883023F40073D1
:105A9800C4F88830236923F480732361E36823F012
:105AA800006323F04303E360636F43F0030363671A
:105AB800A36F43F00303A367236A23F4804323629D
:105AC800636823F4002363608B4BD3F81C2142F0F6
:105AD8000102C3F81C21D3F8182142F40012C3F8BC
:105AE8001821236823F001032360636B43F001034B
:105AF8006363A36B43F48063A363636943F00203A6
:105B08006361236E43F480632366236823F4805320
:105B18002360636923F480536361A36C43F40053E7
:105B2800A364A36D43F02003A365E36843F08803EF
:105B3800E360236E43F4401343F404732366E36C79
:105B480043F0006343F0C003E364E36C23F4805341
:105B5800E364A36D43F0C003A365E36F43F00C0354
:105B6800E367E36F23F00203E367E36F43F00103A6
:105B7800E367D4F88030DA07FBD5636DD4F880206A
:105B88001B0A22F4FE42C4F88020D4F8802003F4D3
:105B9800FE431343C4F88030636DD4F880209B0D16
:105BA80022F0FE02C4F88020D4F8802003F0FE031F
:105BB8001343C4F88030E36C142623F0006323F009
:105BC800C003E364E36C43F48053E364A36D23F000
:105BD800C003A365236E23F4401323F404732366E0
:105BE800E36F43F00203E367E36F23F00103E36726
:105BF800E36823F08003E360A36C43F40053A364D9
:105C0800A36D43F4004343F02003A365A36D23F47D
:105C18008043A365D4F8843023F07073C4F88430CB
:105C2800A36D43F48033A365A36D23F48073A36548
:105C3800A36D43F48073A365D4F8843043F4001350
:105C4800C4F88430D4F88430DB0201D4002E4CD15F
:105C5800D4F88430A26D5B0C22F47852A265A26D50
:105C680003F47853134343F48043A365D4F8843092
:105C780023F40013C4F88430A36D23F4803323F095
:105C88002003A365A36C23F40053A364236923F4BE
:105C9800C0232361636943F080036361049809F0BA
:105CA8007DFA484609F07AFA089809F077FA0698D2
:105CB80009F074FA0B9809F071FA0C9809F06EFA69
:105CC800099809F06BFA079809F068FA0D9809F035
:105CD80065FA0E9809F062FA0A9809F05FFA284600
:105CE8003FB0BDEC028BBDE8F08F0120013E10F003
:105CF8005BFCF6B2A6E700BF004008402DE9F04F74
:105D0800BDB00D90962009F041FA0590962009F053
:105D18003DFA06904FF4167009F038FA07904FF4E0
:105D28009E7009F033FA08904FF49E7009F02EFA2D
:105D3800AE4D0990D5F8EC30AD4A23F40063C5F8B0
:105D4800EC30D5F8EC30AB4C43F00C03C5F8EC3034
:105D5800536F642043F4C003536710F025FC636F4E
:105D6800002623F00303636723694FF0FF3943F4E8
:105D7800E02323616368B34623F4FD4323F07F03E4
:105D8800636063684FF0010A43F4A84343F0750366
:105D980063602368B04623F4706323602368324647
:105DA80043F4206323602368402143F400532360B5
:105DB800636843F4002343F480736360236A43F405
:105DC80080432362636923F038036361636943F4A2
:105DD800805343F010036361636843F400236360F6
:105DE800A3696FF30F03A361A36943F43453A36159
:105DF800D5F81C316FF34A03C5F81C31D5F81C31AE
:105E080043F01003C5F81C31D5F81C3123F0010309
:105E1800C5F81C31636A802523F0FF036362636A57
:105E280043F080036362636943F0800363616369DD
:105E380023F080036361636923F00203636163698C
:105E480043F002036361E36843F4C003E360E3697A
:105E580043F40023E361636A23F4FE436362636AE5
:105E680043F4804363623346CDF82890606A402744
:105E780020F4FE406062606A40F4804060626068BE
:105E880040F4807060600120D4F804C01CF4800FD6
:105E980019D0D4F804C01CF4001F40F0948041FAD3
:105EA80000FCA7EB0C07FFB2D4F824C001302CF497
:105EB800FE4CC4F824C0D4F824C007284CEA072CA8
:105EC800C4F824C0E0D1CDE90E23606820F48070C6
:105ED8006060FFF779F9802348F2863E43FA0AFCAE
:105EE80070454FF04001DDE90E235FFA8CFC74D950
:105EF80080462B463A46A0F50349A9F18609AC44E9
:105F080060695FFA8CF520F004006061606A0AF14C
:105F1800010A20F0FF006062606ABAF1090F40EAE6
:105F280005006062A2D10A99494524BF16469B46DE
:105F3800059B38BFBDF830801E704FF00106069BE8
:105F480028BF1FFA88F883F800B0079BA3F80080E1
:105F5800636A23F0FF036362636A1D4365626369D2
:105F680023F004036361069B93F80090059B1D785A
:105F7800636A59FA86F723F0FF036362636AFFB224
:105F88003B43636263685FFA86F843F48073636037
:105F9800236A43F480432362002319461846626A41
:105FA80022F4FE426262626A42EA05226262626822
:105FB800520231D5626812F4001242D1E5B1013DB6
:105FC8000023EDB21AE0D4F804C01CF4001F3FF41B
:105FD8006BAF41FA00FC674465E7AEEB00060A9632
:105FE800AB463E46A5EB0C0C0C9089E700400840F8
:105FF80000000940002808400133DBB228B10B98A3
:1060080082420EBF00210131C9B204294FF00100BC
:106018000B9201D0022BC2D1636823F480736360B2
:10602800636A23F4FE436362636A43EA0523636297
:10603800FFF7CAF847F24273984213D9962E08D14F
:10604800FEE73E2D01D80135BAE701333F25DBB223
:10605800D4E7059B9D55069B9F55079B23F8160083
:10606800013685E763684F2223F400236360636980
:10607800BD4823F004036361099B07990393089BB8
:10608800CDE90183069B0093059BFFF772F823680F
:1060980023F400532360236923F4803323612369A5
:1060A80023F400332361236923F480232361D4F884
:1060B8009C309BB2C4F89C30D4F89C300D9A03EB0A
:1060C8000243C4F89C30089B03F1FF38099B424601
:1060D800013B0C930D9B0C9803F1804707F50227B1
:1060E8003946089B4E330E9312F8015F10F8013FB2
:1060F80003EB052303F1817303F5803343F0C043B9
:1061080041F8043B0E9B9342EED1984D32206B6FC1
:10611800DFF868B223F400136B6710F045FA6B6F71
:10612800934A23F480036B67236A022023F4804395
:106138002362D2F81C314FF0000943F00103C2F882
:106148001C31236943F4C023236110F02DFA23681E
:10615800884943F400532360236923F4803323617F
:10616800E36943F40023E361636943F480536361A3
:10617800A36A43F40063A362236943F00103236124
:10618800A36A43F00203A362A36A43F00803A3626D
:10619800636A23F0F8736362636A43F0807363622F
:1061A800DBF800300F93DBF838301093DBF83C3025
:1061B8001193D1F8882014AB42F00102C1F888206D
:1061C800DBF8002042F4002242F08402CBF80020E1
:1061D800DBF8382022F4F012CBF83820DBF838202E
:1061E80042F46022CBF83820634ACBF83C20DBF835
:1061F800042042F00102CBF80420DBF8082022F04A
:106208000102CBF808200B9328AB1E46DDF82CA022
:106218000A936A6F282022F07E526A676A6F42EA00
:10622800090242F0804242F4C0026A6710F0BCF9E9
:10623800002211460AF8012B1391606A20F4E0202D
:106248006062606A129240EA02406062282010F0A0
:10625800ABF9DBF8380040F00200CBF83800DDE994
:106268001221DBF844004007FBD5DBF82400DBF8FB
:106278004430C0F30B00884243F00103CBF84430AC
:1062880088BF0AF8012C02F1010288BF0146082ADA
:10629800D2D1102112923170616A21F4E021616239
:1062A800616A1AF8010C41EA00416162616A21F0F1
:1062B800F8716162616A307841EA0051616261692E
:1062C800282041F080016161616921F080016161EC
:1062D80010F06AF90521129AA36A3078DB074CBFDF
:1062E800801A8018C0B25208139130701292606AF6
:1062F80020F0F8706062606A96F800C040EA0C50BE
:106308006062042010F050F91399129A013911F0C3
:10631800FF01E1D16A6F322022F400126A6709F5A1
:10632800000910F041F9B9F11E5F06F101067FF48A
:1063380070AFE3680E4E23F4800323F00303E36099
:10634800636F142043F001036367636F43F0020334
:106358006367236923F4C02323F0010323612368BF
:1063680023F4005323600BE0505301100000094050
:106378000040084000B00050EF0000FC00700850DA
:10638800236923F480332361636823F48073636093
:10639800636823F400236360236A23F48043236241
:1063A800A36A23F40063A362D6F81C3143F0010307
:1063B800C6F81C31636923F4815323F01003636129
:1063C800636943F0A8036361E36923F40023E3618D
:1063D8006B6F23F400136B6710F0E6F86B6F23F014
:1063E800804323F480036B67D6F8EC3023F00C036A
:1063F800C6F8EC30A36A23F00803A3620F9A234B74
:106408001A60109A9A63119ADA63214A0B9B0A99C7
:1064180013F8010B0C9D0B9311F8013B18F8014F71
:106428000A9115F8011F01EB042112F8014B01EB49
:106438000041600801EB035100F00203C4F340047B
:106448009B0400F01C0043EAC43341F0C04143EA16
:10645800C0530B4347F8043B0E9B0C954345D5D1DD
:10646800059808F09BFE069808F098FE079808F033
:1064780095FE089808F092FE099808F08FFE0D9B8B
:1064880003F59E703DB0BDE8F08F00BF0070085066
:10649800C95700202DE9F04190B084466C46364B30
:1064A80003F12005224618685968083303C2AB4235
:1064B8001446F7D1314B08AC03F120052246186881
:1064C8005968083303C2AB421446F7D14FF400723F
:1064D8002B4BC3F898201A689200FCD5002400259D
:1064E8005A68264642F000525A602F460023254932
:1064F800DFF894E010A800EB4300634451F8042B44
:10650800DBB230F9408C102B30F9200CC2F30902B1
:1065180008BF00237145C2FB8867C2FB8045E9D1EB
:10652800002F30463B4604DA40F2FF13F01847F1DB
:106538000003400A002D40EAC3504FEA63212A466F
:10654800234604DA40F2FF12A31845F1000200FBCB
:1065580001F4A0FB00015B0A43EAC25352125A43FA
:1065680001EB4401A3FB0334C01804EB420241EBE6
:10657800020110B0BDE8F0818E540110AE54011034
:106588000010004000804020008840200020704714
:10659800F0B587B007460E461546FDF7C5F8044620
:1065A800A0B914224FF4807001A9FDF717F920460D
:1065B8009DF81330C3F340129B093A7033709DF86D
:1065C800143003F003032B7007B0F0BD0120FBE784
:1065D800F0B587B007460D461646FDF7A5F8044600
:1065E800C0B901A914224FF48070FDF7F7F82046CE
:1065F8009DF81410C1F380033B70C1F3C3033360EB
:106608009DF815305B0003F00E0343EAD1132B60AD
:1066180007B0F0BD0120FBE7002070472DE9F04FDF
:10662800ADF5017D4FF49E720190039131A80021D0
:106638000FF076FF0022714905AB086849680DF133
:10664800110403C36E490DF11205086849680DF17C
:10665800130603C38DF8102020468DF8112031460B
:106668002A46FFF795FF9DF81130664C8BB1636E93
:106678009DF8122023F4404343EA823363669DF871
:106688001330012B40F0A9805F4B07931F238DF82F
:1066980020304FF080464FF0FF3273695B4D114652
:1066A80003F03F03022002930FF0AAFFD5F8EC3065
:1066B800574A43F01C03C5F8EC30564B2820596F55
:1066C80028AF0A4042F0534242F400425A67D3F8D6
:1066D800B020514942F48072C3F8B020D3F8B020FA
:1066E80022F0FC02C3F8B020D5F82C2142F4801225
:1066F800C5F82C212A6822F010022A60E26922F4E7
:10670800F04242F40052E261226A22F4675222F017
:106718003F022262226A42F4855242F00C0222624F
:10672800226C22F478722264226C42F4CF7242F016
:1067380001022264E26C22F03E0242F01802E26496
:10674800D4F8A42042F00402C4F8A420226D22F454
:1067580070722265E26842F08802E260D5F82C2166
:1067680042F48012C5F82C212A6842F088022A6077
:106778002A4AC2F89C102A49C2F8A0104FF428618E
:10678800C2F89410D2F8941041F4804141F003010A
:10679800C2F894105A6F42F4C0025A670FF004FF0F
:1067A800336943F001033361736923F03F0343F016
:1067B8000203736100261FAB0093039B3341DA0782
:1067C80040F19781B3B29A1E042A12D8DFE812F07A
:1067D8004B032A0031033B034103032B7FF459AFDA
:1067E80004238DF81D3040F60C03ADF81E30182335
:1067F8004DE760224FF6FF731AE000BFBA09011097
:10680800C3090110002808400607100C0040084082
:10681800FF3F7F000000094000000C4000100040CE
:10682800008040207022236C23F06003236410232F
:1068380005A9705C0DF11C0CD4F8AC1016F80CC04E
:1068480021F4784141EACC21C4F8AC10C5F83421D0
:10685800D4F8A8204FF4FC6822F0704242EA007293
:10686800C4F8A8204FF6FF724FF0FF396FF0004AC6
:1068780093421FBFE26C22F03E0242EA4303E36404
:10688800AB6CC74A6FF3090343F04003AB64D36AA8
:1068980043F46063D362D4F8A83003F07043C4F8BB
:1068A800A830D4F8A83043F08063C4F8A830D4F8EE
:1068B800AC3003F0F823C4F8AC30BA4BD4F8AC20B1
:1068C800C8F30A0B1A4042EA0B42C4F8AC20012074
:1068D800FFF7E0FD484571EB0A02B8BF009A08F1DE
:1068E80001081FFA88F8BEBF81468A46C2F800B080
:1068F800B8F5026FAB4BE1D14FF4FC684FF0FF39AC
:106908006FF0004A009AD4F8AC3012686FF31A435B
:1069180043EA0243C4F8AC30A34BD4F8AC20C8F324
:106928000A0B1A4042EA0B02C4F8AC200120FFF718
:10693800B1FD08F10108484571EB0A021FFA88F811
:10694800BEBF81468A46C7F800B0B8F5026F964BBD
:10695800E3D14FF4FC684FF0FF396FF0004AD4F8E8
:10696800AC303A686FF30A031343C4F8AC308D4B6C
:10697800D4F8AC20C8F30A0B1A4042EA0B42C4F818
:10698800AC200120FFF786FD484571EB0A02B8BF2D
:10699800009A08F101081FFA88F8BEBF81468A46A6
:1069A800C2F800B0B8F5026F7E4BE1D14FF4FC6835
:1069B8004FF0FF396FF0004A009AD4F8AC301268F3
:1069C8006FF31A4343EA0243C4F8AC30764BD4F869
:1069D800AC20C8F30A0B1A4042EA0B02C4F8AC20F8
:1069E8000120FFF757FD08F10108484571EB0A023D
:1069F8001FFA88F8BEBF81468A46C7F800B0B8F5C6
:106A0800026F694BE3D14FF440584FF0FF396FF0F4
:106A1800004AD4F8AC303A686FF30A031343604A6B
:106A2800C4F8AC30D36A23F4606343F40063D362E0
:106A3800AB6C6FF3090343F08003AB64D4F8A83060
:106A48006FF39B3343F08063C4F8A830574BD4F8F6
:106A5800A810C8F30D0B194041EA0B010220C4F835
:106A6800A810FFF717FD484571EB0A0C0DAA08F1AD
:106A78001008BEBF81468A4642F826B0B8F5A04F36
:106A88004A4BE4D14FF47C684FF0FF396FF0004A6D
:106A9800D4F8A8300DAA52F826206FF30D0313433B
:106AA800C4F8A830424B0DF1580BD4F8A8200220A6
:106AB8001A4042EA8832C4F8A820FFF7EBFC4845A0
:106AC80071EB0A02B8BF4BF8268008F10108BCBF79
:106AD80081468A46B8F5825F354BE6D1D4F8A830AE
:106AE80016AA52F826206FF39B3343EA8233C4F880
:106AF800A830009B01360433072E07F104070093E2
:106B08007FF45BAE302263682A4923F4FD4323F007
:106B18007F036360636843F4A84343F075036360CD
:106B2800236823F4706343F420632360D4F8AC3003
:106B380023F47843C4F8AC30D4F8AC3043F4605351
:106B4800C4F8AC301C4BC3F83421D4F8A8301B4A25
:106B580023F0704343F0E043C4F8A830E36C23F01B
:106B68003E03E364236C23F060032364E36B23F4A4
:106B7800F023E363124B52F8040B43F8040B8B42E7
:106B8800F9D1FFF749FD04AD20B128467FAA31A904
:106B9800FFF71EFD2D78002D00F0808112E000BF68
:106BA80000A00C50FFFF00F800F8FFFF00C0FFFF37
:106BB800FF3F00F0B441084000400840584E011023
:106BC80068410840272731AE35462621319B589A1F
:106BD800A2EB030C07FB03C3B3FBF7F007FB103E64
:106BE8000139BEF1130F88BF013089B26860634470
:106BF80004350029F0D1272026257F9F59A9A7EB26
:106C0800020C00FB02C2B2FBF0F300FB132EBEF134
:106C1800130F88BF01330B606B1E9DB262440431B1
:106C2800002DF0D1636A0A2023F0704343EA07730A
:106C380063620FF0B9FC0E272B466FF04D0C8B49A1
:106C48000878002B00F0C18107FB03F292FBFCF2ED
:106C58000244CA5401334F2BF3D105B108705E27A3
:106C6800D4F89C3082481B0C03F180417F4D814A47
:106C780001F50221184415F8018B56F8049BB8F168
:106C88005E0F84BF4FF05E0805F8017C0B684FEA81
:106C9800580C1340C8F3400843EA09730CF0020E7D
:106CA80043EAC8330CF01C0C43EA8E4343EACC5346
:106CB80041F8043B8842DED163686F4A23F0FF0342
:106CC800636063686D4D43F031036360D2F89430BC
:106CD8006B4E23F00103C2F89430D5F82C31142000
:106CE80023F48013C5F82C31736F0DF1580823F085
:106CF800C0237367736F1FAF23F4001373670FF01C
:106D080053FC736F142023F4800373670FF04CFC5B
:106D18004FF04432D5F8EC305A4943F40063C5F8D3
:106D2800EC30D5F8EC3007A823F00C03C5F8EC30AC
:106D3800D6F8B0300DF1340E23F48073C6F8B030B5
:106D4800514B0DF1A00CC5F8043103F16843C5F8A7
:106D58000C314E4BC5F81021C5F81431C5F8242163
:106D6800C5F828310022AB6C6FF3090343F04003E8
:106D7800AB64236D43F420732365D4F8A43023F067
:106D88000403C4F8A430E36823F08803E360D5F86B
:106D98002C3123F48013C5F82C312B6823F0080319
:106DA8002B60019B05ADC4F8A030019B19445FFA24
:106DB80082F9042A84BF09F1FF395FFA89F915F8C5
:106DC80001AB5EF8293058F8296043EA0A7343EAB0
:106DD800863341F8043C10F8013B5CF82960DB027B
:106DE80043EA0A73334357F82960013243EA0643FA
:106DF800082A41F8083BDAD164200FF0D5FBD4F813
:106E080094202349234B94B213FA82F311FA82F2A5
:106E1800214943F8041B9A42FBD14FF0FF320298F4
:106E280011460FF0EDFB04F128000DF5017DBDE8DA
:106E3800F08FE36B502223F4F023E363236C23F0F9
:106E480060032364F3E4E36C302223F03E03E3643D
:106E5800D0E4226C22F478722264226C42F0800220
:106E680022641822E4E460220423E1E4C9570020E4
:106E78003C210840FF7FF701001000400040084017
:106E88000000094004200840555555804450505092
:106E9800A8200840802008400150015031AE30221F
:106EA8004C4BC3F8342103F540435A6F22F07E520D
:106EB8005A675A6F002D7BD15A67D4F89C301B0C47
:106EC800002D7CD103F1804303F502231B684FF0AA
:106ED8001E084FF4806B63626369282043F08003C7
:106EE8006361636909AF23F0800363610FF05CFBA2
:106EF800D4F8A830102203F07043C4F8A830D4F8AE
:106F0800A830002143F08063C4F8A830D4F8AC302E
:106F1800384603F0F823C4F8AC300FF001FB2E48D4
:106F28004FF0000E0F21F246636A23F0704343EAE4
:106F380001736362C0F898B003689B00FCD5002217
:106F480094464368DFF8A09043F00053436059F833
:106F5800043BC3F309039B181A46204B4CF1000C61
:106F68009945F4D196457AEB0C03B8BF316001F12D
:106F7800FF31BCBF9646E2460229D5D13268B8F146
:106F88000108BB5C03F10103BB54C9D10F23336073
:106F98003268F95CBA5C914288BF3360013B022BCE
:106FA800F6D10135032D06F19C067FF478AF09E68A
:106FB800012D0CBF42F09C5242F01C527CE7012D7F
:106FC8000CBF074A074A9B5881E701235E201D46EC
:106FD8003AE600BF00400840001000400090402002
:106FE8009C200840382108400080402073B5214B80
:106FF8006C46B3F84420186C93F84630ADF804207A
:107008008DF80630009001F09CFF054601F097FFCF
:10701800064601F098FF86421BDB01F090FF06232D
:10702800E256AA4218DD013BFAD20023002214F9E5
:10703800011B814212DA0132072AF8D1002200200E
:107048000124014693420BDD0B4B88B9187002B03E
:1070580070BD01F078FFE2E75BB2E7E7D2B2EEE796
:1070680004FA03F0014301330120C9B25BB2E9E736
:107078001970ECE78E540110C857002010B5D24A99
:10708800D24C536B23F006035363536B23F0010375
:107098005363936B23F478439363936B23F4806374
:1070A8009363536B43F002035363536B43F0010341
:1070B8005363936B43F400639363936B9363936C91
:1070C8006FF39D339364936C43F0085343F40813B0
:1070D8009364D36C23F4C043D364D36C43F4C043A8
:1070E800D364536D6FF30F035365536D43F42A4311
:1070F80043F0AA035365D36D23F09863D365D36D2A
:1071080043F09863D365B24B196841F010011960D8
:10711800596841F080615960D3F8FC00AD490840D6
:10712800C3F8FC00106E40F480601066D06820F44C
:107138000040D0604FF04430D3F8EC2022F0200219
:10714800C3F8EC20D3F8EC2042F02002C3F8EC207E
:10715800A14AC3F8042102F16842C3F80C219F4AEE
:10716800C3F81001C3F81421C3F82401C3F8282177
:107178009A6C9B480A409A649A6CA1F5FE316FF3A9
:1071880093229A649A6C42F4003242F0A6029A64FE
:10719800D3F838210A40C3F83821D3F83C210A40F3
:1071A800C3F83C21D3F8382142F4D53242F0E10249
:1071B800C3F83821D3F83C2142F4C032C3F83C214B
:1071C8005A6D02F000425A65596D864A0A435A655B
:1071D8001A6F02F000421A67196F834A0A431A6746
:1071E800D3F8902042F00102C3F8902043F22452D1
:1071F8005A641A6D6FF30D021A651A6D42F4A06293
:107208001A65D3F8F42002F07842C3F8F420D3F8D2
:10721800F42042F4F732C3F8F420D3F8F42042F013
:10722800FD02C3F8F420D3F8F42042F02A72C3F820
:10723800F420D3F8F82002F07842C3F8F820D3F805
:10724800F8106A4A0A430021C3F8F8209A686FF3D5
:107258009B329A609A6842F040629A601A6A196290
:107268001A6A42F480421A62DA6AD962DA6AA1F5C5
:10727800801142F48042DA621A6C22F080021A64A9
:107288001A6C42F080021A64D3F8D82022F0806287
:10729800C3F8D820D3F8D82042F08062C3F8D820A9
:1072A800D3F8E0200A40C3F8E020D3F8E02042F405
:1072B800803242F48072C3F8E020D3F8E4200A4018
:1072C800C3F8E420D3F8E420494942F4803242F478
:1072D800A072C3F8E420D3F890206FF34A02C3F8F1
:1072E8009020D3F8902042F05002C3F89020D3F8B1
:1072F800E82022F0F002C3F8E820D3F8E82042F0B2
:107308008002C3F8E820D3F8E82022F00F02C3F87F
:10731800E820D3F8E82042F00402C3F8E820D3F8C4
:10732800E82022F47042C3F8E820D3F8E82042F4B9
:107338000042C3F8E820D3F8E82022F47062C3F8CA
:10734800E820D3F8E82042F48062C3F8E8201A68FD
:1073580042F080621A60D3F8B4210A40C3F8B4211D
:10736800D3F8B42142F00802C3F8B421D3F8B42109
:107378002240C3F8B421D3F8B42142F48062C3F8A0
:10738800B421D3F8B4210240C3F8B421D3F8B4210E
:1073980042F0F86242F48022C3F8B421D3F8B8214D
:1073A8000A40C3F8B821D3F8B82142F4EF7242F08A
:1073B8000102C3F8B821D3F8B8212240C3F8B82194
:1073C800D3F8B82116E000BF00280840FF01FCFFF1
:1073D8000040084000FCFFFF555555804450505070
:1073E800FFFF03F86889000B20410005FFFEB90282
:1073F80000FEFFFF42F46E3242F40072C3F8B82177
:10740800D3F8B8210240C3F8B821D3F8B82142F024
:10741800FF62C3F8B821D3F8BC210A40C3F8BC21E5
:10742800D3F8BC2142F04302C3F8BC21D3F8BC21F5
:107438002240C3F8BC21D3F8BC2142F49B32C3F8E4
:10744800BC21D3F8BC2102404FF48000C3F8BC2112
:10745800D3F8BC2142F06572C3F8BC21D3F8C0212F
:107468000A40C3F8C021D3F8C021A1F5FC4142F07D
:10747800FF02C3F8C021D8615A6A0A405A625A6AA0
:1074880042F040025A6298621A6B0A401A631A6BF9
:1074980042F040021A6310BD37B5FFF777F808B914
:1074A800FFF7A4FD1C4C0FF0CBF8E36B23F400634B
:1074B800E363FDF7A9FEFDF723FFFEF71FFC4FF07E
:1074C80080431A6922F001021A611A6942F0010226
:1074D8001A61124B1978FFF7A1F8FFF7CFFD4FF4A7
:1074E800C0232367FFF752F8054601F02CFD04047A
:1074F80001F027FD44EA0564054601F020FD042259
:1075080040EA040343EA05230DEB02010620019338
:10751800FCF7E4FA03B030BD00280840C857002043
:1075280038B5044602200D460FF056F8624AD2F8E4
:10753800EC3023F40063C2F8EC30002C40F0888073
:1075480002F54042D2F8B030002D43F48073C2F8FF
:10755800B03009DD042D50DD0A2D50DD0D2D50DD34
:10756800102DCCBF05240424544B53491A570A2A1A
:1075780049DCD1F8EC30EDB223F00C03C1F8EC3063
:107588004F4B0A2D5A6B22F006025A635A6B22F0AF
:1075980001025A639A6B22F478429A639A6B22F436
:1075A80080629A635A6B42F004025A635A6B5A63B8
:1075B8009A6B42F478429A639A6B42F480629A63B7
:1075C80068D8404B595DFF2964D03F4BD3F8B020B1
:1075D80022F0FC02C3F8B020D3F8B02042EA8102BE
:1075E800C3F8B0200020EFF31081012383F3108843
:1075F800364A1378002B53D1FEE70124B4E702245E
:10760800B2E70324B0E7304B0C2AD3F8B00040F4BB
:107618008050C3F8B000D1F8EC0040F00C00C1F87D
:10762800EC0039DD102A0FD0132A0FD00D2A35D1DE
:107638000421D3F8B02022F46062C3F8B020D3F854
:10764800B02042EA4122CBE70621F2E70721F0E722
:10765800012CC7D11C4B002DD3F8B02042F4805226
:10766800C3F8B02012DD032D05DD062D10DD0B2D2E
:10767800B4BF03240424D3F8B02022F46062C3F812
:10768800B020D3F8B02042EA4422A9E70024F2E768
:107698000224F0E70C20A6E70320A4E70220A2E7D3
:1076A800013BDBB2137023B9094AD36A23F0010303
:1076B800D36281F3108838BD00400840E0540110BF
:1076C80000280840D554011000000940B05300209C
:1076D80000000C507047704710B5334B96B05C688B
:1076E8000023FF228DF805300A23CDE902234FF449
:1076F8000043ADF806302D4B01229B680020D907C6
:107708005CBF01238DF805309DF8053001A9C3F150
:1077180001038DF80430FCF7E1F9042202A91046B0
:10772800FCF7DCF9042203A90320FCF7D7F90222AD
:107738000DF106010520FCF7D1F9E4B2012207207A
:107748000DF10501FCF7CAF9062C2AD9184B1422A9
:10775800002106A804930EF0E3FE40F2444305938B
:1077680003238DF81D309DF80430042204A90E204F
:107778008DF82130FCF7B2F9182205A90B20FCF787
:10778800ADF9282200210CA80EF0CAFE06232C22EF
:107798008DF8543040230C200DEB02010B93FCF7BD
:1077A8009DF916B010BD00BF00B0005000B00C50DD
:1077B80000FE0720FFF790BF7047000010B50220B9
:1077C8000EF00AFF00200EF09FFEFFF7F5FFFFF70F
:1077D800F1FF02200EF038FF284CA0420AD90522FA
:1077E800012102200EF00CFF02200EF02DFFA04216
:1077F80000D9FEE7224C6368DBB2062B01D8FFF7FD
:107808006AFF4FF00150FCF7E7F96368DBB2062B1B
:1078180019D8FDF741FC1B4B1B780BB9FFF73CFE51
:10782800FFF758FF4FF4A042002117480EF078FEEA
:107838000EF0DEFEEFF31081012383F31088134A64
:10784800137853B9FEE74FF4A06200214FF00150BE
:107858000EF066FEFDF73EFCDDE7013BDBB2137080
:1078680023B90B4AD36A23F00103D36281F310884A
:1078780041F288300EF098FE002010BD00366E01EF
:1078880000B00050DC5C002000804020B053002095
:1078980000000C5008B500200EF036FE002008BD90
:1078A8007047000010B5154B1C691A6EDA695A6AE0
:1078B800003C18BF012412F0020009D048F2FF1161
:1078C800596119624FF400610D4BC3F8801101E052
:1078D800D106F3D40B4B5B7E33B112F0120F01D0FB
:1078E800FFF7DEFF204610BD0028FBD0064B1B78B3
:1078F800002BF7D000F00CF8F4E700BF00000940B7
:1079080000E100E0E05C0020045D0020FFF7CABF52
:107918004FF00043154910B5C1F80031D1F80031D6
:10792800002BFBDB42F60100D1F80031104A23F0AE
:1079380070431468043340EA0340206010681B0C4D
:10794800436013680B48986013680B48D8600B486D
:1079580013680068C3F8A0021368094A1268C3F8DC
:10796800A4224FF00043C1F8103110BD00000940B7
:10797800185800208000028002040004005D0020E6
:10798800FC5C0020DFF848D0124880F30A88FDF735
:10799800FFFA114C114DAC4209DA21686268A368FC
:1079A800043BA2BFC858D050FAE70C34F3E70C4B9D
:1079B8000C4CA34208DA19685A680020043AA4BF9C
:1079C8008850FBE70833F4E701F057FEFEE7FEE7CF
:1079D800002000200000002084680110A868011021
:1079E800A8680110B868011008B502F03DFBFBF764
:1079F80039FEBDE8084002F04DBB08B502F034FB83
:107A0800FBF736FEBDE8084002F044BB08B502F0BB
:107A18002BFBFBF733FEBDE8084002F03BBB08B583
:107A280002F022FBFBF730FEBDE8084002F032BB53
:107A380008B502F019FBFBF72DFEBDE8084002F07F
:107A480029BB08B502F010FBFBF72AFEBDE8084089
:107A580002F020BB08B502F007FBFBF727FEBDE8E4
:107A6800084002F017BB08B502F0FEFAFBF724FE47
:107A7800BDE8084002F00EBB08B502F0F5FAFBF7C6
:107A880021FEBDE8084002F005BB08B502F0ECFA9B
:107A9800FBF71EFEBDE8084002F0FCBA08B502F08C
:107AA800E3FAFBF71BFEBDE8084002F0F3BA08B59D
:107AB80002F0DAFAFBF718FEBDE8084002F0EABA6D
:107AC80008B502F0D1FAFBF715FEBDE8084002F050
:107AD800E1BA08B502F0C8FAFBF712FEBDE80840A3
:107AE80002F0D8BA08B502F0BFFAFBF70FFEBDE8FE
:107AF800084002F0CFBA08B502F0B6FAFBF70CFE60
:107B0800BDE8084002F0C6BA2DE9F84FDDF8288034
:107B18000E469A4614460EF08FFD0C2705460023A4
:107B2800DFF8C890DFF8C8B0B9F80010994235DC22
:107B3800202905D140F2B1122849294803F04CF90F
:107B48000C23B9F800707B433BF90330013305D0AF
:107B580040F2B3122149234803F03EF90C235F4356
:107B68000BEB07022BF807605388C4F30D046FF37F
:107B78000E039F2E44EA0304B9F80030C2F804A0AB
:107B88005480C2F80880C8BF174A03F10103A9F856
:107B98000030C2BF13880133138014E007FB03F0E1
:107BA8000BEB00023BF90000B04201D00133BDE706
:107BB800536853450CD15388C3F30D03A34207D12F
:107BC8009368434504D128460EF0BEFC002003E02C
:107BD80028460EF0B9FC0720BDE8F88F2E55011095
:107BE800CC090110F00901106C5D00206E5D0020C9
:107BF8001C580020F8B50C460EF01EFD0021054665
:107C08000C221D4E1D4F33888B4204DC28460EF093
:107C18009BFC0020F8BD02FB01F000EB070C385E6E
:107C2800A04201D00131EFE7013B8B421EBF02FBAE
:107C3800037207CA8CE807000C225343FA58F91854
:107C480002F000426FEA12426FEA0242FA50002341
:107C58009F2CC1E901330BDD094C23882BB94FF464
:107C6800F2720849084803F0B7F82388013B2380DB
:107C78003388013B3380C9E76E5D00201C58002023
:107C88006C5D002043550110000A011007B5054B33
:107C9800009001220620044907F0A6F903B05DF818
:107CA80004FB00BF180A01102A0A01102DE9F0434D
:107CB8005F280546684C8BB01FFA80F926DC012343
:107CC800DFF8F4810E3009AA0DF126010EF09CFCB4
:107CD8009DF824300646052B96BF604A604F52F83F
:107CE8002370A0457DD15FFA89F840460DF1250142
:107CF8000EF092FCF8B1012206205A4B5A49CDF8F1
:107D0800009007F071F90BB0BDE8F0839F28D2BF4F
:107D1800A9F16009A9F1A009A0464FF00003DDBF51
:107D2800DFF8988123381FFA89F9A5F15F00C8BFE9
:107D38001FFA89F9C7E79DF82530002B4FD14FF07E
:107D48000C0C4A4A14884A4A9C4201D8002411E083
:107D58000CFB03F18818515EA94201D00133F3E707
:107D68004488C4F30D04042C32D8240504F180544B
:107D780004F5881440460EF0CBFB3E4B9C424CD099
:107D880040D8112C4BD036D8002C4AD03A4B3B4A1D
:107D9800012C08BF1346354A0C2411880022DFF84D
:107DA800D0C0914243DC4AD00C24314904FB021272
:107DB8009168069152682C49CDE90432CDE9020751
:107DC80001220620CDE900562D4B07F00DF99AE760
:107DD80040F213422B492C4802F0FEFFB6E701247B
:107DE800C8E7494640460EF023FC4946044640464B
:107DF8000EF092FBC1E725491F4B254A8C4208BF6C
:107E08001346C8E7234B9C420DD003F580139C42D0
:107E18000BD02149184B214AF0E7214BBBE7214BF6
:107E2800B9E7214BB7E7214BB5E7214BB3E704FB93
:107E380002FE3CF90EE0AE45B6D00132B1E7CDE91D
:107E48000373CDE90160012206201A4B064900950B
:107E580007F0CAF857E700BF5CB00C50E8540110AF
:107E6800E70A0110EE0A01102A0A01106E5D0020CF
:107E78001C58002000002110DD0A0110440A0110DE
:107E8800070B011000550110171301100000111005
:107E9800690A01100000411000003110920A011017
:107EA8007D0A0110550A0110340A0110AE0A0110AA
:107EB800C60A01103A0B011000000A5000000840E1
:107EC80002282DE9FF4107460C465EDC0122062008
:107ED800884B894907F088F801220620874B864994
:107EE80007F082F801220620854B834907F07CF8C9
:107EF80001220620834B804907F076F801220620EC
:107F0800814B7D4907F070F8012206207F4B7A49A2
:107F180007F06AF8012206207D4B774907F064F8DC
:107F2800012206207B4B744907F05EF801220620E7
:107F3800794B714907F058F801220620774B6E49B2
:107F480007F052F801220620754B6B4907F04CF8F0
:107F580001220620734B684907F046F801220620E3
:107F6800714B654907F040F8012206206F4B6249C2
:107F780007F03AF8062001226D4B5F4907F034F804
:107F88006FF0090004B0BDE8F0816A4801F07CFB9D
:107F9800054640B906200122674B574907F024F8E7
:107FA8006FF00700EEE7032101F0B8FB032F6668C6
:107FB8006CD03046614907F04DFB074618BBA068F6
:107FC80007F0E0F8ADF80C00E06807F0DBF8394698
:107FD8008DF80E0003AA284601F09EFC9DF80E407D
:107FE800012C0BD1BDF80C3002211846544A04F07C
:107FF80057FE2146BDF80C0004F07AFE284601F031
:10800800E9FB0020BEE730464E4907F023FB074650
:1080180080B9A06807F0B6F8ADF80C00E06807F082
:10802800B1F80423ADF80E003946284603AA01F03A
:108038003BFCE3E73046444907F00CFB0746F0B940
:10804800A06807F09FF8E4685F28D4BF00F10E0825
:10805800A0F1230806463D492046D8BF012707F06E
:10806800F9FA18B93046FFF721FEC7E7204607F0AE
:1080780089F83A46014640460EF09AFABEE7344B74
:10808800012206201C4906F0AFFFB7E73046314908
:1080980007F0E0FA0746A0B9A06807F073F8394678
:1080A800ADF80C0003AA0423284601F0C5FBBDF86F
:1080B8000E30012200930620274B0F4906F094FF4B
:1080C8009CE73046254907F0C5FA88B9A6682449CF
:1080D800304607F0BFFA044630B920460134FFF7AE
:1080E800E5FDA42CF9D189E7304607F04BF8BAE74B
:1080F8001C4BC5E76B0B01102A0A0110A00B0110DD
:10810800D00B0110000C0110270C01104E0C0110AF
:10811800750C01109C0C0110C30C0110EA0C011025
:10812800100D0110370D01105E0D0110850D0110A5
:10813800AC0D0110D30D0110D70D0110020B011069
:10814800957C0010ED0D0110F30D0110F70D0110D5
:10815800F90D0110631A0110050E01107C0E0110B3
:108168000F0E0110130E01102DE9FF470D4614469E
:10817800002800F0DB80C36B002B00F0D7805F295C
:1081880019DC0026DFF8D8910191012C40F0A2807B
:108198000EF052FA4FF0000A07460C20644BDFF845
:1081A800B88119888A451DDB38460EF0CDF90620BE
:1081B80004B0BDE8F0879F2906DCA1F16003002622
:1081C800DFF8A0910193E0E701F16006F6B2032E13
:1081D80005D940F20E225749574802F0FDFD4FF0ED
:1081E8000009D2E700FB0AF303EB080238F9033071
:1081F8009D4202D00AF1010AD4E753880022C3F352
:108208000D03042B08D8DFE803F003272B2E3100D9
:1082180002230393494B0293B9F1000F35D0484626
:1082280001A90EF0FDF95F2D4FF000024FF0050196
:108238004FF054001DDCFAF74DFE5420FAF780FE8B
:108248000C2303FB0A83DA7842F04002DA703846DE
:108258000EF07AF90020ABE701230393384BDAE7F5
:10826800384B0392D7E7384B0392D4E7374B039246
:10827800D1E7FAF72FFE5420FAF762FE1420002205
:108288000521FAF727FE1420D8E730460EF040F90A
:10829800041E05DA40F2562226492D4802F09CFDBC
:1082A8002C4B04F001029A550C2303FB0A8898F81A
:1082B8000330E40103F03F0344F040041C43002270
:1082C8000521542088F80340FAF704FE5420FAF7F1
:1082D80037FEBCE73CBB0EF0AFF9224607460C243C
:1082E800134BB3F800C01C4B624507DBB9F1000F14
:1082F80011D0484601990EF003F9A8E704FB02F0F3
:10830800C118185E854201D00132EDE7CB7823F021
:108318004003CB70EAE701221049B2400B6823EA18
:1083280002030B6093E76FF0050041E701203FE788
:108338006E5D002059550110260E01100000111025
:108348000000211000003110000041100000511001
:108358003D0E0110685D00201C580020645D00205F
:1083680000000A500000084010B538B1C46BCCB109
:108378005F2905DC0C4889B20EF0CEF8044611E0FE
:108388009F2903DC6039094889B2F5E76031C8B232
:108398000EF0BEF8041E05DA4FF4A0720449054831
:1083A80002F01AFD204610BD00000A5000000840E7
:1083B8001F5501104C0E01100B46A0B1C16B91B1B5
:1083C8005F2BD2B203DC084899B20EF021B99F2B7B
:1083D80003DC603B054899B2F7E703F160001146FA
:1083E800C0B20EF0C1B8704700000A500000084043
:1083F80030B50C4685B058B3C36B4BB35F29D4BFB7
:108408000B46A1F1600301934FF001014FF0000307
:10841800D8BF1E48CDE90213C8BF1D48042A19D881
:10842800DFE802F03103080B0F00029300219F2CB4
:1084380013DC0AE0CDE90231F8E702930223039343
:10844800F4E711239F2C029315DC01A90EF0E8F83C
:1084580005B030BD9F2CF8DD002104F16000C0B2EA
:108468000EF03EF80028F3D04FF4C67209490A48C6
:1084780002F0B2FCECE707494FF4C572074802F076
:10848800ABFC0121E9E70121D1E700BF00000A5058
:108498000000084010550110720E0110570E01100F
:1084A8002DE9F84F494B1B88002B00F08D800EF00A
:1084B800C3F800268046B146454DDFF83CA1454F3C
:1084C800BAF800304B4509D840460EF03DF8002E6A
:1084D8007AD0BDE8F84F5420FAF768BD6B68002BD6
:1084E80057D0B5F900409F2C53DDEB78590650D58D
:1084F8006034E4B2032C04D9A6223749374802F085
:108508006BFC20460EF004F8B0F1000B04DAA82248
:108518003149334802F060FC6B88C3F30D03042B28
:1085280050D8DFE803F0033A40464B003B5D002B90
:1085380008BFBBF1010F0CBF01230023EA786BF3DE
:10854800C712EA7007F804B01BB3214625480EF09D
:108558000FF8002806DB01230830234A834043F044
:10856800004393621F2C04D9DD221B491F4802F0E7
:1085780033FC01231E4AA34011681F2E43EA01035E
:10858800136004D9DF2214491A4802F025FC013689
:10859800F6B209F101090C3592E73B5D012B08BFE2
:1085A800BBF1000FC7E73B5DB3EB0B0318BF01231B
:1085B800C4E70BF1FF3253425341BFE7BBFA8BF3D9
:1085C8005B09BBE70023B9E7BDE8F88F6C5D0020C5
:1085D8001C580020685D002088550110260E0110E7
:1085E800830E01105CB00C5000000C508C0E011072
:1085F800645D0020990E01106E5D0020234B2DE96B
:10860800F041984207460E461AD0214B98420AD1AB
:1086180001F1600800250C221E4B1F4C1B88AB4241
:1086280010DCBDE8F0811D4B984202D101F1A00891
:10863800F0E74FF42B721A491A4802F0CDFBE9E72C
:108648008846E7E702FB05F1615E414501D0013547
:10865800E5E7124B9F4211D1F0B20DF059FF061E0B
:1086680005DA4FF42E720E490F4802F0B5FB0C23C1
:1086780003FB0543DA7866F3C712DA700C2303FBB1
:108688000544D4E90130BDE8F041184700000A501C
:10869800000008406E5D00201C5800205CB00C50A3
:1086A8007C55011017130110830E011038B50546CB
:1086B8000DF0C2FF044615B15420FAF777FC2046A6
:1086C800BDE838400DF040BF70B5002401F0CCFC87
:1086D8000C4A0D4D13680D4E013313602B88A342CD
:1086E80003D8BDE8704001F0D5BC0C236343F15EAC
:1086F800603989B23F2902D805480DF065FF013479
:10870800ECE700BF5C5D00206E5D00201C58002077
:1087180000000840024A0349034804F097BA00BF22
:1087280000000A50B4550110D30D01102DE9F8438B
:1087380005460E460DF080FF134C144A2368A91A0B
:10874800DFF84C804A424A4108EBC3039A80236809
:10875800074608EBC303DE80D4F800900DF04CFF09
:1087680048F83900236828460133092B8CBF0023B9
:108778002368314698BF01332360FFF73FFF38462F
:10878800BDE8F8430DF0E0BE085D002000000A5087
:108798000C5D002073B50DF04FFF294A0026546A7E
:1087A80024F0604323F0FF0343F0004393620DF08D
:1087B800CBFEC4F3142464B3E20725D5F5B22846EA
:1087C8000DF105010DF044FFF0B99DF80530012BBE
:1087D8001AD928460DF106010DF0A6FE054658B92E
:1087E8004FF443721749184802F0F6FA2846BDF8C4
:1087F80006100DF081FE02E0144B9842F6D128468F
:10880800BDF80610FFF792FF0136152E4FEA540403
:10881800D1D100240DF010FF0D4B1D681C600DF028
:1088280093FE55B1EB0703D50848A1B2FFF77EFFC9
:108838000134042C4FEA5505F3D102B070BD00BFD6
:1088480000000C506E550110BD0E01105CB00C50AC
:10885800645D002008B501F007FC064A136801337F
:108868001360FFF797FF04480DF042FEBDE808408B
:1088780001F010BC605D002000000A5010B50446ED
:1088880028B940F213120A490A4802F0A5FAE46B23
:108898002CB940F215120649074802F09DFA2368E0
:1088A800DA6992064ABF586A4FF0FF30C0B210BD6D
:1088B800FD550110F70E0110090F011037B50D46CF
:1088C800044620B9FC221249124802F085FAE46BEA
:1088D80023689A6B0192019AD20715D40DF0ACFE69
:1088E800402223681A6223689D622268D369590668
:1088F800FCD50DF029FE019B0120DB075EBF01229C
:1089080023689A6303B030BD019AD006E1D4E5E745
:10891800F2550110F70E0110F8B50E4617461D4620
:10892800044628B94FF493722149224802F054FAB8
:10893800E46B2CB94FF494721D491F4802F04CFAAD
:10894800012DA06F24D104F17C03E366C4F8AC4088
:10895800C36822681B682946E367C368DB68C4F8F4
:108968008030136843F010031360A36F002293F95B
:108978000800FAF7AFFAA36F93F90800FAF7E0FADC
:1089880000233A4631462046FBF7AEFD0020F8BDED
:1089980004F1E803A366C4F8184103691B68C4F826
:1089A800E8300369DB68C4F8EC301023E9E700BF5E
:1089B80008560110F70E0110090F011038B50D46C1
:1089C800044620B968223249324802F005FA25B92E
:1089D80069222F49304802F0FFF9E46B24B96B2271
:1089E8002B492E4802F0F8F9A36F5B6823602B68C7
:1089F8006360EB79C3F381031B02A3610C236361FA
:108A08000023E3612B793F2B07D903F00F02082AD3
:108A18009EBF013262F303032B712B7903F00F031E
:108A2800063B032B23D8DFE803F0280222254FF06A
:108A38000063A3602B79C3F30113022B1FD0032B10
:108A480020D0591E4B424B415B03E3602B799B09B5
:108A5800012B1AD09A1E534253419B022046236190
:108A6800FBF738FF003818BF0120404238BD4FF0EF
:108A78008053DEE74FF0C053DBE70023D9E74FF41C
:108A88008053E2E74FF44053DFE74FF4C063E5E774
:108A9800D4550110F70E0110190F0110090F01101C
:108AA800F8B50F461646054620B9BA223A493B485A
:108AB80002F092F9EC6B24B9BC223749384802F02D
:108AC8008BF9102F3CD0112F08D0032F4FD02846F8
:108AD80005F14401FFF772FF0020F8BDA36F93F979
:108AE8000830002B0DDB01215A0903F01F039940C0
:108AF80002F120032B4A42F82310BFF34F8FBFF334
:108B08006F8F2268B6F5007F136823F02003136087
:108B18000FD100232046C4F8E430FBF7B7FD2268E4
:108B2800136823F01003136040F2244223681A628A
:108B3800CDE7B6F5006FCAD12046FBF773FDC6E74F
:108B4800B6F5807FC3D1A36F93F90830002B08DBFB
:108B58000122590903F01F0302FA03F3114A42F8EC
:108B680021302268136843F020031360AFE7B6F59D
:108B7800007FACD122682846936943F008039361CB
:108B8800D5E9122101230968C2F38F22FFF7C4FE39
:108B98000023C4F8E4309AE7E4550110F70E0110F9
:108BA800090F011000E100E0032870B50D461CD93B
:108BB8001549686806F04EFD28BBA86806F0E2FA79
:108BC8000446E86806F0DEFA4FF4D67363430F4AAA
:108BD800D118C1F89C0103F5CE7103F5AC731144AB
:108BE800D018BDE87040FFF7E9BE01220320084B0A
:108BF800084906F0F9F9BDE8704001220320064B48
:108C0800044906F0F1B970BD34110110705D0020FF
:108C1800280F01104B0F0110550F011070B50646B3
:108C280028B940F25F124249424802F0D5F8F46B85
:108C38002CB94FF4B1723E493F4802F0CDF8236891
:108C4800DA69920608D51A68950605D501213046D5
:108C5800BDE8704004F050BC94F85421FAB1DA69C8
:108C6800D0061CD51A68D10619D510221A620DF043
:108C7800E3FCE36FB26C5B68D4F8E450C2F38F2274
:108C8800D31A9D4286BF521BD5185D1BC4F8E43029
:108C98000DF05AFCD5B1290241F00301D7E794F849
:108CA8005521A2B1DA69520611D51A6855060ED5B2
:108CB80040221A622023042184F87130304604F0DF
:108CC8001BFC2268136823F04003136070BDDA6947
:108CD800100744BF08221A622368DA69510744BFA3
:108CE80004221A622368DA69920744BF02221A62D0
:108CF8002368DA69D60744BF01221A622368DA6951
:108D0800550544BF4FF480621A622368DA69100679
:108D180044BF80221A622368DA69510644BF4022A0
:108D28001A622368DA69920644BF20221A62CDE7E4
:108D380060560110F70E0110090F011038B50546ED
:108D480028B94FF4DC721149114802F045F80DF0CA
:108D580073FCEB6FD5F8A0215B68D5F8E440C2F34B
:108D68008F22D31A9C4286BF121BD4181C1BC5F82D
:108D7800E4300DF0E9FB44B1210205F5AC7041F097
:108D88000301BDE8384004F0B7BB38BD44560110B4
:108D98006B0F0110FFF7D2BF08B501F065F9034862
:108DA800FFF73CFFBDE8084001F074B9C85E002039
:108DB80008B501F059F90348FFF730FFBDE808404E
:108DC80001F068B97460002028B940F2DB2202493A
:108DD800024802F001B870472D5601106B0F0110C0
:108DE8002DE9F74F00250446E9462E469A46204BC2
:108DF800884693E80300CDE90001DFF880B004F568
:108E0800AC7402EB8207BD4203D1304603B0BDE823
:108E1800F08F08EB850244F8E02CCDF800A004F1AF
:108E2800440299E80300C4F840B082E8030040F225
:108E3800035140F2037214F8040CA4F5AC73002833
:108E480008BF0A4614F8031C09B142F40062204620
:108E580058F8251004F01CFB064628B140F24732AA
:108E68000449054801F0B8FF053504F5D674CAE78A
:108E7800985601101B560110790F011084560110E5
:108E88000A490B4B0B48CB6040F201130A4AA0F881
:108E980054310A61A0F80033084A094B0A624B6250
:108EA80002224FF4E133FFF79BBF00BFDC590020DB
:108EB800CC590020705D0020BC590020AC5900201E
:108EC8009C59002008B502210D200DF055FBC82043
:108ED8000DF06AFB4FF0A042536A4FF4487023F438
:108EE8007C1343F470135362FAF74CF80020FAF736
:108EF8006DF8BDE8084000224FF0FF301146F9F741
:108F0800E9BF000008B501F0AFF80A4B586A20F035
:108F1800604020F0FF0010B1000AFFF7C7FBFFF721
:108F2800BFFAF9F7A3FF00F029FBBDE8084001F0FC
:108F3800B1B800BF00000C500020704770470A20ED
:108F480070470020704700207047000010B50446A5
:108F580028B94FF4FE720B490B4801F03DFF012080
:108F68000DF0F6FA206001200DF06EFB0121606023
:108F780008460DF02DFB0021A06001200DF028FB14
:108F8800E06010BDC5560110960F011010B50446DB
:108F980028B940F206221749174801F01DFF0220A0
:108FA8000DF01AFB02200DF0D3FA206002200DF01C
:108FB8004BFB0121606002200DF00AFB0021A0603C
:108FC80002200DF005FBE060EFF31081012383F32D
:108FD80010880A4A137803B9FEE7013BDBB2137025
:108FE80023B9074AD36A23F00103D36281F31088B7
:108FF80010BD00BFB3560110960F0110B0530020EA
:1090080000000C5010B5044628B94FF40672044904
:10901800044801F0E1FE0023C4E9003310BD00BF9D
:10902800A0560110960F01107047000037B5FFF7E2
:10903800FBFF1A4C0DF0D4FA0DF0AEFAFFF742FF21
:109048001749184801F094FF174DFFF763FBFFF726
:1090580017FF164801F0B8FD6168626863686068C8
:10906800AD68C0B20090C3F3072311480195C2F35D
:109078000742090E01F0C6FD636813F0FC0F08D023
:109088006368DBB2072B04D06368DBB20F2B00D018
:10909800FEE703B0BDE8304000F092BA00B00050DF
:1090A80000FC0720086C002000A00C508A0F01105B
:1090B800A20F0110014B586B704700BF00000C5005
:1090C80008B50DF0B9FABDE808400DF039BAFFF758
:1090D800F7BF000010B501220320094B094905F02C
:1090E80083FF01220320084B064905F07DFFBDE8F8
:1090F800104001220320054B024905F075BF00BF4F
:10910800D50F0110081001100C1001103F100110AC
:1091180040F29B120149024801F05EBEF25601106E
:109128001713011038B5486806F02CF805460F4C9F
:109138000F48D4E91F12EDB201F064FD5DB10D488E
:1091480001F060FD40F2D223C4E91F330A48BDE8AC
:10915800384005F0EFBB094801F054FD4FF43D726B
:109168004FF42D730648C4E91F23F0E70030005080
:1091780084100110BF100110D2100110D910011075
:109188008A0F011008B5044906F064FA003818BFC0
:109198000120404208BD00BFEF1001100228F8B5B9
:1091A8000E4603DCBDE8F840FFF794BF8868FAF77D
:1091B8001AFC776805464349384606F04BFA0446D8
:1091C800E8B9414B1B6823B94048BDE8F84001F0B5
:1091D80019BDF068FAF707FC0646A64203D1B307A3
:1091E8002BD03B48F1E755F824103A48013401F0F8
:1091F80009FDA207F1D1364801F004FDEDE7364933
:10920800384606F027FA0146E8B92F4B1B68002BB1
:10921800DAD0102231480DF083F940222F49F06846
:10922800FAF7FFFB4028034628BF4023033323F007
:1092380003032A4A2B449D4200D1F8BD52F8041B6F
:1092480045F8041BF7E72649384606F003FA0146B5
:1092580048B91D4B1B68002BB6D01022F06806F0E9
:1092680033F92860E9E738461E4906F0F3F9044661
:10927800A8B903463022542110200DF06DF9234679
:109288003022552111200DF067F955215420FAF7A5
:109298000FFBBDE8F84005211348FAF797BB38469D
:1092A800124906F0D7F900287FF47CAF0421B06892
:1092B800FFF768FF0028C0D10122034B0C481A6051
:1092C80083E700BF631A011010610020F410011039
:1092D800361D0110FE100110ED0D0110D0600020A8
:1092E800041101100C1101101211011018110110B4
:1092F8001F11011038B50D461149686806F0AAF922
:10930800E8B9E86805F03EFFAD6844B20D49284663
:1093180006F0A0F948B92146FEF702F902462146AF
:10932800BDE83840084801F06DBC2846074906F0FA
:1093380091F910B921460120EEE7FF22EFE738BD89
:1093480029110110311101103B11011037110110C1
:1093580002280B4610B505D00D4801F053FC4FF01C
:10936800FF3010BD58680A22002106F003F80446B1
:109378000146084801F046FC631E032B03D8064B40
:109388001C600020EDE7054801F03CFCF9E700BF50
:1093980053110110671101100C5A0020841101109B
:1093A800F8B5164F4FF0FF31154800F0CFFB0024F9
:1093B800144E3A194FF0FF314FF48073306800F0C3
:1093C8003BFA54FA80F4C5B2A4B2224629460E48A4
:1093D80001F018FC002DECD10C4801F013FC074EED
:1093E800ABB29C4203D80A4801F00CFCDAE716F845
:1093F800011B084801F006FC0135F1E71461002063
:1094080014620020346200209B110110BA1101106F
:10941800361D0110BF11011008B511B1024800F046
:109428004DFC002008BD00BF1462002030B5264D59
:1094380085B0284600F028F9244C0346206048B936
:10944800012229460320224B009505F0CDFD01207D
:1094580005B030BD1F4902AA03C982E803001E49AE
:1094680018460291032100F057FA012229461B4BA6
:109478000090072005F0B8FD002319491A4619483D
:1094880000F03EFB40F20321206800F047F9083065
:1094980004D140F20311206800F040F91249206815
:1094A80000F062FA0C230A221049CDE90032104874
:1094B8004FF44063002202F0EDFC0028C7D002F010
:1094C80011FC0020C4E700BF900F01103462002097
:1094D800C2110110BC57011040420F00D3110110F6
:1094E800E91101101462002021940010A9930010C2
:1094F800F011011000B5C1B06B46174A6E461068EE
:10950800516803C3906800211860F42203A80DF085
:1095180007F8124801F076FBFFF788FF104B186830
:1095280090B10C236A46002100F0BEF985B20D48BF
:1095380001F068FB0024A3B2F15C0B48013401F090
:1095480061FBA3B2AB42F6D9084801F05BFB41F2DC
:10955800883002F07CFBFAE726120110FE11011098
:109568003462002010120110BF11011016120110F0
:10957800014B1868704700BF3862002008B5094AD7
:1095880013680133136002F003FA836C013B8364B0
:109598001BB9436C836402F045FABDE8084002F049
:1095A8001FBE00BF3862002040EAE070704700200C
:1095B8007047002070470020704700207047000067
:1095C80038B5044C044DAC4200D338BD54F8043BC4
:1095D8009847F8E7506801105468011038B5054CF1
:1095E800054DAC4200D338BD54F8043B002BF8D0ED
:1095F8009847F6E7546801106C68011008B5FFF742
:10960800EDFFBDE80840FFF775BF70470A23142235
:1096180013B50B49CDE900320A484FF40063002224
:1096280002F038FC044628B94FF4B37206490748DB
:1096380001F0D2FB204602B0BDE8104002F052BB58
:109648000596001032120110C4570110371201108C
:1096580008B50CF0F1FFFFF7E9FC01F015FB02F08B
:10966800ABFE02F015F8FFF7D1FF02F0ABFE00F0F9
:10967800FDF902F031F8002008BD08B5FFF7C5FF75
:10968800FFF7E6FF002008BDF8B5074602F080F9AD
:1096980008B102F0E1F8092001F0A2FE044620B961
:1096A8007C221049104801F097FB54F8045FA5424A
:1096B80004D102F06DF990B900260CE0A5F10C0672
:1096C80008223946304600F04FFF30B902F060F901
:1096D80008B102F0CFF83046F8BD2D68E7E702F090
:1096E800C9F8E9E742580110B8120110F8B50E465A
:1096F8001746054610B94FF0FF30F8BD0846FFF78A
:10970800C3FF04460028F6D128463246092101F055
:1097180077FE2046EF82AC762C83EEE770B50E46D6
:10972800044620B9F4222649264801F055FB204674
:1097380001F06CFF092804D0F5222149224801F0E4
:109748004BFBE38AD80610D4636A53B12046984786
:10975800054630B1024621461C4801F053FA284616
:1097680070BDE38A43F01003E382190702D5238B07
:109778001A0721D4A36AB3B1314620469847054653
:10978800B8B90025238B43F008032383A37E013354
:10979800DBB2A376002BE2D140F2231208490C4831
:1097A80001F01AFBDBE726F4704121F0F001218378
:1097B800E7E7831DD3D1E5E76FF00605CFE700BFE4
:1097C800335801104612011055120110CF12011022
:1097D8000513011010B5044628B940F23512134993
:1097E800134801F0F9FA204601F010FF092805D0C6
:1097F8004FF49B720D490F4801F0EEFAA37E83B136
:10980800013BDBB2A3767BB9E36A1BB900200023D6
:10981800238305E0204698470028F7D0831DF6D01B
:1098280010BD4FF0FF30FBE70020F9E72358011087
:1098380046120110551201102DE9F0410D46164649
:109848001F46044628B940F25F121449144801F033
:10985800C3FA204601F0DAFE092805D04FF4B072A9
:109868000E49104801F0B8FAA37E33B94FF0FF3023
:1098780000F0F2FD0020BDE8F081D4F830E0BEF140
:10988800000F07D03B46324629462046F446BDE83D
:10989800F04160476FF00500EAE700BF1458011077
:1098A80046120110551201102DE9F0410D461646D9
:1098B8001F46044628B94FF4C3721449144801F0EE
:1098C8008BFA204601F0A2FE092805D040F2871243
:1098D8000E49104801F080FAA37E33B94FF0FF30EB
:1098E80000F0BAFD0020BDE8F081D4F834E0BEF104
:1098F800000F07D03B46324629462046F446BDE8CD
:10990800F04160476FF00500EAE700BF0458011016
:10991800461201105512011070B50D461646044640
:1099280028B940F2A7120D490D4801F055FA204612
:1099380001F06CFE092805D04FF4D4720749094894
:1099480001F04AFAA36B2BB1324629462046BDE8FE
:10995800704018476FF0050070BD00BFF257011046
:10996800461201105512011038B50D46044628B9A3
:1099780040F2C1120849094801F02EFA204601F0C8
:1099880045FE092805D04FF4E1720349044801F067
:1099980023FAE561002038BDD8570110461201109E
:1099A80055120110F8B5244E3368B34200D1F8BD02
:1099B8000CF042FE044600F08FFB40B11F492048DE
:1099C80001F020F999221D491E4801F005FA2046A8
:1099D8000CF0BAFD0CF030FE33680746B3421AD0DB
:1099E80034682546636855F81429536022681A605C
:1099F800C4E9004401F030FFA36E0BB12846984734
:109A0800284601F0F1FD012809D1284601F042FD60
:109A180001F030FF3846BDE8F8400CF095BD01F084
:109A280029FF38460CF090FD606901F00BFC2846D0
:109A380001F0A6FDB8E700BFD46500205158011019
:109A4800191301101713011038B50024064D55F8E5
:109A5800043B03B198470134042CF8D1FFF7A2FF67
:109A68000CF096FDF1E700BF3C6200201FB51F23F4
:109A78002022CDE902324FF400730193064B074AC6
:109A8800009307490023074802F028FA054805B063
:109A98005DF804EB02F026B94C620020519A0010E0
:109AA800401301104C640020143802F0D7B870B588
:109AB8001646054608460C4601F0E4FF2EB1012E75
:109AC80000D070BD2B689D4208D16A6804F1140368
:109AD80013606A68A2616B606561F2E794F83510FB
:109AE80093F82120914208D2596804F114020A60BF
:109AF8005968A1615A606361E3E71B68E3E7000006
:109B0800F8B50F4615461E46044620B9CA220C4928
:109B18000C4801F061F9B5F5803F04D3CB22084920
:109B2800094801F059F920463A46022101F068FC3B
:109B380004F11403C4E90533A58366720020F8BD57
:109B4800AF58011046130110551301102DE9F341C8
:109B58000446019128B94FF4A4724E494E4801F0C9
:109B68003BF9204601F052FD022805D040F2491287
:109B780048494A4801F030F9494B1B680BB1204667
:109B880098470CF059FDA38B07464BB1013BA383C3
:109B98000CF0DAFC434B1B68002B78D1002005E061
:109BA800019B33B90CF0D0FC6FF0010002B0BDE8A6
:109BB800F0810CF041FD054601F0EAFE48B935494F
:109BC800394801F01FF840F269123249374801F06C
:109BD80003F90CF031FD064601F06AFE48B12D4943
:109BE800334801F00FF840F269122A492F4801F072
:109BF800F3F830460CF0A8FC0CF01EFD064600F009
:109C08006BFA48B123492B4800F0FCFF40F2691277
:109C18002049264801F0E0F830460CF095FC28462B
:109C28000CF092FC4FF0000801F0B2FEC0F8308052
:109C380001460546627A04F11400FFF738FF019BDC
:109C4800434509DD05F14C064146304601AA02F0BC
:109C580091FA304602F0D8F938460CF075FC0CF051
:109C6800EBFC0128064609D10A49134800F0CAFF4F
:109C780040F28B1207490D4801F0AEF830460CF05F
:109C880063FC01F041FD286B002883D08EE7204655
:109C9800984783E7A3580110461301106613011073
:109CA800C4650020C0650020DA13011017130110E5
:109CB80011140110191301103D14011038B5044690
:109CC80028B94FF4DB721649164801F085F820468A
:109CD80001F09CFC022805D040F2B7121049124846
:109CE80001F07AF8114B1B680BB1204698470CF02D
:109CF800A3FC2346054653F8140F98420AD0FFF7F1
:109D0800D3FE012428460CF01FFC0CB101F0FCFC2A
:109D1800002038BDA38B0133A3830024F2E700BFE2
:109D2800945801104613011066130110BC650020F9
:109D380070B50E461546044628B94FF40572094910
:109D4800094801F049F820463246032101F058FB42
:109D5800002004F11403C4E90533044B6572C4E917
:109D6800073070BD86580110791401100100FF00FA
:109D7800F7B5044601910CF05FFC054601F008FEBA
:109D880048B95C495C4800F03DFF40F293225949CC
:109D98005A4801F021F80CF04FFC064601F088FD06
:109DA80048B15449564800F02DFF40F293225149DA
:109DB800524801F011F830460CF0C6FB0CF03CFCA0
:109DC800064600F089F948B14A494E4800F01AFFA2
:109DD80040F293224749494800F0FEFF30460CF014
:109DE800B3FB28460CF0B0FB2CB940F2962241494F
:109DF800454800F0F1FF204601F008FC032805D093
:109E080040F297223B49414800F0E6FF01F0C0FDCF
:109E180005460CF011FC3E4B06461B680BB120466C
:109E2800984700232B63236AAB4252D1E37F013367
:109E3800DBB2E37730460CF087FB364B1B68002B10
:109E480055D1002008E0019B43B96FF0010430466A
:109E58002C630CF079FB204603B0F0BD206A95F81E
:109E6800352090F835309A4204D2022105F13502A6
:109E780001F074FF2946627A04F11400FFF717FE17
:109E8800019B002B09DD05F14C070021384601AA8A
:109E980002F070F9384602F0B7F830460CF054FB7F
:109EA8000CF0CAFB0128074609D112491A4800F0EC
:109EB800A9FE4FF43C720F49104800F08DFF384658
:109EC8000CF042FB01F020FC286B60B110F1090F87
:109ED800C2D1A38B002BB6D0013BA383256295F892
:109EE8003530A377A2E70CF0A7FB0646A2E7204689
:109EF8009847A6E778580110DA13011017130110D4
:109F08001114011019130110791401108A14011089
:109F1800C4650020C06500203D14011070B50446DA
:109F280028B940F21D324849484800F055FF2046FC
:109F380001F06CFB032805D040F21E324249444828
:109F480000F04AFF0CF078FB054601F021FD48B906
:109F58003D49404800F056FE40F223323A493E4817
:109F680000F03AFF0CF068FB064601F0A1FC48B18E
:109F780035493A4800F046FE40F223323249364825
:109F880000F02AFF30460CF0DFFA0CF055FB0646CD
:109F980000F0A2F848B12C49314800F033FE40F2F5
:109FA800233229492C4800F017FF30460CF0CCFA30
:109FB80028460CF0C9FA01F0EBFC05460CF03CFB16
:109FC800284B06461B680BB120469847236AAB42CC
:109FD80007D04FF0FF3430462C630CF0B5FA20461A
:109FE80070BDE37F013BDBB2E37743BBA27F95F80B
:109FF80035309A4205D00221284604F11E0201F0AC
:10A00800ADFE234653F8140F984211D0A0F1140363
:10A01800236290F82130A377E37F0133E377FFF7DA
:10A0280043FD012430460CF08FFA54B90020D7E7DD
:10A03800A38B0133A38300232362FF23A377002488
:10A04800F0E701F061FBF1E767580110791401109E
:10A058008A140110DA1301101713011011140110DA
:10A0680019130110BC65002010B50CF0E5FA074A79
:10A07800044613780133DBB21370054B1B6803B138
:10A0880098472046BDE810400CF05EBAD064002026
:10A09800D864002038B50CF0CFFA0B4D04462B7865
:10A0A80023B9622209490A4800F096FE2B78013B41
:10A0B800DBB22B70074B1B6803B198472046BDE8FD
:10A0C80038400CF041BA00BFD0640020BB580110E2
:10A0D800FE140110D4640020014B1878704700BFAB
:10A0E800D06400202DE9F04F584E594C85B0DDE979
:10A0F8000F7515F0400F0CBFB046A04615F0100EB6
:10A108001FD04FF0200C25F0010515F0020427D0D0
:10A11800002A1EDA2D245242E94600260A2B03BFE4
:10A12800B2FBF3FB03FB1B2A5A4602F00F0A18F88E
:10A138000AA018BF1209013609F801AB002AEDD1AF
:10A1480014E015F0010F0CBF4FF0200C4FF0300C4D
:10A15800DBE76C074FBF2B24C5F3C0046401E4B2EE
:10A16800002AD9D1302301268DF80030BE4232466C
:10A17800B8BF3A460E9B15F0110FA3EB020318D196
:10A1880014B1002B00DD013B05464FF0200A00EB1F
:10A19800030904E08D4238BF85F800A00135A9EB1A
:10A1A8000508B8F1000FF5DC23EAE375013B5B1BFA
:10A1B800284424B1884238BF0470013B0130BEF105
:10A1C800000F14D004464FF0300E00EB020C17E0DD
:10A1D8008C4238BF84F800C00134AEEB0405002D72
:10A1E800F6DC23EAE374013B1B1B2044EAE7044640
:10A1F80000EB030EF1E78C4238BF84F800E001342D
:10A20800ACEB0405AE42F6DB921B10446A46013EF5
:10A218000BD2024620261D18AC1A002C10DC002B8D
:10A22800A8BFC01805B0BDE8F08F002FF1D0884254
:10A2380038BFB45C00F1010038BF00F8014CE6E714
:10A248008A4238BF16700132E6E700BFCE580110C7
:10A25800DF580110000000004E282DE9F04FA8BF7C
:10A268004E2057EC106B8B4615469A4687B020EA6D
:10A27800E074002200233046394606F073F818B11E
:10A2880007F100431F460120286047EC106B02A825
:10A2980005F0C0FBDDE90201002200238DED000B73
:10A2A80006F056F80546002855D10AF15008C1466F
:10A2B800DDE90267002200233046394606F048F8F7
:10A2C80018B34B460AF1FF3243453FD30AF1500316
:10A2D800A3EB0908994588BF4FF00008D044109BAC
:10A2E800544403B92C445445CBF8005057D30026A6
:10A2F8004D4F0AF15005A04501D8A84556D3AC42A8
:10A3080069D300238AF84F304CE0502DD9D0002271
:10A31800454B3046394605F0DDFE41EC100B02A8EE
:10A3280005F078FB3EA3D3E9002351EC100B8DED2B
:10A33800040B05F0EFFB00223B4B05F0A1FD06F0F6
:10A348004FF8303009F8010D0135B1E713F8011B5A
:10A3580002F8011FB8E70022DDE90001002306F03A
:10A368001FF80546A8B9D046B9E7CDE90067013D11
:10A378004246DDE900014B4605F082FD00222B4BE9
:10A3880006460F4605F0EEFF0028EED1CDE904673A
:10A39800E9E700254FF00008DFF88C90E8E7002394
:10A3A8008AF80030504607B0BDE8F08F3246DDE944
:10A3B80000013B4605F064FD41EC100B04A805F0D4
:10A3C80029FBDDE904018DED000B06F009F83030BA
:10A3D80008F8010B8FE723783021053323703120EB
:10A3E80023461A78392A02D800232370DAE753451E
:10A3F800197005D913F8012C013B01321A70F0E7E6
:10A408001870DBF800200132CBF80020109A002ADF
:10A41800E7D1544588BF21700134E2E7AFF30080EB
:10A42800B81E85EB51B89E3F000024400000F03F65
:10A4380030B5013911F8014F0346154600F8014BB4
:10A44800013A34B92B44984200D130BD00F8014B91
:10A45800F9E7002AEED1F8E710B50446FFF73CFE0D
:10A4680010B1044B1C6010BD01F092FA0028F8D01E
:10A478000463F8E76C65002008B5FFF72DFE08B106
:10A48800034808BD01F084FA0028F9D03030F8E715
:10A498006C6500200F2AF0B505D80346013B0A4435
:10A4A80091423CD1F0BD41EA00039B07F5D1154626
:10A4B80001F1100400F1100354F8106C103D43F83A
:10A4C800106C54F80C6C0F2D43F80C6C54F8086C95
:10A4D80003F1100343F8186C54F8046C04F11004E9
:10A4E80043F8146CE8D8A2F1100323F00F03CD1839
:10A4F8000344103302F00F021C4616461035091AA1
:10A50800032E07D86FF0030194084C432244291BFB
:10A518001B1BC3E76758043E27600434F0E711F8B3
:10A52800014B03F8014FBBE7884210B501EB020469
:10A5380002D98442234607D8431EA14207D011F806
:10A54800012B03F8012FF8E70244824200D110BD25
:10A5580013F8011D02F8011DF7E710B504460AB10A
:10A56800FFF766FF204610BD10B5431E0A4491420E
:10A5780001D1002008E013F8014F11F8010B201A4F
:10A5880040B208B9002CF2D110BD10B503460446FC
:10A5980022461278E01A01340AB18142F8D810BD77
:10A5A80003461A46117801330029FAD1101A704768
:10A5B80013B500240094FFF74FFE02B010BD000051
:10A5C8002DE9F04F10EB0109B9B01E4607900A912A
:10A5D80003D3C3434FF0FF390A93079C08E0252BA8
:10A5E80015D017464C4538BF2370601C04467A1CAA
:10A5F8001378002BF3D10A9A22B14C4534BF23704B
:10A6080009F8013C079BE01A39B0BDE8F08F00213A
:10A6180051E02D2B4CD0302B6AD0A3F13000092803
:10A6280052D83A4600254FF00A0C17463B780132BB
:10A63800A3F1300009285ED93B782E2B6ED17A78A9
:10A648007B1CA2F13000092862D800224FF00A0CC6
:10A658001F4638780133A0F1300EBEF1090F52D9E8
:10A6680022EAE2783A7802F0FB03682B08BF013748
:10A6780097F800B018BF0022BBF1780F0AD8BBF1D9
:10A68800620F52D8BBF1250F00F02581BBF1580F9E
:10A6980000F027814C453CBF252323703B78601C84
:10A6A800002B00F07182484538BF6370A01C9DE7FD
:10A6B80041F010013A465378571C2B2B0FD0A8D8DD
:10A6C800202B0FD0232B10D02A2B19D156F8045B3E
:10A6D800971C002DB0DA6D4241F01001ACE741F053
:10A6E8000401E7E741F00801E4E741F02001E1E770
:10A6F80041F00101DEE70CFB0533A3F1300594E7D7
:10A708004FF0FF3598E70CFB0200A0F130029FE7FD
:10A718002A2A06D156F8042B0237A1E74FF0FF3852
:10A72800A0E71F464FF000089CE7ABF16303152B29
:10A73800B0D801A050F823F0B9A70010F3A8001072
:10A748009DA60010FBA800109DA600109DA6001055
:10A75800F3A800109DA600109DA600109DA600104D
:10A768009DA600109DA6001099A70010BFA8001074
:10A778009DA600109DA600101FA800109DA6001001
:10A78800F7A800109DA600109DA60010EFA80010C5
:10A7980008236C2A06F1040A40F0F8813268CDE9F2
:10A7A8000181204649460095FFF79CFC56461DE767
:10A7B800C90615D42A462346202103E04B4538BF55
:10A7C80019700133013A002AF8DC002D05F1FF3336
:10A7D800C5F10105D8BF00251D44D8BF00231C447E
:10A7E8004C4538BF336804F1010038BF2370321D6F
:10A7F800034620262C44E11A002907DC002D05F128
:10A80800FF33D8BF002316461844EFE64B4538BF40
:10A818001E700133EFE7AD4B56F804AB0491BAF163
:10A82800000F08BF9A465046FFF7BAFEB8F1000F6E
:10A838000346049902DD4045A8BF4346CA0619D419
:10A8480022464FF0200C601904E04A4538BF82F8D0
:10A8580000C00132811A8B42F7DBAB42A3EB050241
:10A8680005F1FF31C8BF0022A5EB0305C8BF0025CD
:10A878002C44551800229A420FDB002BA8BFE4187D
:10A888004FF0200C22466019811A8B420DDBE81A22
:10A89800AB42C8BF00202044A8E6A118894584BF60
:10A8A8001AF80210A1540132E5E74A4538BF82F888
:10A8B80000C00132E8E76B1C04BF082541F0010124
:10A8C800CDE90181009510234946204656F8042B0E
:10A8D800FFF708FC8AE64C4538BF84F800B0601CD6
:10A8E80084E641F04001102353E741F002010A23B6
:10A8F8004FE7073626F00706B6EC027B41F0020365
:10A90800C8068DED047B06935CD523F001030693FE
:10A918002023DDE904010B930022002305F022FD2A
:10A92800002855D0049BB8F1FF3F0C93059B4FF0CE
:10A938002D0A03F100430D939DED0C7B05F1FF35C6
:10A948008DED047B6DD0049B4FF0FF320893059B7F
:10A9580023F000430993DDE908015D4B05F02AFD6A
:10A9680048B9DDE908014FF0FF32594B05F004FD05
:10A97800002800F09B8024AB40469DED040B0FAAF5
:10A988000EA9FFF715FE0F9B002B4DD02D238DF838
:10A9980040300DF141030278002A75D00E9A002A42
:10A9A80044DD4FF02E0E411E11F801CFBCF1000F0F
:10A9B80051D0A1EB000B5A4508BF03F801EB03F88F
:10A9C80001CBF1E711F0010F0CBF20233023A0E7E2
:10A9D800069B59071CD54FF02B0A013DB8F1FF3FE4
:10A9E800DDE904231046194608BF4FF0020805F0B8
:10A9F800E1FC0028A7D04E2361229B468DF8403009
:10AA080000238DF841208DF842B08DF8433024E0C2
:10AA1800069B13F0080A1CBF4FF0200A05F1FF350A
:10AA2800DCE74FF002088EE710ABB4E719464FF0A9
:10AA38002E0E4FF0300C01F802CB83F801E0C2F182
:10AA4800020E73448E469E4519D1891A091A0B18AD
:10AA580010F8012BB2B900221A70069B9A0643D54A
:10AA6800B8F1000F40D110AA1378904693460132EE
:10AA7800FBB92E2288F8013088F8002034E00EF85F
:10AA880001CBE0E71A70E2E730211970B8F1000F46
:10AA980001D10133DFE72E2203F1020B5A70584629
:10AAA80042460BF03DFD0BEB0803D4E749236E2229
:10AAB800A4E72E2B18D0652B01D0452BD4D14FF409
:10AAC80080714046FFF761FD404406E0141501100F
:10AAD800FFFFEF7F10F801398370A0EB0B03002B09
:10AAE800F8DC2E2388F800304FF4807110A8FFF7A7
:10AAF8004CFD069B024613F0110FA5EB000508D18B
:10AB08002B462021002B22DC6B1E002DB4BF1D46D6
:10AB18005D1BBAF1000F03D0A14588BF04F801AB53
:10AB2800069BDB0607D42B46002B16DC6B1E002D7C
:10AB3800B4BF1D465D1B234610A9A3EB040C944526
:10AB4800184601DA994511D81D44202315E0A1457E
:10AB580088BF04F8011B013BD4E7A14588BF0B99C6
:10AB680003F1FF3388BF04F8011BDDE711F8010B7F
:10AB780003F8010BE1E700F8013B2A1A002A7FF7E6
:10AB880035AD8145F7D831E5013F2FE5682A3268B0
:10AB98007FF405AE880754BF92B212B2FFE500BF3A
:10ABA8000CB407B504AB53F8042B0193FFF708FD69
:10ABB80003B05DF804EB02B070470000014B186861
:10ABC800704700BF6865002070B50D4D2E68FEF710
:10ABD8005BFD044690B1286808B1FEF7FBFDE38AE7
:10ABE80040F2432113F4007F08BF43211B05204690
:10ABF80048BF41F40061FEF791FD2C60304670BDFE
:10AC0800686500200FB473B51C4B069D1B68F3B92B
:10AC18001B4A07AB146801933CB3268B04F074FA03
:10AC2800D0B92A467F21019B1648FFF7C9FC228B21
:10AC38007F2822F4006242F040020346228328BFA4
:10AC48007F23002120460F4AFEF72EFE268302B0FE
:10AC5800BDE8704004B0704700F02AFE0028E0D13B
:10AC68002846019904F0D0F9F1E72A467F210548E2
:10AC7800FFF7A6FC0348FEF761F9E8E764650020E2
:10AC880068650020E064002007B50B48FFF7BAFFAD
:10AC98000A48FFF7B7FF0A4B02220193002309492C
:10ACA800009309480423FFF7ADFF084803B05DF897
:10ACB80004EBFFF7A7BF00BF1B15011024150110F7
:10ACC800701501103915011045150110791501107D
:10ACD80008B52848FFF796FF2748FFF793FF254850
:10ACE800FFF790FF03F092FD04F0FCF92148FFF70D
:10ACF80089FF2248FFF786FF1E48FFF783FF03F00E
:10AD080051FC04F0EFF91B48FFF77CFF1C48FFF7E4
:10AD180079FF1848FFF776FF03F0F2FB04F0E2F939
:10AD28001448FFF76FFF1748FFF76CFF1148FFF74C
:10AD380069FF03F08FFC04F0D5F90E48FFF762FFB6
:10AD48001148FFF75FFF0B48FFF75CFF03F00CFDAE
:10AD580004F0C8F90748FFF755FF0C48FFF752FF02
:10AD68000448FFF74FFF00F07FF8BDE8084004F003
:10AD7800B9B900BF3A1D01109F150110B415011093
:10AD8800C9150110DE150110F31501100816011080
:10AD9800C8B110F0FF020C4B02D0985C013070472C
:10ADA80010F47F4F04D0C0F30720185C09307047B7
:10ADB80010F47F0F04D0C0F30740185C11307047BF
:10ADC800000E185C19307047F0580110014B1860DC
:10ADD800704700BF6065002000232DE9F341164647
:10ADE8008DF8073004460D460BF026FC194B074634
:10ADF8001A682ABB01221A60174BD3F80080B8F1F1
:10AE0800000F1ED104F06EF9234632462946134836
:10AE1800FFF7F8FE39461248FFF7F4FEFFF758FF30
:10AE2800104B1B681BB132462946204698470BF049
:10AE3800ABFB9DF80730002BFBD002B0BDE8F081DA
:10AE4800FEE74046FEF7C6FC43214046FEF766FC97
:10AE5800D8E700BFDC640020686500201A160110DE
:10AE6800511601106065002008B5084B084819689C
:10AE7800FFF7C8FE074B08481968FFF7C3FE074BE2
:10AE880007481968BDE80840FFF7BCBE8065002088
:10AE9800691601107C6500207B160110786500207A
:10AEA8008D16011010B5044620B9DA220549064866
:10AEB800FFF792FF054B2360054B1B681033C4E96D
:10AEC800013310BD0D5A0110F0160110A01E01002B
:10AED8008065002070B51F4E04463368834204D94C
:10AEE800A8221D491D48FFF777FF1D4D2B68A34277
:10AEF80004D8A92218491B48FFF76EFF638823B1BD
:10AF0800AA2215491848FFF767FF336862681A4490
:10AF180094420ED0518861B92968914209D01349E9
:10AF280008689042526808BF0C606260E11A1A44CF
:10AF38009160A1685A1894420AD0508840B90B48C9
:10AF48000568A54208BF02606068034450609960C4
:10AF580070BD00BFB0650020F8590110AB16011094
:10AF6800AC650020C9160110F4160110A865002070
:10AF78002DE9F041C41C06460F4621F003050BF0ED
:10AF88005BFB24F003048046FFF7A6F848B11D498F
:10AF98001D48FFF737FE4FF48B721A491B48FFF71D
:10AFA8001BFF40460BF0D0FA202D23D9A5F1200332
:10AFB800A3421FD3164B2D1BA5F120021A604FF494
:10AFC800F5530026134F103D2360134B601965603D
:10AFD800A66018603C60FFF765FF334601220F4901
:10AFE8000F48FEF78DFD0F4B3A681A600E4B1E6036
:10AFF800BDE8F0813A463146BDE8F0410B48FFF71D
:10B0080001BE00BF1B5A01101913011017130110BC
:10B0180080650020B0650020AC6500200317011092
:10B0280084650020A8650020A46500200817011089
:10B038002DE9F74F044688B30BF0FEFA0546FFF7F3
:10B048004BF848B167496848FFF7DCFD4FF4B17227
:10B0580064496648FFF7C0FE2846654D0BF074FA50
:10B0680003342B6824F00304A34217D30C2C38BFF5
:10B078000C244FF0FF315F48FEF768FDDFF8A0C1F0
:10B088005D4ADCF800301068D5F800B0191AABEB4F
:10B098000407B94204D35748FEF710FE002676E0AD
:10B0A80045186E886A68002E40F09980561AA6F1F5
:10B0B800100AA245C0F09380DFF868E1DFF83C8110
:10B0C800DEF80020D8F80090019204F11C029245A5
:10B0D80004F110075FD34FF4F55601EB070840F869
:10B0E80008606E6800EB080ACAE901610121C5F829
:10B0F80004806980DAF80410019A0BF11006B14255
:10B1080002F1100218BF0918224418BFC1F80880BC
:10B118004A45CEF8002001D938490A603849394EE5
:10B128000A68EC6022440A6031688A4288BF32604B
:10B138004FF4F552AB42344E2A8037D0334B1A685D
:10B14800AA424AD32B48FEF7B9FD33682F44BB42C5
:10B1580005D24FF4F67223492D48FFF73DFEAA07A2
:10B1680005F110060DD040F2ED121E492948FFF7EF
:10B1780033FEAB0705D04FF4F7721A492648FFF79C
:10B188002BFE264B1B6813B12146304698473046A4
:10B1980003B0BDE8F08F0121019A698016444E453D
:10B1A800CEF8006088BFC8F80060B7E700223168B1
:10B1B800B3F802E0BEF1000F08D1002ABED0CCF8E7
:10B1C8000030BBE75B6801220344F1E79942F9D1FB
:10B1D800002AB3D0CCF80010B0E71D60B2E71146E2
:10B1E80057E700BF035A0110191301101713011074
:10B1F8008065002084650020B06500207865002007
:10B208007465002070650020AC650020A4650020EE
:10B218004217011087170110D1170110B8650020D7
:10B22800A86500207C65002038B501FB00F528469C
:10B23800FFF7FEFE044618B12A4600210BF0D4F9A8
:10B24800204638BD70B50446002800F0A4800BF0F5
:10B25800F3F90546FEF740FF48B14F494F48FFF75D
:10B26800D1FC40F2AE224C494D48FFF7B5FD2846C7
:10B278000BF06AF9A30705D04FF42C7246494948E8
:10B28800FFF7AAFD484E33689C4203D3474B1B681F
:10B298009C4205D340F2B1223F494548FFF79CFD47
:10B2A800444B1B680BB12046984733689C4272D3C5
:10B2B8003E4B1B689C426ED24FF0FF313E48FEF772
:10B2C80045FC34F80E3CA4F1100523B134F8103CC9
:10B2D800B3F5F55F1ED03948FFF794FC34F8103CFD
:10B2E800294634F80E2C3648FFF78CFC34F80E3C0F
:10B2F8002BB94FF4347228493248FFF76DFD34F802
:10B30800103CB3F5F55F05D040F2D12222492E4812
:10B31800FFF762FD326854F80C3CD35AB3F5F55F79
:10B3280005D040F2D3221C492848FFF755FD0023D9
:10B3380024F80E3C4FF4F55324F8103C244B2549CF
:10B348001A68954238BF1D600B6832689D4208D163
:10B35800002602E001269B6813445888B8B106B15C
:10B368000B601D4954F80C0C0B68AA1A1B1A1344DD
:10B378001A4A0B60136854F8041C28465B1A1360B9
:10B38800FFF7A8FDBDE870400B48FEF797BC934255
:10B39800E0D10860E5E770BDF059011019130110FC
:10B3A8001713011001180110B0650020AC650020CA
:10B3B80032180110B4650020846500208E18011031
:10B3C800A9180110D9180110E3180110FC18011070
:10B3D800A8650020A46500207C6500207465002015
:10B3E8000023024605480178914205D00133092B14
:10B3F80000F11000F7D10020704700BF105A00205C
:10B408002DE9F843044608460E469146FFF7E8FF43
:10B41800054628B940F20F121A491B48FFF7DCFC11
:10B428002F4600F019FA57F8048F47451CD166F0EB
:10B438007F0600F01FFA0822494620462672FFF7C9
:10B448008CF8124B1B680BB1204698470BF0F4F8A8
:10B458006A6804F10C0353606A68E2606B602761F4
:10B46800BDE8F8430BF070B8A8F10C039C4205D175
:10B4780040F21D1203490648FFF7AEFCD8F80080D9
:10B48800D3E700BFBE5A0110B8120110CC650020E6
:10B498003B19011010B5044628B940F249120D496C
:10B4A8000D48FFF799FC0D4B1B680BB120469847D8
:10B4B800002323720BF0C0F8D4E903124A60E16854
:10B4C80004F10C031160C4E90333BDE810400BF02C
:10B4D8003BB800BFAD5A011049190110C8650020DA
:10B4E800F8B506460F460BF0A7F80446FEF7F4FD3C
:10B4F80048B11E491E48FFF785FB4FF4B6721B4939
:10B508001C48FFF769FC20460BF01EF83046FFF791
:10B5180067FF044628B94FF4B87214491648FFF774
:10B528005BFCE068FFF784FD0546E8B10021E268AE
:10B538000BF05AF8002308226B72394628462E72FF
:10B54800FFF70BF80D4B1B680BB1284698470BF01B
:10B5580073F8626805F10C0353606268EA6044F8A6
:10B56800043F2C610AF0F0FF2846F8BD9A5A0110F2
:10B578001913011017130110B8120110CC6500201F
:10B5880010B5044628B94FF4D57213491348FFF78C
:10B5980023FC94F90830002B05DA40F2AB120E496F
:10B5A8000F48FFF719FC0F4B1B680BB12046984753
:10B5B800002323720BF040F8D4E903124A60E168D3
:10B5C80004F10C031160C4E903330AF0BDFF2046FF
:10B5D800BDE81040FFF736BE895A0110491901101D
:10B5E8005B190110C865002010B5044628B94FF44E
:10B5F800E67204490448FFF7EFFB94F90800C00F0E
:10B6080010BD00BF6F5A01104919011010B504464A
:10B6180028B940F2DF1204490448FFF7DDFB207A1D
:10B6280000F07F0010BD00BF5C5A011049190110DD
:10B6380010B5044620B94B2211491248FFF7CCFB3C
:10B64800A36A1A78232A06D1E2699A4203D9E16AE1
:10B6580019448A4209D921460B48FFF7D3FA03F067
:10B66800D5F80AF0E9FF48B1FEE720339A4205D839
:10B678002146BDE810400548FFF7C4BA10BD00BF19
:10B68800015B01108419011096190110B0190110FD
:10B6980000230B4A13800B4A0133202BC2E90022F6
:10B6A80002F10802F8D11F22074B1A700023074A3B
:10B6B8001360074A1360074BC3E90033704700BFA4
:10B6C800E8660020E8650020E0650020E4650020C9
:10B6D800DC650020D465002008B5084B1868FFF722
:10B6E80057FB074B013853F83000064BA0F1140202
:10B6F8001A600830BDE808400AF052BFDC65002037
:10B70800E8650020E4650020F8B50AF095FF1A4BBB
:10B718000646B3F9003033BB184B186818B3FFF767
:10B7280037FB174B013853F83050164BA5F1140767
:10B738001C68BC4217D01F60134B144A1B6810705A
:10B7480013B13946204698472046FFF771FF38461F
:10B75800FFF76EFF0E4B05F108011B7804F11C0082
:10B7680033B90AF029FF3046BDE8F8400AF0ECBECC
:10B778000AF0F6FEF7E700BFE8660020DC65002067
:10B78800E8650020E4650020D0650020E065002021
:10B79800D064002010B5044628B940F2231212499B
:10B7A8001248FFF719FB0AF047FF94F8343094F871
:10B7B800351023F00F0343F0010384F834300C4BA9
:10B7C80004F1140203EBC10359680A605968A161C6
:10B7D8005A60084A63611168A36B0B431360BDE8A4
:10B7E80010400AF0B1BE00BFE75A011084190110D9
:10B7F800E8650020DC65002010B5044628B940F251
:10B80800511211491148FFF7E7FA0AF015FFD4E978
:10B8180005124A60616904F114031160C4E9053333
:10B8280094F835200A4B03EBC20153F832308B42AF
:10B8380005D1084AA16B136823EA01031360BDE828
:10B8480010400AF081BE00BFCD5A011084190110C2
:10B85800E8650020DC65002008B50AF0EDFE044A22
:10B86800138801331380BDE808400AF06DBE00BF9D
:10B87800E866002008B50AF0DFFE0B4A1388013B92
:10B888001BB2002B13800ADC002313800AF05CFE35
:10B89800064B1B683BB1BDE80840FFF735BFBDE864
:10B8A80008400AF051BE08BDE8660020E4650020A3
:10B8B800014B1888704700BFE866002010B50446A1
:10B8C80028B940F2F12217491748FFF785FA94F88A
:10B8D800343003F00F03022B05D040F2F222114955
:10B8E8001248FFF779FA2046FFF790FE012805D0A5
:10B8F80040F2F3220B490E48FFF76EFAD4E905121D
:10B908006FF0010323634A60616904F11403204660
:10B918001160C4E90533FFF73DFFBDE81040FFF7AC
:10B92800F3BE00BF1B5B011084190110EC19011054
:10B93800261A011038B5144B1C680AF07DFE05461E
:10B948002046FFF759FF042304F14C0084F83430F3
:10B9580000F024FB2046FFF747FE01280BD1E36FD8
:10B968004BB92046FFF796FD28460AF0EDFDBDE8E5
:10B978003840FFF7C9BE054B04F1140219681A6074
:10B988004A606161A361EFE7E4650020D4650020A7
:10B99800014B1868704700BFE465002010B50446E5
:10B9A80028B94FF4D2721A491A48FFF715FA2046F7
:10B9B800FFF72CFE012805D040F2A51214491648BD
:10B9C800FFF70AFA2046FFF70FFE28B14FF4D372AB
:10B9D8000F491248FFF700FA94F834301B0702D0D9
:10B9E8002046FFF709FF04F14C0000F0D7FA0423C2
:10B9F80084F834300AF020FE094B04F11402196867
:10BA08001A604A606161A3610AF09EFD002010BDC2
:10BA1800725B011084190110261A0110681A0110AE
:10BA2800D465002038B50AF007FE144B02461B689F
:10BA380093F8341001F00F0101291BD1D3E9055403
:10BA4800A54217D06C605A6903F11401226093F87B
:10BA58003540C3E905110A4A02EBC4025468216063
:10BA680054689C6151605A610AF06EFDFFF74CFE04
:10BA7800002038BD10460AF067FDF9E7E4650020AC
:10BA8800E865002038B5044628B940F296221F49D7
:10BA98001F48FFF7A1F92046FFF7B8FD012805D098
:10BAA80040F2972219491B48FFF796F91A4B9C4216
:10BAB80005D140F29A2215491848FFF78DF994F8F4
:10BAC800343003F00F03012B1CD10AF0B5FD0546F5
:10BAD80094F83430204623F00F0343F0020384F82F
:10BAE8003430FFF789FE04F14C0000F00DFB2846C6
:10BAF8000AF02AFD0A4B1B680BB9002038BD204606
:10BB08009847FAE74FF0FF30F8E700BF3E5B0110B7
:10BB180084190110261A01104C640020A31A011080
:10BB2800F4660020F7B501900AF086FD3C4F044604
:10BB38003B684BB93B493C48FFF764F840F2FB12BD
:10BB480038493A48FFF748F90AF076FD0546FFF705
:10BB5800AFFE48B133493648FFF754F840F2FB12BC
:10BB680030493248FFF738F928460AF0EDFC0AF068
:10BB780063FD0546FEF7B0FA48B12A492D48FFF79C
:10BB880041F840F2FB1227492848FFF725F92846D3
:10BB98000AF0DAFC20460AF0D7FC0AF04DFD3C68B2
:10BBA80006462CB940F201221E492348FFF714F932
:10BBB8002046FFF72BFD012805D040F20222194943
:10BBC8001E48FFF709F904F14C052046FFF75AFF14
:10BBD800002101AA284600F0CDFA284600F014FA00
:10BBE80030460AF0B1FC0AF027FD0128054609D1C4
:10BBF8000C491348FFF706F840F20E2209490B4892
:10BC0800FFF7EAF828460AF09FFCFFF77DFD236B53
:10BC18000020023304BF0023236303B0F0BD00BF3C
:10BC2800E4650020625B0110DA130110171301109C
:10BC3800111401101913011084190110261A01108A
:10BC48003D14011008B5FFF76DFF002008BD08B5C9
:10BC5800FDF7AAFCFFF766FF002008BD38B50446CB
:10BC680028B94FF431721B491B48FFF7B5F8204635
:10BC7800FFF7CCFC012805D040F2C522154917482A
:10BC8800FFF7AAF894F8343003F00F03022B1DD104
:10BC98000AF0D2FCD4E9051205464A60616904F14C
:10BCA8001403116004F14C00C4E9053300F02CFAC8
:10BCB80028460AF049FC2046FFF76CFD084B1B6834
:10BCC8000BB9002038BD20469847FAE74FF0FF30FF
:10BCD800F8E700BF2D5B011084190110261A011026
:10BCE800F066002010B5044628B94FF48A72164948
:10BCF8001648FFF771F894F834301B0705D040F266
:10BD0800151211491248FFF767F82046FFF77EFC25
:10BD1800012805D04FF48B720B490E48FFF75CF8E9
:10BD2800012394F8362020469340A363022384F825
:10BD3800352084F83430FFF791FF074B1B680BB1AF
:10BD4800FFF7E2FC002010BD835B0110841901108D
:10BD5800B31A0110261A0110E4650020F8B50D4643
:10BD68001646044628B940F247221E491E48FFF7E6
:10BD780033F82046FFF74AFC012805D04FF4127229
:10BD880018491A48FFF728F8012D27D0022D02D0AC
:10BD980005B30020F8BD0AF04FFC94F8345007466C
:10BDA80005F00F05012D0ED12046FFF725FD33784C
:10BDB80020469D4084F83530A563FFF7EBFC3846F4
:10BDC8000AF0C2FBE5E701233278934084F8352076
:10BDD800A363F4E72046FFF785FFDAE72046FFF77D
:10BDE800DDFDD6E7505B011084190110261A0110F9
:10BDF800F7B504461846089B04F11407C4E908126D
:10BE0800C4E90A031A462321C4E905779DF824509A
:10BE18000A9E0AF0E9FBE26AA16A043A0A44184B4E
:10BE2800D4E9080100F048FCA16AE06100F064FC74
:10BE38001F2D04D99C2213491348FEF7CDFF002378
:10BE4800C4E91166C4E91F33A363236384F834305B
:10BE580084F8365084F835502146CDE900330B4A32
:10BE6800234604F14C0000F075F8094B1B6823B118
:10BE7800204603B0BDE8F040184703B0F0BD00BF4E
:10BE88003DB90010955B0110EA1A0110C5B8001001
:10BE9800EC660020F0B50E4685B001460120174635
:10BEA8001D46FFF71DFB044638B12846FFF7C0F8CA
:10BEB800034630B92046FFF763FB0024204605B04F
:10BEC800F0BD0B9A314602929DF828202046CDE914
:10BED80000523A46FFF78CFFF0E700002DE9FF41DA
:10BEE800DDF828800F4615461E46044620B9EC2288
:10BEF80010491148FEF770FFB8F1000F04D1ED2288
:10BF08000C490E48FEF768FF3A4620460121FFF724
:10BF180077FA0D9B204602939DF830303246019304
:10BF28000B9B294600934346FFF762FF002004B0AD
:10BF3800BDE8F081A55B0110841901100C1B0110EC
:10BF4800D0E905124A60416900F114031160C0E9A3
:10BF580005337047F8B50F4616461D46044620B906
:10BF6800DF220C490C48FEF737FF3A460A212046E3
:10BF7800FFF746FA9DF81C30C4E9076523F0010372
:10BF880063720023E362069BA36204F11403C4E90D
:10BF98000533F8BDF25B0110231B011038B50446C8
:10BFA80020B9F42214491548FEF716FF2046FFF77A
:10BFB8002DFB0A2804D0F5220F491148FEF70CFF83
:10BFC8002046FFF711FB20B9F6220B490D48FEF772
:10BFD80003FF0AF031FB05462046FFF7B1FF637AFD
:10BFE800284623F0010363720AF0AEFA2046FFF7F1
:10BFF80051FA002038BD00BFE25B0110231B01107D
:10C00800341B0110701B0110F8B5044628B94FF411
:10C01800B57233493348FEF7DFFE2046FFF7F6FADC
:10C028000A2805D040F26B122D492F48FEF7D4FE9E
:10C038000AF002FB06462046FFF782FF637A23F0E8
:10C0480001036372294B1B6803B198476FF00043E3
:10C05800A26A9A4205D34FF4BD7221492448FEF7DB
:10C06800BBFEFDF785FAA36A2249C218637A6FF00E
:10C07800004713F0040F204B18BF0B46E2625868C4
:10C08800194688421B6805D09D69AA42F8D0AD1AA6
:10C09800BD42F5D2194802680132026004F1140267
:10C0A8005A600B68304663610A60637AA16143F0A5
:10C0B800010363720AF048FA637A5B070ED5104BE6
:10C0C8001B78012B0AD10F4890F8343003F00F0386
:10C0D800022B03D1FFF7C2FDFFF716FB0020F8BDC6
:10C0E800D35B0110231B0110341B0110C065002015
:10C0F8009A1B01108867002090670020F8660020CE
:10C10800A05A00200467002038B5044628B94FF427
:10C11800F07214491448FEF75FFE2046FFF776FADE
:10C128000A2805D040F2E1120E491048FEF754FEE5
:10C13800637ADB0713D50E4B1B680BB12046984773
:10C148000AF07AFA05462046FFF7FAFE637A28468F
:10C1580023F0010363720AF0F7F9002038BD4FF0AD
:10C16800FF30FBE7C55B0110231B0110341B0110D6
:10C17800BC65002070B50E461546044628B94FF434
:10C18800017214491448FEF727FE2046FFF73EFACD
:10C198000A2805D040F205220E491048FEF71CFE79
:10C1A8000AF04AFA032E05D8DFE806F008020B1059
:10C1B800A36A2B600AF0C8F9002070BD2B68A3623F
:10C1C800F8E7637A23F002036372F3E7637A43F0D4
:10C1D8000203F9E7B45B0110231B0110341B0110A3
:10C1E8002DE9F74F6E46CDE90066FDF7C1F9054622
:10C1F8000AF022FA8046DFF8A090DFF8A0A0DFF866
:10C20800A0B0D9F800404C4507D06FF00042A369B0
:10C21800A4F11407EB1A934205D340460AF094F9A7
:10C2280003B0BDE8F08FDAF800300BB13846984714
:10C238003846FFF785FE14F80B3C9A075CBF23F0DD
:10C24800010304F80B3C009B5C6023606660D4E942
:10C25800023000949847FDF78BF9DBF8003005466B
:10C268000BB138469847009BB342CAD0D4E90023A3
:10C27800536022681A6014F80B3CC4E9004403F0C8
:10C288000302032ABDD123F00103384604F80B3C0E
:10C29800FFF7BAFEB5E700BF9067002000670020EF
:10C2A800FC6600202DE9F7436E46CDE900660AF0EA
:10C2B800C3F90546DFF8B490294FD9F800404C453A
:10C2C80009D0FDF755F9A369A4F11408C01A6FF055
:10C2D8000043984205D328460AF036F903B0BDE872
:10C2E800F083204B1B680BB1404698474046FFF748
:10C2F80027FE14F80B3C28469A075CBF23F001037D
:10C3080004F80B3C009B5C602360002366603B7074
:10C3180000940AF019F9D4E902309847124B1B68C7
:10C328000BB1404698470AF087F901233B70009B00
:10C338000546B342C1D0D4E90023536022681A608D
:10C3480014F80B3CC4E9004403F00302032AB4D1F7
:10C3580023F00103404604F80B3CFFF755FEACE719
:10C36800A05A002000670020FC6600208867002093
:10C3780070B56FF000460F4D0AF05EF92B68AB42BE
:10C388000CBF4FF0FF349C690AF0DEF8631C08D13B
:10C39800FFF7FEFAFFF776FBFFF7B6F9FFF782FF24
:10C3A800EAE7FDF7E5F8201AB042F7D2FFF74AFCB2
:10C3B800F4E700BF88670020014BC3E900337047EA
:10C3C800906700201FB50C4B0A22C3E900330423F1
:10C3D800CDE902324FF480630193084B084A009379
:10C3E800084900230848FFF779FD074805B05DF8BC
:10C3F80004EBFFF777BC00BF88670020C05300201C
:10C4080079C30010BD1B01100467002010B51C4C37
:10C418001C48FEF7F7FB94F828101B48FEF7F2FBC0
:10C4280094F82830DB0702D51848FEF7EBFB94F8A0
:10C438002830980702D51648FEF7E4FB104C94F80C
:10C448002830190702D51348FEF7DCFB94F828308A
:10C45800DA0602D51048FEF7D5FB094B93F82830C9
:10C468001B0608D5BDE810404FF0E0230B48D3F871
:10C47800341DFEF7C7BB0A48BDE81040FEF7C2BB33
:10C4880000ED00E0C31B0110D61B0110EC1B0110CE
:10C49800F61B0110001C01100B1C0110141C0110CC
:10C4A800361D011070B50446654B011DDA6A654BEF
:10C4B80000F12C061A606448482203F007FA236842
:10C4C800A16CD806614A4CBF04F14C0304F19403F3
:10C4D8008905136044BF0433136005225C4B1A704E
:10C4E8004FF0E0225B4BD2F8281D1960D2F82C1DC2
:10C4F8005960D2F8341D9960D2F8381DD960D2F845
:10C50800242D1A61FEF75AFB054628B1FDF762F99A
:10C5180043212846FDF702F902F0E4FD4E4B1B6863
:10C52800002B4BD14D4804F19401FEF76BFBA16C35
:10C538004B48FEF767FBE16A4A48FEF763FB216B4D
:10C548004948FEF75FFB616B4848FEF75BFBA16B50
:10C558004748FEF757FBE1684648FEF753FB216959
:10C568004548FEF74FFB61694448FEF74BFBA1695C
:10C578004348FEF747FBE1694248FEF743FB216A5F
:10C588004148FEF73FFB616A4048FEF73BFBA16A62
:10C598003F48FEF737FBE16B3E48FEF733FB216C63
:10C5A8003D48FEF72FFB616C3C48FEF72BFB2368E8
:10C5B8005A0708D43A48FEF725FB0AE03046984760
:10C5C8000028AFD170BDFFF7E3F901463548FEF703
:10C5D80019FB3548FEF716FBEFF30981EFF30882E4
:10C5E8003248FEF70FFB02F07DFDFEF771FB236872
:10C5F800DB0602D42E48FEF705FB02F073FD00238C
:10C608002C49C1F88430BFF34F8F43F6E074D1F85A
:10C618008030C3F3C900C3F34E335B01024603EA1B
:10C62800040646EA8275013AC1F86C52F9D2203BF9
:10C6380013F1200FF2D1BFF34F8FBFF36F8FC1E714
:10C6480000000C5098670020B8670020B4670020ED
:10C65800B06700209C67002000680020241C01109F
:10C66800311C01103E1C01104B1C0110581C0110FC
:10C67800651C0110721C01107F1C01108C1C01101C
:10C68800991C0110A61C0110B31C0110C01C01103C
:10C69800CD1C0110DA1C0110E71C0110F41C01105C
:10C6A8001E1D0110011D0110381D01104F1D011024
:10C6B800651D011000ED00E0043222F0070270B59C
:10C6C8000446A2F1480005460A4E45F8046BAA4202
:10C6D800FBD142F8201C002142E903344FF080735B
:10C6E80042E9071142E9051142E9121142F8043CF6
:10C6F80070BD00BFEFBEADDE41607047014B1860F2
:10C70800704700BF006800204FF0E02408B5FFF72D
:10C71800C9FED4F82C3D9B0702D54B48FEF772FAA8
:10C72800D4F82C3D5C007FD5484C94F82930002B78
:10C7380038D04748FEF766FA464894F82910FEF7BD
:10C7480061FA94F82930D80702D54348FEF75AFA17
:10C758003E4C94F82930990702D54048FEF752FA22
:10C7680094F829305A0702D53D48FEF74BFA374C62
:10C7780094F829301B0702D53A48FEF743FA94F893
:10C788002930D80602D53848FEF73CFA2F4B93F8E3
:10C798002930190654D54FF0E0233448D3F8381D12
:10C7A800FEF730FA294C94F828300BB1FFF72EFE2B
:10C7B800638D9BB2002B37D02D48FEF723FA618D8D
:10C7C8002C4889B2FEF71EFA638DDA0702D52A488B
:10C7D800FEF718FA1D4C638D9B0702D52748FEF714
:10C7E80011FA638D5C0702D52548FEF70BFA174C42
:10C7F800638D180702D52348FEF704FA638DD9061E
:10C8080002D52148FEF7FEF9104C638DDA0502D5F2
:10C818001E48FEF7F7F9638D9B0502D51C48FEF705
:10C82800F1F91C48FEF7EEF94FF0E023D3F82C3D60
:10C83800002B02DA1848FEF7E5F902F053FCFEE790
:10C848001448FEF7DFF9ADE7731D011000ED00E0B5
:10C85800881D0110941D0110AA1D0110B51D01109D
:10C86800B31D0110011C01100C1C0110C01D01108A
:10C87800D01D0110DE1D0110F41D0110001E011055
:10C888000A1E0110111E0110171E01101E1E011094
:10C89800291E0110361D0110341E011008B5FFF7BE
:10C8A80001FEFFF7B3FD02F01DFCFEE770B53A4B41
:10C8B80004461A78002A45D10122384D01461A70DB
:10C8C80000F14C03482236482B6002F0FFFF354840
:10C8D800FEF798F9EFF30981EFF308823248FEF783
:10C8E80091F93048FEF78EF929683048FEF78AF941
:10C8F800616C2F48FEF786F9A16A2E48FEF782F987
:10C90800E16A2D48FEF77EF9216B2C48FEF77AF98B
:10C91800616B2B48FEF776F9A16B2A48FEF772F98E
:10C92800E16B2948FEF76EF9216C2848FEF76AF991
:10C938001C48FEF767F9FDF7CFFB20B12448FEF746
:10C9480061F906E0FEE7FFF723F801462148FEF704
:10C9580059F902F0C7FB00231F49C1F88430BFF31F
:10C968004F8F43F6E074D1F88030C3F3C900C3F3A6
:10C978004E335B01024603EA040646EA8275013A31
:10C98800C1F86C52F9D2203B13F1200FF2D1BFF35A
:10C998004F8FBFF36F8F70BDB0670020B467002062
:10C9A800B8670020381D01104F1D0110241C01100C
:10C9B800311C01103E1C01104B1C0110581C0110A9
:10C9C800651C0110DA1C0110E71C0110F41C011091
:10C9D8005C1E0110411E011000ED00E000207047B0
:10C9E800FDF74ABD10B504460846FEF721FB08B915
:10C9F8000C23236010BD0846FEF724BC70B5094D12
:10CA08000446D5F8C0302BB94FF49572064907484B
:10CA1800FEF7E2F9D5F8C0302146BDE870409B68C2
:10CA28000048184710680020005C0110701E0110B3
:10CA380070B515461C46064620B922220849094801
:10CA4800FEF7CAF955B1042C08D1D6F8C0303046E3
:10CA58009B68298898476880204670BD0024FBE7BA
:10CA6800585C0110871E01104FF6FE73994270B58D
:10CA780004460D46164604DD6E220B490B48FEF7A8
:10CA8800ABF9002304F1400232F823108D4203D0A1
:10CA98000133202BF8D170BD103304EB8304E37805
:10CAA80066F34703E370F6E7625C0110961E011017
:10CAB80070B50D4E0446D6F8C0300D462BB94FF46C
:10CAC80091720A490A48FEF787F92A46214606481C
:10CAD800FFF7CAFFD6F8C0302A462146BDE87040A5
:10CAE8005B680148184700BF106800200C5C011003
:10CAF800701E011070B514461D46064620B9312235
:10CB08000B490C48FEF768F97CB1042D0DD130466D
:10CB180062882188FFF7A8FFD6F8C03030465B68E6
:10CB2800628821889847284670BD0025FBE700BF2A
:10CB3800735C0110871E01104FF6FE73994270B5A1
:10CB480004460D46164604DD402214491448FEF7F3
:10CB580043F9FE2E04DD412210491248FEF73CF944
:10CB680000234FF6FF7004F1400131F8232095426D
:10CB780005D0824203D00133202BF6D170BD04EBDF
:10CB880083021033A2F8405082F8426004EB830419
:10CB9800E37823F00103E370F0E700BF7E5C011047
:10CBA800961E0110A81E011070B50D4E0446D6F849
:10CBB800C0300D462BB94FF48D720A490A48FEF76A
:10CBC8000BF92A4621460648FFF7B6FFD6F8C030CB
:10CBD8002A462146BDE870401B680148184700BF37
:10CBE80010680020195C0110701E011070B50E4607
:10CBF8001546044620B9A02212491348FEF7ECF85E
:10CC0800022E08D1D4F8C0309B6913B10021204608
:10CC18009847002070BD012E03D1D4F8C030DB69DD
:10CC2800F3E765B12046AA782988FFF785FFD4F88D
:10CC3800C03020461B68AA7829889847E9E74FF052
:10CC4800FF30E7E78B5C0110871E011038B512240E
:10CC58000F4B104D1C750024DA634FF6FF721D63ED
:10CC68000D4DC3E907445D630C4DC3E90944DC621B
:10CC78009D63C3F8C010403323F824200134202CCE
:10CC8800FAD1014603220248FCF730FD002038BDE6
:10CC98001068002039CA0010FDCA0010F5CB00103A
:10CCA8002DE9F341DFF844801F46D8F8C030044628
:10CCB8000D46164623B9FB220A490B48FEF78CF8A5
:10CCC800D8F8C030D3F80C80B8F1000F08D033463C
:10CCD8002A46214605480097C04702B0BDE8F081C2
:10CCE8000620FAE7465C0110701E0110106800204B
:10CCF80070B51A4E0446D6F8C0300D462BB94FF41D
:10CD0800877217491748FEF767F8D6F8C0305B698D
:10CD180013B34FF6FE739C4204DD5922124913489F
:10CD2800FEF75AF80023124A32F823108C420BD02F
:10CD38000133202BF8D1D6F8C0302A462146BDE869
:10CD480070405B6905481847103306EB8303DA78AF
:10CD580065F30002DA70EEE7062070BD1068002067
:10CD6800345C0110701E0110255C0110961E011024
:10CD78005068002070B50E461546044628B94FF491
:10CD88006C721C491C48FEF727F8022E0BD0032EA4
:10CD980013D0012E0DD0236C2A4631462046BDE81B
:10CDA80070405B681847E38A43F02003E382002061
:10CDB80070BDE38A23F02003F8E7002DF7D06A68F6
:10CDC800A36CC2F38F22C3F38F239A42A67E00D0AE
:10CDD8006EB995E8030004F1440383E80300002ECC
:10CDE800E5D0236C294620461B689847DFE70720D3
:10CDF800DEE700BFE35D01104612011038B5C56CCF
:10CE080004462DB940F261120B490C48FDF7E4FFC6
:10CE1800AA88EB889A4205D1A86810B1A06CC0F323
:10CE28008F2038BD9DBFA06C9B1AC0F38F20D01AED
:10CE380098BFC01AF5E700BF7A5D0110B41E011053
:10CE480010B5044628B940F2312209490948FDF7CE
:10CE5800C3FF0023C4E91333236C1B682BB120469E
:10CE680004F14401BDE810401847184610BD00BF42
:10CE78002F5D0110461201102DE9F0410D460446C0
:10CE880028B94FF411727A497A48FDF7A5FF15F4CD
:10CE9800007303D0E28A910540F1E68015F400673B
:10CEA80003D0E28A120540F1DF8015F4807203D0C6
:10CEB800E18ACE0540F1D88015F4806803D0E18A74
:10CEC800480540F1D180690658BF267EE16C5CBFF9
:10CED800C6F38016B601EDB24CBF4026B6B2258324
:10CEE800002940F08A80002A4CD0A06CC0F38F2023
:10CEF8000C30FEF79DF8054628B940F263225C49DC
:10CF08005D48FDF769FF05F10C002860A26C00215F
:10CF1800C2F38F2209F068FB0023C5E90133238B94
:10CF2800E56443F480732383236C4FF480721021EB
:10CF380020465B689847236D002B40F08880B8F145
:10CF4800000F64D00C20FEF773F8054628B940F2AC
:10CF5800A52247494948FDF73FFF284600F0BCFB9A
:10CF68004FF480621021238B256543F4806323836B
:10CF7800236C5B68204698470020238B1E4326833A
:10CF8800BDE8F081002BD6D0A06C3D4B034093B98F
:10CF98000420FEF74DF8054628B940F277223449B7
:10CFA8003848FDF719FF00232B60E564238B43F411
:10CFB80000732383BFE7C0F38F200C30FEF738F8E7
:10CFC800054628B940F2822229492B48FDF704FF7B
:10CFD80005F10C002860A26C0021C2F38F2209F031
:10CFE80003FB0023C5E90133236CE5644FF40072A9
:10CFF800032120465B689847D8E71AB145F4807545
:10D00800258398E7002B96D045F40075F8E7002FA4
:10D01800B2D02820FEF70CF8054628B94FF42D7237
:10D0280013491948FDF7D8FE002328460422082191
:10D0380040F8043B00F0FAFB238B256543F40063BA
:10D048002383236C4FF4006203215B6892E7238BF0
:10D05800B8F1000F03D043F4806323838CE7002FDB
:10D068008AD043F40063F8E76FF0070088E700BF51
:10D078003E5D011046120110B41E0110D91E0110A8
:10D0880000FCFF03C71E0110EC1E01102DE9F04142
:10D0980015461E46044628B940F233323049314815
:10D0A800FDF79AFEFEB1238B13F480681ED0D4F8E6
:10D0B8005080B8F1000F05D140F24B122A492B4895
:10D0C800FDF78AFE3746236C297820469B689847E7
:10D0D8000146481C03D1404600F016FBF3E7013F28
:10D0E80005F10105EFD13046BDE8F0811A0520D5DC
:10D0F800276D4FF0FF3332462946381D00F0BCFB40
:10D1080098B909F099FA3B68012B0BD001233B60D1
:10D1180009F01AFA236C32461F6929460223204671
:10D12800B847E0E709F010FADDE7FDF795F946465C
:10D13800D9E7AF1915F8013B0A2B07D1238B5B06FA
:10D1480004D5236C0D2120469B689847236C204604
:10D158009B6815F8011C9847AF42EBD1C3E700BFA5
:10D16800D35D011046120110C45D0110FE1E0110AE
:10D178002DE9F04717461D46044628B940F21932F2
:10D188007A497B48FDF728FE002D7CD0238BD905F2
:10D198003CD5D4F84C90B9F1000F05D14FF48D72FD
:10D1A80074497548FDF718FE2E464FF000081BE03D
:10D1B800D9F80020084612F803A001339BB2A9F859
:10D1C8000630A26CC2F38F229A4298BF0023BCF1AA
:10D1D800010F08BFC9F80880A9F8063009F0B4F9AA
:10D1E800013E07F801AB0FD009F026FAB9F806306E
:10D1F800B9F8042001469A42D9F808C0D8D1BCF140
:10D20800000FD5D109F0A0F9AD1B3CE09A0540F11B
:10D218009A802FB94FF4E87258495948FDF7DCFD58
:10D2280009F00AFAA26C574B80461340D4F84C9088
:10D238007BBBB9F1000F05D14FF4ED724F4952484D
:10D24800FDF7CAFDD9F80030012B1FD00123C9F81A
:10D258000030236C1B692BB940F2DF1247494B4859
:10D26800FDF7BAFD236C20461E692A46012339467C
:10D27800B0470024404609F067F924B16FF0060072
:10D28800FDF7EAF800252846BDE8F0876FF00604A8
:10D29800F0E72046FFF7B2FD0646B9F1000F05D1C9
:10D2A80040F2EF1235493448FDF796FDAE42A8BF6B
:10D2B8002E46B9F80620A36CD9F80010C3F38F23C3
:10D2C80090199842354611442DD232463846FDF71A
:10D2D800E1F8E76C2FB94FF4C6722D492648FDF7DF
:10D2E8007BFD2046FFF78AFDB04205D240F28D1241
:10D2F80027492848FDF770FDBB6813B10EB100231C
:10D30800BB60FB8840461E44B6B2FE80A36CC3F3E4
:10D318008F239E4222BFB6FBF3F203FB1266FE8008
:10D3280009F012F9AFE79A1A3846FDF7B3F8A06C7E
:10D33800B9F80630C0F38F201A1AC01AD9F80010AD
:10D3480032443844C3E72E46236C2046DB689847AE
:10D35800431C3FF459AF0A2807F8010B06F1FF36C2
:10D368003FF452AF002EEFD14EE700BFB55D01107C
:10D3780046120110A65D0110B41E0110975D011040
:10D388000C1F011000FCFF03C71E0110351F011000
:10D398005D5D01105A1F011038B5044628B94FF4D5
:10D3A800367236493648FDF717FDA37E012B35D86E
:10D3B800238BD80534D5236C4FF480725B68112118
:10D3C80020469847238B23F480732383E36C2BB97F
:10D3D80040F2E32229492B48FDF7FEFCE06CFDF7FB
:10D3E80031FF0023E364238B5A052CD5236C4FF4BB
:10D3F80080625B68112120469847238B23F4806361
:10D408002383236D2BB940F2F7221C491E48FDF7F0
:10D41800E3FC206DFDF716FF00232365002038BDCF
:10D428009905E0D5236C4FF400725B681121204602
:10D438009847238B23F400732383E36C002BCDD10F
:10D448004FF43B72C6E71B05E8D5236C4FF4006226
:10D458005B68112120469847238B256D23F40063D0
:10D4680023832DB940F2053204490848FDF7B4FC7E
:10D47800281D00F0BFFB2846CCE700BF4D5D01101A
:10D4880046120110801F01109A1F0110EC1E011096
:10D49800F8B50D4616461F46044628B940F289429B
:10D4A8000D490E48FDF798FC0023C4E9073323759E
:10D4B8000B4B294663620B4B2046A3620A4BB2B260
:10D4C800E3620A4B23630A4B63630A4BC4E90E37D2
:10D4D800BDE8F840FCF70AB9F55D0110F70E011038
:10D4E80049CE001081CE0010A1D3001079D10010D0
:10D4F80095D000107DCD00102DE9FF41CBB2013B46
:10D508000446032B72D8DFE803F0024F7755C56C49
:10D518002DB940F2B5426A496A48FDF75DFC01261B
:10D528000027236C2046DB689847B0F1FF3F804610
:10D5380020D009F081F8AB882A6802F80380AB880C
:10D5480001339BB2AB80A26CC2F38F229A4298BF80
:10D558000023EA88AB809A4209D1531C9BB2EB8026
:10D56800AE60A26CC2F38F229A4298BFEF8008F097
:10D57800EBFFD6E7E369002B38D009F05DF8AA88FD
:10D58800EB889A423DBFA56C9B1AC5F38F25D51A27
:10D5980038BFED1A08F0D8FF45B3E369294620469D
:10D5A80004B0BDE8F0411847006D04B0BDE8F04193
:10D5B80000F014B9056D02AA2E1D03A900233046F8
:10D5C80000F0F6F9304602AA01A900F0AFFA80B9D6
:10D5D80001232B60236C2046DDE901121D6902231B
:10D5E800A847236A13B120460399984704B0BDE8B9
:10D5F800F08100232B60F4E7826C334B0D1213404B
:10D60800B3B9C66C2EB940F214522D492F48FDF714
:10D61800E3FBE3692BB940F2165229492C48FDF780
:10D62800DBFBE36929462046984700233360DDE7A2
:10D6380009F002F8E76C06462FB94FF4D172254974
:10D648002048FDF7C9FBBB88FA88591989B29A4264
:10D65800B98011D8A36CC3F38F238B4219D8B1FBBF
:10D66800F3F003FB101189B28A42B98011D8012363
:10D67800BB60BA88FA800FE08A420AD8A36CC3F369
:10D688008F238B429EBFB1FBF3F203FB1211B980CB
:10D69800EDE7BB68012BECD0A36C2046C3F38F23C6
:10D6A80093429CBF0023FB80FFF7A8FB054630464A
:10D6B80008F04AFFE369002B7FF470AF96E700BFDC
:10D6C8001E5D0110B41E011000FCFF03C71E0110EF
:10D6D800B41F0110015D011010B5044620B91522D0
:10D6E80007490848FDF778FB08F0A6FF2346002203
:10D6F80043F8042BC4E90133BDE8104008F024BF07
:10D70800315E0110DA1F0110F7B50446019120B906
:10D7180024222D492D48FDF75FFBFEF739F9054610
:10D7280008F08AFF23680646012B48D06368271D46
:10D738009F4204D02D2224492548FDF74DFB019B2B
:10D74800002B3ED0002328462B63FEF79BF9A268E6
:10D7580005F114031360A268AA61A3606F6108F061
:10D768006BFF0746FCF7B8FC40B117491948FDF7AD
:10D7780049FA402214491848FDF72EFB384608F0AC
:10D78800E3FE019B002B09DD05F14C07002138461B
:10D7980001AAFEF7EFFC3846FEF736FC304608F0E3
:10D7A800D3FEFDF7B1FF2D6B08F046FF06460023B8
:10D7B8002360304608F0C8FE284603B0F0BD0025B7
:10D7C800F5E76FF00105F4E71E5E0110DA1F01109E
:10D7D800F01F0110191301101713011038B5044672
:10D7E80020B964220F491048FDF7F6FA2368012B87
:10D7F80017D008F021FF0123236054F8043F0546A1
:10D80800A3420AD0A3F11400FEF728FA284608F02C
:10D818009BFEBDE83840FDF777BFBDE8384008F00B
:10D8280093BE38BD0B5E0110DA1F0110F8B50D4626
:10D8380016461F46044620B91C220D490D48FDF71F
:10D84800CBFA0023A36004F11003C4E9043304F104
:10D858001803C4E90633276225806680E800FDF7CF
:10D86800E7FBE06000280CBF6FF004000020F8BD63
:10D87800915E01101F2001102DE9F34788461746D5
:10D888000446019320B93C2245494648FDF7A4FACD
:10D89800FEF77EF8054608F0CFFE06466389218923
:10D8A8002288591A914228D0B3FBF2F102FB1133B6
:10D8B800E2689BB242F8338063892288B3FBF2F1B5
:10D8C80002FB1133E2689BB202EBC3025760638923
:10D8D80001336381234653F8180F98425DD01438FA
:10D8E800FEF7BCF9304608F02FFEFDF70DFF4FF0AC
:10D8F8000009484602B0BDE8F087019B002B49D0DB
:10D9080008F09AFE8146FCF7E7FB40B12449264817
:10D91800FDF778F94D2222492448FDF75DFA4FF0CA
:10D92800000A484608F010FE2846C5F830A0FEF761
:10D93800A9F8626905F1140313606269AA61636159
:10D9480004F110036B61019B534509DD05F14C0996
:10D958005146484601AAFEF70DFC4846FEF754FB1F
:10D96800304608F0F1FDFDF7CFFED5F8309008F00D
:10D9780063FE0646B9F1000F90D0304608F0E4FD8A
:10D98800B9F1000FB5D1236A002BB0D0022120468F
:10D998009847ACE76FF00109EFE74FF00009ECE7B3
:10D9A8007E5E01101F2001101913011017130110BA
:10D9B8002DE9F347884617460446019320B9952276
:10D9C80054495548FDF708FAB8F1000F04D19622DA
:10D9D80050495248FDF700FA27B997224D49504857
:10D9E800FDF7FAF9FDF7D4FF064608F025FE0546CF
:10D9F800238962899A4237D02288B3FBF2F102FB6D
:10DA08001133E2689BB252F83330C8F800302389EA
:10DA18002288B3FBF2F102FB1133E2689BB202EBFE
:10DA2800C30253683B602389628901339BB2238117
:10DA3800D31A6288934269DC234653F8100F984240
:10DA48005DD01438FEF70AF9284608F07DFDFDF789
:10DA58005BFE236A13B10321204698474FF0000963
:10DA6800484602B0BDE8F087019B002B4BD008F078
:10DA7800E3FD8146FCF730FB40B126492948FDF714
:10DA8800C1F8A72223492848FDF7A6F94FF0000A54
:10DA9800484608F059FD3046C6F830A0FDF7F2FFB9
:10DAA800E26906F114031360E269B261E36104F10B
:10DAB80018037361019B534509DD06F14C09514672
:10DAC800484601AAFEF756FB4846FEF79DFA284647
:10DAD80008F03AFDFDF718FED6F8309008F0ACFDD6
:10DAE8000546B9F1000F83D0284608F02DFDB9F19D
:10DAF800000FB5D1236A002BB0D00121ACE728462E
:10DB080008F022FDA5E76FF00109EDE74FF00009E5
:10DB1800EAE700BF6C5E01101F20011030200110E1
:10DB280044200110191301101713011070B50E4687
:10DB38001546044620B9F82214491548FDF74CF952
:10DB480008F07AFD238962899A4204D108F0FCFC26
:10DB58006FF0030070BD2288B3FBF2F102FB1133B2
:10DB6800E2689BB252F83330336022882389B3FBD2
:10DB7800F2F102FB1133E2689BB202EBC3035B686C
:10DB88002B6008F0E1FC0020E4E700BF595E0110BB
:10DB98001F200110F8B504464FF0FF37FDF75CFE73
:10DBA80004F11806A369B3420CD14FF0FF3704F112
:10DBB80010062369B34211D1FDF75CFEBDE8F840B9
:10DBC800FDF7A2BD08F038FD0546A069C761143805
:10DBD800FEF744F8284608F0B7FCE3E708F02CFD08
:10DBE80005462069C7611438FEF738F8284608F05A
:10DBF800ABFCDEE710B5044628B940F24D120649E1
:10DC08000648FDF7E9F82046FFF7C4FFE068FDF78E
:10DC180019FB002010BD00BF445E01101F20011039
:10DC280010B5064C236823B9B62205490548FDF707
:10DC3800D3F82068FCF742F8002010BD5C6900208A
:10DC4800B25E01105420011008B5104B1B6893F800
:10DC5800213013F0020303D10D4A13700C4808BD9C
:10DC68000C4B196821B18022094801F0C1FCF5E785
:10DC780000F05EFE40B10849054801F0C9FD0749BA
:10DC8800034801F05BFCE9E70549F5E75C6900201A
:10DC9800D468002058690020652001109E0B0110EF
:10DCA8006A20011010B504460648FCF7ABFFFFF7E1
:10DCB800CBFF04F5DB720146BDE810400248FCF7D3
:10DCC800A1BF00BF712001107720011038B5084DA1
:10DCD80004462B6823B99E2206490748FDF77CF8BD
:10DCE8002B6893F8212064F3410283F8212038BD82
:10DCF8005C690020D05E01105420011037B51B4B21
:10DD08001B4A4FF403711A601A4B1B4A01201A6010
:10DD18001A4B1B4A1B4D1A601B4B1C4A1A60FDF715
:10DD280083FA286030B91A48FCF76CFF4FF0FF30CF
:10DD380003B030BD14230A221649CDE90032164833
:10DD48004FF480530022FEF7A5F8002304461A4634
:10DD580012492868FBF7D4FE0120FFF7B7FF0CB97A
:10DD68000020E5E72046FDF7BDFFF9E76C690020D4
:10DD780060660110686900204C6801106469002021
:10DD88004C6801105C690020606900204C68011033
:10DD98007C20011051DE0010912001109520011007
:10DDA80070B5244D06462B6823B9CA222249234858
:10DDB800FDF712F83046FBF767FC044628B93146F0
:10DDC800BDE870401E48FCF71DBF2B68D3F8083229
:10DDD80083422ED040F24322C38A40F2431113F407
:10DDE800007F18BF11461B0548BF41F40061FBF7CF
:10DDF80095FC0646E8B92B68D3F8080238B1FBF75A
:10DE0800E9FC2B683146D3F80802FBF7ADFD2D6815
:10DE1800002105F5DB70502208F082FB0023C5F8CD
:10DE28000842A5F806322046BDE870400549FBF7D0
:10DE38009BBD70BD5C690020BF5E011054200110BD
:10DE48009A20011029DC00102DE9F341B84D2B6808
:10DE580093F8212022F0010283F82120D3F8083218
:10DE680033B9FCF7ABFE002800F0F381FFF798FF09
:10DE7800FFF7EAFEFCF7C6FE00238DF807302B6893
:10DE880023B9AA22AB49AC48FCF7A6FF28680123AE
:10DE98004FF0FF31D0F808020DF10702FBF7CCFC78
:10DEA80001282C6806D19DF807601B2E08D184F83C
:10DEB8002000E1E74FF0FF312046FBF747FEE5E79A
:10DEC80094F82030012B2BD15B2E03D1022384F848
:10DED8002030D1E7002384F820300D2E74D80D2E81
:10DEE80077D801A353F826F081DE0010DBDF00109D
:10DEF800DBDF0010DBDF0010DBDF0010DBDF0010F2
:10DF0800DBDF0010DBDF0010B3E00010AFE0001033
:10DF180061E10010DBDF0010DBDF001061E10010C1
:10DF2800022BDAD1002384F82030A6F14103032B19
:10DF3800D3D8DFE803F002083728618C00299BD08A
:10DF4800013989B206E0A28C638C511E8B4216DA25
:10DF5800013399B25022618402FB014104F5DB735D
:10DF68001846263101F0B2FC01F026FDC0B284F853
:10DF7800060284F807022046FFF794FE7CE7002A91
:10DF88003FF47AAFDDE794F80732002B3FF474AF23
:10DF98006A48FCF737FE2A6892F80732013B82F894
:10DFA800073269E794F8073294F806229A427FF616
:10DFB80063AF234493F8B6116148FCF723FE2A683F
:10DFC80092F807320133EAE77F2E6ED0FF2E3FF436
:10DFD80053AF94F8063294F807224F2B84BF0023DE
:10DFE80084F8063294F806329A4280F0258102F5C8
:10DFF800DB7102F2B71021449A1A2044FCF794FA14
:10E00800296891F80732CA1882F8B66191F8212078
:10E01800D20705D503F5DB734A481944FCF7F2FD2E
:10E028002B6893F807422B6893F806329C42C0F29B
:10E03800FE802A6892F8063292F807120133DBB2A2
:10E0480001314F2B82F8063282F807127FF614AF9F
:10E058000023A2F806320FE73848FCF7D3FD013653
:10E068002C6894F807329E42F6DB3748FCF7CAFD65
:10E0780000F05EFC012804F5DB7402D1204600F0B4
:10E0880031FDFFF7E1FD224601463048FCF7BAFDB5
:10E098002C6804F5DB7001F08FFCC0B284F806022E
:10E0A80084F80702E8E60026DAE794F80712002960
:10E0B8003FF4E2AE94F806324A1E013BDBB2D2B21C
:10E0C800934284F8063284F8072225D902F5DB70DA
:10E0D80001F5DB719A1A21442044FCF725FA002146
:10E0E8002B681B4893F806221A4482F8B61193F855
:10E0F800071201F5DB711944FCF784FD2B6893F8CE
:10E1080007422B6893F806329C423FF7B5AE0B489E
:10E11800FCF778FD0134F4E70E48FCF773FD2B6833
:10E1280093F806221344002283F8B621A4E600BF20
:10E138005C690020A45E011054200110C320011066
:10E14800BF11011079200110361D01107720011030
:10E15800BA200110C120011094F806321BB3A68C16
:10E1680004F5DB77042E42D904F5B37850223946FA
:10E17800404601F0B5F9B0B104F1260630465036F4
:10E188005022314601F0A2FBB045F7D150220021C0
:10E19800404608F0C5F93946404694F8062201F091
:10E1A80095FB0523A384A38C638400F0C1FB01289D
:10E1B8000ED12B6893F82130D90702D52648FCF7F1
:10E1C80021FD286890F8061200F5DB7000F0C4FB0A
:10E1D800FFF73AFDFCF716FD2C685022002104F5E4
:10E1E800DB7008F09DF90023A4F8063244E64EB12E
:10E1F8005022701E02FB00403946263001F070F9AB
:10E208000028D0D04FF0500808FB064042460021B5
:10E21800263008F085F9A08C394608FB004094F8B0
:10E228000622263001F052FBA38C0133BAE70B48D3
:10E23800FCF7E8FC0134F6E6234483F8B66194F869
:10E248002130DB077FF5F5AE31460548FCF7DAFCEF
:10E25800EFE602B0BDE8F081361D0110C3200110C1
:10E26800BF11011003460246002012689A4200D1ED
:10E2780070470130F9E7000008B50248FCF7C2FC16
:10E28800002008BDC520011010B504460248FCF75F
:10E29800B9FC013CFAD110BDD720011038B50446AD
:10E2A8000568A54200D138BD0648A5F11401FCF760
:10E2B800A9FC2B68A34202D00348FCF7A3FC2D68F5
:10E2C800EFE700BF79200110690B011008B5FCF7D2
:10E2D800DBFC002008BD70B50D46FCF761F904466B
:10E2E800FDF7BAFA2E68AE4208D1FDF7C3FA082C3A
:10E2F8000DDC002C08BF0824204670BDA6F10C00D8
:10E30800FCF74EF98442B8BF04463668EBE70824A8
:10E31800F2E7000070B50C48FCF774FC0B4B0C4E90
:10E328001C683368A34201D8002070BD256802220A
:10E338002846084901F022F920B1294662680648B2
:10E34800FCF760FC0C34ECE7D92001106C69002064
:10E3580068690020EB200110EE200110F0B50920BB
:10E3680099B0FDF73DF8582204461849071D02A840
:10E3780001F0ACFA39461648FFF7ADFF05460146ED
:10E38800134A1448FCF73EFC2846FFF77DFF124865
:10E39800FCF738FC114E6468A74202D1002019B07E
:10E3A800F0BD227AA4F10C03152A8FBF324618A9B2
:10E3B80001EB820252F8582CA17B0948CDE90021D3
:10E3C80008222946FCF71EFC2468E5E71C620110B8
:10E3D800F71101100321011029210110FB20011060
:10E3E8004B21011073B50A20FCF7FAFF061D0446FD
:10E3F80031461848FFF76FFF05460146154A16488B
:10E40800FCF700FC2846FFF73FFF1448FCF7FAFB2F
:10E418006468A64208D1FBF7ABF801461048FCF740
:10E42800F1FB002002B070BD236A0E480193E36936
:10E43800082229460093A4F10C03FCF7E3FB14F827
:10E44800033CDB074CBF08480848FCF7DBFB2468A3
:10E45800DFE700BFBD1B01105E2101108421011000
:10E46800CB210110A8210110C0210110BE210110EB
:10E47800F0B5082085B0FCF7B3FF061D0446314609
:10E488001948FFF728FF05460146174A1748FCF7C1
:10E49800B9FB2846FFF7F8FE1548FCF7B3FB64689C
:10E4A800A64202D1002005B0F0BDA26A2169D4E9D4
:10E4B8000607A4F10C03CDE90272CDE900106AB198
:10E4C800082229460B48FCF79DFB04F12000FFF7C2
:10E4D800E5FE0948FCF796FB2468E1E7082229468F
:10E4E8000648FCF78FFBF7E7E0210110E82101104F
:10E4F8000F22011031220110361D01104D2201108A
:10E508002DE9F3410620FCF76BFF071D0446394649
:10E518001E48FFF7E0FE054601461C4A1C48FCF76A
:10E5280071FB2846FFF7B0FE1A48FCF76BFB6468DE
:10E53800A74203D1002002B0BDE8F081A36804F12E
:10E5480008069E423046B4F81880A4F10C0111D098
:10E55800FFF788FE0B4608222946CDE900800E48C1
:10E56800FCF750FB3046FFF799FE0C48FCF74AFBD6
:10E578002468DDE7FFF776FE0B46CDE90080082228
:10E5880029460748FCF73EFBF2E700BF6922011065
:10E59800722201108E220110A5220110361D0110D1
:10E5A800B62201102DE9F043052085B0FCF718FFCD
:10E5B800071D044639462148FFF78DFE05460146EA
:10E5C8001E4A1F48FCF71EFB2846FFF75DFE1D4844
:10E5D800FCF718FB6468A74203D1002005B0BDE82A
:10E5E800F083A36804F108069E423046B4F816800A
:10E5F800B4F81490A4F10C0113D0FFF733FE0B46C6
:10E6080008222946CDE90190CDF800800E48FCF794
:10E61800F9FA3046FFF742FE0C48FCF7F3FA246893
:10E62800D9E7FFF71FFE0B46CDE9019008222946DE
:10E638000748CDF80080FCF7E5FAF0E7C72201109B
:10E64800CF22011015220110F0220110361D0110F1
:10E6580006230110F0B5032085B0FCF7C1FE061DA6
:10E66800044631461448FFF736FE0546082701469A
:10E67800114A1248FCF7C6FA2846FFF705FE10486B
:10E68800FCF7C0FA6468A64202D1002005B0F0BDCC
:10E6980004F10800FFF7E6FD0390E37CA4F10C0108
:10E6A800029363690822CDE9007306480B462946A0
:10E6B800FCF7A8FA2468E6E71C23011022230110BE
:10E6C80046230110652301102DE9F3410420FCF7CE
:10E6D80087FE071D044639461D48FFF7FCFD054621
:10E6E80001461B4A1B48FCF78DFA2846FFF7CCFD6C
:10E6F8001948FCF787FA6468A74203D1002002B0E2
:10E70800BDE8F081A36804F108069E42D4F81080A1
:10E71800A4F10C0112D03046FFF7A4FD0B460822E5
:10E728002946CDE900800D48FCF76CFA3046FFF722
:10E73800B5FD0B48FCF766FA2468DDE70B460822AE
:10E7480029460848CDF80080FCF75CFAF4E700BFDA
:10E758007C23011082230110A4230110C12301107E
:10E76800361D0110D62301102DE9F3410220FCF7D4
:10E7780037FE071D044639461E48FFF7ACFD05461F
:10E7880001461C4A1C48FCF73DFA2846FFF77CFD69
:10E798001A48FCF737FA6468A74203D1002002B090
:10E7A800BDE8F081A36804F108069E423046B4F83B
:10E7B8001080A4F10C0111D0FFF754FD0B4608227C
:10E7C8002946CDE900800E48FCF71CFA3046FFF7D1
:10E7D80065FD0C48FCF716FA2468DDE7FFF742FDF3
:10E7E8000B46CDE90080082229460748FCF70AFABB
:10E7F800F2E700BFE8230110F22301100C240110F6
:10E8080021240110361D011031240110F0B501201A
:10E8180085B0FCF7E5FD071D044639462648FFF795
:10E828005AFD06460146244A2448FCF7EBF93046CF
:10E83800FFF72AFD2248FCF7E5F96468A74202D1F0
:10E84800002005B0F0BD94F8293008220093314625
:10E85800A4F10C031B48FCF7D5F994F8283003F011
:10E868000F03042B07D8DFE803F023032106250054
:10E878001548FCF7C7F9E269134619781D4623299C
:10E8880003F10103F9D0616A236A0291E16B1A442A
:10E8980001916421551B4D43B5FBF3F500952169A2
:10E8A8000A48043AFCF7AEF92468C7E70848E0E7E5
:10E8B8000848DEE70848DCE7412401104824011035
:10E8C80095240110DD240110E92401100D25011003
:10E8D800F2240110FB2401100425011070B50E4824
:10E8E800FCF790F90D4B0E4E1C683368A34204D810
:10E8F8000C48FCF787F9002070BD256806222846D9
:10E90800094900F03BFE20B962680848A91DFCF7D8
:10E9180079F90C34E9E700BF472601106C6900203B
:10E9280068690020361D0110622601106926011051
:10E938000120704710B50446FCF746F92046BDE8AB
:10E948001040FFF72DBA012808B502DD4868FFF727
:10E95800F1FF002008BD000002462DE9F0478AB00B
:10E9680013789146202B164602F10102F8D0092BA4
:10E97800F6D00844B0EB090500F0A480002719F888
:10E988000730202B2ED0092B2CD0BD4228D14E4B3E
:10E99800D3F800804D4BD3F800A0D04524D2D8F846
:10E9A8000040062220464A4900F0E8FD50BB3A469E
:10E9B8004946A01D00F0E2FD20BB3C44A4790CBBF5
:10E9C800D8F8087087B128222146684607F0A8FDC4
:10E9D800E8466A464B4621462046A6461C4617E0AE
:10E9E8000137CCE7002FD2D132461378013613F025
:10E9F800DF03F9D1374849461370FCF703F94FF0A4
:10EA0800FF3027E008F10C08C7E704F801EC0131F2
:10EA1800234614F801CBBCF1200F02D0BCF1090F3A
:10EA280004D18D42F1D80A2802D025E00A2814D151
:10EA38002948FCF7E7F8002458F8041B2748013454
:10EA4800FCF7E0F80A2CF7D12548FCF7DBF820465C
:10EA58006946B8470AB0BDE8F0878D420CD9BCF1C9
:10EA6800220F00F101001ED10133013113601C781F
:10EA7800222C0ED08D4202D80028E9D1B4E75C2CB4
:10EA880004D15C78222C04BF0133013101330131F8
:10EA9800EDE78D42F0D901318D4203F801EB02F127
:10EAA80004029BD8E8E713601C78202C06D0092CB8
:10EAB80004D08D42E0D001330131F5E78D42DBD936
:10EAC80004328BE72846C5E76C6900206869002096
:10EAD8006226011097260110752601109326011051
:10EAE800361D01102DE9F0470178054621B9BDE82A
:10EAF800F0470846FFF7F2BE00263446214BDFF800
:10EB080090A0D3F80080DAF80030434507D8BEB3A8
:10EB1800224631462846BDE8F047FBF71EBDD8F827
:10EB2800007006223846184900F028FDF0B928463A
:10EB380000F042FF07F1060902464946284600F060
:10EB48001DFD98B924B9484600F036FF4E460446E4
:10EB580032460537134612F8010B50B99B1B9C42ED
:10EB680049460A48A8BF1C46FCF74CF808F10C08AF
:10EB7800C9E717F8011F0029F0D08842EAD0EDE76D
:10EB8800BDE8F0876C69002062260110712601102B
:10EB9800686900200020704708B5FFF737FE00209D
:10EBA80008BD08B5FCF760F9002008BD10B507F0EE
:10EBB80043FD044607F0C8FCFBF78EFA30B9044B56
:10EBC80003F18800002C08BF184610BD0148FCE777
:10EBD800A46900202C6A002038B507F02DFD0546F1
:10EBE80007F0B2FCFBF778FA0B4C80B97DB94FF00F
:10EBF800FF31201DFBF7BCF894F82330012B0AD015
:10EC0800BDE83840D72205490548FCF7E5B807F0C4
:10EC180013FDC4F8B00038BD7869002059630110AD
:10EC2800AF26011010B507F007FD044607F08CFC6D
:10EC3800FBF752FA28B924B9BDE810400448FBF79D
:10EC48006DB9044BBDE81040D3F8B00007F07CBCA8
:10EC58007C6900207869002038B5064C25683DB9E4
:10EC680001220549201DFBF763F80123A5622360F3
:10EC7800002038BD78690020CC26011070B5064602
:10EC880015460C4621B997220C490D48FCF7A4F803
:10EC980025B9982209490B48FCF79EF82B462146CE
:10ECA800361B184613F8012B0AB9401B70BD8C1986
:10ECB8007F2CFAD801F8012BF3E700BF806301101D
:10ECC800D6260110DA260110F0B5441E0346274661
:10ECD80000204FF00A0CB1FBFCF60CFB1612303288
:10ECE80007F8012F0A46092A0546314600F10100B6
:10ECF800F1D800221A542B44A91A8A4200D3F0BD35
:10ED080014F8011F1E780132267003F80119F3E781
:10ED18002DE9F84F0F4690469A46054628B94FF414
:10ED2800827251495148FCF757F8072F05D940F22C
:10ED380005124D494E48FCF74FF8B8F1000F05D1C0
:10ED48004FF4837248494B48FCF746F80A9B2BB9A5
:10ED580040F2071244494848FCF73EF80023474C64
:10ED680047482360FBF71CFC464BDFF830B153F8EB
:10ED78002790CBF80000B9F1000F0ED02068424A66
:10ED88002918FFF77BFF23684A4618442918206092
:10ED9800FFF774FF2368034423605B232668AB55A1
:10EDA800FAF788F901362E4401463046FFF78CFF02
:10EDB8005D21226883182B4459700021A818997086
:10EDC800FBF7EEFB2368314A184429182060FFF747
:10EDD80055FF236818442E4B291853F82720206024
:10EDE800FFF74CFF23684246184429182060FFF7B4
:10EDF80045FF2368274A184429182060FFF73EFF7B
:10EE0800236818442060DDE90A23C0F18001284402
:10EE1800FBF7D6FB236802461844802822D8002A2C
:10EE2800B8BF8020DBF800202060131D0344802B2E
:10EE380084BFC2F17C002060BAF1000F06D0104AEE
:10EE48002918FFF71BFF236818442060B9F1000F49
:10EE580006D0114A2918FFF711FF236818442060CB
:10EE6800BDE8F88F8020DDE772630110DE2601100F
:10EE7800E6260110FB260110FF2601107469002008
:10EE8800351D01108C63011006270110CE0B0110EF
:10EE9800AC630110092701100C27011070690020CC
:10EEA8002DE9F74F1D46174B91461A6806468846C6
:10EEB8001AB19C6ADFF854B014B903B0BDE8F08FFA
:10EEC80054F8143CA4F11C0A0BB10C9B0EE05BF83F
:10EED8002600FBF765FB07460028F6D00A48FBF733
:10EEE8005FFB0C9B0744043B3D44DB1BCDE900530F
:10EEF800424654F80C7C4B4631465046B847246885
:10EF0800DAE700BF78690020062701108C6301103A
:10EF18002DE9F341DDF8208004460D4616461F46CC
:10EF2800FBF7DAF850B93B46324629462046CDF879
:10EF3800208002B0BDE8F041FFF7B2BF33462A4651
:10EF480021460020CDE9007800F0E4F802B0BDE8E1
:10EF5800F08100002DE9F743072804460D46904646
:10EF68001F46DDF8289005D940F2062219491A48AB
:10EF7800FBF732FF2DB940F20B2216491748FBF771
:10EF88002BFF2FB94FF4037212491548FBF724FFE2
:10EF9800144B1B68D3B1072C18D8FFF707FE064699
:10EFA800FFF71AFE43462A4621463046CDE9007946
:10EFB800FFF7AEFE33460090002229462046FFF7B1
:10EFC800A7FF03B0BDE8F043FFF72CBE03B0BDE8D0
:10EFD800F08300BF65630110E6260110FB260110CF
:10EFE800FF2601107869002008B410B585B007AC79
:10EFF80054F8043B00940394FFF7ACFF05B0BDE858
:10F00800104001B07047000073B5104B05461B68EF
:10F018000E46CBB1FFF7CAFD0446FFF7DDFD3346C8
:10F028002A4680212046FBF7CBFA802828BF80207B
:10F0380023460090012200210720FFF769FF02B054
:10F04800BDE87040FFF7EEBD02B070BD78690020E2
:10F0580070B50D461646044628B940F2B2421A4920
:10F068001A48FBF7B9FE2DB940F2B34216491848C1
:10F07800FBF7B2FE174B1B682BB940F2B44212499A
:10F088001548FBF7A9FE23692BB940F2B5420E4992
:10F098001248FBF7A1FEE3680BB120469847082207
:10F0A80029462046A6600E4DFBF7F4F907F0C4FA8E
:10F0B80004F11C022B462D68002DFBD11A60E56176
:10F0C80007F042FA284670BD43630110112701106A
:10F0D80019270110786900201E2701102B2701101D
:10F0E800A069002010B5074B1A680AB19C6A04B9D8
:10F0F80010BD54F8083C13B1A4F11C0098472468CB
:10F10800F5E700BF78690020014B1868704700BF19
:10F11800786900202DE9F0411D46DDE90678FBF706
:10F128004DFD022D044616D020B93846BDE8F04101
:10F13800F9F704BF068B032D0ABF26F0400146F0FD
:10F14800400189B221F40061018343463A46002117
:10F15800FAF7AAFB2683BDE8F081000008B5FFF79F
:10F168007BFD054B054A0649136104480122FFF758
:10F178006FFF002008BD00BF1DF10010B06A00201D
:10F188005A2701100A22002100F0F4B8024B014668
:10F198001868FDF727BC00BFA45A0020024B01469F
:10F1A8001868FDF728BC00BFA45A00202DE9F04FCD
:10F1B80081468E466D4875461EF801BB10F80B4017
:10F1C80014F00804F7D1BBF12D0F23F010075DD020
:10F1D800BBF12B0F10D0AFB9BBF1300F00F08D8011
:10F1E800002B00F0858010236FF078460F27984693
:10F1F80000246FF0004A0DE09EF800B005F1020E01
:10F20800002F60D06FF000479846B7FBF3F6BA4678
:10F2180003FB1677002528460EE0ABF1370C9C451A
:10F228001DDA013504D0B04202D822D1BC4520DD18
:10F238004FF0FF351EF801BBABF1300CBCF1090FE4
:10F24800EDD9ABF1410CBCF1190FE6D9ABF1610C6A
:10F25800BCF1190F03D8ABF1570C9C45E1DB6B1CD3
:10F268000BD004B1404212B1002D57D11160BDE856
:10F27800F08F08FB00C00125DCE72223C9F8003025
:10F28800002A4DD00EF1FF315046EFE79EF800B04E
:10F2980005F1020E67B9BBF1300F44D0002B50D1F5
:10F2A8000A23334E0827012498464FF0004AB1E755
:10F2B8004FF0004A98460124BAFBF3F603FB06F721
:10F2C800AAEB0707A6E7BBF1300F89D1A87800F0B1
:10F2D800DF0058281ED1102395F803B005F1040E5D
:10F2E80098466FF00047B7FBF8F608FB16777FE7FC
:10F2F8000A231F4E072798467AE79EF8000000F079
:10F30800DF00582806D110239EF801B005F1030E3E
:10F318009846E6E723BB08239846E2E78246B1E72A
:10F328005046BDE8F08FA87800F0DF00582810D0CC
:10F33800CBB1102398464FF0004A0124BAFBF8F6E7
:10F3480068E710234FF0006601244FF0004A984602
:10F3580060E7102395F803B005F1040E9846EAE734
:10F3680010239846BDE708239846E4E7CD630110CB
:10F37800CCCCCC0C242A134610B509D8012A07D0C6
:10F38800064C0A4601462068BDE81040FFF70EBF4C
:10F39800FDF726FB16230360002010BDA45A0020A9
:10F3A8002DE9F04707460E464548354616F801EB65
:10F3B80010F80EC01CF0080CF7D1BEF12D0F63D069
:10F3C800BEF12B0F3AD0644633F010003ED04FF018
:10F3D800FF389A46B8FBF3F803FB08F96FEA090906
:10F3E800002528460EE0AEF1370C63451DDD0135DA
:10F3F80004D0404502D834D1CC4532DD4FF0FF353A
:10F4080016F801EBAEF1300CBCF1090FEDD9AEF1F5
:10F41800410CBCF1190FE6D9AEF1610CBCF1190F22
:10F4280003D8AEF1570C6345E1DC6B1C25D004B161
:10F4380040420AB135BB1160BDE8F08733F01000D7
:10F4480096F800E0644605F10206C0D1BEF1300F1F
:10F458001FD05BB90A234FF00509DFF868809A4688
:10F46800BEE70AFB00C00125CAE70BB310234FF023
:10F478000F096FF070489A46B2E7222328463B608E
:10F48800002AD9D0711ED6E796F800E00124AE1CF8
:10F498009AE7307800F0DF005828E6D1102396F874
:10F4A80001E04FF00F0902366FF070489A4697E76F
:10F4B80008234FF007096FF060489A4690E700BFAD
:10F4C800CD6301109999991910B4044C13460A4652
:10F4D800014620685DF8044BFFF762BFA45A00207C
:10F4E800032A30B412D941EA000484460B46A40723
:10F4F80021D11946604653F8044B5CF8045BA542D9
:10F5080019D1043A032AF4D860461946541E7AB130
:10F51800431E0139021901E09A4209D013F8010F7C
:10F5280011F801CF6045F7D0A0EB0C0030BC704754
:10F53800002030BC7047541EEAE700BF830710B5AF
:10F54800044610D10268A2F1013323EA020313F042
:10F55800803F08D150F8042FA2F1013323EA0203B7
:10F5680013F0803FF6D003781BB110F8013F002B51
:10F57800FBD100F04DF9204610BD00BF82B30B4609
:10F5880030B540EA01048646A40717D1032A07D8F4
:10F5980014E0043A22D01CF0803F1FD1032A23D95B
:10F5A800DEF80040194653F8045B7046A4F1013CAC
:10F5B8000EF1040EAC422CEA040CEAD00378013AAE
:10F5C8000C78A3420ED1024406E03BB110F8013F8B
:10F5D80011F8014FA34205D19042F6D1002030BD69
:10F5E80010467047181B30BD70461946E6E700BF45
:10F5F80040EA01039B0730B501D1032A17D8844696
:10F6080001F1FF3E07E01EF8011F541E03F8011B1D
:10F6180029B122469C466346002AF4D130BD002C0D
:10F62800FCD0944403F8011B6345FBD130BD0C4664
:10F638008446256821460434A5F1013323EA0503ED
:10F6480013F0803FDCD1043A4CF8045B032AF0D86D
:10F658002146D5E780EA010C1CF0030F37D110F0E2
:10F66800030C20F0030021F0030150F8042B08BF1D
:10F6780051F8043B0ED08CF0030C6FF07F434FEA37
:10F68800CC0C23FA0CFC51F8043B42EA0C0243EA86
:10F698000C0300BFA2F1013C9A4201BF2CEA020C04
:10F6A8001CF0803F50F8042B51F8043BF2D04FEA8D
:10F6B80002604FEA1222012828BFB0EB036F08BF8F
:10F6C8001B0AF4D003F0FF03000EC01A704710F0B5
:10F6D800030F0AD010F8012B11F8013B012A28BFAB
:10F6E8009A42F4D0A2EB030070474DF8045D50F83D
:10F6F800042B01F0030521F0030151F8043B022D0E
:10F7080026D04DD822F07F45B5EB132FA2F1013C4E
:10F718002CEA020C0DD11CF0803C08BF51F8043BC8
:10F728000AD185EA0205B5EB036F0CD150F8042B1A
:10F73800E8E74FEA13235BE03CF07F4C54D10B78A9
:10F748004FEA126554E04FEA126503F0FF034FE0F9
:10F758004FEA0245A2F1013C4FEA15452CEA020C9A
:10F76800B5EB134F18D11CF0803C08BF51F8043B8F
:10F7780007D185EA0205B5EB034F09D150F8042BF0
:10F78800E6E75FEA0C4C2FD10B884FEA12452FE0D1
:10F798004FEA03434FEA12454FEA134328E000BFFC
:10F7A80002F0FF05B5EB136FA2F1013C2CEA020C45
:10F7B8000DD11CF0803C08BF51F8043B0AD185EA02
:10F7C8000205B5EB032F0AD150F8042BE8E74FEAFE
:10F7D80013630DE012F0FF0F06D051F8043B4FEA17
:10F7E800122523F07F4303E04FF0000020BC704750
:10F7F80005F0FF0203F0FF00012828BF904204BF74
:10F808002D0A1B0AF4D0A2EB000020BC704700BFF1
:10F8180080EA0102844612F0030F4FD111F0030F62
:10F8280032D14DF8044D11F0040F51F8043B0BD0C0
:10F83800A3F101329A4312F0803F04BF4CF8043B15
:10F8480051F8043B16D100BF51F8044BA3F1013223
:10F858009A4312F0803FA4F101320BD14CF8043BDB
:10F86800A24312F0803F04BF51F8043B4CF8044B0C
:10F87800EAD023460CF8013B13F0FF0F4FEA33237D
:10F88800F8D15DF8044B704711F0010F06D011F85C
:10F89800012B0CF8012B002A08BF704711F0020F4A
:10F8A800BFD031F8022B12F0FF0F16BF2CF8022B35
:10F8B8008CF8002012F47F4FB3D1704711F8012B58
:10F8C8000CF8012B002AF9D1704700BF844641EAA1
:10F8D800000313F0030349D1403A23D30B680360B4
:10F8E8004B6843608B688360CB68C3600B690361B6
:10F8F8004B6943618B698361CB69C3610B6A03629E
:10F908004B6A43628B6A8362CB6AC3620B6B036385
:10F918004B6B43638B6B8363CB6BC363403040316A
:10F92800403ADBD230320BD30B6803604B6843603C
:10F938008B688360CB68C36010301031103AF3D203
:10F948000C3205D351F8043B40F8043B043AF9D291
:10F95800043208D0D2071CBF11F8013B00F8013B64
:10F9680001D30B8803806046704700BF082A13D371
:10F978008B07B1D010F00303AED0C3F10403D21A41
:10F98800DB071CBF11F8013B00F8013BA4D331F899
:10F99800023B20F8023B9FE7043AD9D3013A11F819
:10F9A800013B00F8013BF9D20B7803704B784370A8
:10F9B8008B7883706046704720F0030110F00300D5
:10F9C800C0F1000051F8043B00F1040C4FEACC0CE4
:10F9D8006FF000021CBF22FA0CF213434FF0010C27
:10F9E8004CEA0C2C4CEA0C4CA3EB0C0222EA030266
:10F9F80012EACC1204BF51F8043B0430F4D0C2F12F
:10FA0800000102EA0102B2FA82F2C2F11F0200EB1F
:10FA1800D2007047F8B555EC104BC5F30A522F4683
:10FA28000646A2F2FF33132B17DC002B3CDB244ADB
:10FA380042FA03F305EA030252EA040117D020460A
:10FA48002946002425EA030522462B46C6E9002359
:10FA580000F05EF841EC100BF8BD332B14DCA2F279
:10FA680013424FF0FF33D34013EA040107D107F0E4
:10FA780000430A46C6E9004543EC102BF8BD204672
:10FA8800294624EA0304DFE786ED000B00F01AF8A4
:10FA980080B922462B462046294600F03BF841EC27
:10FAA800100BC6E90001F8BD002205F00043C0E9CB
:10FAB8000023F8BD002205F0004343EC102BF8BDED
:10FAC800FFFF0F0051EC100B21F000430A4650EAEB
:10FAD80003010ED0A3F5801C09498C450DD90949AD
:10FAE8000A4208D0002808BF8B420CBF0120002022
:10FAF800704702207047032070470420704700BFFA
:10FB0800FFFFDF7F0000F07F81F0004102E000BFCF
:10FB180083F0004330B54FEA41044FEA430594EAC5
:10FB2800050F08BF90EA020F1FBF54EA000C55EA00
:10FB3800020C7FEA645C7FEA655C00F0E2804FEAD1
:10FB48005454D4EB5555B8BF6D420CDD2C4480EAB3
:10FB5800020281EA030382EA000083EA010180EAE3
:10FB6800020281EA0303362D88BF30BD11F0004F31
:10FB78004FEA01314FF4801C4CEA113102D0404267
:10FB880061EB410113F0004F4FEA03334CEA1333A2
:10FB980002D0524263EB430394EA050F00F0A780BA
:10FBA800A4F10104D5F1200E0DDB02FA0EFC22FAB5
:10FBB80005F2801841F1000103FA0EF2801843FAA9
:10FBC80005F359410EE0A5F120050EF1200E012A9A
:10FBD80003FA0EFC28BF4CF0020C43FA05F3C018D8
:10FBE80051EBE37101F0004507D54FF0000EDCF151
:10FBF800000C7EEB00006EEB0101B1F5801F1BD3FA
:10FC0800B1F5001F0CD349085FEA30004FEA3C0CFD
:10FC180004F101044FEA445212F5800F80F09A80F3
:10FC2800BCF1004F08BF5FEA500C50F1000041EBF7
:10FC3800045141EA050130BD5FEA4C0C404141EBFB
:10FC48000101013C28BFB1F5801FE9D291F0000FF6
:10FC580004BF01460020B1FA81F308BF2033A3F1A5
:10FC68000B03B3F120020CDA0C3208DD02F1140C9C
:10FC7800C2F10C0201FA0CF021FA02F10CE002F1D7
:10FC88001402D8BFC2F1200C01FA02F120FA0CFCD0
:10FC9800DCBF41EA0C019040E41AA2BF01EB045119
:10FCA800294330BD6FEA04041F3C1CDA0C340EDC17
:10FCB80004F11404C4F1200220FA04F001FA02F35A
:10FCC80040EA030021FA04F345EA030130BDC4F118
:10FCD8000C04C4F1200220FA02F001FA04F340EA0D
:10FCE8000300294630BD21FA04F0294630BD94F0BE
:10FCF800000F83F4801306BF81F480110134013DA5
:10FD08004EE77FEA645C18BF7FEA655C29D094EA15
:10FD1800050F08BF90EA020F05D054EA000C04BF93
:10FD28001946104630BD91EA030F1EBF002100207E
:10FD380030BD5FEA545C05D14000494128BF41F01D
:10FD4800004130BD14F580043CBF01F5801130BD81
:10FD580001F0004545F0FE4141F470014FF000000C
:10FD680030BD7FEA645C1ABF194610467FEA655CBD
:10FD78001CBF0B46024650EA013406BF52EA03355F
:10FD880091EA030F41F4002130BD00BF90F0000F4D
:10FD980004BF0021704730B54FF4806404F1320489
:10FDA8004FF000054FF0000150E700BF90F0000F42
:10FDB80004BF0021704730B54FF4806404F1320469
:10FDC80010F0004548BF40424FF000013EE700BF39
:10FDD80042004FEAE2014FEA31014FEA02701FBFC9
:10FDE80012F07F4393F07F4F81F06051704732F0FB
:10FDF8007F4208BF704793F07F4F04BF41F4002152
:10FE0800704730B54FF4607401F0004521F00041AF
:10FE18001CE700BF50EA010208BF704730B54FF039
:10FE280000050AE050EA010208BF704730B511F03A
:10FE3800004502D5404261EB41014FF4806404F172
:10FE480032045FEA915C3FF4D8AE4FF003025FEAF8
:10FE5800DC0C18BF03325FEADC0C18BF033202EB7C
:10FE6800DC02C2F1200300FA03FC20FA02F001FAD6
:10FE780003FE40EA0E0021FA02F11444BDE600BF79
:10FE880070B54FF0FF0C4CF4E06C1CEA11541DBF28
:10FE98001CEA135594EA0C0F95EA0C0F00F0DEF8F3
:10FEA8002C4481EA030621EA4C5123EA4C5350EAD8
:10FEB800013518BF52EA033541F4801143F4801329
:10FEC80038D0A0FB02CE4FF00005E1FB02E506F0BA
:10FED8000042E0FB03E54FF00006E1FB03569CF00F
:10FEE800000F18BF4EF0010EA4F1FF04B6F5007F15
:10FEF80064F5407404D25FEA4E0E6D4146EB060687
:10FF080042EAC62141EA55514FEAC52040EA5E500F
:10FF18004FEACE2EB4F1FD0C88BFBCF5E06F1ED8B9
:10FF2800BEF1004F08BF5FEA500E50F1000041EBF0
:10FF3800045170BD06F0004646EA010140EA02009D
:10FF480081EA0301B4EB5C04C2BFD4EB0C0541EABF
:10FF5800045170BD41F480114FF0000E013C00F3D4
:10FF6800AB8014F1360FDEBF002001F0004170BDF8
:10FF7800C4F10004203C35DA0C341BDC04F1140411
:10FF8800C4F1200500FA05F320FA04F001FA05F29D
:10FF980040EA020001F0004221F0004110EBD3706A
:10FFA80021FA04F642EB06015EEA430E08BF20EA96
:10FFB800D37070BDC4F10C04C4F1200500FA04F339
:10FFC80020FA05F001FA04F240EA020001F00041CB
:10FFD80010EBD37041F100015EEA430E08BF20EA3E
:10FFE800D37070BDC4F1200500FA05F24EEA020E86
:08FFF80020FA04F301FA05F2FE
:020000041001E9
:1000000043EA020321FA04F001F0004121FA04F26C
:1000100020EA020000EBD3705EEA430E08BF20EA3C
:10002000D37070BD94F0000F0FD101F00046400076
:1000300041EB010111F4801F08BF013CF7D041EAF8
:10004000060195F0000F18BF704703F000465200FC
:1000500043EB030313F4801F08BF013DF7D043EACD
:100060000603704794EA0C0F0CEA135518BF95EA83
:100070000C0F0CD050EA410618BF52EA4306D1D10A
:1000800081EA030101F000414FF0000070BD50EA29
:10009000410606BF1046194652EA430619D094EAB3
:1000A0000C0F02D150EA013613D195EA0C0F05D19D
:1000B00052EA03361CBF104619460AD181EA0301F1
:1000C00001F0004141F0FE4141F470014FF00000A9
:1000D00070BD41F0FE4141F4780170BD70B54FF044
:1000E000FF0C4CF4E06C1CEA11541DBF1CEA1355C4
:1000F00094EA0C0F95EA0C0F00F0A7F8A4EB0504A6
:1001000081EA030E52EA03354FEA013100F088809C
:100110004FEA03334FF0805545EA131343EA126365
:100120004FEA022245EA111545EA10654FEA00261A
:100130000EF000419D4208BF964244F1FD0404F5D3
:10014000407402D25B084FEA3202B61A65EB03052F
:100150005B084FEA32024FF480104FF4002CB6EBEC
:10016000020E75EB030E22BFB61A754640EA0C006C
:100170005B084FEA3202B6EB020E75EB030E22BFAC
:10018000B61A754640EA5C005B084FEA3202B6EBED
:10019000020E75EB030E22BFB61A754640EA9C00AC
:1001A0005B084FEA3202B6EB020E75EB030E22BF7C
:1001B000B61A754640EADC0055EA060E18D04FEA3A
:1001C000051545EA16754FEA06164FEAC30343EADA
:1001D00052734FEAC2025FEA1C1CC0D111F4801FA7
:1001E0000BD141EA00014FF000004FF0004CB6E7A0
:1001F00011F4801F04BF01430020B4F1FD0C88BF3F
:10020000BCF5E06F3FF6AFAEB5EB030C04BFB6EB49
:10021000020C5FEA500C50F1000041EB045170BD3C
:100220000EF0004E4EEA113114EB5C04C2BFD4EB69
:100230000C0541EA045170BD41F480114FF0000EED
:10024000013C90E645EA060E8DE60CEA135594EA69
:100250000C0F08BF95EA0C0F3FF43BAF94EA0C0F6C
:100260000AD150EA01347FF434AF95EA0C0F7FF4E1
:1002700025AF104619462CE795EA0C0F06D152EA35
:1002800003353FF4FDAE1046194622E750EA410619
:1002900018BF52EA43067FF4C5AE50EA41047FF42A
:1002A0000DAF52EA43057FF4EBAE12E74FF0FF3C8F
:1002B00006E000BF4FF0010C02E000BF4FF0010C60
:1002C0004DF804CD4FEA410C7FEA6C5C4FEA430CD9
:1002D00018BF7FEA6C5C1BD001B050EA410C0CBF28
:1002E00052EA430C91EA030F02BF90EA020F00208A
:1002F000704710F1000F91EA030F58BF994208BFF1
:1003000090422CBFD8176FEAE37040F001007047AD
:100310004FEA410C7FEA6C5C02D150EA013C07D104
:100320004FEA430C7FEA6C5CD6D152EA033CD3D04F
:100330005DF8040B704700BF8446104662468C4649
:100340001946634600E000BF01B5FFF7B7FF00287C
:1003500048BF10F1000F01BD4DF808EDFFF7F4FFA5
:100360000CBF012000205DF808FB00BF4DF808ED30
:10037000FFF7EAFF34BF012000205DF808FB00BF53
:100380004DF808EDFFF7E0FF94BF012000205DF875
:1003900008FB00BF4DF808EDFFF7CEFF94BF01202A
:1003A00000205DF808FB00BF4DF808EDFFF7C4FF23
:1003B00034BF012000205DF808FB00BF4FEA410C6C
:1003C0007FEA6C5C02D150EA013C0AD14FEA430C4F
:1003D0007FEA6C5C02D152EA033C02D14FF000008C
:1003E00070474FF0010070474FEA410212F50012CA
:1003F00015D211D56FF47873B3EB625212D94FEA6C
:10040000C12343F0004343EA505311F0004F23FA55
:1004100002F018BF404270474FF00000704750EAAA
:10042000013005D111F0004008BF6FF00040704767
:100430004FF00000704700BF53B94AB9002908BF08
:1004400000281CBF4FF0FF314FF0FF3000F0B2B971
:10045000ADF1080C6DE904CE00F006F8DDF804E01B
:10046000DDE9022304B070472DE9F04F8C46099E68
:1004700004460F46002B48D18A4215465ED9B2FA8F
:1004800082F33BB1C3F120029F409D409C4020FA83
:1004900002F217434FEA154E1FFA85FC220CB7FBF8
:1004A000FEF10EFB117701FB0CF042EA074290428D
:1004B00007D9AA1801F1FF3702D2904200F2588101
:1004C0003946121AA4B2B2FBFEF00EFB102200FB5A
:1004D0000CFC44EA0244A4450BD92C1900F1FF326C
:1004E0002CBF01270027A44502D9002F00F043812B
:1004F000104640EA0140A4EB0C0400211EB1DC4090
:100500000023C6E90043BDE8F08F8B4206D90EB147
:10051000C6E9000100210846BDE8F08FB3FA83F177
:10052000002951D16345C0F01681824240F2138107
:100530000846002EE7D0C6E90047E4E7002A00F0AD
:10054000AF80B2FA82F3002B40F0C2808A1A4FEAE1
:10055000154EAFB20121200CB2FBFEFC0EFB1C229B
:1005600040EA024207FB0CF090420ED9AA180CF1A7
:10057000FF382CBF4FF001094FF00009904203D91A
:10058000B9F1000F00F0F080C446121AA4B2B2FB19
:10059000FEF00EFB102200FB07F744EA0244A742DC
:1005A0000ED92C1900F1FF322CBF4FF0010E4FF085
:1005B000000EA74203D9BEF1000F00F0D280104612
:1005C000E41B40EA0C4099E7C1F120058B400CFA8E
:1005D00001F400FA01F922FA05F72CFA05FC8A4029
:1005E0001F4320FA05F3380C23431FFA87FE1C0C27
:1005F000BCFBF0F800FB18CC44EA0C4408FB0EFCF2
:10060000A4450ED93C1908F1FF3A2CBF4FF0010B5D
:100610004FF0000BA44503D9BBF1000F00F0B880E8
:10062000D046A4EB0C041FFA83FCB4FBF0F300FBF0
:10063000134403FB0EFE4CEA0444A6450ED93C19B4
:1006400003F1FF302CBF4FF0010C4FF0000CA6451A
:1006500003D9BCF1000F00F09F80034643EA084035
:10066000A4EB0E04A0FB02EC64457346E04602D303
:1006700007D1F14505D2BEEB02036CEB070C013844
:10068000E0465EB1B9EB030264EB080404FA05F539
:1006900022FA01F3CC401D43C6E90054002132E7A1
:1006A00042082F464B08AC4642EAC172AE46C40728
:1006B000110C92B241EA034142EA0142B1FBF5F169
:1006C000B3FBF5F01F23A2EB0C0241EA004142E725
:1006D0009D40C3F1200299409C402CFA02FC4FEA55
:1006E000154E20FA02F2AFB2BCFBFEF80A430EFB35
:1006F00018CC110C41EA0C4108FB07FC8C4550D981
:10070000691808F1FF302CBF4FF001094FF00009C4
:100710008C4502D9B9F1000F30D0A1EB0C01B1FB2F
:10072000FEF808FB07FC0EFB181192B242EA0142E8
:10073000624534D2AA1808F1FF312CBF4FF00109ED
:100740004FF000096245BED2B9F1000FBBD1A8F14C
:1007500002012A44B7E7841A6CEB03020120174612
:10076000E7E62C4402382BE7ACF1020C2A440CE7F4
:1007700002392A44A5E62C440238BAE6A5EB0C0C53
:10078000A8F102006144B1FBFEF808FB07FCCAE7D0
:10079000A8F102083C4444E7023B3C445EE7414682
:1007A00091E7A1EB0C014046B1FBFEF808FB07FC0A
:1007B000B9E700BF704700BF6F6E006F66660077D5
:1007C000616B65757000437261736820747269674C
:1007D0006765726564006D772E737973006C63646E
:1007E0000052545F454F4B203D3D206572720048DA
:1007F000505359530A535953434C4B3A20252E32E8
:10080000662563487A0A0048434C4B3A20252E322D
:10081000662563487A0A0050434C4B313A20252E16
:1008200032662563487A0A0050434C4B323A202501
:100830002E32662563487A0A000A4C505359530AEF
:10084000535953434C4B3A20252E32662563487A40
:100850000A000A424C455359530A535953434C4BCF
:100860003A20252E32662563487A0A000A4D656DC6
:100870006F72790A000A4C43440A42616E647769D8
:100880006474683A20252E326625636270730A000C
:1008900025647825642C20616C69676E3A25640AAA
:1008A00000726F756E6420747970652C00726563D8
:1008B0007420747970652C005247423536350A0031
:1008C0005247423838380A004F7468657220666FA4
:1008D000726D61740A002D2D2D2D2D2D2D2D537926
:1008E0007374656D20696E666F726D6174696F6E89
:1008F0002D2D2D2D2D2D2D2D2D0A004C504379639E
:100900006C65733A206375723D25642064656C7470
:10091000613D25642C746D703D25640A004C5020A7
:100920006379636C65732025642C207468643020BF
:1009300025642C20746864312025642C2073636145
:100940006C652025640041637475616C2050617290
:10095000613A206375723D25642C206176653D25E2
:10096000642C206375725F6261636B75702025640F
:100970002C20616C7068612025642C20746D7028B7
:100980002A3130293D25640D0A0073657420617693
:1009900065004C504379636C65733A2025642C20C4
:1009A0006176653D25642C20636F756E743D25640A
:1009B00020746D703D25640D0A00020303050506D1
:1009C000080F0005050E0A1B1F1F1F0070696E5FD0
:1009D0006972715F6864725F6E756D203C204D4175
:1009E000585F50494E5F494E5055545F434E540036
:1009F0006974656D2D3E70696E203D3D202D31007E
:100A00007062725F70696E5F6972715F6864725F55
:100A10006E756D203E2030006770696F5F696E747F
:100A20005F746573742025640A00544553542E473F
:100A300050494F004750494F5F4D4F44455F494E25
:100A4000505554004750494F5F4D4F44455F4F55F7
:100A500054505554004750494F5F4D4F44455F4FE8
:100A600055545055545F4F44004750494F5F4D4FC8
:100A700044455F49545F524953494E4700475049E6
:100A80004F5F4D4F44455F49545F46414C4C494E82
:100A900047004750494F5F4D4F44455F49545F52AF
:100AA0004953494E475F46414C4C494E47004750D9
:100AB000494F5F4D4F44455F49545F484947485F40
:100AC0004C4556454C004750494F5F4D4F44455F9C
:100AD00049545F4C4F575F4C4556454C0047504971
:100AE0004F5F4D4F44455F554E4B4E4F570046614B
:100AF000696C20746F20676574205042525B2564D6
:100B00005D206D6F64650050494E2025642C2046A1
:100B1000554E433D25642C2056414C3D25642C20E8
:100B200025732C2025732C206972716864723D2511
:100B3000782C206172673D25780050494E2025644D
:100B40002C2046554E433D25642C2056414C3D25D6
:100B5000642C2025732C2025732C20697271686405
:100B6000723D2F2C206172673D2F007573616765A0
:100B70003A2070696E203C6D6F64657C72656164BB
:100B80007C77726974657C6D75787C73746174753B
:100B9000733E2070696E23203C76616C75653E0063
:100BA00020202020202020206578616D706C653A1F
:100BB0002020202020202020202020202020202035
:100BC0002020202020202020202020202020200045
:100BD0002020202020202020202020202070696E2E
:100BE000206D6F646520202370696E203C50494E53
:100BF000204D4F44452056414C5545533E20200042
:100C00002020202020202020202020202070696EFD
:100C1000207772697465202370696E20312020204E
:100C200020202020202000202020202020202020E4
:100C30002020202070696E2072656164202023705E
:100C4000696E20202020202020202020200020202D
:100C5000202020202020202020202070696E206D60
:100C600075782020202370696E20302020202020DD
:100C70002020202000202020202020202020202094
:100C8000202070696E2073746174757320237069FD
:100C90006E20202020202020202020002020202026
:100CA00020202020202020202070696E206D757863
:100CB0002020202370696E203F202020202020202B
:100CC0002020002020202020202020202020202044
:100CD00070696E2073746174757320616C6C202070
:100CE000202020202020202020000A20202020500A
:100CF000494E204D4F44452056414C5545533A20CE
:100D00002020202020202020202020202020200003
:100D1000202020202020202050494E5F4D4F444568
:100D20005F4F555450555420202020202020202053
:100D3000307830302020002020202020202020501B
:100D4000494E5F4D4F44455F494E50555420202039
:100D5000202020202020203078303120200020202A
:100D600020202020202050494E5F4D4F44455F49B0
:100D70004E5055545F50554C4C55502020203078E3
:100D80003032202000202020202020202050494EDA
:100D90005F4D4F44455F494E5055545F50554C4C44
:100DA000444F574E20307830332020002020202020
:100DB0002020202050494E5F4D4F44455F4F5554F1
:100DC0005055545F4F44202020202020307830346C
:100DD00020200070696E0046696E64206465766943
:100DE00063652070696E206661696C0A00777269BC
:100DF0007465006D7578003F00556E6B6E6F7720DF
:100E0000636D64210076616C75653D25640A00613F
:100E10006C6C00496E76616C696420706172616D02
:100E2000657465720A007062725F70696E203C3D85
:100E30002048414C5F5042525F4D41580070696EEE
:100E40005F7374617465203E3D20300076616C757F
:100E500065203E3D2030006D6F646520213D2050AF
:100E6000494E5F4D4F44455F4F55545055545F4F69
:100E7000440048414C5F4F4B203D3D2073746174EA
:100E800075730076616C203E3D2030007062725FA9
:100E900070696E203C203332007472696767657236
:100EA0005F70696E5F6E756D203C204D41585F50DC
:100EB000494E5F494E5055545F434E540067706928
:100EC0006F00414E415F494E004449475F494F0022
:100ED0004449475F494F5F5055004449475F494F78
:100EE0005F5044004449475F4F5554004449475FB1
:100EF0004F55545F50550073657269616C20213DF8
:100F00002052545F4E554C4C007561727420213D47
:100F10002052545F4E554C4C0063666720213D20A3
:100F200052545F4E554C4C00706C6561736520697E
:100F30006E7075743A2075617274206272205B6203
:100F4000617564726174655D200A006472762E7545
:100F50007361727400652E673A2075617274206245
:100F60007220333030303030300A0068756172746E
:100F700020213D204E554C4C00726573756C7420D9
:100F80003D3D2052545F454F4B00756172743100F6
:100F9000756172743200636C6B5F73657474696E33
:100FA000670053657269616C3A25782C43686970F3
:100FB0003A25782C5061636B6167653A25782C522D
:100FC00065763A25782020526561736F6E3A253038
:100FD00038780D0A0055736167653A207265676F4E
:100FE000702072656164203C616464726573733E55
:100FF000203C6C656E20696E20776F7264283332F6
:101000002D626974293E0A00647276005573616727
:10101000653A207265676F70207772697465203C4D
:10102000616464726573733E203C6461746120691D
:101030006E206269672D656E6469616E3E0A0055B7
:10104000736167653A207265676F702077726974A3
:1010500065346C203C616464726573733E203C644B
:1010600061746120696E206C6974746C652D656EA5
:101070006469616E2C206D6178203420627974651A
:10108000733E0A006170705F73657474696E675FA8
:10109000646C76705F7365745F6A6C696E6B5F75A4
:1010A0006172745F73776974636828504131383DA9
:1010B00025782C504131393D257829200D0A0053DF
:1010C000776974636820746F204A6C696E6B200DB9
:1010D0000A007365676765720053776974636820F7
:1010E000746F204442472055415254200D0A00306D
:1010F000303030004C6F636B6564210D0A00253081
:10110000385820007772697465346C0064656275C4
:1011100067005369666C6900756E6C6F636B005590
:101120006E6C6F636B210D0A007365745F7077726C
:1011300000626C656272006564720073657420748D
:10114000787077722025642C207374617420256474
:101150000D0A006172672070617261206E756D20EA
:101160006572726F720A00616E616C6F6720504128
:10117000203831353520776F726B206D6F64653D97
:1011800025640A00616E616C6F67205041206D6FAD
:101190006465206572726F72200A00756172745FF7
:1011A0007265633A20636E74203D2025642C636F62
:1011B000756E74203D2025640A007265763A00251C
:1011C000630066696E64202573206661696C6564DE
:1011D000210A007561727420646576696365206315
:1011E0006F6E6669672025640072785F73656D00B5
:1011F000675F756172745F646576696365005374D7
:1012000061727420756172742064656D6F210A00CB
:1012100073656E643A00756172742064656D6F2049
:10122000656E64210A0075617274322064656D6FA9
:101230000A006D61696E0074696420213D2052547A
:101240005F4E554C4C0064657620213D2052545F22
:101250004E554C4C0072745F6F626A6563745F67D1
:1012600065745F7479706528266465762D3E7061BB
:1012700072656E7429203D3D2052545F4F626A654D
:1012800063745F436C6173735F4465766963650083
:1012900072745F6F626A6563745F69735F73797399
:1012A00074656D6F626A65637428266465762D3E89
:1012B000706172656E742900696E666F726D61741B
:1012C000696F6E20213D2052545F4E554C4C0054A6
:1012D0006F20696E697469616C697A6520646576EE
:1012E0006963653A2573206661696C65642E2054D4
:1012F0006865206572726F7220636F646520697320
:101300002025640A006465762D3E7265665F636F12
:10131000756E7420213D20300046756E6374696FD0
:101320006E5B25735D207368616C6C206E6F74203A
:101330006265207573656420696E204953520A0006
:101340007469646C650073656D20213D2052545FA3
:101350004E554C4C0076616C7565203C20307831E0
:1013600030303030550072745F6F626A6563745F4D
:101370006765745F74797065282673656D2D3E709E
:101380006172656E742E706172656E7429203D3DC8
:101390002052545F4F626A6563745F436C6173737C
:1013A0005F53656D6170686F72650072745F6F6224
:1013B0006A6563745F69735F73797374656D6F6277
:1013C0006A656374282673656D2D3E706172656E63
:1013D000742E706172656E74290046756E6374694F
:1013E0006F6E5B25735D207368616C6C206E6F742B
:1013F0002062652075736564206265666F72652082
:101400007363686564756C65722073746172740AC5
:101410000046756E6374696F6E5B25735D2073683B
:10142000616C6C206E6F742062652075736564203A
:10143000696E20437269746963616C0A0046756E57
:101440006374696F6E5B25735D207368616C6C20DB
:101450006E6F742062652075736564207768696CAF
:101460006520696E7465727275707420697320648A
:10147000697361626C65640A006D7574657820211A
:101480003D2052545F4E554C4C0072745F6F626A3F
:101490006563745F6765745F7479706528266D7520
:1014A0007465782D3E706172656E742E7061726520
:1014B0006E7429203D3D2052545F4F626A6563740B
:1014C0005F436C6173735F4D757465780072745F10
:1014D0006F626A6563745F69735F73797374656D56
:1014E0006F626A65637428266D757465782D3E7029
:1014F0006172656E742E706172656E74290072740B
:101500005F696E746572727570745F6E6573742056
:101510003E203000284E554C4C29000A205C207C8F
:10152000202F0A002D205369466C6920436F72708A
:101530006F726174696F6E0A004A616E20323720E3
:101540003230323600202F207C205C2020202020CA
:101550006275696C64206F6E2025732C2025642EC3
:1015600025642E2564206275696C642025730A0049
:101570003433383137353430002032303230202D9A
:10158000203230323220436F70797269676874207C
:101590006279205369466C69207465616D0A005454
:1015A000687265616420496E666F202020202020CB
:1015B00020200A004D61696C626F7820496E666F69
:1015C000202020202020200A004D6573736167656C
:1015D000517565756520496E666F20200A004D754E
:1015E00074657820496E666F2020202020202020FE
:1015F000200A0053656D6170686F726520496E66E0
:101600006F20202020200A004D656D6F72792049DF
:101610006E666F20202020200A004173736572746B
:10162000696F6E206661696C6564206174206675FF
:101630006E6374696F6E3A25732C206C696E652039
:101640006E756D6265723A2564202C282573290A0F
:101650000050726576696F75732049535220656E2C
:1016600061626C652025780A00746F74616C206D6E
:10167000656D6F72793A202564200075736564206A
:101680006D656D6F7279203A20256420006D617858
:10169000696D756D20616C6C6F6361746564206D3C
:1016A000656D6F72793A2025640A002872745F753F
:1016B000696E74385F74202A296D656D203E3D2067
:1016C000686561705F707472002872745F75696E0E
:1016D00074385F74202A296D656D203C202872744F
:1016E0005F75696E74385F74202A29686561705F60
:1016F000656E64006D656D2D3E75736564203D3DBE
:1017000020300068656170006D656D20696E6974D8
:101710002C206572726F7220626567696E20616449
:10172000647265737320307825782C20616E642094
:10173000656E642061646472657373203078257807
:101740000A002872745F75696E7433325F74296D94
:10175000656D202B2053495A454F465F53545255CF
:1017600043545F4D454D202B2073697A65203C3DE5
:10177000202872745F75696E7433325F74296865EE
:1017800061705F656E64002872745F75696E743392
:10179000325F7429282872745F75696E74385F74BB
:1017A000202A296D656D202B2053495A454F465FED
:1017B0005354525543545F4D454D292025205254D2
:1017C0005F414C49474E5F53495A45203D3D2030CB
:1017D0000028282872745F75696E7433325F74292B
:1017E0006D656D292026202852545F414C49474E93
:1017F0005F53495A45202D20312929203D3D203075
:101800000028282872745F75696E7433325F7429FA
:10181000726D656D292026202852545F414C49473E
:101820004E5F53495A45202D20312929203D3D2026
:1018300030002872745F75696E74385F74202A29CD
:10184000726D656D203E3D202872745F75696E74FF
:10185000385F74202A29686561705F707472202671
:1018600026202872745F75696E74385F74202A2987
:10187000726D656D203C202872745F75696E7438D6
:101880005F74202A29686561705F656E6400746FFB
:101890002066726565206120626164206461746104
:1018A00020626C6F636B3A0A006D656D3A20307888
:1018B000253038782C207573656420666C61673A32
:1018C0002025642C206D6167696320636F64653A2D
:1018D000203078253034780A006D656D2D3E7573A3
:1018E0006564006D656D2D3E6D61676963203D3DEA
:1018F00020484541505F4D414749430048454150CC
:101900005F4D41474943203D3D202828737472753F
:10191000637420686561705F6D656D202A29266893
:101920006561705F7074725B6D656D2D3E6E65787C
:10193000745D292D3E6D61676963006F626A2021C5
:101940003D206F626A656374006F626A656374202C
:10195000213D2052545F4E554C4C0021286F626A45
:101960006563742D3E7479706520262052545F4F54
:10197000626A6563745F436C6173735F537461740F
:101980006963290074687265616420213D205254A6
:101990005F4E554C4C007468726561643A25732043
:1019A000737461636B206F766572666C6F770A0083
:1019B0007761726E696E673A202573207374616374
:1019C0006B20697320636C6F736520746F2074687B
:1019D0006520626F74746F6D206F6620737461632D
:1019E0006B20616464726573732E0A0028746872D8
:1019F0006561642D3E7374617420262052545F54D7
:101A000048524541445F535441545F4D41534B2923
:101A1000203D3D2052545F5448524541445F535548
:101A20005350454E440072745F6F626A6563745F21
:101A30006765745F74797065282872745F6F626A75
:101A40006563745F742974687265616429203D3D23
:101A50002052545F4F626A6563745F436C617373B5
:101A60005F5468726561640072745F6F626A656377
:101A7000745F69735F73797374656D6F626A6563B0
:101A800074282872745F6F626A6563745F74297466
:101A9000687265616429203D3D2052545F46414C87
:101AA00053450074687265616420213D2026696495
:101AB0006C6500287468726561642D3E737461748E
:101AC00020262052545F5448524541445F535441AC
:101AD000545F4D41534B29203D3D2052545F5448A3
:101AE000524541445F494E4954007072696F7269B2
:101AF0007479203C2052545F5448524541445F5011
:101B000052494F524954595F4D41580073746163B3
:101B10006B5F737461727420213D2052545F4E5587
:101B20004C4C0074696D657220213D2052545F4E0B
:101B3000554C4C0072745F6F626A6563745F6765D1
:101B4000745F74797065282674696D65722D3E70B6
:101B50006172656E7429203D3D2052545F4F626A68
:101B60006563745F436C6173735F54696D65720084
:101B700072745F6F626A6563745F69735F737973B0
:101B800074656D6F626A656374282674696D657229
:101B90002D3E706172656E74290074696D65722DD9
:101BA0003E696E69745F7469636B203C2052545FB8
:101BB0005449434B5F4D4158202F20320074696DCA
:101BC0006572006D656D206D616E6167652066618F
:101BD000756C743A0A005343425F434653525F4D5B
:101BE0004653523A30782530325820004941434319
:101BF00056494F4C20004441434356494F4C200026
:101C00004D554E53544B45525220004D53544B4565
:101C1000525220005343422D3E4D4D41523A253001
:101C200038580A002073703A203078253038780A06
:101C3000007073723A203078253038780A0072309C
:101C4000303A203078253038780A007230313A2026
:101C50003078253038780A007230323A20307825D2
:101C60003038780A007230333A20307825303878AE
:101C70000A007230343A203078253038780A007201
:101C800030353A203078253038780A007230363ACC
:101C9000203078253038780A007230373A20307892
:101CA000253038780A007230383A203078253038BC
:101CB000780A007230393A203078253038780A00B6
:101CC0007231303A203078253038780A007231315C
:101CD0003A203078253038780A007231323A203094
:101CE00078253038780A00206C723A203078253018
:101CF00038780A002070633A203078253038780A26
:101D00000068617264206661756C74206F6E207467
:101D100068726561643A2025730D0A0D0A006861D6
:101D20007264206661756C74206F6E2068616E64E9
:101D30006C65720D0A0D0A003D3D3D3D3D3D3D3D4A
:101D40003D3D3D3D3D3D3D3D3D3D3D3D3D0A005020
:101D500053503A20307825702C204D53503A203083
:101D60007825700A004650552061637469766521B4
:101D70000D0A006661696C656420766563746F7234
:101D80002066657463680A00627573206661756C0D
:101D9000743A0A005343425F434653525F424653EC
:101DA000523A307825303258200049425553455236
:101DB000522000494D50524543495345525220004C
:101DC0005343422D3E424641523A253038580A008C
:101DD0007573616765206661756C743A0A005343D8
:101DE000425F434653525F554653523A307825304E
:101DF00032582000554E444546494E535452200017
:101E0000494E5653544154452000494E56504320A4
:101E1000004E4F4350200053544B4F462000554E28
:101E2000414C49474E4544200044495642595A4581
:101E3000524F20006465627567206576656E740A8E
:101E400000666174616C206572726F72206F6E2023
:101E50007468726561643A2025730A006661746172
:101E60006C206572726F72206F6E204953520A00A7
:101E70005F68775F70696E2E6F707320213D20520E
:101E8000545F4E554C4C0070696E20213D205254D9
:101E90005F4E554C4C0070696E203C2052545F5090
:101EA000494E5F4E4F4E45006D6F6465203C2030BB
:101EB0007866660072785F6669666F20213D205201
:101EC000545F4E554C4C0072785F646D6120213D2B
:101ED0002052545F4E554C4C0074785F6669666FB3
:101EE00020213D2052545F4E554C4C0074785F6465
:101EF0006D6120213D2052545F4E554C4C0074784A
:101F000020213D2052545F4E554C4C002873657281
:101F100069616C20213D2052545F4E554C4C292064
:101F2000262620286461746120213D2052545F4E92
:101F3000554C4C290073657269616C2D3E6F70734E
:101F40002D3E646D615F7472616E736D69742021E2
:101F50003D2052545F4E554C4C006C656E203C3D0C
:101F60002072745F646D615F63616C635F7265634F
:101F70007665645F6C656E2873657269616C2900B3
:101F800073657269616C2D3E73657269616C5F7215
:101F90007820213D204E554C4C0073657269616C70
:101FA0002D3E73657269616C5F747820213D204E0F
:101FB000554C4C0073657269616C2D3E70617265A1
:101FC0006E742E72785F696E646963617465202136
:101FD0003D2052545F4E554C4C00636F6D706C65E4
:101FE00074696F6E20213D2052545F4E554C4C0059
:101FF00072745F6C6973745F6973656D707479284E
:102000002628636F6D706C6574696F6E2D3E7375F5
:102010007370656E6465645F6C69737429290071FF
:102020007565756520213D2052545F4E554C4C001E
:10203000646174615F70747220213D2052545F4E60
:10204000554C4C0073697A6520213D2052545F4EF7
:10205000554C4C007368656C6C20213D2052545FD8
:102060004E554C4C006D7368200066696E73682095
:10207000001B5B324B0D0025732573006E6F206DC6
:10208000656D6F727920666F72207368656C6C0A7B
:102090000063786B00736872780066696E73683AE3
:1020A0002063616E206E6F742066696E64206465C3
:1020B000766963653A2025730A0008257320200895
:1020C000000820080048656C6C6F2052542D54683D
:1020D00072656164210A002D002D2D46756E6374B2
:1020E000696F6E204C6973743A0A005F5F00252D9A
:1020F000313673202D2D2025730A00556E6B6E6FBF
:10210000776E00252D2A2E732020202020202020CD
:1021100020747970652020202020202020207265E6
:102120006620636F756E740A00202D2D2D2D2D2DC8
:102130002D2D2D2D2D2D2D2D2D2D2D2D2D2D202DDC
:102140002D2D2D2D2D2D2D2D2D0A00252D2A2E2A1C
:102150007320252D32307320252D38640A00252D5B
:102160002A2E732020706572696F646963202020B5
:1021700074696D656F757420202020202020666CA6
:1021800061670A00202D2D2D2D2D2D2D2D2D2D207B
:102190002D2D2D2D2D2D2D2D2D2D202D2D2D2D2D7C
:1021A0002D2D2D2D2D2D0A00252D2A2E2A73203080
:1021B00078253038782030782530387820006465EC
:1021C0006163746976617465640A0063757272652F
:1021D0006E74207469636B3A3078253038780A0061
:1021E0006D656D706F6F6C00252D2A2E7320626CEB
:1021F0006F636B20746F74616C2066726565207309
:10220000757370656E64207468726561640A00207D
:102210002D2D2D2D20202D2D2D2D20202D2D2D2D22
:10222000202D2D2D2D2D2D2D2D2D2D2D2D2D2D0A0E
:1022300000252D2A2E2A73202530346420202530B5
:1022400034642020253034642025643A00252D2A6A
:102250002E2A732025303464202025303464202039
:10226000253034642025640A006D736771756575C7
:102270006500252D2A2E7320656E74727920737582
:102280007370656E64207468726561640A00202D45
:102290002D2D2D20202D2D2D2D2D2D2D2D2D2D2D88
:1022A0002D2D2D0A00252D2A2E2A73202530346449
:1022B000202025643A00252D2A2E2A73202530342B
:1022C00064202025640A006D61696C626F780025C6
:1022D0002D2A2E7320656E7472792073697A6520B9
:1022E00073757370656E64207468726561640A004A
:1022F000252D2A2E2A7320253034642020253034C1
:10230000642025643A00252D2A2E2A732025303496
:10231000642020253034642025640A006D757465BE
:102320007800252D2A2E732020206F776E6572206D
:1023300020686F6C642073757370656E64207468B8
:10234000726561640A00202D2D2D2D2D2D2D2D203F
:102350002D2D2D2D202D2D2D2D2D2D2D2D2D2D2DBA
:102360002D2D2D0A00252D2A2E2A7320252D382EBD
:102370002A7320253034642025640A006576656E52
:102380007400252D2A2E73202020202020736574B0
:102390002020202073757370656E642074687265E8
:1023A00061640A0020202D2D2D2D2D2D2D2D2D2D5C
:1023B000202D2D2D2D2D2D2D2D2D2D2D2D2D2D0A7D
:1023C00000252D2A2E2A73202030782530387820B9
:1023D000253033643A00252D2A2E2A7320203078A8
:1023E0002530387820300A0073656D6170686F722F
:1023F0006500252D2A2E732076202020737573709A
:10240000656E64207468726561640A00202D2D2D4C
:10241000202D2D2D2D2D2D2D2D2D2D2D2D2D2D0A1C
:1024200000252D2A2E2A7320253033642025643A76
:1024300000252D2A2E2A7320253033642025640A96
:102440000074687265616400252D2A2E73207072F5
:1024500069202073746174757320202020202073FC
:1024600070202020202020746F70202020202073D6
:102470007461636B2073697A65206D617820757370
:102480006564206C656674207469636B20206572D6
:10249000726F720A00202D2D2D20202D2D2D2D2D17
:1024A0002D2D202D2D2D2D2D2D2D2D2D2D202D2D76
:1024B0002D2D2D2D2D2D2D2D202D2D2D2D2D2D2D59
:1024C0002D2D2D20202D2D2D2D2D2D20202D2D2D70
:1024D0002D2D2D2D2D2D2D202D2D2D0A00252D2A94
:1024E0002E2A7320253364200020726561647920D0
:1024F00020002073757370656E640020696E6974C6
:102500002020200020636C6F73652020002030782D
:1025100025303878203078253038782030782530CC
:1025200038782020202025303264252520202030B6
:10253000782530387820253033640A00436861728A
:1025400061637465722044657669636500426C6FEF
:10255000636B20446576696365004E6574776F72BE
:102560006B20496E74657266616365004D5444204A
:102570004465766963650043414E2044657669632E
:10258000650052544300536F756E6420446576694C
:1025900063650047726170686963204465766963AA
:1025A0006500493243204275730055534220536CF5
:1025B000617665204465766963650055534220481D
:1025C0006F73742042757300535049204275730035
:1025D00053504920446576696365005344494F2050
:1025E00042757300504D2050736575646F204465CB
:1025F00076696365005069706500506F7274616C34
:10260000204465766963650054696D657220446590
:1026100076696365004D697363656C6C616E656FA7
:102620007573204465766963650053656E736F72D8
:1026300020446576696365004D61696C626F78203E
:102640004465766963650052542D5468726561640F
:10265000207368656C6C20636F6D6D616E64733A96
:102660000A005F5F636D645F00252D313673202D96
:102670002025730A00546F6F206D616E792061729E
:1026800067732021205765206F6E6C792055736524
:102690003A0A002573200025733A20636F6D6D613F
:1026A0006E64206E6F7420666F756E642E0A0075FE
:1026B0006C6F672E6F75747075745F6C6F636B658C
:1026C000722E686F6C64203D3D203100756C6F6721
:1026D000206C6F636B0064737400737263006C6FC3
:1026E000675F627566006C6576656C203C3D204CCA
:1026F0004F475F4C564C5F44424700746167006629
:102700006F726D6174001B5B003A20001B5B306DC3
:10271000006261636B656E64006E616D6500756C6F
:102720006F672E696E69745F6F6B006261636B65C2
:102730006E642D3E6F75747075740033356D0033A3
:10274000316D0033336D0033326D00412F00452F62
:1027500000572F00492F00442F00636F6E736F6C7A
:1027600065007072696E745F737973696E666F006D
:102770004442475F547269676765725F49525148C6
:10278000616E646C65720053686F7720737973743F
:10279000656D20696E666F726D6174696F6E005F42
:1027A0005F636D645F737973696E666F00666F72E5
:1027B00077617264206C63707520636F6D6D616EFC
:1027C00064005F5F636D645F6C6370750000090097
:1027D000200052000A0074000C000B00AC0018002E
:1027E0000C0080002C000D00C40004000E00C80086
:1027F000040000001A0001000100040004000200AF
:102800000800040003000C00040004001000040091
:1028100005001800020006001400040007001B0059
:10282000010008001C00040080B501F067FE01F003
:10283000DFF805480549016005480649016006487A
:102840000649016080BD00BF24E44020DD614000F6
:10285000E0E44020A5644000E4E440204D6F4000E7
:102860002DE9FF4704465A48005DA0F116000428F0
:1028700004D248F60F72C0F201021047204648F613
:102880002962C0F2010210472046012129F478FB99
:102890000528204605D000214AF64176C0F20206FE
:1028A00030474AF66B76C0F202063047494D4A4B34
:1028B0002068002824D029784268511ACA18009943
:1028C000881A20F07040B04213D822F070428A4239
:1028D00005D120680189BDF804208A4209D9204623
:1028E00000F40BFA014604F10C02104600F40FFA52
:1028F000DEE70098256848F63911C0F2050108475F
:1029000048F67F11C0F2050108470446FFF71CF6A0
:1029100020B14DF6EB11C0F201010847200222213F
:10292000013019F455FA7CBD4FF001034BF23350DE
:102930004BF22952062C06D803FA04F313F0620F67
:1029400001D0B01F1047004701280AD805F109003F
:1029500000F4F8F9142804D34EF61172C0F2040200
:1029600010474EF64572C0F204021047B0688188E5
:102970000131818040F2000045F69B21084745F671
:10298000F111084701F036F845F63D10004745F2D1
:10299000555658F8240015214BF29123C0F202033A
:1029A000184745F255539E4200D10C4A27F48CFC3F
:1029B0004BF2B923C0F2020318477CB5044600F07D
:1029C000C3FA20464EF6A552C0F20102104700BFDE
:1029D00078F4402094FA4020010000F03D6B400064
:1029E000E0B5FBF7C6F510B14FF08E408CBD04206A
:1029F00001A96A4600900120FBF722F600B1FEE72C
:102A000001988CBD032804BF07487047182804BFED
:102A100006487047172804BF054870470B2814BFA5
:102A200000200448704700BF1C7F4000907F40009A
:102A3000747F4000287F4000E0B5042001A90DF11B
:102A40000202ADF802000620FBF7FAF59DF8071028
:102A50002B48817059B100F0F9FB4FF4004051F45C
:102A600025FF03484FF48021C0F8801101608CBD20
:102A700000E100E02DE9F041204E05460A290C4610
:102A80004FF0010256F8200020F40060C8BF00F5A6
:102A9000006046F825000846002101F0A3FB56F827
:102AA0002510174F0B2C60F30A2146F82510154905
:102AB00005DBB87818B1086840F00C000860387879
:102AC000884638B9F878022804D00220F87002202D
:102AD00001F036FB20460121002201F083FB06F8BD
:102AE0002500B87838B10A2C05DCD8F8000020F0B1
:102AF0000C00C8F80000BDE8F08100BFF0ED4020F8
:102B0000AC7F4020EC4008400021006808B1013152
:102B1000FBE788B270470000BCB50D464FF68A51FE
:102B20008B4217D04FF686518B4263D04FF68551BA
:102B30008B421CD14FF4885000214FF6855201235F
:102B400011F496FC2978032917D82A682E4B43F8EC
:102B500021201DE04FF4885000214FF68A520123B6
:102B600011F486FC04462878A8B112203EE02946DC
:102B700002B0BDE8B04005F41DB822490A6842F42D
:102B800000420A60D1F8002442F40042C1F8002457
:102B9000002101702CE06878022815D001281AD095
:102BA0000028E2D10620144D0DF107018DF8070031
:102BB00012482A4603680120984788B11048818846
:102BC0000068A98028600BE0E8880B498880D5F868
:102BD0000200086004E00848017881F055010170A6
:102BE000054800F1190123F45BFF00202070204606
:102BF0000EF466F80020BCBD80F440209CE9402023
:102C0000E9C30500D0040940B37F402041F205121A
:102C10000249904218BF002108467047F162400007
:102C20000E4A9423528800FB0320044A835A23F45B
:102C3000006343EAC1218152704700BF00804020F9
:102C4000064A9423528800FB0320054A835A23F046
:102C5000E00343EA41118152704700BF0CEE40206F
:102C60001680402080B50A464FF4885000210A2380
:102C700011F4FEFB0C2101710449C0F8061004494F
:102C800001600EF41DF8002080BD00BF4C0A4E020A
:102C9000000C0002F8B5074610461C4616460D46C5
:102CA00011F4A8FC052808D16878A98800F00F0065
:102CB0000138C0B2FFF73AF505E0384629463246FA
:102CC00023460EF4BFFC0020F8BD000080B5C9B259
:102CD00002460020082912D8DFE801F0050A111188
:102CE0000E11111112001046BDE8804000F0D0BD59
:102CF000104600F02FF980BD104600F047FB80BD64
:102D00001046FFF783FF80BDF8B507460848154613
:102D10000E461C462946026840F21F60904738461E
:102D200031462A46234612F41DF80020F8BD00BFA4
:102D300054E4402010B50C881CB1BDE8104012F4DA
:102D4000CDB8002010BD00000648C078013800064C
:102D50001CBF0320704728480068C07F043818BF94
:102D600003207047E4EA40201CB50446754833222E
:102D700050F8210090F8360062F35F008DF80400EF
:102D8000C8B201A917F440FA204618F449FF2046BA
:102D9000112111F459FC1CBD2DE9F8430746802090
:102DA000984615468946082300EB122441F202108A
:102DB0005822214611F45CFB06460480284611F493
:102DC00019FCB07030460DF47BFF284611F412FC5C
:102DD000042807D10848006820B1C17F032904BF37
:102DE0000221C177384649462A46434601B0BDE82C
:102DF000F04313F4C5BA00BF80E84020B0B5514D90
:102E0000140A55F824401CB1BDE8B04013F478BC56
:102E10000020B0BDB0B54B4D140A55F824401CB18C
:102E2000BDE8B04013F496BC0020B0BDB0B5454934
:102E3000100A144651F82050104611F4DBFB1928F3
:102E40000CD8012101FA00F01049084201D00020FD
:102E5000B0BD10F0300F01D00220B0BD012085F8C8
:102E6000440095F83C00022803D1204618F4CCFA1F
:102E7000F2E795F83710204615F4F2FE0028EBD063
:102E800095F83710204612F48FFEE0E70100C003EA
:102E90002DE9F0410E462B490746100A9846154683
:102EA00051F82040104611F4A5FB012809D194F8EF
:102EB0008701012805D194F8860110B10020BDE8F2
:102EC000F081384631462A464346BDE8F04114F4C5
:102ED0007DBA00BF2DE9F843074610461C4615464B
:102EE0000E4611F487FBA0F11101052918D3012822
:102EF0000DD0FAF787F080460B480830FFF704FE44
:102F000081464046FAF782F0B9F10A0F08D83846F0
:102F100031462A46234601B0BDE8F04314F496BF7B
:102F20000020BDE8F88300BFF4F2402080B50549D9
:102F3000100A51F8200018B11046222112F434FE74
:102F4000002080BD08F4402091F8B10281F83900DA
:102F500070470000A0F21D610D290AD8DFE801F0DA
:102F6000072123252127212129212121212B174830
:102F7000704740F20161884204BF1648704740F232
:102F80000361884204BF1048704740F217618842CD
:102F900004BF0C48704741F20711884204BF07483C
:102FA0007047002070470E487047094870470B482B
:102FB0007047094870470248704700BF6D64400081
:102FC000AD664000696640007165400005664000DE
:102FD000ED654000D5654000E16440000D654000AE
:102FE0000567400010B50446FAF70CF0A14951F806
:102FF000241049B191F89720012A05D191F8AA101F
:10300000B1FA81F14C0900E00024F9F7FFF72046FE
:1030100010BD00BF10B50446F9F7F4F7954951F813
:10302000241039B191F8AA1041F00201022905D10A
:10303000002400E00C24F9F7E9F707E0F9F7E6F7D8
:10304000200208210824013012F4AEFD204610BDF4
:103050002DE9F0410446EE48427A012A09D1807AEE
:10306000884218BF002804D1EA484170047049F42E
:1030700063FF804850F824601EB13046002152F4AE
:10308000FFFA204600F044FFF9F7BCF7804696F8B7
:10309000DD0030B1002086F8DD004FF4004051F42F
:1030A000E5FB804F00261025388D798D081AF1B286
:1030B00090FBF5F0884207DD204621F46DFD18B144
:1030C00021F49CFD0136EFE74046BDE8F041F9F7F9
:1030D0009DB700BFB0B55AB31649097841B321F482
:1030E0005BFD28B31448154990F8210041EA00100F
:1030F0006C49098D405A00F078015948006802680F
:1031000083689A429ABF42680132002242602029B5
:1031100002D1C1688A4201D2002401E00124416049
:10312000074D2878844203D0204600F08DFE2C7095
:10313000B0BD00BFAE7F402080F44020048040201E
:10314000C57F40204B4951F8200050B190F8DD1068
:10315000012906D1002180F8DD104FF4004051F420
:1031600085BB7047C8B2434951F8201000200029A0
:1031700008BF4FF0FF307047B0B53E4951F82040CE
:10318000BCB3606ED4F8BC100A1A401A22F0704525
:1031900020F07040B5F1006F88BF454294F8D6101A
:1031A000B4F8C400002908BF0121484300EB4000E7
:1031B00085420BDA94F8DD0001280ED1002084F856
:1031C000DD004FF4004051F451FB06E0012084F88B
:1031D000DD004FF4004051F469FB012D09DBA90A21
:1031E000A07E01EBC101C9B20844FF2828BFFF201F
:1031F000A076B0BDF8B51C4615460E460746F9F751
:1032000001F71C4951F82710A1B191F899200C271A
:10321000012A10D191F8971045EA0603069A234334
:1032200000294FF00C0108BF4FF0FF311A4308BFCF
:103230000F4600E00C27F9F7E9F6F8B2F8BD00BF39
:1032400080B500F065FE002080BD000004486021CC
:10325000802200230068C0E90132C160704700BFCE
:103260009C7F4020034951F82000002818BF01200E
:10327000704700BFA0E8402070B5974D002410268D
:10328000288D698D081AE1B290FBF6F0884207DDBF
:10329000022021F481FC18B121F4B0FC0134EFE7E5
:1032A00070BD00BF0CEE4020234951F8200010B142
:1032B000002152F4E5B97047C1F307111E4840F2EE
:1032C000FD1250F82100490190F8520002EB400035
:1032D000084AC0F347001F2828BF1F205358C3F3D4
:1032E0000423834205D08B5823F4F85343EA00208B
:1032F000885070471006094070B514460E46F9F71D
:1033000081F605460C4850F8260028B1002152F4F9
:10331000B7F9304621F4B4FD084809490068C0698E
:10332000884204D16078022804BF032060702846D8
:10333000F9F76CF6002070BD98E84020F8EA4020CC
:10334000A5A55A5A70B514460D46064600F0C8F8B1
:1033500008B12A2004E030462946224623F4D6FD4F
:10336000C0B270BD1CB50446874850F82400438D98
:10337000828C018DC08C0090204633F419F92046D0
:103380000021BDE81C4026F475BB00BFB0F5057FE9
:1033900004BF0448704740F2132188420CBF024822
:1033A00000207047156D4000316F400010B5044695
:1033B000F9F728F6044951F82440F9F727F6B4FA4A
:1033C00084F0400910BD00BFECF4402010B5044665
:1033D0000F48417B012909D1807B904218BF00280A
:1033E00004D10C484270047049F4A6FDD94850F845
:1033F000240060B190F8AD10012908D1002180F8B7
:10340000AD104FF48030BDE8104051F42FBA10BD1C
:10341000B37F4020C37F4020F8B50F460546F9F73B
:10342000F1F50446CB4850F82560D6B1B6F88600D1
:1034300020F0100067F30410A6F88600284633F445
:103440005DFB67B1284635F445FD96F89A0030B12A
:10345000284631460022002700F038F902E0002714
:1034600000E00C272046F9F7D1F53846F8BD00BF3B
:10347000F8B50F460546F9F7C5F50446B54850F8C6
:103480002560A6B106F12C003946FFF740F4B6F8E6
:10349000860040F00800A6F88600284635F41AFD9C
:1034A00028463146012200F011F9002500E00C25E4
:1034B0002046F9F7ABF52846F8BD00BF58B10649DC
:1034C00090F896009422498800FB02100349425A62
:1034D00042F02002425270470CEE40200280402011
:1034E0009C4951F8200028B190F84A00002818BFE4
:1034F0000120704700207047F8B50F460546F9F7E0
:1035000081F50446934850F8256086B1B6F88600E8
:10351000B76240F00800A6F88600284635F4DAFCC9
:1035200028463146012200F0D1F8002500E00C25A4
:103530002046F9F76BF52846F8BD00BF2DE9F041AC
:10354000140A0746984615460E46204641F41EFCCE
:10355000874951F8241059B10089328882420AD330
:10356000092C05D891F8940000F00300032802D13B
:103570000020BDE8F081384631462A464346BDE882
:10358000F04133F4B1BE00BFB8F440202DE9F0475C
:103590001E46144689460546F9F734F5DFF8B4A10E
:1035A00080465AF82570C7B397F84A00F8B90A98C8
:1035B000DDE90821A7F848000120A7F84220B20061
:1035C00087F84A00A000A7F840004FEA8900A7F852
:1035D00074004801C7E90E20B86EB0EB860F06D91B
:1035E00097F89C10022924BF284635F43FFB97F832
:1035F0009700002687F8446080B939F4D1FF04466B
:103600005AF825000021002652F43AF897F896005F
:103610002146012234F47CFD00E00C264046F9F7F7
:10362000F5F43046BDE8F0874A4951F8200028B14A
:1036300090F89700023818BF0120704700207047AB
:1036400070B50446434850F82450DDB3686DAA6E47
:103650000B1A401A23F0704620F07040B6F1006F4C
:1036600088BF4642B5F8760006305043864207DDF3
:10367000012085F8AD004FF4803051F417F90AE0CD
:1036800095F8AD00012806D1002085F8AD004FF473
:10369000803051F4EBF8204634F416F9012E11DB9A
:1036A000094AC1B2A87E12F8113098420AD102EB41
:1036B0004101B20A49785143C9B20844FF2828BFE2
:1036C000FF20A87670BD00BFD0ED05002DE9F041C8
:1036D000054691F89700D8BBB1F886000E46C007A2
:1036E00036D096F8B60098B31A48144650F825809C
:1036F00039F456FF96F84A100746F06C012902D1BA
:1037000096F8441021BBC11B21F07042B16E8A4271
:103710001ED9B2FBF1F2B6F87E304FF6FF7C1FFAED
:1037200082FE734508BF62449B1A92B2A6F87E30AF
:1037300002FB1100002120F07040F064404651F47B
:103740009FFF284639462246BDE8F04134F4E0BCEC
:10375000BDE8F08114F54020B0B5054D140A55F8C8
:1037600024401CB1BDE8B04035F436BD0020B0BDEA
:10377000B8F440200249012818BF002108467047CC
:103780001D6B4000184951F8200038B1018D29B156
:10379000B0F85200814218BFFEF76CB1704700BF0D
:1037A0002DE9F04115460E460746F9F72BF4DFF8F0
:1037B0003880044658F8271089B191F8570040B175
:1037C000088D18B1FEF756F158F827100D854E8573
:1037D00005E0384631462A46012338F44FFA2046A0
:1037E000BDE8F041F9F712B49CF54020007800B133
:1037F000704707480749084A03230A5007480268E8
:1038000063F30B220260086840F4004008607047D0
:10381000A0F7FFFFD008094000103D2058090940DB
:1038200010B541F20100834206D1084641F2010180
:10383000BDE81040FFF716BA0A4A00205D280ED0F6
:1038400032F830409C4201D00130F7E702EBC00073
:10385000426822B108461946BDE8104010470020D2
:1038600010BD00BF3CE50500B0B5084C94F85450BD
:1038700035B1E47C022C03D14C7B0CB18C7B1CB1A8
:10388000BDE8B04043F462BB0020B0BD50F740201B
:1038900041F20511884204BF0448704740F20151CB
:1038A00088420CBF02480020704700BFF96F4000FB
:1038B0004170400070B5054640780C46182812D17A
:1038C0004949200A51F8206096F8360001280AD1AB
:1038D000204610F48FFE322805D096F83C000228CE
:1038E0001CBF002070BD28462146BDE8704044F44E
:1038F00039BB00BF70B505460C46080A3A4951F875
:103900002060204610F476FE1F2815D0252816D1F9
:1039100096F8360098B915F8010B102200F0010056
:1039200086F8390006F5E47029464BF4FCFF204682
:1039300014F436FC002070BD002086F87A01284679
:103940002146BDE8704044F405BF00BFF8B5054608
:1039500025480E0A0C4650F82670084610F44AFE18
:10396000A0F11601042913D390B12E280BD10F48D2
:10397000342106FB0100407A28B197F8360010B9CF
:103980002878C0070AD1287800F0010087F83900AC
:1039900028462146BDE8F84047F432BF304617219B
:1039A0002322012316F490FD0020F8BD10F44020DE
:1039B00070B505460C46080A0B4951F820602046B0
:1039C00010F418FE322809D196F83600012805D1E6
:1039D00006482146026840F2036090472846214687
:1039E000BDE8704048F43EBF08F4402054E4402055
:1039F0007047000070B51B481B4C016841F0004146
:103A0000016094F8005101680029FCD41420FAF7F1
:103A100031F5012000F03EFD4FF08046306840F463
:103A2000802030600520FAF725F5306820F48020EA
:103A300030600520FAF71EF5012000F0FDFC0B4E6A
:103A400094F8020160B1E8B20101725A42F0180222
:103A500022F02002725252F4E7F994F80051EFE795
:103A600070BD00BF00000940B8FA4020008040202F
:103A700010B5144610280CD0122813D0292808BFDE
:103A8000082919D11846FFF75FF9B0FA80F1490902
:103A900014E0B1F5007F0FD11846FFF7A7FE002014
:103AA00001210BE0042907D1D8B2FFF79BFAC0B27D
:103AB000B0FA80F0410900E000210020217010BD23
:103AC00010B51446072826D00D280BD014280FD087
:103AD00020281AD0312808BF022923D1184600F027
:103AE0003FFA1FE010291DD1D8B2FFF74BFE22E0AC
:103AF000B1F5805F18D0B1F5807F19D0B1F1004FDA
:103B000010D1D8B2FFF7D0FB15E008290AD118462A
:103B100000F07CFC0FE0B1F5002F03D11846FFF751
:103B2000CDFC08E0002007E0D8B2FFF725FB02E05B
:103B3000D8B2FFF707FB0120207010BD10B50C466E
:103B4000014600200729107014D10299B4F5805F56
:103B50000AD0B4F5804F0ED0B4F1006F12BF002030
:103B6000D8B2FFF7C9FC10BDD8B2002918BF012197
:103B7000FFF752FC10BDD8B2FFF77AFC10BD10B5AC
:103B8000122814464FF0000208BFB1F5800F05D18E
:103B90000299D8B2C9B2FFF75BFA0122227010BDB8
:103BA00010B5144600221428227008BFB1F5803FDA
:103BB00006D1DDE90212D8B2C9B2FFF741FB0122FA
:103BC0000020227010BD000070B50D460021144683
:103BD000C61F11700E2EDDE9041211D8DFE806F0C1
:103BE0000815141414141F141414141429343C004C
:103BF000402D09D1D8B2C9B2D2B2FFF7E7FB45E0F8
:103C0000022808BF042D2ED070BDB5F5803F32D0FC
:103C1000B5F5806FF8D1D8B2FFF706FD12E0B5F523
:103C2000807FF1D1D8B2C9B292B2BDE87040FFF73F
:103C3000B7BDB5F5800F25D0B5F5803FE4D1C8B24A
:103C4000FFF710FB10BBDFE7B5F5806FDCD1D2B218
:103C50001846FFF787FA0BE0042DD5D1D2B21846EB
:103C6000FFF72AFB12E092B2D8B2C9B2FFF79EFB6F
:103C70000028C9D10AE0D8B2002A18BF0122FFF7F4
:103C8000DFFC03E0D2B21846FFF724FA01202070CF
:103C900070BDB0B5144602460020122A20700ED026
:103CA000152A12D1B1F5007F12D104ADD8B226CDBC
:103CB0002B46C9B2FFF720FB01212170B0BD1029AE
:103CC00006D1D8B2FFF7A6F900B1B0BD012020702F
:103CD0000020B0BD00201070704700201070002040
:103CE0007047000070B5144611280ED0172814D064
:103CF000252817D027281BD0282824D0312808BFF2
:103D000020293FD100F0CAF93CE001293AD12648E8
:103D1000016821F04001016043E0012932D1FFF741
:103D2000ABFA3EE0B1F5805F2CD1FEF785FE38E0BE
:103D3000B1F5807F26D11D480168D0F8CC01084339
:103D400018BF01202EE0B1F5002F27D040291BD04D
:103D5000B1F5802F1ED0082914D1164D164E012022
:103D60002870D6F8A00020F00800C6F8A000FDF7E3
:103D700063F5D6F8A0100020287041F00801C6F8BD
:103D8000A0100FE000200DE009480068B0FA80F0B4
:103D9000400907E0002000F04FFB02E0002000F0A7
:103DA00079FB0120207070BD00040940B0F840206C
:103DB0004C000440AC7F402028EC402070B586B019
:103DC000144602460020142A20701BD0072A36D140
:103DD000B1F1804F32D10AA8BDF83430BDF830209F
:103DE000BDF83840BDF83C50BDF8406000F11C0102
:103DF000059110F8041F9DF828008DE87000FFF76A
:103E0000C5FB1CE0B1F5005F18D10AA8BDF834303D
:103E1000BDF83020BDF838509DF83C6000F1180125
:103E2000049130F8041F9DF82800CDE90056FFF7F3
:103E3000E1F9FF281CBF0121217000E0002006B03D
:103E400070BD0020107070470B4900280A6A22F0EC
:103E5000010308BF42F001030B6200280A6802F068
:103E600000420A60054A04BF44F22012C0F2005228
:103E700008681043086070477040084060080001FF
:103E8000022070472C4A0021072904D05356834250
:103E900001DA0131F8E77648817170472DE9F84F72
:103EA00082467348DFF8DCB4144600260091417165
:103EB00080F804A00020072E07D01BF90610A142AD
:103EC00003DA00F580500136F5E740EA0165DFF8D6
:103ED000F0974FB24FF00008B8F1070F09D05FFA22
:103EE00088F0394649F82850FEF7C4FD08F101086A
:103EF000F2E75F49A2454E7004BF1BF80600087147
:103F00000098A04204BF1BF806004871BDE8F88F76
:103F1000B0B55749094B0A4D53F820404A78064935
:103F20002C40895662F30E3444EA016243F82020A3
:103F3000BDE8B040FEF79EBDB87E4000F0ED4020E9
:103F4000FF8FFF00044805A10068C0F3410003286B
:103F500008BF0220085C70473428084001000200B6
:103F6000FEB504464DF6EC0002A90DF10602A0874D
:103F70000420ADF806000620FAF762F3029EE94F2E
:103F8000300EB870387820B197F9030000F0D8F8F7
:103F900027E0FF21350C300AF9702906B1EB066FD6
:103FA00005DD41B268B20246FFF778FF05E041B295
:103FB00070B20246FFF772FF354668B2FFF762FF44
:103FC0002C4881686FF39A418160816841F02A71C1
:103FD0008160C1686FF39A41C160C16841F02E7180
:103FE000C16076B20025112084F83A5084F8380078
:103FF0000A2EC8BF01250B2E0BDB304600212A46B6
:1040000000F0F0F8B978D1B11A490A6842F00C0210
:1040100014E0387838B9F878022804D00220F87013
:10402000022000F08DF8304601212A4600F0DAF82F
:10403000B97821B10F490A6822F00C020A6084F8AD
:104040003B50114D84F83900DFF82CC00B490C4A65
:104050000C4B0F4E0F4F1048A5620C4DC4E90207E0
:10406000C4E90462C4E90631C4E9085CFEBD00BFCE
:10407000AC7F4020EC400840D17D4000A57E400050
:104080004D7A4000BD794000117940005D7D4000CF
:10409000717E4000017B4000A97A40001848194910
:1040A000194A1F4B0A501948194A0260194A4260BE
:1040B000194A826040F25572C260184A1360194B67
:1040C0005360194B9360194BD3600D230A6863F357
:1040D000050250230A601649425863F317424250C2
:1040E000425863F307020B2342501249425863F3CC
:1040F0000E2203234250425863F306024250704797
:1041000070FCFFFF000409400010202080080940D7
:1041100037053C00500350005507500090080940F7
:1041200007090900030507000309A81C0300281755
:104130000CFCFFFF10FCFFFF063840B27047000088
:104140001F4902280A6822F006020A600A6822F063
:1041500001020A604A6822F478424A604A6822F4FE
:1041600080624A6010D0012814D010BB086840F06B
:1041700002000860086840F001000860486840F4E8
:1041800000604860486812E0086840F00400086079
:10419000086804E008680860086840F001000860EA
:1041A000486840F478404860486840F4806048605F
:1041B000704704A004A14FF4017249F4E3BC00BFAE
:1041C000342808403000000072665F74785F706FBA
:1041D0007765725F636C6173735F636F6E66696747
:1041E0000000000070B50C460546012A08D136498A
:1041F0000020082816D00A5CAA4214DA0130F8E739
:10420000FFF7A0FEC0EB0010304901EB4000002199
:10421000102916D010F911207F2A14D0AA4213DADF
:104220000131F5E70022511BB4FA84F218BF0121D5
:1042300052091140C2B2002A18BF01221140401A8F
:1042400016E0102100E00139CAB2002610F9123040
:10425000AB42B4FA84F3C8BF01265B09002A18BF39
:10426000012233401A40891AC9B200EB410040785C
:10427000C0B270BDB0B515460446FFF763FE3DB150
:10428000601C072C15D80138FBD10F48005D11E0E8
:10429000C0EB00120D4901EB42030022102A08D0A6
:1042A00003EB42056D78FF2D03D0A54204D0013207
:1042B000F4E7002040B2B0BDC0EB001001EB4000BD
:1042C00010F81200F6E700BF3C7F4000BF7E4000C0
:1042D00070B5ED492A4D51F82020C2F3023395F90B
:1042E0000540B4EB226F1ADACBB1274C5E1E224098
:1042F000244CF3B266F30E32E45642EA046241F80B
:1043000020202146FEF7B6FB95F9050000218442E6
:10431000B6FA86F0D8BF01214009084370BD0120DC
:1043200070BD00BFAC7F4020F8B5E549E64E51F8BE
:104330002020C2F3023596F90430B3EB226F1CDD66
:10434000072D1AD00F4C6B1CDE4F3A40E45663F336
:104350000E3242EA046241F820202146FEF78AFB31
:1043600096F90400002184424FF00000A8BF01200C
:10437000052D88BF01210843F8BD0120F8BD00BF0D
:10438000AC7F4020B87E4000FF8FFF00F8B5194F8A
:1043900006460D4600201446C7E901128DF80300B9
:1043A00015A128460322F8F793F758B113A1284620
:1043B0000322F8F78DF728B111A128460422F8F757
:1043C00087F7B0B9F8F71EF63878012800D1FEE774
:1043D000012038704DF440FC0B4803681BB1304697
:1043E0002946224698474AF42DFD9DF803000028EF
:1043F000FBD0F8BDA07F40205F6B65006B655F0060
:10440000706C617400000000C0E54020B0B5054646
:10441000F8F7F8F5044607482946FEF72AF418B1DC
:1044200004482946FEF7F4F32046BDE8B040F8F70B
:10443000EDB500BF98FA40202E4910B12B4B2C222D
:1044400008E0134801F5C0512B4B026822F04002EE
:10445000026071222648036141614FF48041C260CD
:104460008160816841F408618160816841F4107164
:104470008160816841F00101816001688907FCD594
:1044800001214160816821F001018160704700BF16
:10449000000409401649174A10B1144B2C2009E0BA
:1044A000012002F5C052144B4860886820F00100DA
:1044B000886071200B614A61C86044F21000886016
:1044C000886840F408608860886840F410708860EC
:1044D000886840F00100886008688007FCD50120EA
:1044E0004860886820F001008860704708ED40202F
:1044F0000010004000280840005E402070B51A48B7
:104500001A4930224BF40FFA194A262508234FF492
:1045100080701A4E4FF401741749C2F8C4504FF41A
:104520008235C2F89C00C2F8A430C2F8803011482D
:104530004FF48203C2E90765114D4FF40076C2F8CB
:10454000A0504FF48055C2F894500125D565C2E9BA
:104550001065C2E91213C2E914044FF48870506365
:104560000420906070BD00BFE8E44020447F40001C
:1045700028EC4020003501801400400040500848DD
:1045800048000C0070B5012831D00C460846114691
:104590001D461646FEF744FB012E04D1204629464F
:1045A000FEF74EFB0AE03A489421408804FB0100E4
:1045B0001049425A22F0FF022A44425234484188AC
:1045C0008088401A942190FBF1F0A04211DD2D4823
:1045D000012E50F8241066F3CB2140F824101ABFA6
:1045E00021F0FF01294465F30A2140F8241000203E
:1045F00070BDFEE71A80402070B50C4680B30128DC
:104600003DD104EB4402214B2D4843EA4212204B9A
:1046100050F82400DC8C00F40061155B25F4006583
:1046200029441153C108DC8C49091444E58861F31D
:104630004715E580D98C11448A8A60F307028A8283
:1046400014490A68D2041AD40A68000A00F0070064
:1046500022F460620A600A6842EA402008600EE0C4
:10466000084850F824602046C6F3C0252946FEF7C6
:10467000D7FA25B1C6F302212046FEF7E1FA002061
:1046800070BD00BFB8ED4020F0ED4020008040201C
:104690000CEE4020B000094010B5094A094B52F811
:1046A00020100B4008498C7991F9041064F30E3303
:1046B00043EA016342F82030BDE81040FEF7DAB962
:1046C000F0ED4020FF8FFF00AC7F402000220A2841
:1046D000C8BF0122002918BF012142EA010070472A
:1046E0000004070A0D1013EC13EF15F217F61BF771
:1046F0001DF81EF920FA22FB24FC27FD2BFE2FFFBC
:1047000034003E7FFFEC11F013F317F718FA1BFD8E
:104710001E0025012B022F0334043D7FFF00000003
:10472000000000E610F011F912FE130115041A053D
:104730002006240728082E09340A3E7FFF000000C7
:10474000000000008D704000857F40008200000066
:10475000CD704000807F4000D10000006001B400B7
:10476000500BEE030003060A0D0D101349724000B2
:1047700099724000157340005773400079734000F0
:10478000A17340006B744000AD744000B3744000EE
:10479000BD744000957540001B76400025714000B7
:1047A000887F40004A000000423136420042420009
:1047B000424248484848000089714000867F4000D6
:1047C000410000009027084048435450F00000008A
:1047D00064660200BDF902211420000004F0D0B08C
:1047E000248E0100EDF308B95C130500B6F302BC9A
:1047F000E4D90100E8F37DBB3CAF0200DBF390B8E5
:1048000008890500ADF3BCBB24B50000FAF3ECBD8C
:104810000CEF0400B7F308B9C04E0100022900BF35
:10482000CC3B00001040022038A70400841D062C59
:10483000C0A002005146384494B505000FF00C00AA
:10484000D4980100ECF334BE785A000000F064B351
:104850009859000000F0DDB3508104000020144995
:104860003859000000F010B49CA6040018BF0021C5
:1048700058B10200002482F8B0B5000002E045F013
:10488000502102006EB1D6F8AC3302000121824201
:104890000C81040001F000007CB20200DAF373BF67
:1048A000B4B20200DAF361BF28A000000C0A0329A9
:1048B000F49E0000D847B91CA0ED0100E7F3F7B95A
:1048C00080B500F009FA02480C21017080BD00BFDC
:1048D0009009402000F0A0B87047514600F0D8F889
:1048E00004464AF6C131C0F2010108470AD1F8076F
:1048F00003D12046012104F473FA44F60F11C0F2EB
:104900000201084744F60551C0F20201084770B59C
:10491000044600F0B7F8204641F68952C0F2020280
:10492000104742F2107108440490684649F2A97198
:10493000C0F203010847AC69A24288BF22467C2B23
:1049400004D84DF65D34C0F2020420474DF67134B0
:10495000C0F202042047284600F002F9904288BFC6
:10496000024690B2618AADF8122040F6A912C0F258
:104970000302104758460B4600F0F2F819468842E9
:1049800088BF0146AAF81010608A0B4641008B428E
:1049900088BF1946042988BF0A464EF25133C0F237
:1049A0000203184706B400F051F806BC4BF6234347
:1049B000C0F20103184735B1D5F8647141F60176AC
:1049C000C0F20206304741F62B76C0F202063047AD
:1049D00059450BD8A6F80A8008EB09011FFA81F89F
:1049E000D8458CBFA6F80CB0B18101E04FF00300B0
:1049F00049F24521C0F2050108474FF0FF0200F0DF
:104A000083F845F22F51C0F2020108471B490328E1
:104A100018BF002108467047B0B50C460546FBF7A5
:104A20000BF0296809B1696800E029460C60002193
:104A30006C602160BDE8B040FBF702B00021006867
:104A400008B10131FBE788B2704700007F22B2EB6A
:104A5000500F06D148780A4900EB400001EB800076
:104A6000704741080548044B01EB4102032918BF78
:104A700003EB8200704700BF54E505000855400075
:104A800078E8050091F8C50181F839007047000009
:104A9000B0B50D460446FAF7CFF71A49096851F840
:104AA0002510002569B191F89610094A01EB4101E2
:104AB00042EA4111BF4AD28C895A490458BF4FF487
:104AC000C875FAF7BDF7601C20F001002844B0BD9E
:104AD000068040200B49096851F8200030B190F859
:104AE00099000338B0FA80F0400970470020704701
:104AF000C8B20449096851F82000002818BF0120F5
:104B0000704700BF280340202DE9F04190460D4634
:104B10000646FAF791F7074609480830FFF78EFF77
:104B200004463846FAF78CF70A2C88BFBDE8F081B6
:104B3000304629464246BDE8F04114F40DBB00BFA3
:104B40008805402050B19C4991F8393091F83B20BC
:104B5000D1F820C090F8961000206047704700BF41
:104B60000749096851F8200038B1406E40F27121C0
:104B700000F59C70B0FBF1F070470020704700BF5B
:104B8000F40240201A49096851F8200038B1018D1B
:104B900029B1B0F85200814218BFFFF7B3B7704790
:104BA0002DE9F04115460E460746FAF745F7DFF8BE
:104BB00040800446D8F8000050F8271099B191F8C9
:104BC000570050B1088D28B1FFF79CF7D8F80000C6
:104BD00050F827100D854E8505E0384631462A46A7
:104BE000012338F40FFF2046BDE8F041FAF728B75B
:104BF000FC02402070B5054640780C46182813D1B9
:104C00000C49200A096851F8206096F836000128FE
:104C10000AD1204614F4D8FA322805D096F83C0080
:104C200002281CBF002070BD28462146BDE8704008
:104C300045F4F8B91803402010B51446072809D0E8
:104C400031280ED00D2808BF102912D1D8B2FFF795
:104C500099FF0CE0B1F5002F0BD11846FFF772FF5A
:104C600005E0B1F5804F04D1184600F02FF801207F
:104C700000E00020207010BDB0B514460A460021A7
:104C800013282170DDE9041505D00D2808BFB2F501
:104C9000807F0CD0B0BDB2F5803FFBD1EAB21846A0
:104CA000FFF726FF012804BF01202070B0BDD8B255
:104CB000C9B2AAB2BDE8B040FFF772BF00201070C1
:104CC00000207047002010707047000001494162C9
:104CD000704700BF815440000D480E4901600E48E6
:104CE0000E4901600E480F4901600F480F490160ED
:104CF0000F4844F20401C0F8C4104FF488714163B6
:104D00004FF48031C1644FF40021C161704700BF8E
:104D10009801402085534000B801402011544000C4
:104D2000A8014020C5534000AC0140200954400078
:104D3000A8084020F8B5012837D114460D464AF49A
:104D40005DFFA8422CD92846FFF7C4FE012827D1D1
:104D500005EB4502174C1649174F41EA4213E58C03
:104D6000585B20F4006697F8390097F83B7046EAE4
:104D7000C726012F5E534FEA4213E28C1FBF143146
:104D800019438B5A23F0FF0311BF1844063119430E
:104D90008B5A04BF23F0E00343EA4010885204E03A
:104DA00001202946224655F421FC0020F8BD00BF11
:104DB00000804020F80040206C1540204153400006
:104DC000245540008200000008000400400010004C
:104DD00050002C00D002CE01424200004843545003
:104DE000680000003078050032206863C862000067
:104DF000FEF3AABEBCAB0100EAF333BA004D0200D9
:104E0000E0F39AB960790400DF480021841D0200B4
:104E1000E3F369B9A4970300CBF363BC5093050097
:104E2000ABF3E4BEA0090300D4F37FBB44E302006C
:104E3000D6F3BCBE08BC0100E9F372BAFC1E020046
:104E4000E3F301B928550200DFF30DBE504143489A
:104E50000C0000000D50400000F0FF00FDCFFF00EF
:104E6000FCEFFF00050001001DB0020037C0030089
:104E700038B002001580FF00D5FFFA008A9FF600C7
:104E8000518FF40050DFF600A1CFFE004E300C0031
:104E900048511D0065122F006FB33D002CF44500F2
:104EA000700400003C183C1802300C3013303C28D1
:104EB0006418083009300A300B300C306428401870
:104EC0000B30113040285818003058280250401834
:104ED0000A30402802505818053058284C1807301E
:104EE0004C28601804300930153060283C18143004
:104EF0003C2828180B30282800180D3007300028CF
:104F00001418074014281C1813300B300D401C28AF
:104F100014180C30054004300340142804180230E3
:104F20000630042848180D30482800180D30242871
:104F300010180030103011301230102800180C30CA
:104F40000730002814180C30074014281C181330A0
:104F50001C283418163010301530342800F000F0BA
:104F60001018101810401140124010280250481814
:104F70000D404828006024286C2800180D400028A7
:104F80001C1813400B400D301C2814180C40053021
:104F90000440033014281418073014280418024061
:104FA0000640042800180740002828180B4028282D
:104FB0001018004010286418084009400A400B40AF
:104FC00064283C1814403C2840180B4011404028ED
:104FD0000070A8280080AC283C180C4013403C28E6
:104FE0005818054058284C1807404C2860180440B1
:104FF000094015406028085040180A4040280550D4
:10500000581800405828145074181D40742809502E
:1050100064180C4064283C1802403C2800F000F062
:1050200010181018083010301130123010280018E5
:105030000C300730002814180C30074014281C18B6
:1050400013301C28341816301030153034283C1812
:1050500014303C286418083009300A300B300C300A
:10506000642840180B30113040283C1802300C30B6
:1050700013303C2828180B30282800180D30073032
:1050800000281418074014281C1813301C28141862
:105090000C30054004300340142804180230063058
:1050A000042848180D30482800180D3024281018FE
:1050B0000030103011301230102800F01018101885
:1050C00011401240104010280250006008280018BB
:1050D0000C40002814180C4014281C1813401C28DD
:1050E0001418073014281E50001807400028101804
:1050F000084010283C1814403C2834181640342826
:1051000040180B3040280550341810401540342802
:1051100074181D407428095000F000F01018101881
:105120001230113010300930102800180C300730C0
:10513000002814180C30074014281C1813301C28A1
:1051400044180330064011301630442860180430EB
:10515000093015301430602848180D3048283818A8
:1051600009403828581805300630073058284C18A0
:105170001B30063007304C28501800300130023008
:105180000330502800F000F01018101812401140A1
:105190001040102802500060082800180C40002819
:1051A0001C1813401C2814180C401428141807301D
:1051B00014282D50001807400028441816400630C7
:1051C00044286018044009401540144060284818DD
:1051D0000D4048283818093038285818054006402E
:1051E000074058284C181B40064007404C285018D0
:1051F000004001400240034050280550101809406B
:105200001028441803401140442874181D40742885
:105210001E5000F051777977A177C977F177197827
:10522000417869789178B978E17809793179597953
:105230008179A979D179F979217A497A717A997A3A
:10524000C17AE97A117B397B617B897BB17BD97B20
:10525000017C297C517C797CA17CC97CF17C197D05
:10526000417D697D917DB97DE17D097E317E597EEB
:10527000817EA97ED17EF97E217F497F717F997FD2
:10528000C17FE97F1180398061808980B180D980B8
:105290000181298151817981A181C981F18119829D
:1052A000418269829182B982E18209833183598383
:1052B0008183ED7615773D7765778D77B577DD77E7
:1052C00005782D7855787D78A578CD78F5781D7995
:1052D00045796D799579BD79E5790D7A357A5D7A7B
:1052E000857AAD7AD57AFD7A257B4D7B757B9D7B62
:1052F000C57BED7B157C3D7C657C8D7CB57CDD7C48
:10530000057D2D7D557D7D7DA57DCD7DF57D1D7E2C
:10531000457E6D7E957EBD7EE57E0D7F357F5D7F12
:10532000857FAD7FD57FFD7F25804D8075809D80F9
:10533000C580ED8015813D8165818D81B581DD81DF
:1053400005822D8255827D82A582CD82F5821D83C4
:1053500050777877A077C877F077187840786878B2
:105360009078B878E0780879307958798079A87998
:10537000D079F879207A487A707A987AC07AE87A7F
:10538000107B387B607B887BB07BD87B007C287C63
:10539000507C787CA07CC87CF07C187D407D687D4A
:1053A000907DB87DE07D087E307E587E807EA87E30
:1053B000D07EF87E207F487F707F987FC07FE87F17
:1053C0001080388060808880B080D88000812881FB
:1053D00050817881A081C881F081188240826882E2
:1053E0009082B882E0820883308358838083D976A4
:1053F00029777977C97719786978B97809795979E6
:10540000A979F979497A997AE97A397B897BD97BC3
:10541000297C797CC97C197D697DB97D097E597E9D
:10542000A97EF97E497F997FE97F39808980D9807B
:1054300029817981C98119826982B98209831577A5
:105440006577B57705785578A578F57845799579B4
:10545000E579357A857AD57A257B757BC57B157C90
:10546000657CB57C057D557DA57DF57D457E957E6C
:10547000E57E357F857FD57F25807580C580158148
:105480006581B58105825582A582F5824583000438
:10549000B203D4028801000078FE2CFD4EFC00FC13
:1054A0004EFC2CFD78FE00008801D402B2030000FF
:1054B00078FE2CFD4EFC00FC4EFC2CFD78FE00001E
:1054C0008801D402B2030004B203D40288010003AD
:1054D000060A0D101315FFFF1AFFFF28FF2E343E9A
:1054E00000040A0D10130000C20E0110C90E0110B5
:1054F000D00E0110DA0E0110E40E0110EC0E0110B6
:105500007072696E745F70696E5F73746174650048
:105510007369666C695F70696E5F6D6F6465007357
:1055200069666C695F70696E5F726561640073695A
:10553000666C695F70696E5F6174746163685F69EE
:105540007271007369666C695F70696E5F6465741F
:10555000746163685F697271007369666C695F701A
:10556000696E5F6972715F656E61626C6500636828
:1055700065636B5F7773725F70696E0070696E5FF1
:105580006972715F686472006472765F70696E5FE1
:10559000636865636B0070696E206770696F206671
:1055A000756E6374696F6E73005F5F636D645F70C7
:1055B000696E0000F9830010C18300107183001030
:1055C000117B0010FD7B00107181001000000000B5
:1055D000000000007369666C695F636F6E666967DF
:1055E000757265007369666C695F636F6E74726F64
:1055F0006C007369666C695F7075746300736966CB
:105600006C695F67657463007369666C695F646D7C
:10561000615F7472616E736D69740072745F687734
:105620005F75736172745F696E6974320048414CD2
:105630005F554152545F4572726F7243616C6C6288
:1056400061636B0048414C5F554152545F5278484A
:10565000616C6643706C7443616C6C6261636B0077
:10566000756172745F69737200756172742073651D
:105670007474696E67005F5F636D645F75617274F7
:1056800000000000C5890010A98A0010C58800101C
:10569000858800102189001000C201000800040064
:1056A0006472765F6765745F626C657379735F635C
:1056B0006C6B006472765F6765745F6C707379738E
:1056C0005F636C6B006472765F6765745F687073AC
:1056D00079735F636C6B005265626F6F74205379EE
:1056E0007374656D005F5F636D645F7265626F6F99
:1056F00074006173736572745F636F6D6D616E6466
:10570000005377697463682064656275672075610A
:10571000727420746F206A6C696E6B005F5F636DDA
:10572000645F64626775617274326A6C696E6B0083
:10573000466F72636520554C4F475F415353455246
:1057400054005F5F636D645F6173736572740042E0
:105750005420545820706F7765722061646A7573A5
:1057600074005F5F636D645F7077725F6374726C07
:105770000052656769737465722072656164202FD9
:10578000207772697465005F5F636D645F7265673F
:105790006F700073657420616E616C6F672070615B
:1057A000206D6F6465005F5F636D645F6170615F52
:1057B0007365745F6D6F64650000000000C20100D6
:1057C0000800040072745F6170706C6963617469D1
:1057D0006F6E5F696E69740072745F646576696389
:1057E000655F7365745F72785F696E646963617425
:1057F000650072745F6465766963655F636F6E747C
:10580000726F6C0072745F6465766963655F77724E
:105810006974650072745F6465766963655F72655B
:1058200061640072745F6465766963655F636C6F61
:1058300073650072745F6465766963655F6F706538
:105840006E0072745F6465766963655F66696E6435
:105850000072745F7468726561645F69646C655F2F
:105860006578637574650072745F6D757465785FD3
:1058700072656C656173650072745F6D75746578CF
:105880005F74616B650072745F6D757465785F69D4
:105890006E69740072745F73656D5F72656C6561CB
:1058A00073650072745F73656D5F74616B65007220
:1058B000745F73656D5F696E69740072745F696EA1
:1058C000746572727570745F6C65617665003031F5
:1058D0003233343536373839616263646566003097
:1058E0003132333435363738394142434445460046
:1058F000000001000200010003000100020001009D
:105900000400010002000100030001000200010088
:105910000500010002000100030001000200010077
:105920000400010002000100030001000200010068
:105930000600010002000100030001000200010056
:105940000400010002000100030001000200010048
:105950000500010002000100030001000200010037
:105960000400010002000100030001000200010028
:105970000700010002000100030001000200010015
:105980000400010002000100030001000200010008
:1059900005000100020001000300010002000100F7
:1059A00004000100020001000300010002000100E8
:1059B00006000100020001000300010002000100D6
:1059C00004000100020001000300010002000100C8
:1059D00005000100020001000300010002000100B7
:1059E00004000100020001000300010002000100A8
:1059F00072745F6672656500706C75675F686F6C66
:105A000065730072745F6D616C6C6F6300696E69C1
:105A1000745F686561705F656E640072745F73794E
:105A20007374656D5F686561705F696E6974006C41
:105A3000697374206D656D6F727920757361676528
:105A400020696E666F726D6174696F6E005F5F636F
:105A50006D645F6C6973745F6D656D0072745F6F08
:105A6000626A6563745F6765745F747970650072FC
:105A7000745F6F626A6563745F69735F737973746F
:105A8000656D6F626A6563740072745F6F626A65E8
:105A900063745F64656C6574650072745F6F626ADD
:105AA0006563745F616C6C6F636174650072745FD1
:105AB0006F626A6563745F646574616368007274C1
:105AC0005F6F626A6563745F696E69740072745FA8
:105AD0007363686564756C655F72656D6F76655F2D
:105AE0007468726561640072745F7363686564757D
:105AF0006C655F696E736572745F7468726561640A
:105B0000005F72745F7363686564756C65725F7360
:105B10007461636B5F636865636B0072745F746864
:105B2000726561645F74696D656F75740072745F2E
:105B30007468726561645F726573756D6500727417
:105B40005F7468726561645F73757370656E64001D
:105B500072745F7468726561645F636F6E74726F94
:105B60006C0072745F7468726561645F736C656504
:105B7000700072745F7468726561645F64656C65FF
:105B800074650072745F7468726561645F737461D8
:105B900072747570005F72745F7468726561645FBF
:105BA000696E69740072745F7468726561645F69BC
:105BB0006E69740072745F74696D65725F636F6E95
:105BC00074726F6C0072745F74696D65725F737468
:105BD0006F700072745F74696D65725F7374617267
:105BE000740072745F74696D65725F64657461637B
:105BF000680072745F74696D65725F696E697400C4
:105C000072745F70696E5F726561640072745F7058
:105C1000696E5F77726974650072745F70696E5F38
:105C20006D6F6465007570646174655F70696E5F47
:105C30006972710072745F70696E5F6972715F651D
:105C40006E61626C650072745F70696E5F6174741E
:105C50006163685F697271005F70696E5F72656130
:105C600064007570646174655F70696E5F76616C05
:105C70007565005F70696E5F777269746500616455
:105C8000645F70696E5F6D6F6465005F70696E5F01
:105C9000636F6E74726F6C007265616420737461FF
:105CA0007475732066726F6D2068617264776172BB
:105CB000652070696E0070696E526561640077726C
:105CC0006974652076616C756520746F20686172F7
:105CD00064776172652070696E0070696E577269D1
:105CE0007465007365742068617264776172652001
:105CF00070696E206D6F64650070696E4D6F6465CC
:105D00000072745F646D615F726563765F75706465
:105D10006174655F7075745F696E64657800727434
:105D20005F68775F73657269616C5F697372007237
:105D3000745F73657269616C5F696E697400727417
:105D40005F73657269616C5F6F70656E0072745F1E
:105D500073657269616C5F636C6F73650072745F09
:105D6000646D615F726563765F7570646174655FB1
:105D70006765745F696E646578005F7365726961F9
:105D80006C5F6669666F5F63616C635F72656376A3
:105D900065645F6C656E005F73657269616C5F64FA
:105DA0006D615F7278005F73657269616C5F696EC7
:105DB000745F72780072745F73657269616C5F7290
:105DC000656164005F73657269616C5F696E745FC1
:105DD00074780072745F73657269616C5F77726961
:105DE00074650072745F73657269616C5F636F6E76
:105DF00074726F6C0072745F68775F73657269614B
:105E00006C5F72656769737465720072745F636F4B
:105E10006D706C6574696F6E5F646F6E650072742F
:105E20005F636F6D706C6574696F6E5F77616974C5
:105E30000072745F636F6D706C6574696F6E5F691B
:105E40006E69740072745F646174615F7175657509
:105E5000655F6465696E69740072745F6461746122
:105E60005F71756575655F7065616B0072745F6405
:105E70006174615F71756575655F706F70007274D4
:105E80005F646174615F71756575655F7075736876
:105E90000072745F646174615F71756575655F69D7
:105EA0006E69740066696E73685F676574636861C4
:105EB000720066696E73685F72785F696E6400660F
:105EC000696E73685F7365745F64657669636500A6
:105ED00066696E73685F7365745F70726F6D7074FE
:105EE0005F6D6F6465006C69737420616C6C207306
:105EF000796D626F6C20696E2073797374656D00C3
:105F00006C697374006C6973742064657669636589
:105F100020696E2073797374656D005F5F636D64D3
:105F20005F6C6973745F646576696365006C69733F
:105F3000742064657669636520696E207379737473
:105F4000656D006C6973745F646576696365006C88
:105F50006973742074696D657220696E207379733A
:105F600074656D005F5F636D645F6C6973745F740B
:105F7000696D6572006C6973742074696D65722057
:105F8000696E2073797374656D006C6973745F74E6
:105F9000696D6572006C697374206D656D6F7279DF
:105FA00020706F6F6C20696E2073797374656D005B
:105FB0005F5F636D645F6C6973745F6D656D706F57
:105FC0006F6C006C697374206D656D6F72792070F1
:105FD0006F6F6C20696E2073797374656D006C69E6
:105FE00073745F6D656D706F6F6C006C6973742096
:105FF0006D65737361676520717565756520696E80
:106000002073797374656D005F5F636D645F6C69A5
:1060100073745F6D73677175657565006C69737412
:10602000206D65737361676520717565756520699D
:106030006E2073797374656D006C6973745F6D7332
:10604000677175657565006C697374206D61696C45
:1060500020626F7820696E2073797374656D005FBC
:106060005F636D645F6C6973745F6D61696C626FAF
:1060700078006C697374206D61696C20626F7820A0
:10608000696E2073797374656D006C6973745F6DEC
:1060900061696C626F78006C697374206D757465EA
:1060A0007820696E2073797374656D005F5F636D2E
:1060B000645F6C6973745F6D75746578006C697387
:1060C00074206D7574657820696E207379737465BA
:1060D0006D006C6973745F6D75746578006C6973BD
:1060E00074206576656E7420696E207379737465AB
:1060F0006D005F5F636D645F6C6973745F65766587
:106100006E74006C697374206576656E7420696EB8
:106110002073797374656D006C6973745F6576655F
:106120006E74006C6973742073656D6170686F7252
:106130006520696E2073797374656D005F5F636DB0
:10614000645F6C6973745F73656D006C6973742050
:1061500073656D6170686F726520696E2073797305
:1061600074656D006C6973745F73656D006C697341
:106170007420746872656164005F5F636D645F6C56
:106180006973745F746872656164006C697374200C
:10619000746872656164006C6973745F74687265B9
:1061A00061640073686F77205254202D2054687208
:1061B0006561642076657273696F6E20696E666FC3
:1061C000726D6174696F6E005F5F636D645F7665A9
:1061D0007273696F6E0073686F77205254202D20A0
:1061E0005468726561642076657273696F6E2069A8
:1061F0006E666F726D6174696F6E00766572736939
:106200006F6E007361792068656C6C6F20776F72B8
:106210006C640068656C6C6F000000003C25011028
:106220004D2501105A2501106C250110772501100C
:10623000822501108625011093250110A225011049
:10624000AA250110BB250110C8250110D025011079
:10625000DB250110E4250110F5250110FA250110B8
:1062600008260110152601102A26011038260110D3
:10627000FB2001105254202D205468726561642067
:106280007368656C6C2068656C702E005F5F636D71
:10629000645F68656C70004368616E6765204D538C
:1062A00048202F2046494E534820636F6E736F6C11
:1062B00065206465766963652E005F5F636D645F6A
:1062C000636F6E736F6C650053686F7720746865D9
:1062D000206D656D6F727920757361676520696ED9
:1062E000207468652073797374656D2E005F5F6339
:1062F0006D645F66726565004578656375746520D9
:10630000636F6D6D616E6420776974682074696D68
:10631000652E005F5F636D645F74696D65004C6935
:106320007374207468726561647320696E20746888
:10633000652073797374656D2E005F5F636D645FB4
:10634000707300756C6F675F6261636B656E645F2D
:106350007265676973746572006F75747075745FC8
:106360006C6F636B00756C6F675F766F75747075BB
:106370007400756C6F675F666F726D617465720033
:10638000756C6F675F737472637079003B270110DF
:1063900000000000000000003F270110432701100B
:1063A0000000000047270110000000004B270110EB
:1063B00000000000000000004E27011051270110CE
:1063C0000000000054270110572701100020202052
:1063D0002020202020202828282828202020202095
:1063E0002020202020202020202020202088101065
:1063F00010101010101010101010101010040404C1
:10640000040404040404041010101010101041417E
:10641000414141410101010101010101010101016C
:106420000101010101010101101010101010424280
:10643000424242420202020202020202020202023C
:1064400002020202020202021010101020000000DC
:10645000000000000000000000000000000000003C
:10646000000000000000000000000000000000002C
:10647000000000000000000000000000000000001C
:10648000000000000000000000000000000000000C
:1064900000000000000000000000000000000000FC
:1064A00000000000000000000000000000000000EC
:1064B00000000000000000000000000000000000DC
:1064C00000000000000000000000000000000000CC
:1064D000F8B500BFF8BC08BC9E467047F8B500BFD1
:1064E000F8BC08BC9E4670475FF800F02D2D0020D8
:1064F0005FF800F0934300205FF800F0813F002038
:106500005FF800F0894000205FF800F0013E0020B5
:106510005FF800F0193700205FF800F0592D0020D7
:106520005FF800F03B3E00205FF800F07152002061
:106530005FF800F0594100205FF800F0012C0020C6
:106540005FF800F06D3700205FF800F06D2C002040
:106550005FF800F0C92D00205FF800F08D330020B7
:106560005FF800F0954500205FF800F0CF2D002087
:106570005FF800F0712D00205FF800F03941002035
:106580005FF800F0E53300205FF800F0D54200200E
:106590005FF800F0512F00205FF800F0C92E0020B6
:1065A0005FF800F0153B00205FF800F07D2E002022
:1065B0005FF800F0914200205FF800F001450020F4
:1065C0005FF800F0CF2D00205FF800F00D2C0020C8
:1065D0005FF800F0013F00205FF800F0B5360020C2
:1065E0005FF800F0E54000205FF800F02D42002049
:1065F0005FF800F00D5200205FF800F0093700202E
:106600005FF800F0B12F00205FF800F05536002051
:106610005FF800F0454900205FF800F09B3E002045
:106620005FF800F0992D00205FF800F0D13C0020C9
:106630005FF800F0E14100205FF800F0B53F002076
:106640005FF800F0C12D00205FF800F0EB3600206D
:106650005FF800F0AD3300205FF800F075410020D6
:106660009F27011087270110492E0010C227011013
:10667000AD270110212B0010A955011096550110CE
:10668000C97E00107656011069560110B18B0010BA
:10669000E5560110D7560110D79000101C57011075
:1066A000015701102D910010425701103057011071
:1066B00019910010625701104F570110FD92001000
:1066C0008757011071570110A5910010A6570110AE
:1066D00093570110599300104D5A01102F5A011071
:1066E00071AE0010B65C0110985C011005CA001074
:1066F000DA5C0110BE5C0110B9CA0010F95C01102F
:10670000E35C0110B1CB0010005F0110E65E0110E8
:106710001DE300101B5F0110055F011065E3001011
:10672000435F01102D5F011065E30010645F0110ED
:106730004F5F0110EDE300108A5F0110755F0110DB
:10674000EDE30010B05F0110955F011079E40010D7
:10675000DE5F0110C35F011079E4001008600110D2
:10676000EB5F011009E50010396001101C60011099
:1067700009E500105F60011047600110ADE50010F1
:106780008A60011072600110ADE50010AC6001106C
:10679000976001105DE60010D2600110BD6001102D
:1067A0005DE60010F2600110DD600110D1E600101E
:1067B0001861011003610110D1E600103C61011065
:1067C0002361011071E70010646101104B61011039
:1067D00071E70010796101106D61011015E800107A
:1067E000976101108B61011015E80010C86101105C
:1067F000A3610110D5E20010FB610110D661011008
:10680000D5E20010136201100362011081E2001052
:106810008C62011074620110E5E80010BA62011088
:10682000976201104FE90010ED620110C86201107B
:10683000ABEB001013630110F86201109DEB001028
:106840003A6301101E630110A1EB0010B795001010
:10685000BB950010BF95001061EC001065F10010B1
:10686000E5C90010492A001005DD0010C39500108D
:046870000000000024
:106874001811FF7FB0B0B0807411FF7F01000000D9
:10688400B8680110C0570020300400000402001052
:10689400002C0020B02700007468011000FC0720C1
:0468A40000000000F0
:1068A800F05B002018100000B0530020100000001A
:1068B80002000000006CDC02FF3C3A3C3C3A3B3BE7
:1068C8003B3E3A3A3A393839383837373736363539
:1068D8003534343333333232323132323030302F90
:1068E80030302F2F2F2F2F2F2F2F303030303030A8
:1068F8003030313131323232333334343535363762
:1069080037383839393A3A3A00804020FFFF0000DA
:106918000000000000000000FFFF00000000000071
:1069280000000000FFFF0000000000000000000061
:10693800FFFF00000000000000000000FFFF000053
:106948000000000000000000FFFF00000000000041
:1069580000000000FFFF0000000000000000000031
:10696800FFFF00000000000000000000FFFF000023
:106978000000000000000000FFFF00000000000011
:1069880000000000FFFF0000000000000000000001
:10699800FFFF00000000000000000000FFFF0000F3
:1069A8000000000000000000FFFF000000000000E1
:1069B80000000000FFFF00000000000000000000D1
:1069C800FFFF00000000000000000000FFFF0000C3
:1069D8000000000000000000FFFF000000000000B1
:1069E80000000000FFFF00000000000000000000A1
:1069F800FFFF00000000000000000000FFFF000093
:106A08000000000000000000FFFF00000000000080
:106A180000000000FFFF0000000000000000000070
:106A2800FFFF00000000000000000000FFFF000062
:106A38000000000000000000FFFF00000000000050
:106A480000000000FFFF0000000000000000000040
:106A5800FFFF00000000000000000000FFFF000032
:106A68000000000000000000FFFF00000000000020
:106A780000000000FFFF0000000000000000000010
:106A8800FFFF000000000000000000005810085040
:106A98000000000036000000060000006C100850DE
:106AA8000000000037000000070000006C100850CC
:106AB80000000000370000000400000080100850AB
:106AC8000000000038000000050000008A0F0110D7
:106AD800004008503B0000000000000000000000DB
:106AE800900F0110005008504A00000000000000FC
:106AF80000000000FF00010001000000010000008C
:106B080001000000145A0020145A002084000000DC
:106B180002000000245A0020245A0020200000000F
:106B280003000000345A0020345A002024000000DA
:106B380004000000445A0020445A002020000000AD
:106B480005000000545A0020545A0020300000006C
:106B580006000000645A0020645A00203400000037
:106B680008000000745A0020745A00203800000001
:106B780009000000845A0020845A002040000000C8
:106B88000A000000945A0020945A002030000000A7
:106B980001000000A85A002000000000D06A002070
:106BA800386B0020A06B00200000000000000000EF
:106BB80000000000000000000000000000000000CD
:106BC80000000000000000000000000000000000BD
:106BD80000000000000000000000000000000000AD
:106BE800000000000000000000000000000000009D
:106BF800000000000000000000000000000000008D
:106C0800000000000000000000000000000000007C
:106C1800000000000000000000000000000000006C
:106C2800000000000000000000000000000000005C
:106C380001000000000000000E33CDAB34126DE6F9
:106C4800ECDE05000B000000000000000000000062
:106C5800000000000000000000000000000000002C
:106C6800000000000000000000000000000000001C
:106C7800000000000000000000000000000000000C
:106C880000000000000000000000000000000000FC
:106C980000000000000000000000000000000000EC
:106CA80000000000000000000000000000000000DC
:106CB80000000000000000000000000000000000CC
:106CC80000000000000000000000000000000000BC
:106CD8000000000000000000252A0010FD29001017
:0400000510009683CE
:00000001FF
