:020000042002D8
:1000000000200420715D0220751F0220B95D0220CE
:10001000BB5D0220BB5D0220BB5D0220BB5D0220F8
:10002000000000000000000000000000BB5D022096
:10003000BB5D022000000000BB5D0220BB5D022012
:10004000BB5D0220BB5D0220BB5D0220BB5D0220C8
:10005000BB5D0220BB5D0220BB5D0220BB5D0220B8
:10006000BB5D0220BB5D0220BB5D0220BB5D0220A8
:10007000BB5D0220BB5D0220BB5D0220BB5D022098
:10008000BB5D0220BB5D0220BB5D0220BB5D022088
:10009000BB5D0220BB5D0220BB5D0220BB5D022078
:1000A000BB5D0220BB5D0220BB5D0220BB5D022068
:1000B000BB5D0220BB5D0220BB5D0220BB5D022058
:1000C000BB5D0220BB5D0220BB5D0220BB5D022048
:1000D000BB5D0220BB5D0220BB5D0220BB5D022038
:1000E000BB5D0220BB5D0220BB5D0220BB5D022028
:1000F000BB5D0220BB5D0220BB5D0220BB5D022018
:10010000BB5D0220BB5D0220BB5D0220BB5D022007
:10011000BB5D0220BB5D0220BB5D0220BB5D0220F7
:10012000BB5D0220BB5D0220BB5D0220BB5D0220E7
:10013000BB5D0220BB5D0220BB5D0220BB5D0220D7
:10014000BB5D0220BB5D0220BB5D0220BB5D0220C7
:10015000BB5D0220BB5D0220BB5D0220BB5D0220B7
:10016000BB5D0220BB5D0220BB5D0220BB5D0220A7
:10017000BB5D0220BB5D0220BB5D0220BB5D022097
:10018000BB5D0220BB5D0220BB5D0220BB5D022087
:10019000BB5D0220BB5D0220BB5D0220BB5D022077
:1001A000BB5D0220BB5D0220BB5D0220BB5D022067
:1001B000BB5D0220BB5D0220BB5D0220BB5D022057
:1001C000BB5D0220BB5D0220BB5D02200000000081
:1001D000000000000000000000000000000000001F
:1001E000000000000000000000000000000000000F
:1001F00000000000000000000000000000000000FF
:0402000000000000FA
:100208000348044B834202D0034B03B1184770479D
:10021800B4490420B449042000000000064B0749F3
:10022800C91A891048BF0131491003D0044B0BB1DA
:1002380001481847704700BFB4490420B449042056
:100248000000000010B5064C237843B9FFF7D8FF2B
:10025800044B13B10448AFF300800123237010BD91
:10026800B44904200000000094C2022008B5054BE0
:100278001BB105490548AFF30080BDE80840FFF70A
:10028800CDBF00BF00000000B849042094C202207E
:10029800002310B5934200DB10BDC4692406FCD5C9
:1002A800CC5C01338462F5E707B501228DF80700BD
:1002B8000DF107010E48FFF7EBFF0E4BD3F888202E
:1002C80002F00302032A02F101010FD0D3F88820BB
:1002D80022F00302C3F88820D3F888200A43C3F821
:1002E80088200CF00BF803B05DF804FBFEE700BFB4
:1002F8000040085000A00C503422014BDA607047CF
:10030800004009507047704710B5012300220321AF
:10031800022004F017FB0123002219460A2004F0EA
:1003280011FB012310220921082004F00BFB0123F3
:1003380010220A21032004F005FBBDE81040012328
:1003480000220C210B2004F0FDBA10B5044601214F
:10035800052004F09FFC0121062004F09BFC0121EC
:10036800072004F097FC0121092004F093FC0121E7
:100378000C2004F08FFC01210D2004F08BFC0121DE
:1003880054B1084604F086FC012330220B210420D6
:10039800BDE8104004F0D6BA042004F07BFC012329
:1003A80030220B211846F3E708B500220123032168
:1003B800052004F0C7FA0123002219460A2004F098
:1003C800C1FA0123102209210C2004F0BBFA0123F1
:1003D80010220A21032004F0B5FA012330220B2150
:1003E800184604F0AFFA012330220C21092004F04A
:1003F800A9FA0121022004F04DFC0121042004F097
:1004080049FC0121062004F045FC0121072004F0E5
:1004180041FC0121082004F03DFC01210B2004F0DF
:1004280039FCBDE8084001210D2004F033BC10B5AB
:100438000123002219211E2004F084FA012300223E
:100448001B211A2004F07EFA0123102221211D20ED
:1004580004F078FA0123102222211B2004F072FAFA
:100468000123302223211C2004F06CFABDE810403F
:100478000123302224211F2004F064BA10B501237F
:1004880030224FF4DA711D2004F05CFA142001F0D8
:100498004AFD012300224FF4D9711C2004F052FABE
:1004A8000123302240F2B5111E2004F04BFA01233B
:1004B80030224FF4DB711F2004F044FA012330226C
:1004C80040F2B7111A2004F03DFABDE810400123AC
:1004D80030224FF4DC711B2004F034BA10B50D4BF8
:1004E8005B68C3F30223072B0CD1002401340121DC
:1004F800204604F0CFFB0D2CF8D10020BDE81040B9
:100508000BF0CCBE1BB1012BF7D1022010BD01208E
:10051800FCE700BF00B00050704708B51022012367
:100528000921022004F00EFA012310220A210320D7
:1005380004F008FA012310220B21042004F002FA27
:10054800012310220C21052004F0FCF901231022BC
:100558000D21062004F0F6F9012310220E210720B0
:1005680004F0F0F9012310220F21082004F0EAF921
:10057800102201231146092004F0E4F90123102276
:1005880006210A2004F0DEF90123002219460B2077
:1005980004F0D8F90123002203210C2004F0D2F939
:1005A8000121084604F076FBBDE8084001210D2032
:1005B80004F070BB10B50123044610220921022063
:1005C80004F0C0F9012310220A21032004F0BAF92B
:1005D800012310220B21042004F0B4F90123102276
:1005E8000C21052004F0AEF9012310220D21092069
:1005F80004F0A8F9012310220E210A2004F0A2F920
:10060800012310220F210B2004F09CF91022012352
:1006180011460C2004F096F90123002219460820FF
:1006280004F090F9012300220321062004F08AF93E
:10063800022C13D0042C25D0012C2CD106212346C2
:1006480010220D2004F07EF92146204604F022FBFA
:10065800BDE810400121072004F01CBB0123102233
:100668000421184604F06EF90123102205210D20FB
:1006780004F068F92146BDE8104001230022072054
:1006880004F060B90621012300220D2004F05AF974
:1006980001210846DAE710BD08B5012300221946F2
:1006A8000A2004F04FF9012300220321092004F055
:1006B80049F9012310220921062004F043F90123F6
:1006C80010220A21082004F03DF9012330220B21D1
:1006D800072004F037F9012330220C210B2004F005
:1006E80031F90121084604F0D5FA0121022004F06D
:1006F800D1FA0121032004F0CDFA0121042004F0ED
:10070800C9FA0121052004F0C5FA01210C2004F0E2
:10071800C1FABDE8084001210D2004F0BBBA02214E
:10072800042004F0E9BB00002DE9F04100248AB060
:1007380005463022214663480AF064F8624BA81E39
:1007480005934FF0805307930323069409930428D5
:1007580004D8DFE800F06462045D6000FEE705236A
:1007680009930423099D0893032D62D109F090FD94
:1007780005A90246534803F081FE2A46082151483C
:1007880003F06EFD4F4803F079FA504B984248D970
:1007980003F1A46303F58343984244D903F1377303
:1007A80003F5D843984240D9494B98423FD9494B21
:1007B800984298BF0724002607254FF003086700D2
:1007C800FFB27A1E334652B229463E48CDE9025559
:1007D800CDE9006802F022F931463A4802F013F9EF
:1007E800621E334652B229463648CDE90255CDE954
:1007F800006802F03CF98021324802F02CF92346C7
:100808003A4601212F4803F04FFD0AB0BDE8F081B8
:1008180002230993A6E7062309930823A2E71023D6
:10082800A0E72C46C7E70424C5E70524C3E7062448
:10083800C1E7052D0DD109F02BFD05A90246214878
:1008480003F098FE1F4803F0A1FD1E4803F0B9FD10
:10085800DBE7062D0DD109F01BFD05A90246194855
:1008680003F054FF174803F08BFF164803F09AFF74
:10087800CBE709F00DFD00250324012702260246D7
:1008880005A9104803F096FC2B4606222146CDE91F
:100898000247CDE900560B4802F0C0F8EB210948A1
:1008A80002F0B1F821462B462A46CDE90247CDE9A8
:1008B8000056044802F0DBF83821024802F0CBF871
:1008C800A3E700BFD0490420001004500129DE0727
:1008D80001EBC9130184D71710B5154B5C68C4F335
:1008E8000224A31E042B21D8DFE803F01D1B1503E7
:1008F8001900FFF7D1FE0122002011460BF0D4FCAD
:100908000120FFF70CFF022009F0CEFC2046BDE8CD
:100918001040FFF709BF0220FFF74CFEEBE7042069
:10092800FAE70120F8E7FFF7F8FDE4E710BD00BF9C
:1009380000B00050154B70B503F14406B0F1905F5C
:1009480038BF1E4633690C46834201D9012070BD69
:1009580072691A448242F9D3C01AC0F30B037BB9F7
:10096800C1F30B037BB94518291B0CB92046EEE7E8
:10097800304603F037F90028E8D1A4F58054F3E7AE
:100988004FF0FF30E3E76FF00100E0E7206F04204D
:100998002DE9F843204B0F4603F14408B0F1905F6E
:1009A80038BF9846D8F810501646854202D900201C
:1009B800BDE8F883D8F814202A448242F7D3451BAF
:1009C80015F0FF0412D0C4F58074B44228BF344631
:1009D8000A4623462946404603F01FF88442E6D1DA
:1009E80025442744341B1CB93046E1E73446FAE76E
:1009F800B4F5807FA14628BF4FF480793A464B462C
:100A08002946404603F009F88145D0D14D444F446A
:100A1800A4EB0904E7E700BF206F04200B4610B5DC
:100A280014460146184609F007FF204610BD00008D
:100A38002DE9F04F00260F461546B046194BDFF852
:100A480068A01B68DFF864B01B690446834285B060
:100A580098BFC41A1DB9304605B0BDE8F08FDAF862
:100A68000010DBF80000A942B0FBF1FC894601F157
:100A7800FF3228BFA946B4FBF1F10CF1FF3CB4FBEF
:100A8800F0F0CDE90188CDF80090BB1922400CEABE
:100A9800010104F047FE4845DDD106442D1A0444FF
:100AA800D8E700BF086D0420042C0420002C042083
:100AB8002DE9F84300F11E460D4614461746B04688
:100AC80002EB0109B7F5007FA9EB070118D2C4F3BF
:100AD800080797B124F4FF7020F001004FF400726A
:100AE8000C49304401F09CF824F4FF7020F0010018
:100AF8003A460849284409F09FFE2046BDE8F88395
:100B080040464FF4007201F08BF8A7F5007708F51E
:100B18000078D7E7046B04202DE9F84300F11E465E
:100B28000D4614461746B04602EB0109B7F5007F9B
:100B3800A9EB070118D2C4F3080797B124F4FF7092
:100B480020F001004FF400720C49304400F052FECE
:100B580024F4FF7020F001003A460849284409F0BF
:100B68006BFE2046BDE8F88340464FF4007200F063
:100B780041FEA7F5007708F50078D7E7046B042055
:100B88002DE9F04715460E4628491A46DDE9083C86
:100B98000F68E9188F42DDF828E000D2FEE7244903
:100BA80007F18009B9F1000F096815DD214C646D62
:100BB80004F01F08C844BFF34F8FDFF880A0A0449B
:100BC800CAF85C422034A8EB0409B9F1000FF7DC3D
:100BD800BFF34F8FBFF36F8FC4071BD5154C94F825
:100BE8006B80B8F1000F15D0646D04F5805804F0DF
:100BF8001F0404F50864BFF34F8FDFF84090203CD2
:100C0800002CC9F85C8208F12008F8DCBFF34F8F8C
:100C1800BFF36F8F07FB0655CDE908CE01FB0051E6
:100C2800BDE8F047044802F016BE00BF042C0420BB
:100C3800002C0420206F0420646F042000ED00E0E5
:100C480010B41C4B014618688030002812DD1A4B7E
:100C58005B6D03F01F020244BFF34F8F174C1A4419
:100C6800C4F85C322033D01A0028F9DCBFF34F8F68
:100C7800BFF36F8FCB0718D50F4B93F86B20A2B13A
:100C88005B6D03F5805203F01F0303F50863BFF3A0
:100C98004F8F0A48203B002BC0F85C2202F120024B
:100CA800F8DCBFF34F8FBFF36F8F05485DF8044B37
:100CB80002F092BE042C0420206F042000ED00E016
:100CC800646F04202DE9F0478CB001F067FE012124
:100CD800002004F011F901210C2004F00DF9012085
:100CE80004F008F89C4F902004F068FA002001F006
:100CF8001AF93B68994D013B052B00F21D81DFE88D
:100D080013F00600060078007800F8000C019448FB
:100D180004F0BAF8934C062009F0C6FA07AE02218F
:100D2800042004F0E9F80FCC0FC654F8043B3360F4
:100D380003AE94E80F0086E80F0001238A4C84F87C
:100D48003530002308933B68012B4DD1FFF7DCFABF
:100D580009F09EFA33460090844A834807A903F0B5
:100D680013F83E68012E0DD1206B814BC31A5842EF
:100D78005841FFF7EAFA31467B4802F07AFA022333
:100D880084F820307B4B7C4A2B607C4B1A607C4B70
:100D98007C4A1A607C4BA26B1A607C4B1C60052451
:100DA800DFF8EC81784EDFF81C922B6842F610428F
:100DB800774930689847D8F800304B4540F0C080F4
:100DC8003B68042B40F08580D8F8A4305A1E0332C3
:100DD8007FD8704A6E49136042F610422B6830681B
:100DE8000CB0BDE8F0471847FFF7DEFA0223089376
:100DF800AEE75B4804F048F8674C062009F05AFA59
:100E080007AE0221062004F077F80FCC0FC654F87D
:100E1800043BD7F80080336003AE94E80F00B8F1C4
:100E2800030986E80F0018BF4FF00109FFF7FFFA22
:100E38000223B8F1030F4C4C08934DD0574B2B604D
:100E4800099B03F1A043099301230B93544B236699
:100E58004FF0010A002001F066F884F879A084F8C0
:100E6800789009F01BFA334600904E4A4E4807A97D
:100E780002F08AFF4C4E90BBB8F1030F32D03046D7
:100E880002F0DEFCDFF80C91DFF83C81C9F80000C5
:100E9800304602F095FD5146C8F80000304684F807
:100EA8006AA002F0A6FBD9F8000004F023FFD8F8E6
:100EB800000004F025FF3D49D4F8800004F0BCFD93
:100EC800314BE26F1A60314B1E602B68002B7FF4A8
:100ED80066AF0CB0BDE8F087264B2B60B8E7B8F1D9
:100EE800030FEDD1254B244A1A60254B254A1A6079
:100EF800E6E71B4803F0C8FFFFF7C0FA00F064FDFF
:100F0800012801D0FFF7D0F9294B2A4A2B601E4B44
:100F18001A6000221D4B1A6041E7114803F0B4FF24
:100F2800FFF7ACFA00F040FB234B186010B1C0B2D9
:100F3800FFF7BAF9214BE8E75320FFF7B5F9C4E703
:100F48001F4800F0F0FF013C7FF42FAF43200CB0A6
:100F5800BDE8F047FFF7A8B9249F0420146D0420CA
:100F680000882A1110A90220206F0420186D04207F
:100F780085601700250A022099090220106D0420B7
:100F88000C6D04203D090220046D0420086D042026
:100F980014730420042C042034A90220390A0220E6
:100FA800845A0420806D0420646F0420044A0420BD
:100FB800B90A022000100062004A0420210B022016
:100FC80040420F0046434553002C0420032808B52F
:100FD8000CD800022022074900F47F4001F04AFCA7
:100FE80000280CBF6FF00100002008BD4FF0FF3053
:100FF800FBE700BF9472042013B501380C460328A0
:101008001ED8DFE800F0020C09101022002002B000
:10101800BDE8104001F02EBC08228020F7E720220E
:101028004FF44070F3E70422C0200DEB020101F0F9
:1010380021FC042804D10120019B237002B010BDBB
:101048000020FBE738B505460F4C1022E3680F492E
:1010580043F00103E3600120FFF7CEFF20220021C7
:101068000B4809F0CFFB02232021084A002000F09A
:10107800D3FF202329460020054A01F011F8E36830
:1010880023F00103E36038BD00B00050C4720420AF
:101098007472042038B504460D4610220849012010
:1010A800FFF7AAFF02232021054A002000F0B4FF21
:1010B80020232A462146002000F0F2FF002038BDF8
:1010C800C472042038B50A4D044608222946032074
:1010D800FFF792FF0023C5E902330F2324092CB13F
:1010E800EC54013B0B2B4FEA1424F8D1004838BDCF
:1010F800B47204202DE9F0478046894692460021C3
:101108004FF4007214481E46089F002409F07AFB29
:10111800A64202D82046BDE8F087351BB5F5007F0A
:1011280028BF4FF4007509EB04012A460A4809F064
:1011380083FBE019FFF7C6FF012302462021404642
:1011480000F06AFF0AEB04022B460020024900F077
:10115800A7FF2C44DCE700BF7470042010B50446D8
:10116800084B4FF440511B684FF090509847064B7E
:101178002146BDE8104042F610424FF090501B68DF
:10118800184700BF0C6D0420146D0420054B82B075
:101198009B6B0193019B13B1019B02B0184702B0EE
:1011A800704700BF00000C50094B02461B6863B132
:1011B80093F8230048B91969914207D85B69194423
:1011C800914294BF0020012070470020704700BF63
:1011D800086D04202DE9F04F5E4F841E07EB0013C5
:1011E80007EB4020D3F80480DD68B0F8063C85B0F2
:1011F800DB0740F195804FF4937107F5827000F09A
:10120800C4FD10B1012000F00DFE072C00F39380FF
:101218000320FFF7DBFE624202F0030204F003033F
:1012280058BF5342022B00F286802846FFF7BCFFC6
:1012380041F2080382464FEA4429DFF82CC107EB44
:1012480009061E440FCEACE80F0096E80F008CE8A4
:101258000F00BAF1000F4BD004F10806ACF11000F2
:101268007602FFF7EFFEBA59DFF8F0A02A44002013
:10127800DAF800B00392FFF725FF29460346039AE0
:10128800584602F064F92946DAF80000BA59A8EB82
:10129800050302F04BF90121DAF8000002F06FF9BA
:1012A80004F1080309F581505B0208302A46FB580F
:1012B8002949384400F081FD10B1022000F0B2FD48
:1012C800D5F800D0D5F804F02846FFF76DFF0028C0
:1012D80034D022480834640229463A590068A8EBF9
:1012E800050302F023F9D5F800D0D5F804F022E080
:1012F800ACF1100020221A49FFF7CCFE04F10806D1
:10130800184B76022946BA5940461B689847CDF8CB
:1013180000A02A462946BB591148FFF7EBFEBFE754
:10132800072C08DC624202F0030204F0030358BFF2
:101338005342022BC8D905B0BDE8F08FA845D2D0DA
:10134800084B08346402294640461B683A599847B6
:10135800C9E700BF1473042018740420086D042022
:10136800D4720420146D0420F47204202DE9F04F87
:10137800594BDFF880A11B6887B053455ED1002325
:10138800564F02AC08222146CDE90233CDE9043399
:1013980053483B6804AD98473B68082229465148A2
:1013A8009847029B534506D1049B534504BFD5E992
:1013B8000001C4E9000108200AF070FF0546052075
:1013C8000AF06CFFDFF830914749D9F80040DFF8A0
:1013D8002C813B68454F42F610420646C8F800107B
:1013E80020469847D7F808BC04F5A05293454ED13B
:1013F800EBB2042B25D0062B39D0012B42D1052086
:101408000AF04CFF022806D0029B534506D19DF8EE
:101418000D307F2B02D1364BC7F8083CD7F8083C73
:101428005A1C0BD0D9F800401C1BA4F58054640A40
:101438000234FFF751FA2046FFF7CCFE07B0BDE8AB
:10144800F08F082004F5E0540621C7F8084C0AF08C
:101458001FFFD8F8000000F50053C3F8084C1EB170
:1014680000F58053C3F8006CFFF778FEC7E7012149
:1014780008200AF00DFFD8F8000000F50053C3F863
:1014880008BCF1E7012108200AF002FFB7E704F5DC
:10149800E054A345B3D1EBB2032B05D0052B18D0EC
:1014A800022BACD00221EEE708200521C7F8082C52
:1014B80001920AF0EDFED8F80000019A00F50053F9
:1014C800C3F8082C002ECFD000F58053C3F8006471
:1014D800CAE70221CCE700BF14730420146D04206E
:1014E80000007862000052622C9F042014930420AC
:1014F8000010006246434553046D0420289F0420D1
:1015080008B50E4B5B68DBB2062B0AD80C4A936A07
:1015180023F07F0343F006039362536843F080038C
:101528005360002000F0FFFC064B074A00205A6079
:10153800FFF74CFDBDE80840FFF728BE00B000509B
:1015480000A00C5000C000508FD00200144C08B509
:10155800002000F0E8FC6368124DDBB2062B0FD9BF
:10156800FEF7DAFFFEF7C8FEFEF7B8FF2860E3686B
:1015780023F00103E360FFF7A5FBFFF7F7FEFEE7A3
:10158800FEF7ACFF2860FEF7C7FFFEF7B5FEE3687D
:1015980023F00103E360FFF795FBFFF7E7FEEEE7B3
:1015A80000B00050249F042070B58CB000F068F99A
:1015B8008D4C8E4B00252363236B4FF4FA7043F058
:1015C800020323634FF00073E562236200F0ABFC73
:1015D8002946284600F086F90123E365E36D9D0757
:1015E800FCD5E36B43F02003E3638149012007AD99
:1015F80000F078F906AB05AA04A90DF10F000095D3
:1016080000F0AEF9142000F08EFC049B002BECDAFD
:10161800142000F088FC0021022000F063F9012862
:1016280000F0818002287ED008AB0AAA0BA900939B
:101638000DF10F0009AB00F093F9142000F073FCD2
:101648004FF48031032000F04DF9012800F0AB8001
:10165800022800F0AA8006AB009505AA04A90DF19E
:101668000F0000F07DF99DF80F30032B40F09F80AC
:101678005D4C1420E36B23F02003E36300F053FC7C
:101688004FF48031092000F02DF9012800F09180F5
:10169800022800F0908005AA04A906AB0DF10F00FE
:1016A800009500F05DF94FF4B8532363236B1420C1
:1016B80043F0020323634FF0007323620223E363C2
:1016C80000F031FC4FF48031072000F00BF90128BD
:1016D80073D0022873D006AB009505AA04A90DF1B2
:1016E8000F0000F03DF99DF80F30072B69D14FF03E
:1016F800FF3301210020236000F042F90021082077
:1017080000F0F0F801285ED002285ED006AB009504
:1017180005AA04A90DF10F0000F022F99DF80F3079
:10172800082B02D00D200CB070BD2023E36200F01E
:1017380037F923681806F5D42368590647D4802654
:10174800013ED4F80032FBD10121304600F018F9EF
:10175800142000F0E8FB4FF0FF33314611202360DE
:1017680000F0C0F8012834D0022834D006AB009528
:1017780005AA04A90DF10F0000F0F2F89DF80F304A
:10178800112B2AD12023E36200F00AF923681A06F4
:1017980025D423685B0624D48020134B0138D3F862
:1017A8000022FBD1BFE70320BDE70420BBE70520EB
:1017B800B9E70620B7E70720B5E70820B3E709200F
:1017C800B1E70A20AFE70B20ADE70C20ABE70E200E
:1017D800A9E71120A7E71220A5E71320A3E7142003
:1017E800A1E715209FE700BF0050045000670100E3
:1017F800800000402DE9F04107464FF0FF3888B0DF
:1018080000200D461D4E0121144600F0B9F81420A1
:1018180000F089FB1120C6F80080790A00F062F810
:101828004044C0B2012803D8002008B0BDE8F081C8
:1018380007AB009305AA06AB04A90DF10F0000F051
:101848008FF89DF80F30112BEED12023C6F80080B9
:10185800F36200F0A5F833681A06E5D433685B062E
:10186800E2D424F003032B449D4201D12046DCE757
:10187800D6F8002245F8042BF6E700BF00500450C4
:1018880010B54FF0A044E368642023F01003E36030
:1018980000F049FBE368074A43F01003E36013696B
:1018A80043F0020313614FF48072034B1A63002262
:1018B800DA6310BD00B0005000500450084B1A689D
:1018C80012F00A0FFBD002221A601A6812075FBFD3
:1018D8001868C0F380004000C0B248BF01207047BC
:1018E800005004500E4B0F2899604FEA804313D8DC
:1018F800012248F2110182400A4205D140F20461F6
:101908000A4209D043F44033054A43F4807343F054
:1019180001035360FFF7D2BF43F48033F4E700BFFD
:1019280000500450F8B505460F4637201104FFF75C
:10193800D9FF044668B9084B084E43EA8543B760A7
:101948007360FFF7BBFF022804D1292D02D10423BD
:1019580033602046F8BD00BF01010100005004506B
:1019680030B5064CE568057020690860616911604A
:10197800A2691A60E269039B1A6030BD00500450E6
:101988004FF0FF33044A03EB41239362034B43EACE
:10199800C0235362704700BF005004500103FF0189
:1019A800084B1A6812F0E00FFBD020221A601A6860
:1019B80012065FBF1868C0F380104000C0B248BF6D
:1019C8000120704700500450F0B58DB0FFF758FF64
:1019D8008F4C904B00252363236B4FF4FA7043F030
:1019E800020323634FF48013E562236200F09BFA3D
:1019F80029462846FFF776FF0123E365E36D9A073A
:101A0800FCD5142000F08FFA4FF4D5710820FFF7A9
:101A180069FF0138C0B2012802D838200DB0F0BDE6
:101A280007AC06AB009405AA04A90DF10F00FFF757
:101A380097FF9DF80F30082BEFD1049BB3F5D57FA6
:101A4800EBD1142000F06FFA002229207249FFF729
:101A580069FF012800F0D08006AB009405AA04A90C
:101A68000DF10F00FFF77CFF049B002B03DB022026
:101A780000F059FAE5E7142000F055FA0021022099
:101A8800FFF730FF0138C0B2012840F2B78008AB39
:101A98000AAA0BA900930DF10F0009ABFFF760FF2D
:101AA800142000F040FA00210320FFF71BFF013843
:101AB800C0B2012801D83320B0E706AB009405AACC
:101AC80004A90DF10F00FFF74BFF9DF80F30032B12
:101AD800F1D1049E1420350C2D0400F024FA294677
:101AE8000920FFF7FFFE0138C0B2012840F28880C4
:101AF800009406AB05AA04A90DF10F00FFF730FF0B
:101B0800DDE90420069C0799230E43EA0123010E10
:101B180041EA04210591110E049341EA00211202C1
:101B28009B0F069107921ED0012B6BD100233B4AD5
:101B3800374C13704FF4A0632363236B022743F0E1
:101B4800020323634FF0007314202362E76300F05D
:101B5800EAF929460720FFF7C5FE0138C0B2012877
:101B680003D837205AE70123E1E707AD06AB009514
:101B780005AA04A90DF10F00FFF7F2FE9DF80F303A
:101B8800072BEED1142000F0CEF939460620320C8E
:101B9800FFF7C8FE0138C0B2012835D9012108462F
:101BA800FFF7EEFE142000F0BEF900211120FFF728
:101BB80099FE0138C0B2012801D852202EE706ABA1
:101BC800009505AA04A90DF10F00FFF7C9FE9DF8BD
:101BD8000F30112BF1D14FF0FF3323602023E36244
:101BE800FFF7DEFE23681B0610D4236813F0400FAE
:101BF80014BF4420012011E734200FE732200DE7FD
:101C080039200BE7542009E7362007E74F2005E77E
:101C180000500450006701000080FF40082C042099
:101C280070B50D46012188B0064608461446FFF7F0
:101C3800A7FE142000F077F91A4B1B7803B9760A2F
:101C480031461120FFF74EFE0138C0B2012802D8F4
:101C5800002008B070BD07AB009305AA06AB04A925
:101C68000DF10F00FFF77CFE9DF80F30112BEFD11F
:101C78004FF0FF330C4E33602023F362FFF790FEE2
:101C880033681A06E4D433685B06E1D424F003030E
:101C98002B449D4201D12046DBE7D6F8002245F8C7
:101CA800042BF6E7082C0420005004502DE9F047D7
:101CB8000C4615469946804600283FD000293DD05D
:101CC800002A3BD0032B39D800F040FA00224946BD
:101CD800104600F043FAB4F5807F29D9002637462C
:101CE80006F58076A64234BF4FF0000A4FF0010A8D
:101CF8004FB100F02BFAA6422CBF3A4600224946C3
:101D0800284600F02BFAA64234BF4FF48071E11B3D
:101D1800524608EB070000F0FBF9284600F04CFAA1
:101D2800A642DCD3284600F047FA0020BDE8F08739
:101D380001222146404600F0EBF9F3E74FF0FF306F
:101D4800F4E7F0B5054689B00F4614460021202275
:101D580068461E4608F056FD1DB94FF0FF3009B021
:101D6800F0BD002CF9D002236A4639462846FFF711
:101D78009DFF0028F1D132462146684608F032FD21
:101D8800003818BF01204042E9E7002337B5044670
:101D98000D46082269460320CDE90033FFF72CF9E8
:101DA8000828034606D16A4629462046FFF7C9FF98
:101DB80003B030BD4FF0FF30FAE7F0B51F461646C6
:101DC8008DB0202204460D4604A8002108F01AFD13
:101DD80002233946304604AAFFF768FF18B14FF0CE
:101DE800FF300DB0F0BD02A807F068FA29464FF49D
:101DF800937202A807F06EFB01460028EFD1062275
:101E0800039807F00EFC4FF480730621CDE90043D8
:101E180004AA202302A807F085FA003818BF012079
:101E28004042DEE7012808B504D0022809D0132271
:101E3800054901E0172205490548FEF729FAFEE79A
:101E480008BD19220349F7E78AA9022058A90220E8
:101E58000040085070A9022000207047014B186804
:101E6800704700BF40CB042013B50190019B1A4C6A
:101E780033B1236823B1019BB3F1807F0CD9FEE70E
:101E8800002003F01DF8154BB0FBF3F0019B206018
:101E9800002BF0D102B010BD019B002BFAD0104AE4
:101EA800136813F001030DD10E48D0F8FC1041F06F
:101EB8008071C0F8FC105360136843F4003343F09A
:101EC80001031360019B22680549534348684A6827
:101ED800121A9A42FBD3DDE73CCB042040420F00A4
:101EE800001000E000ED00E037B501904FF0E02071
:101EF8004FF47A724469019B6343B3FBF2F3019395
:101F08000023816982698A42FCD025BFA51A5B1922
:101F18005B185B18019938BF9B1A994201D803B026
:101F280030BD1146EEE7034670B5B8B142F2107500
:101F38004FF0E026AB4284BFA3F51C5442F2107365
:101F4800326998BF0024184688BF103CD30708D4CC
:101F5800FFF78AFF2346002CECD101E0FFF784FF4E
:101F680070BDFFF7C1FFF5E77047704708B5054B2F
:101F78001B6A5B0002D5FFF7F8FF08BDFFF7F4FF07
:101F8800FBE700BF00B0005010B501F17044B4F198
:101F9800805F0E4C38BF01F1A041616102F17041D0
:101FA800B1F1805F03F10F034FEA231338BF02F149
:101FB800A042A261E361236908B143EAC013034A5E
:101FC8002361136843F00103136010BD00D0005073
:101FD80000F1704310B5B3F1805F094C38BF00F1D0
:101FE800A0406065A1651AB1236D43F0080323651D
:101FF800216D044800F0A4FC0423236010BD00BF39
:1020080000D000509EA9022002220020014B1A6035
:102018001860704700D00050F8B51F461E4B0446A4
:102028005B681646DB0701D5FFF7EEFFB4FA84F0CC
:1020380018294FEA50104FEA40151CD020291CD00F
:10204800102925D1002364B12046144A21F0030148
:102058002144121B141850F804CB8142C4F800C064
:10206800F8D147EA050040EAC3000B4B186107B1F5
:102078002EB90020F8BD0123E5E70223E3E7326823
:102088001A6272685A62B2689A62F268DA62F0E7B3
:102098004FF0FF30EEE700BF00D0005030D00050C6
:1020A800F8B50827174E14461D46C6F88870BFF3C2
:1020B8004F8FBFF36F8F0027134EF760FFF764FF52
:1020C8007368DB07FCD4B06800F00600003818BF5E
:1020D8000120B4F1C04F13D3002D11DD04F01F030C
:1020E8002B44BFF34F8F2246084C1344C4F85C229C
:1020F8002032991A0029F9DCBFF34F8FBFF36F8F95
:10210800F8BD00BF00E100E000D0005000ED00E0A5
:1021180010B508240B4BC3F88840BFF34F8FBFF3AB
:102128006F8FFFF755FF084B5A685207FCD49A681F
:1021380002F038029A60986800F03000003818BF42
:10214800012010BD00E100E000D00050082200206E
:10215800014B1A601860704700D00050930670B5A4
:1021680006460C4615461CD103291AD8FFF7EEFF80
:102178003EB10D4B0D485A5C314608F05DFB44F00A
:1021880020040B4B44F0800119651DB1C3F89C5025
:1021980044F4C07107482A46196500F0D1FB0020B5
:1021A80070BD4FF0FF30FBE734B002205CD0005028
:1021B80000D00050B1A9022010B5084C084A236D80
:1021C80004F17C0103F00703D25C08F035FBD4F876
:1021D800A4100448BDE8104000F0B2BB00D0005085
:1021E80034B00220E5A90220002800DAFEE7012326
:1021F8004109034A00F01F00834042F8213070472C
:1022080000E100E0002800DAFEE701220649430960
:1022180000F01F008240203341F82320BFF34F8F86
:10222800BFF36F8F704700BF00E100E0022330B5B5
:10223800426A80F82D3003681A61D0E902342343DA
:1022480004690168234344690A68234384696FF376
:102258000E122343C4692343046A234313430B60C8
:102268008368B3F5804F18D0C16C826CC1F38703C3
:10227800C9061BD43F2403F00703D2F8A810DB00DB
:102288009C4021EA0401C2F8A810816C4268D1F888
:10229800A8409A402243C1F8A8208269B2F5806F0D
:1022A80018D0B2F5006F1FD0AAB1FEE73F2403F0A3
:1022B8000303D2F8AC10DB009C4021EA0401C2F809
:1022C800AC10816C4268D1F8AC409A402243C1F806
:1022D800AC20E2E701224369B3F5807F06D0B3F56D
:1022E800007F2BD01BB1FEE70222F4E7012301692E
:1022F800A1F1800461426141C468A4F140056C42C7
:102308006C418568102D1FBF80F86510194613466B
:102318000A4680F8673080F866204FF000034FF0D7
:102328000102436406BF80F8654080F8641080F8B5
:10233800644080F82D2080F82C3030BD0223D6E789
:10234800F8B52E4B02681344A02B04D92C4B134428
:10235800A02B0FD9FEE73226DFF8B0C0294BEFF3E8
:102368001087012282F31088C56C1F2D4FEA95044F
:1023780005D9FEE70226DFF898C0234BEFE703EB09
:10238800C40595F804E0BEF1000F32D053F83420AC
:10239800824203D187F310880220F8BD00221C79FD
:1023A8001D4604BB01232B71142303FB02C31644EF
:1023B800920074B20360C26487F3108821B12B685D
:1023C800834201D0FFF732FF2860836A04F160423C
:1023D8005B01DBB202F56142204682F80033FFF769
:1023E80003FF0020D9E70132082A03F10803D6D1F8
:1023F800D0E734442A7164B2DEE700BFF8EFF7AFE4
:10240800F8EFFFBF84CB042044CB04200810085009
:102418000810004038B5134A836C934203D0124A1F
:10242800934208D0FEE73221104AC46C1F2C4FEAB1
:10243800940303D9FEE702210D4AF6E7EFF310846F
:10244800012585F3108802EBC30552F8332090422A
:1024580005D1581840B2FFF7D5FE00232B7184F33D
:10246800108838BD001008500010004084CB0420AC
:1024780044CB042038B50446002853D0836833F091
:10248800100203D0B3F5804F00D0FEE7E36833F0C5
:10249800400300D0FEE7236933F0800300D0FEE755
:1024A800636933F4807203D0B3F5007F00D0FEE790
:1024B800A36933F4806203D0B3F5006F00D0FEE760
:1024C800E36933F0200300D0FEE7236A33F4405376
:1024D80000D0FEE763683F2B00D9FEE72268134B64
:1024E80013448C2B13D81422B3FBF2F39B00E36440
:1024F8000F4BA36400212046FFF722FF054698B939
:102508002046FFF793FEFFF785FF284638BD094BA5
:1025180013448C2BEED81422B3FBF2F39B00E36434
:10252800054BE6E70125F0E70225EEE7F8EFF7AF00
:1025380000100850F8EFFFBF0010004010B5044627
:10254800002851D00268136823F001031360026861
:10255800264B13448C2B2FD81421B3FBF1F39B008B
:10256800C364234BA36400231360D4E9121303F05C
:102578001C02012393404B60E36CA16C0F2B4FEAC4
:10258800930224D83F205B00D1F8A82003F0380339
:1025980000FA03F322EA0303C1F8A8302046FFF744
:1025A80039FF0020C4E90D00C4E90F00606484F815
:1025B8002C0084F82D0010BD0E4B13448C2BD2D860
:1025C8001421B3FBF1F39B00C3640B4BCAE702F081
:1025D80003033F22D1F8AC00DB0002FA03F320EA40
:1025E8000303C1F8AC30D9E70120E4E7F8EFF7AF0F
:1025F80000100850F8EFFFBF001000402DE9F84F19
:1026080090F82D301746022B04468846DAB205D0DA
:1026180004234364002384F82C3006E003681B6815
:10262800990605D54FF4807343640120BDE8F88FFF
:10263800C56C05F01C05B8F1000F23D102FA05F5A9
:10264800FFF70CFC4FF0080A8146D4E9126303F047
:102658001C030AFA03F1326812EA050B16D0B8F126
:10266800000F36D1022202FA03F37360236D2BB9EF
:102678002046FFF7CFFE012384F82D30002084F890
:102688002C00D3E7042303FA05F5D9E73268114291
:102698000CD0012505FA03F3736020466564FFF743
:1026A800B9FE84F82D5084F82CB0BEE77A1CD2D03D
:1026B800FFF7D4FBA0EB0900B84201D8002FC4D122
:1026C800202320466364FFF7A5FE012384F82D30FC
:1026D800A0E7042202FA03F37360CFE730B5154B85
:1026E800846C9C421BD18368102B02D0B3F5804FB9
:1026F80008D10B68104C03F16045A54298BF03F15F
:1027080020630B60836833F4804308D113680A4858
:1027180003F16044844298BF03F1206313600B689F
:1027280003F17042B2F1805F3CBF03F1A0430B603C
:1027380030BD00BF00100040FEFF07002DE9F34147
:102748004FF6FF75036D02689D4228BF1D465B1B4F
:1027580003658565136890F8667023F0010390F8A7
:1027680067801360D0E917230E46CDE90023D0E92E
:10277800122303F01C01012304468B4053600368B5
:1027880069465D6001AAFFF7A9FFDDE90003A168BA
:10279800226810290BBF93609060236822680CBFE1
:1027A800D860D36094F8643023B1E36D05FA07F775
:1027B8003B44E36594F8653023B1236E05FA08F5C8
:1027C8002B44236636B1A26B23685AB11A6842F0CB
:1027D8000E021A602268136843F00103136002B006
:1027E800BDE8F0811A6822F004021A6022681368B2
:1027F80043F00A031360EDE7F8B51D46C3690446C4
:10280800202B0F46164605D14FF6FE736A1E9A42D4
:1028180000D9FEE794F82C30012B0ED0012384F860
:102828002C3094F82D30012BD9B203D12046FFF774
:1028380087FD20B1002384F82C300220F8BD022344
:10284800C4E91455C4E9177684F82D306064206D06
:102858000028F3D000212046FFF770FF236D002BDE
:10286800F5D04FF47A7200212046FFF7C7FE002802
:10287800EDD0E3E7202A2DE9F84306460C46154635
:1028880030DCC0F3C40808EB0203202B2ADC9707CE
:1028980028D110F01F0925D1254A1420D2F89470A8
:1028A800360AFB1C0E2B38BF0E230F2B28BF0F2315
:1028B800C2F89430FFF737FB1E4AB3001360136861
:1028C8001D4943F0010313604B4669439068C007F4
:1028D8000CD590688B4240F0010090600AD3144BED
:1028E800C3F8947000252846BDE8F8838B42F0D2DF
:1028F8000133EBE7114A08F01C0000EB461025F005
:102908000301024421448C4203D1094BC3F894705B
:10291800E9E752F8043B0434180A04F8043C04F8C4
:10292800030C180C1B0E04F8020C04F8013CEAE72F
:1029380000A00C5000C0005000DC050030C0005062
:102948000FB404B070470000022810B520D1114C14
:10295800E620E36A43F00103E362FFF7E4FAE36A7F
:102968009A06FCD51E20FFF7DEFAE36A9B06FCD523
:10297800EFF31081012383F31088074A1378132B90
:1029880000D9FEE70133137081F31088002010BDD1
:102998000120FCE700000C50C4CB0420044B1A694A
:1029A80042F002021A611A69002AFCDA704700BF75
:1029B80000000C50024A136923F0020313617047A8
:1029C80000000C5010B5E0B1D9B1002301224360DA
:1029D80080F822200C6804604A6880F820208A6801
:1029E8000261CA6812054261FF22C4F884204FF0D0
:1029F800502401688C6701680A62016818464A64B5
:102A080010BD0120FCE738B102680020136C23F0E8
:102A1800FF031943116470470120704770B5C8B1AE
:102A280005689DF918609DF91C00AC6C40EAC60069
:102A380040EAC3239DF910006FF3140443EA00230E
:102A48009DF9140043EA801343EA423242EA814185
:102A58002143A96470BD40B102680020136C23F4BF
:102A68007F4343EA0121116470470120704770B524
:102A7800C8B105689DF918609DF91C002C6D40EAE5
:102A8800C60040EAC3239DF910006FF3140443EA1B
:102A980000239DF9140043EA801343EA423242EAD4
:102AA80081412143296570BD18B103680020596030
:102AB80070470120704730B103680139C1F3130131
:102AC8000020596270470120704730B1036801390E
:102AD800C1F313010020996370470120704708B1C2
:102AE80003681962704718B10368186900F001009B
:102AF800704720B10268536943F00103536170477E
:102B080038B50D460446A8B10368DA61C36A0BB14B
:102B18000120984723689D612046FFF7E4FF0028BD
:102B2800FAD02046FFF7E5FFE36A0BB1002098478B
:102B3800002038BD0120FCE718B102685369194329
:102B48005161704718B103681869C0F3C000704735
:102B580028B103685868C04300F00100704701209D
:102B6800704708B103685868704720B10268536D10
:102B780061F38E235365704708B10368D9607047C5
:102B880010B10368D868C0B2704770B5E8B105687D
:102B98009DF91C609DF92000AC6A40EAC6009DF9C9
:102BA80010606FF3150440EAC6209DF9146040EAEE
:102BB80006209DF9186040EA861040EA433343EA4C
:102BC800824242EA41512143A96270BD70B5E8B121
:102BD80005689DF91C609DF92000EC6B40EAC60071
:102BE8009DF910606FF3150440EAC6209DF9146042
:102BF80040EA06209DF9186040EA861040EA43330F
:102C080043EA824242EA41512143E96370BD000030
:102C180010B558B1064B046802F2FF320A44194055
:102C2800E1661A40036800201A6710BD0120FCE71E
:102C380000FCFFFF28B103686FF309010020596702
:102C4800704701207047000010B550B1064B04686A
:102C58001940E1650168002002F2FF321A400A6655
:102C680010BD0120FCE700BF00FCFFFF50B149B1D7
:102C78000B6802681BBA53664B6802681BBA0020CF
:102C8800936670470120704758B1036801291A6894
:102C980004D142F0800200201A60704722F08002BE
:102CA800F9E70120704750B103681A6821B142F072
:102CB800400200201A60704722F04002F9E7012024
:102CC800704750B103681A6821B142F00102002030
:102CD8001A60704722F00102F9E70120704750B1ED
:102CE80003681A6821B142F4001200201A60704784
:102CF80022F40012F9E70120704750B103689A687E
:102D080021B142F0100200209A60704722F01002B0
:102D1800F9E70120704750B103681A6821B142F4FD
:102D2800803200201A60704722F48032F9E70120CF
:102D3800704750B103681A6821B142F4802200201C
:102D48001A60704722F48022F9E70120704730B5F5
:102D580080B10568BDF80C00AC68800640EA835372
:102D6800002043EA81416FF39E1441EA8212224314
:102D7800AA6030BD0120FCE730B1026800209368EA
:102D880061F30203936070470120704750B10368F4
:102D98009A6821B142F0200200209A60704722F020
:102DA8002002F9E70120704750B103681A6821B181
:102DB80042F0807200201A60704722F08072F9E7B2
:102DC8000120704750B103689A6821B142F000426F
:102DD80000209A60704722F00042F9E7012070470E
:102DE80050B103689A6821B142F0080200209A6045
:102DF800704722F00802F9E70120704740B10268E5
:102E08000020936D23F47F0343EA014191657047E5
:102E18000120704760B100685206836D42EA0121C3
:102E280023F0007323F47F43194381650020704722
:102E38000120704710B5F0B10468A06DB1B1022A45
:102E480084BF023AD2B213026FF30F0003F4FE43B9
:102E58000343120654BF43F0806343F0A06343F07A
:102E68000A0323F000730020A36510BD034B034041
:102E780043F00073F7E70120F7E700BF0000FFFA0F
:102E880030B10268936C23F4783343EA413191649A
:102E9800704730B10268136D23F4783343EA413147
:102EA800116570477FB5054600283DD0C46801B359
:102EB80094F86A30002B37D094F9726094F96E3028
:102EC80094F96C1094F96D20039694F97160029648
:102ED80094F97060019694F96F400094FFF79EFD95
:102EE800EB6893F86A102846FFF78DFD002004B0C0
:102EF80070BD94F84630BBB194F94E6094F94A30ED
:102F080094F9481094F94920039694F94D60029673
:102F180094F94C60019694F94B400094FFF77EFDBC
:102F2800EB6893F84610DEE70120E0E77FB5054639
:102F3800002836D0C468E1B194F96E6194F96A3119
:102F480094F9681194F96921039694F96D610296D0
:102F580094F96C61019694F96B410094FFF75EFD5A
:102F6800EB6893F866112846FFF74DFD002004B082
:102F780070BD94F95C6194F9583194F9561194F93B
:102F88005721039694F95B61029694F95A61019668
:102F980094F959410094FFF741FDEB6893F85411F7
:102FA800E1E70120E3E730B5C46887B004B3382906
:102FB8001ED801EBC1010C44237CCBB194F9185005
:102FC80094F9133094F9122094F91110049594F996
:102FD8001750039594F91650029594F915500195D8
:102FE80094F914400094FFF7D0FD002007B030BDDD
:102FF8000120FBE7F0B5C4680646174687B054B30E
:10300800382928D801EBC1052C44237C1BB394F93B
:1030180018C094F9133094F9122094F91110CDF8CE
:1030280010C094F917C0CDF80CC094F916C0CDF8AB
:1030380008C094F915C0CDF804C094F91440009460
:10304800FFF7A3FDF3683A462B443046197CFFF797
:1030580057FD07B0F0BD0120FBE72DE9F041904690
:10306800C268044686B0002A72D0382970D801EBAD
:10307800C107D619317C00296AD0382B68D803EBF0
:10308800C3052A44137C002B62D096F918C096F920
:10309800133096F9122096F91110CDF810C096F950
:1030A80017C0CDF80CC096F916C0CDF808C096F92F
:1030B80015C0CDF804C096F914600096FFF765FDB9
:1030C800E068284490F9186090F9133090F91220BC
:1030D80090F91110049690F91760039690F916600C
:1030E800029690F91560019690F914000090204618
:1030F800FFF76CFD002223680121DA67E368226884
:103108002B441B7C2046D36223680C9AC3F880208A
:10311800FFF701FE2046FFF70CFE2368C3F81C806A
:10312800E36822683B441B7C93612046FFF70AFD55
:103138000028FAD009212046FFF7FEFC0021FFF7FE
:10314800EAFD2046FFF7F5FD084606B0BDE8F08128
:103158000120FAE770B50446E0B3C368D3B3C9B336
:1031680093F893510121B5B3FFF7A5FC0022142170
:103178002046FFF73FFF2046FFF7F3FC10F001055C
:1031880000D0FEE72A4615212046FFF733FF064602
:1031980020B12A4629462046FFF72CFF0221204667
:1031A800FFF782FC01212046FFF785FC00222B2136
:1031B8002046FFF71FFF6EB101212046FFF77BFC79
:1031C800002202212046FFF715FF2046FFF7C0FC2A
:1031D8000028F5D070BDFFF76EFC2A460221204674
:1031E800FFF708FF2046FFF7BCFC2A4614212046BB
:1031F800FFF700FF10B92046FFF7B3FCE3681B7A1E
:10320800ABB3012103F00F051B0901FA03F3DBB28D
:103218000DB11D46002300221521204643EA05254D
:10322800FFF7E8FE064620B1002220461146FFF7C8
:10323800E1FE29462046FFF737FC02212046FFF72A
:103248003AFC002203212046FFF7D4FE002EC1D00D
:1032580001212046FFF72FFC002202212046FFF71C
:10326800C9FE2046FFF774FC0028F5D0B2E7022516
:10327800D1E738B504460D46FFF76CFF29462046CE
:10328800BDE83840FFF70EBE38B504460D46FFF7D7
:1032980061FF29462046BDE83840FFF747BE10B514
:1032A800044640B10268936A6FF3150343F4802320
:1032B80043F00103936203212046FFF7FCFB002241
:1032C8009F212046FFF71CFC2046FFF74AFC20F010
:1032D8007F4010BD70B5044600283ED0C368012168
:1032E80093F89351002D3BD0FFF7E5FB0022022114
:1032F8002046FFF77FFE88BB2046FFF732FCC0B2AE
:10330800E368DD790DB120EA050500221521204684
:10331800FFF770FE064620B1002220461146FFF74F
:1033280069FE29462046FFF7BFFB01212046FFF72B
:10333800C2FB002203212046FFF75CFE6EB101218B
:103348002046FFF7B8FB002202212046FFF752FE75
:103358002046FFF7FDFB0028F5D070BD0020CFE721
:10336800FFF7A9FB2A4602212046FFF743FE002863
:103378003ED12046FFF7F5FBC6B2002214212046B5
:10338800FFF738FE18B92046FFF7EBFBC5B2E36834
:10339800D97909B126EA01010022204641EA05252A
:1033A8001521FFF727FE064620B1002220461146C8
:1033B800FFF720FE29462046FFF776FB022120462C
:1033C800FFF779FB002203212046FFF713FE002EAA
:1033D800C3D001212046FFF76EFB002202212046C0
:1033E800FFF708FE2046FFF7B3FB0028F5D0B4E747
:1033F8002E46C2E760B1006850B1836D090623F01C
:10340800807301F0807123F0FF0311431943816534
:10341800704738B50446D0B10368AB211D6815F074
:10342800010502BF1A6842F001021A600268936A35
:103438006FF3150343F0010393620022FFF760FB6B
:1034480025B92268136823F00103136038BD0120F1
:10345800FCE718B1C068003818BF01207047002089
:1034680070472DE9F047884699460446002845D01C
:103478008368002B42D0B9F1000F3FD001680F6874
:1034880032B310229A60002382684E4653618268E4
:1034980093618268D360802283681A610568043565
:1034A800A068FFF74BF850BBA068FEF7E3FF30BBFE
:1034B800236847F020071F60226809F1FF33536231
:1034C800414633462A46A068BDE8F047FFF794B95D
:1034D8004FF400719A60836809F1030659614FF44B
:1034E80000618368454699618368B608DA6080227E
:1034F80083681A61036803F10408D1E70120BDE875
:10350800F08710B50A46044670B1806860B1E16A78
:1035180011B14FF0FF320021FFF770F822681368ED
:1035280023F02003136010BD0120FCE738B51D46C9
:10353800044658B103698B4298BFC91AFFF768FB64
:1035480029462046BDE83840FFF774BB38BD70B542
:103558000C4615461946064680B17BB1FFF786FB37
:1035680033693046A34298BFE41AAB4298BFED1ABC
:103578002A462146BDE87040FFF766BB70BD10B50E
:10358800044648B101B10121FFF77EFB2046BDE8A2
:1035980010400121FFF787BB10BD10B50B4604464C
:1035A80086B020B308294FF000014FF0010283BF15
:1035B8000B46CDE90212CDE90011CDE902118EBF0B
:1035C8001946CDE900115BB20492FFF7DEFA032138
:1035D8002046FFF770FA00229F212046FFF790FA55
:1035E8002046FFF7BEFA20F07F4006B010BDFF204E
:1035F800FBE738B50D46044698B3C3688BB39A7990
:1036080092B39B7A83B30121FFF755FAE36802214D
:103618009A792046FFF7EEFC2046FFF7A2FAE36806
:103628009B7ADDB143EA00012046FFF73DFA01210C
:103638002046FFF740FAE36803219A792046FFF70E
:10364800D9FCE36884F8255002219A792046FFF7CF
:10365800D1FC2046FFF785FA002038BD20EA030197
:10366800E2E74FF0FF30F8E76FF00100F5E710B53B
:10367800044620B3C2681AB313791BB3D3790BB3CA
:103688000121FFF718FAE36802211A792046FFF7AB
:10369800B1FC2046FFF765FA94F824203F2A4FEA48
:1036A800121304D8012B08D800F0300007E0043BBF
:1036B800012BF9D800F0F00001E000F0700010BD17
:1036C8001046FCE71846FAE70346081172B1072BC3
:1036D8000CD8DFE803F0040D182E353F474C28B10D
:1036E800012813680AD143F00103136000207047D2
:1036F80020F00203012B03D0D0B11368034316E076
:1037080013680343F1E70528F7D801A353F820F01D
:10371800F536022009370220313702200937022006
:103728000337022009370220136843F002031360AD
:1037380070470028DAD0431E052B1368E1D9DDE76E
:10374800C30700F0030102D40029CFD0D5E71368DE
:103758000B43CAE70028C9D01368082843EA0003C6
:10376800E5DCC2E70028C1D0431E012BE5E70028AD
:10377800BCD0431E022BE0E710B590F82530044674
:1037880083B1FFF774FF014660B12246636843F4D2
:10379800004342F8043F94F82400BDE810400009B3
:1037A800FFF792BF002010BD38B50D46044648B358
:1037B800C3683BB39A790AB11B7A0BB9002038BDAC
:1037C8000121FFF778F9E36802219A792046FFF78B
:1037D80011FC2046FFF7C5F9E3681B7A7DB143EA7F
:1037E80000012046FFF760F901212046FFF763F941
:1037F800E368032120469A79FFF7FCFBDEE720EA1D
:103808000301EEE74FF0FF30D9E710B50446012178
:10381800FFF751F902212046FFF746F9E368032133
:103828005A792046FFF7E6FB00212046FFF73CF9CE
:10383800E368032120465A79FFF7DCFB002010BD1E
:1038480040B190F8243013F0010F14BF4FF48050AA
:103858004FF4006070472DE9F04F85B00E46914651
:103868001D4604460F9FB0B1C368A3B1C36993B1A5
:10387800802F10D8FFF7E4FF00F1FF3A0AEA010AA7
:103888000AEB05038342804607D9022060600020C6
:1038980005B0BDE8F08F0120F8E7002363602369D5
:1038A8004FF0000B8B4298BFCE1AB6FBF0F2042102
:1038B8002046FFF79FFB1420FEF7D6FA0121204689
:1038C800FFF7F9F80520FEF7CFFAE268022112792E
:1038D8002046FFF78FFB2046FFF743F9C107F1D4D5
:1038E800BBF1000F02D14FF0010BEBE72046FFF7C9
:1038F80043FF10B140F40040C8E794F82020E36883
:10390800B2BB93F846102046FFF77DF8E06890F9BF
:103918004EC090F94A3090F9492090F94810CDF8F6
:103928000CC090F94DC0CDF808C090F94CC0CDF846
:1039380004C090F94B0000902046FFF76FF8B203DF
:10394800D4F810B004D594F827200AB14BF4805B62
:1039580049EA050242EA0A02930702D16A1EFE2AD0
:1039680021D82A4648460BEB0A0106F065FF1DE000
:1039780093F86A102046FFF746F8E06890F972C09D
:1039880090F96E3090F96D2090F96C10CDF80CC05C
:1039980090F971C0CDF808C090F970C0CDF804C096
:1039A80090F96F00C7E7B9F1000FDAD10E9B2BB180
:1039B8003A4618460BEB080106F03EFF781967E710
:1039C80008B50246FFF73CFF28B192F824309B0760
:1039D8004CBFC001800108BD1FB5044610B90020C6
:1039E80004B010BDC369002BF9D0FFF7E9FF042329
:1039F800019303AB0093002341431A462046FFF787
:103A08002AFF40B19DF80C30FF2BE8D0039800281E
:103A180008BF0120E4E70120E2E72DE9F04F99B063
:103A280004460E469146FFF714FD18B3002B00F02C
:103A3800D780B3F5807F28BF4FF48073A1681D46F7
:103A4800626994F8203000293BD0B2F1807F14D904
:103A5800022B14BF2727282739462046FFF7A3FA49
:103A680049462B4601222046FFF7FBFC014648B198
:103A78000025284619B0BDE8F08F022B14BF162781
:103A88001727E9E732462046FFF7B4FA0121204616
:103A9800FFF71BF8012332460093394602232046DC
:103AA800FFF7DBFA0028E3D14FF47A712046FFF7DD
:103AB80028FD0028DCD12268136823F02003136056
:103AC800D7E7B2F1807F40F28280022B14BF272310
:103AD80028232F464FF0000803934FF6FC7A402F17
:103AE800D4BF0AEA070A0AF0400ABAF1000F3FD029
:103AF800002220461146FFF77DFA09EB08030DF175
:103B0800200C03F1400E624618685968083303C256
:103B180073459446F7D14FF0000B4FEAAA0208AB61
:103B280053F8041B204605920493FEF7BDFF059A3F
:103B38000BF1010B9345049BF2D151462046FEF749
:103B4800BAFF2046039906EB0802FFF753FA012152
:103B58002046FEF7B0FF002202212046FFF74AFA6E
:103B68002046FEF7F5FF0028F1D0A7EB0A07D0445E
:103B78007B1E022B30D82369464433431B683A46E0
:103B880009EB080107A8079306F056FE0022204615
:103B98001146FFF72FFA07992046FEF785FF042103
:103BA8002046FEF788FF324620460399FFF722FA9F
:103BB80001212046FEF77FFF002202212046FFF761
:103BC80019FA2046FEF7C4FF0028F1D051E7022B6E
:103BD80014BF162317237CE7002F3FF77EAF48E773
:103BE800184647E773B504460D46FFF732FCE8B1BF
:103BF80063690A46B3F1807F4FF00001204694BF05
:103C08001B262926FFF7F6F901212046FEF75DFF5E
:103C180001232A460093314602232046FFF71DFA66
:103C2800003818BF0120404202B070BD4FF0FF308D
:103C3800FAE7000008B5E8B103680F4A93420CD0D0
:103C480002F58052934215D1062001F08DF8022822
:103C580005D1BDE8084001F0BCB80420F5E7032809
:103C680003D1BDE8084001F0B7B80120BDE808401D
:103C780001F016B9002008BD0010045038B50546FB
:103C880008B9002038BDFEF77BFF04460028F8D0AD
:103C98002846FFF7CFFFB0FBF4F0F3E738B190F810
:103CA800233013B10021FFF778BCFFF7F8BAFF20E3
:103CB80070477FB504460A4651B3C56895F8FF3189
:103CC800002B3BD090F82030C3B395F9076295F9E3
:103CD800022295F9033295F90112039695F90662C5
:103CE800029695F90562019695F904520095FEF73A
:103CF80095FEE368204693F8FF11FEF784FE012144
:103D0800204694F82520FFF795F8002004B070BDF0
:103D1800FFF790F8636994F82010B3F1807F06D913
:103D280019B92046FFF702F9EFE70121F9E719B9B8
:103D38002046FFF7B7F8E8E70121F9E70120E5E7B2
:103D480010B50446F0B102681420D2F8943043F05C
:103D58000043C2F89430FEF7E6F82368D3F89420BD
:103D6800D205FBD5D3F89400D3F89420C0B222F042
:103D78000042C3F8942094F8253023F07F030343CE
:103D880084F8253010BD00002DE9F0430E4690461A
:103D98001F46044687B0002800F0E580002900F09F
:103DA800E280FEF70FFE2068FFF759FB3369002118
:103DB80084F83430B3680546A363F36884F82410A4
:103DC8001B05E363022384F836303369C4F808809E
:103DD8005A1E5342534184F82330B8F1000F58D08B
:103DE800002F56D03B68C8F80030A368FA685A60BC
:103DF8001022A3689A608022A368D960A3681A6118
:103E08004FF48052A3685961A3689961A368D96186
:103E1800A3681A62A3685962C0B16FF07F439842E1
:103E280014D0012694F82330002B3DD1002E5AD10E
:103E38002046FFF7EEFA3046FEF775F83220FEF717
:103E480072F82046FFF72AFF05464CE0012120467C
:103E5800FEF78BFEA74BA26920469A424FF000025C
:103E68008CBF01211146FFF7C5FA20469DF838108E
:103E7800FEF782FE94F835302BB1012B10D10021CA
:103E88002046FEF791FF01212046FEF71AFF002683
:103E9800C8E7002DDED06FF07F439D42C1D1D9E73E
:103EA800022BF0D10121EBE72268002793683946FD
:103EB80043F07073936001233A462046CDE90373BB
:103EC800CDE901773B460097FEF75FFE3A46FF21B2
:103ED8002046FEF715FE3846FEF725F8C820FEF7FF
:103EE80022F8002EADD094F82330EFB2C5F307289E
:103EF8002563C5F30745424629463846ABB301F06A
:103F0800D7F9E060A0BB94F823302BB308212046F2
:103F1800FFF743FBC0F30728C0F30745C7B2206388
:103F280042462946384601F0C3F9E06000BB0F213C
:103F38002046FFF732FBC0F30728C0F30745C7B296
:103F4800206342462946384601F0B2F9E06078B964
:103F580001F0C4F9E06058B900212046FEF7B1FE2F
:103F68000023C4E90E3301204CE001F059F9C8E7F9
:103F780094F82330424629463846002B45D001F0B4
:103F8800BBF9424629468146384601F0BFF9424608
:103F9800294684F82700384601F0C1F9424684F8DA
:103FA80024002946384601F0C3F994F8243043EA3E
:103FB800001384F82430B9F1000F03D0C4F83C9002
:103FC800C4F8149094F82330002B73D1002E6ED1CE
:103FD8002046FFF77FF96369B3F1807F38D932460D
:103FE80021212046FFF706F894F820308BB9314696
:103FF800204684F82660FFF747F907212046FEF798
:10400800BBFE002007B0BDE8F08301F01DF9814632
:10401800D1E701212046FFF737F994F82690B9F146
:10402800010FEAD142462946384601F017F938B15E
:104038002046FFF785FE49462046FFF73AFEDCE7B3
:10404800324631462046FEF7F5FE84F82660D4E76E
:1040580094F8203033B93146204684F82660FFF7BB
:1040680008F9CEE701212046FFF703F994F82690D6
:10407800B9F1010F15D142462946384601F0EEF84C
:1040880038B12046FFF75CFE49462046FFF711FE8F
:10409800B7E7324631462046FEF7CCFE84F8266064
:1040A800AFE7324631462046FEF7C4FEA9E784F85A
:1040B8002630A6E701212046FEF7FDFCE368022131
:1040C8001A792046FEF796FF2046FEF74AFD054678
:1040D8000A20FDF728FFEB07ECD42046FFF795FBF5
:1040E80094F82030022B8CD101212046FFF75CFB8D
:1040F80087E700BF00E1F5051FB50190019B114C52
:104108000BB1206840B9002000F0DAFE0E4BB0FB7E
:10411800F3F0019B20609BB1302882BF019B03F123
:10412800FF330193019B5BB10522019B013B434394
:10413800B3FBF2F30393039B5A1E0392002BFAD1AD
:1041480004B010BDC8CB042040420F0070B50E4625
:104158001546044658B302220368DA600268936D74
:1041680023F00073936502680020D2F8943043F07E
:104178000043C2F89430FFF7BFFF1420FFF7BCFFDD
:104188002068D0F89430DB05FBD5D0F89430D0F80F
:104198009420DBB222F00042C0F894205A1E3270FC
:1041A80001220020043B2B702368DA6070BD0120D7
:1041B800FCE7000037B514460546002843D000291F
:1041C80041D0FEF7FFFB2846E1B2FEF7D5FC2846B2
:1041D800FFF754FD1D4B984230D91D4B98422FD9FB
:1041E8001C4B984222D940F2B63440F274431A4A22
:1041F800904288BF1C46002201212846FFF7FAF8A2
:1042080000212246022328460091FEF7A0FD04461D
:1042180048B906212846FEF7AFFD044618B9012122
:104228002846FEF74EFD204603B030BD0B4B4FF439
:104238003E749842DFD800221146DEE7B424FAE73C
:104248004FF4BE74F7E70124EDE700BF00366E01B6
:10425800006CDC0200D8B805000E2707008793031E
:10426800F0B50E461746054687B0D8B10722002498
:104278000323CDE903220121CDE90143009423461C
:10428800FEF783FC02212846FEF715FC394628462E
:10429800FEF70AFC3246C0212846FEF731FC2046CC
:1042A80007B0F0BD0120FBE72DE9FF410C4616469B
:1042B8001F460546002840D06B46214A10685168C1
:1042C80003C39068D16803C32846E1B2FEF77AFDBC
:1042D80007F110036B4413F8088C4FEA48185FFA8B
:1042E80088F80CB304AB03EB560313F8104CA40086
:1042F80044F0210464B204F0FD0200212846FFF7CF
:10430800AFFF711E284649B2FEF7BAFD42460421A6
:104318002846FFF7A5FF791E284649B2FEF7B9FDE2
:10432800002004B0BDE8F08106F110036B4413F8D7
:10433800104CA40044F00104DCE70120F1E700BFC1
:1043480038B00220F0B50E461746054687B0D8B1FA
:10435800072200240223CDE903220121CDE90143EC
:1043680000942346FEF711FC04212846FEF7A3FB20
:1043780039462846FEF798FB3246C0212846FEF704
:10438800BFFB204607B0F0BD0120FBE730B505466E
:1043980085B0A0B100240721022390F82520CDE99B
:1043A80002115200CDE9004352B22346FEF736FB14
:1043B80021462846FEF727FB204605B030BD0120E0
:1043C800FBE730B5054685B090B1072100240223EC
:1043D800CDE90211CDE90043234690F92620FEF7E6
:1043E80046FB80212846FEF736FB204605B030BD47
:1043F8000120FBE7F0B5044687B000283BD090F8D1
:104408002330052B34D0033B012B2ED8012603275C
:104418000023072576B27FB21A4601212046CDE94E
:104428000355CDE901570096FEF7AFFB0022FF21A7
:104438002046FEF765FB94F82330052B0FD10023A7
:1044480001211A462046CDE90355CDE901570096CA
:10445800FEF79BFB0022FF212046FEF751FB0020C0
:10446800FDF761FD0320FDF75EFD002007B0F0BDFC
:1044780003260227CCE70120F8E7000030B5044600
:1044880085B000286ED000296CD0FEF79BFA23680F
:104498000DF10E020DF10F0120461D68FFF756FEC3
:1044A80001212046FEF768FB2046FFF7E7FB2E4B6D
:1044B80005F00105984236D8142303218DF80E30F3
:1044C8008DF80F3008460023B42284F8251084F8AC
:1044D8002610062100902046FEF739FC07212046C9
:1044E800FEF74AFC01212046FEF77AFC9DF80E10E3
:1044F8002046FEF783FC00229DF80F102046FEF7A9
:1045080089FC01212046FEF7DCFB01212046FEF74D
:10451800E6FB2DB9154B1B6803F00303032B1DD1D4
:10452800002005B030BD124B98420BD903F1377308
:1045380003F5D84398420BD907211420082340F2E9
:104548003252C2E705210E20032340F2B632BCE7FF
:1045580006211120052340F27442B6E72046FFF7F2
:1045680049FFDDE70120DCE7016CDC0200000C50AC
:10457800011C4E0EF0B5044685B0002800F0968068
:10458800002900F09380FEF71DFA23680DF10E0252
:104598000DF10F0120461E68FFF7D8FD01212046C6
:1045A800FEF7EAFA2046FFF769FB414B05469842B9
:1045B800404F06F0010650D8142303218DF80E3021
:1045C8008DF80F30B4220023009120460621FEF713
:1045D800BEFB07212046FEF7CFFB01212046FEF750
:1045E800FFFB9DF80E102046FEF708FC00229DF800
:1045F8000F102046FEF70EFC01212046FEF7C6FBF1
:1046080001212046FEF75DFB01212046FEF767FBEE
:104618002EB994F8273013B92046FFF7EBFEBD42B8
:104628003AD9254B9D423CD90622022388253B26B0
:1046380084F82630012184F825202046FEF7C2FBA5
:10464800324600212046FFF77DFE2A4604212046F7
:10465800FFF778FE002005B0F0BDB8420DD9164B23
:1046680098420FD903F1377303F5D84398420ED80F
:104678001421082340F23252A6E70E21032340F208
:10468800B632A1E71121052340F274429CE71721B5
:1046980009234FF4BE6297E7042200230825332636
:1046A800C6E70522002308253726C1E70120D2E7FF
:1046B800016CDC02011C4E0E01882A1170B50E46F1
:1046C8001546044686B0F8B107220323CDE9012335
:1046D8000023CDE9032200930121FEF756FA314663
:1046E8002046FEF7FCF902212046FEF7E4F92946A8
:1046F8002046FEF7D9F94FF480326021204606B0F3
:10470800BDE87040FEF7FCB906B070BD38B5044688
:104718000122FFF7B3FE2046FFF7B0FA154B984287
:104728001FD9154B98421FD903F1F47303F5904331
:1047380098421CD942F28F7541F28F730F4A90420A
:1047480098BF1D4601212046FEF7D7FA2A46204683
:104758000021FFF7B3FF01212046FEF733FB0020BD
:1047680038BD4EF28F75EDE74FF28F75EAE740F2EC
:104778008F75E7E781FE210A01D4650C01882A11AB
:104788001FB560B10721032390F82520CDE9001358
:10479800013A0023CDE9021152B2FEF73FF905B004
:1047A8005DF804FB1FB560B10721032390F82620AC
:1047B800CDE90013013A0023CDE9021152B2FEF708
:1047C80056F905B05DF804FB8B10A3F14802F0B56B
:1047D800D6B2042E49D8022E10D8254D0E2405EB4A
:1047E800820540F2B222A1EB86039BB2A3F5907337
:1047F800032B3AD8DFE803F0091A27201D4D9B0048
:104808003D2440F221321D44EDE70E2C4FF00806FE
:1048180020D14FF47C512F68031BB3407B400B40E1
:1048280010447B40001B2B6080B2F0BD0E2C4FF073
:10483800000612D13F21EEE70E2C4FF010060ED1E4
:104848004FF47C11E7E70E2C4FF018060AD14FF011
:104858007C51E0E74FF4E061DDE70721DBE74FF447
:10486800E021D8E74FF0E061D5E70020DDE700BFA1
:1048780058B000500CEF0040002A31D02F2816DD28
:104888003A282DDC0123174A2A388340106F11F08B
:10489800200F14BF184398431067124A11F0100FE5
:1048A800D16E14BF0B4321EA0303D3667047263841
:1048B800032815D80C4B11F0200F53F8202014BFF3
:1048C80042F0100222F0100243F8202053F8202072
:1048D800C9064CBF42F0080222F0080243F8202023
:1048E800704700BF00B00C505CB00C5038B14FF0AE
:1048F800A0429368064843F00403936070474FF062
:1049080080425368034843F008035360704700BF70
:1049180000300050003000403B28C8BF3C384301FD
:1049280052B1064A0020134433F810208A4202D0BC
:1049380001301028F8D17047014AF3E724B5022066
:1049480084B402202DE9F0471546044618B94FF003
:10495800FF30BDE8F0873A28CDBF0027012706467B
:10496800A0F13C063846FFF7C1FF8046002F00F053
:104978005E81A4F1260003280AD8DFF80CC304F1ED
:104988008043263B5CF8232022F002024CF82320C7
:10499800A1F590739BB20B2B04D82046FFF714FFA8
:1049A800014625E0A1F59C739BB2072B50D84A100D
:1049B8009C3AA1EB420189B2B1F59C7F43D040F209
:1049C8003913994240F03A814FF0080E4FF47C5C5D
:1049D800A549A4F10E0351F8220003FA0EF343404F
:1049E80003EA0C03434041F8223004F5297189B2E7
:1049F8003A462046FFF790FF0F288146A7DC3A4643
:104A080029462046FFF738FF002F40F01981402C37
:104A180040F31681954AE80652F824304FEA0939DE
:104A280023F4E04323F0180348BF43F00803A90622
:104A380048BF43F0100309F4E04949EA030342F888
:104A48002430002085E74FF0000E4FF03F0CBFE701
:104A5800A1F5EC739AB2092A37D80522B3FBF2F311
:104A6800C3EB8332C3EB82020A4492B2A2F5EC7123
:104A780088B2032814D84FF03F0E7D48C90050F87B
:104A880023C0A4F10E028A4082EA0C020EFA01F158
:104A98000A4082EA0C0240F8232004F25521A6E7D6
:104AA800B2F5EE7F40F0CA803F217248DA00D0F8B4
:104AB8006CC0A4F10E03934083EA0C0301FA02F2DE
:104AC800134083EA0C03C366E7E76FF4017A01EB4E
:104AD8000A0293B2052B28D80323B2FBF3F26FF432
:104AE8000179C2EB823302EB83030B449BB203EBE5
:104AF800090C1FFA8CFCBCF1020F00F29F80DB004E
:104B0800A3F581535C49A4F10E0E083B0EFA03F39A
:104B1800DFF878E151F822005EF82CC0434003EA40
:104B28000C03434041F82230B7E76FF4F87E01EBFD
:104B38000E039AB2092A2AD8B1F5FC7F16D2590871
:104B480013F0010F4D4B4FF03F004D4A18BF1A4666
:104B5800C9008840D2F800C0A4F10E038B4083EA54
:104B68000C03034083EA0C03136096E707D040F276
:104B7800F913994207D100213F20424AEAE7102160
:104B88004FF47C10F9E708214FF47C50F5E76FF4F7
:104B9800587C01EB0C039BB2052B3FF629AF032889
:104BA8004CD804F18043A1F26232DFF8DCC0263B26
:104BB800042A15D8DFE802F0382A033123004FF41D
:104BC80040524FF0E04A4FF0005EDFF8C490D9F849
:104BD800040020EA0A0040EA0E00C9F8040000E0D8
:104BE80000225CF8230020F4E04002434CF8232024
:104BF8005CF8232042F002024CF82320F8E64FF438
:104C080040524FF0E04A4FF0405EDEE74FF400526A
:104C18004FF0606A4FF0806ED7E74FF400524FF0C4
:104C2800606A4FF0C06ED0E74FF48052D9E7A1F523
:104C380096739BB2072B3FF6DBAEAEE60021D7E6B4
:104C480006F18046013E58F8263005F0300509F097
:104C58000F0945EA090523F03F031D4345F04005C8
:104C680048F82650EDE600BF48B0005058AF0C5049
:104C780064B0005000B0005070B000507CB00050DC
:104C880078B0005080B000505CB00C5048B00220A2
:104C980000000C503A2838B5044625DD402816DCBB
:104CA8000025A0F13C012846FFF720FE01F18043D2
:104CB800013B50F823102A4621F05F0141F00F0113
:104CC80040F8231000212046FFF7D6FD0AE0084AE5
:104CD80052F8203023F4E04323F00E0343F4E0437A
:104CE80042F82030002038BD01460125DBE700BF2F
:104CF80058AF0C50054B9A6E20B142F020020020AC
:104D08009A66704722F02002F9E700BF00A00C5015
:104D180007B5134A134902EBC002D1F89C309278C8
:104D2800022862F30303C1F89C300DF1070011D18A
:104D380007F02CFB10B10B238DF80730094A9DF8BA
:104D48000710D2F8943061F30303C2F8943003B02B
:104D58005DF804FB07F026FB0028EFD00D23EBE7F6
:104D680064B0022000A00C504FF0A0430D281A6A2E
:104D78000DD842F6F173C34013F0010F0CBF0123A5
:104D880003238340134023FA00F0C0B27047012385
:104D9800F7E70000012803D002280ED00020704752
:104DA8004FF0A043DB6A63B113F001000AD0064854
:104DB800C3F3830303FB000070474FF0A0431B6B52
:104DC800F1E71846704700BF00366E010120FFF773
:104DD800E1BF0220FFF7DEBF00207047234BA1F19F
:104DE800B771A1F55851994210B53CD8012802D0A5
:104DF800022836D0FEE71E4C1E4BD3F894209007AD
:104E080058BFD3F894204FF000005CBF42F0020274
:104E1800C3F89420D3F89420D2075EBFD3F8942027
:104E280042F00102C3F89420134A2368B1FBF2F15F
:104E380023F001032360236823F4005323F03C0389
:104E480043EA810343F4805343F001032360FDF7F1
:104E58006AF80A20FDF767F82368002BFCDA0020BF
:104E680010BD064CC8E70120FAE700BF002A7515F7
:104E78002C00005000B0005000366E013000005089
:104E880001460120FFF7AABF01460220FFF7A6BF8F
:104E98004FF0A042D36A002023F00103D362704789
:104EA800012808D14FF0A0431B6A03F00303032B2A
:104EB80001D1FFF78BBF0148704700BF006CDC02CF
:104EC800021E08BF012208B51046FFF7E9FF012AB4
:104ED80002D0022A0AD0FEE74FF0A0435B6ADBB299
:104EE800012BB8BF0123B0FBF3F008BD4FF080439E
:104EF8005B6903F03F03F3E74FF0A04310B50D28BB
:104F08001B6A18D842F6F172C24012F0010F0CBFAA
:104F18000122032202FA00F411404FF0A04223EAD2
:104F2800040381400B43136220B90120FFF7C8FF37
:104F3800024B186010BD0122ECE700BF5449042061
:104F48000028D8BF002008B5CCBFFF23034600299E
:104F580012DB002A43F4E06340EA01200EDA4FF046
:104F6800A0414A6A22EA030303434B620120FFF788
:104F7800A7FF074B186008BD002A04DB43F4E04391
:104F880040EA0230EBE7002BF0D0FF23E7E700BF51
:104F98005449042070B50C46194D0646FFF7B8FE73
:104FA8002B69FA2023F004032B61FCF7BCFF302C9B
:104FB8000DD800210846FFF79FFF3020042200216A
:104FC800B0FBF4F0FFF7BCFF0024204670BDFDF7EE
:104FD800E5FC0C4800EBC60043680B48EB616043F6
:104FE800FFF74EFF04460028EFD1012106220846AC
:104FF800FFF7A6FF03212046FFF77EFFE4E700BF87
:1050080000B0005064B0022040420F002DE9F34187
:105018001D4C1E4F04EBC0023B6B9278054662F3B1
:1050280017534FEAC0083B630DF107000E4607F01F
:10503800ADF910B10B238DF807309DF8071014F95E
:105048003520FB6C0A44002162F385030846FB64A3
:10505800FFF752FF302E00D9FEE73020042200214E
:10506800B0FBF6F0FFF76CFFFFF712FFFDF7A2FCAD
:105078004444074B6268DA611A6942F004021A6113
:1050880002B0BDE8F08100BF64B0022000A00C505F
:1050980000B0005070B5314E054633780C46012BF0
:1050A80043D9023B012B02D90125284670BD2C4B60
:1050B80053F82120FFF78DFE9042F5D8012905D835
:1050C80029462046FFF7A2FF002535E000210846C3
:1050D800FFF712FF2046FFF71BFEFA20FCF723FF1D
:1050E800FFF7D6FE302D0DD8FDF764FC00210846E9
:1050F800FFF702FF042200213020B0FBF5F0FFF794
:105108001FFFE1E7FDF74AFC16486843FFF7B8FEC2
:1051180005460028C8D1012106220846FFF710FFDE
:1051280003212846FFF7E8FECEE7012909D9014601
:105138002046FFF72FFF054600203470FCF7F3FEEA
:10514800B3E78B4203D14FF0FF321146D4E79021E9
:105158000220FFF71FFF0028A6D1B1E7092C042081
:1051680054B0022040420F00134A1368590721D453
:10517800116800280CBF01234FF0FF3341F00401F0
:1051880011604FF0804243F48013136011680029C6
:10519800FCD0094A116CC80606D5116C41F0020111
:1051A8001164116CC906FCD44FF080410A6822EAE8
:1051B80003030B60704700BF00000440F0280DD8BF
:1051C800902807D8302807D8182894BF0021012133
:1051D800FFF760BF0321FBE70221F9E701207047D1
:1051E800F0B505460138C0B2FD2808D800240B4F99
:1051F80057F8040B067826B90134062CF8D100209C
:105208000BE0AE4205D14678964202D186788E42AE
:1052180001D00830EEE703B11C70F0BD0C2C04205F
:1052280007B50DF10703FFF7DBFF064B40B14FF45D
:1052380005719DF8072001FB023003B05DF804FBFF
:105248001846FAE7442E042008B50023FFF7C8FFE4
:1052580008B1406808BD4FF40020FBE708B50023FB
:10526800FFF7BEFF10B1C07800F0010008BD0000D4
:10527800F0B505460138C0B2FD2808D800240B4F08
:1052880057F8040B067826B90134062CF8D100200B
:105298000BE0AE4205D14678964202D186788E421E
:1052A80001D00830EEE703B11C70F0BDBC3A042011
:1052B80007B50DF10703FFF7DBFF30B14FF40572B7
:1052C8009DF80730024802FB030003B05DF804FBB9
:1052D800D43C04204FF0FF307047000008B5FFF7BA
:1052E800F9FF031EA5BF4FF405720248002002FB18
:1052F800030008BDD43C042008B50023FFF7B8FF1D
:1053080008B1406808BD4FF08060FBE708B500238E
:10531800FFF7AEFF10B1C078C0F3400008BD08B574
:105328000023FFF7A5FF10B1C078C0F3810008BDC6
:1053380008B50023FFF79CFF08B1C078000908BD35
:10534800F7B5214B06461D68204B043D1F68002316
:1053580000F11A0EAB4202DB002003B0F0BD318B26
:1053680021B3728B3AB3B94201D2974205D9184B8F
:105378001B680BB117489847FEE701331C46AC423F
:1053880001DB0436E6E73EF824C0BCF1000FF8D094
:10539800624509D10E4B1D682DB1063430F8243012
:1053A8000D480092A847FEE70134E8E700EB8302C6
:1053B800528B002AD0D0064A146824B100EB83032C
:1053C8005A8B0648A047FEE7ECCB0420F0CB04201C
:1053D800DCCB0420F4A9022011AA02205EAA022034
:1053E8004FF0FF3210B5074C0144884201D1D04339
:1053F80010BD10F8013B5340DBB254F8233083EA68
:105408001222F2E784B00220F8B5144B01461E6858
:10541800B0421ED238B1124B00221C68114B043C1A
:105428001D46944200DCF8BD1F8B8F420AD105EB64
:1054380082056A8B96420FDD0B4B1B680BB10B483C
:105448009847FEE717B95F8B002FECD00132043381
:10545800E7E74FF0FF30E6E71046E4E7F0CB04203B
:10546800ECCB0420F4CB0420DCCB04207CAA022063
:105478002DE9F04F0746884687B000294BD1002513
:10548800284607B0BDE8F08F0022CDE90122264E5C
:105498000091384621463368FBF772FB002832DD5D
:1054A800326813685B4523D15668C6F31E06AE42C0
:1054B80015DD104610210592FFF792FF059A136932
:1054C800834213D1C8F8004035460134DAF8001099
:1054D800D9F80030B3FBF1F3A342D5D8D0E7134B8A
:1054E8001B681BB132462946114898472E46EBE700
:1054F8005A1CC5D00D4A1568002DC0D02246394621
:105508000C48A847BBE7094B1B68002BEED0224686
:1055180039460948E9E70024DFF820A02546DFF8E6
:105528002090DFF820B0D1E7E0CB0420DCCB0420CA
:105538009BAA0220C8AA0220F9AA02204C490420EA
:10554800504904204D4266532DE9F04F0128074683
:10555800DFF85CB187B00ADDDBF800301BB900204A
:1055680007B0BDE8F08F014647489847F7E7DFF8EE
:105578004481002863D1B8F80060B8F80250002EC2
:1055880062D0304604A9FFF773FF8146002D5DD035
:10559800284605A9FFF76CFF0446DBF800A0BAF11E
:1055A800000F05D023463246494638480095D04773
:1055B800A145D4D04FF0000298BF2E4607F108034A
:1055C80094BF28F8135028F81360CDE90122304B16
:1055D80088BFDDF810A01B6898BFDDF814A0DFF8BD
:1055E800D880009351463046D8F8003088BF4C46E2
:1055F800FBF7C6FA0028DBF8005038DDD8F8008041
:10560800244BD8F800209A422BD110214046FFF7AE
:10561800E7FED8F81020014682421ED1D8F80410BF
:10562800C1F31E01A14213D14FF402721A48414638
:1056380002FB070005F000F90DBB204690E7B8F81B
:105648000460B8F806509AE7B1469FE72C46A4E7ED
:1056580015B122461148A847FEE70DB11048A847E2
:10566800FEE71DB1524631460E48A847FEE7002D19
:105678003FF475AF524631460B48A8476FE72146BD
:105688000A48A847D9E700BF17AB02202BAB022076
:105698004C4904204D426653F4CB042051AB022000
:1056A8009BAB0220ADAB0220E2AB02200EAC022085
:1056B800DCCB042004D00420E0CB04202DE9F04307
:1056C80005460024134F144EDFF8508085B0396822
:1056D8003368B3FBF1F3A34202D84FF0FF3415E06F
:1056E8000022CDE90122DFF83890009128462146B2
:1056F800D9F80030FBF744FA20B1D9F800301B681C
:10570800434501D10134E2E70133FBD1204605B01E
:10571800BDE8F0834C490420504904204D426653AB
:10572800E0CB0420F0B5044685B080B21F460D4694
:105738001646FFF769FE431C08D10A4B1B6813B1D4
:10574800214609489847002005B0F0BD0C9B324619
:1057580002930B9B294601930A9B00933B46FBF758
:105768000FFAF1E7DCCB042021AC0220014B1868CA
:10577800704700BF4C490420F7B5044608460E465A
:10578800FFF79CFF051E25DB134B1A68134B1B689C
:10579800B3FBF2F39D421DDA114FFF21386805F083
:1057A80031F864420F4904F402744FF40272386805
:1057B800214405F041F8386860B102680A4B9A4202
:1057C80008D1FFF7BDFD00230093294630463A680B
:1057D800FFF7CCFF03B0F0BD4C490420504904202A
:1057E800E0CB0420F4CB04204D42665300207047E0
:1057F8002DE9F04F7D4C7E4B226885B09A4200F02F
:10580800EF80D4F808229A4200F0EA80236001234E
:1058180063600023DFF810922381D9F80030754FB8
:10582800043BDFF808A263813B68DAF80050013BCB
:10583800714EA381E5813B689D4210DB0025A84697
:10584800DFF8B4B1DAF80060B54220DB6389002BD9
:105858004DD1694B1B680BB168489847FEE728464D
:10586800FBF7EEF968B92846FFF7C0FF38B133688F
:1058780013B12946624898476389013B6381013522
:10588800D9E73368002BF7D029465E48F3E7284666
:10589800FBF7D6F948B3DBF8003013B129465A486C
:1058A8009847A089FBF7CCF9A3890646013BA38159
:1058B8006389013B9BB2638108B1002BF1D1DBF80E
:1058C80000301BB1424629465048984746B9A2893C
:1058D80008F1060324F82350013204EB83035A80AD
:1058E800238908F10108013323810135AAE7102132
:1058F8003E48FFF775FDD9F800102061043989008A
:105908004348FFF76DFD4FF402723849606188180B
:1059180004F092FF94F80F32102143F0800384F8CA
:105928000F323C48FFF75CFDC4F818020024DFF88A
:105938000091DFF800813B689E4208DB032C30DCD5
:105948002D4B1B6813B1214633489847FEE7304674
:10595800FBF776F9054610BBD9F800A0FF2152469F
:10596800D8F8000004F04EFFCDE90155CDF800A0AD
:10597800D8F800302A4629463046FBF701F9D9F80D
:105988000030984209D1D8F800301B68013301BFB4
:10599800224B221D23F812600134032C01DC01364E
:1059A800C9E700251D4C00202189FFF7E5FE238962
:1059B80001206189238023822581FFF7DDFE638929
:1059C8006581A3806382A3896380E389E3800A4BAE
:1059D8001B680BB112489847002005B0BDE8F08F4E
:1059E800054B1B680BB10F489847FEE7F4CB042022
:1059F8004D426653E8CB0420DCCB0420B6AC022031
:105A080044AC022066AC022083AC0220A2AC022087
:105A18000CCC0420FCCD0420D0AC022004D00420FF
:105A2800F7AC022013AD0220ECCB0420F0CB04200D
:105A38004C490420E0CB04202DE9F04F87B0002921
:105A480000F02981954B1A68012A08D1944B1B68EC
:105A58000BB194489847002007B0BDE8F08F0122A9
:105A68001A60914B1C6804B9FEE7DFF87CA2DAF8EB
:105A7800002002B9FEE7B0FBF4F44FF000088B4AAF
:105A8800DFF868B26309DFF868921360CBF800406A
:105A9800E41A874B1822C9F80010864800211C60B8
:105AA80004F0B0FE4FF482620021834804F0AAFE9D
:105AB80047464646DBF800309C4202DB4FF0FF3594
:105AC80064E02046FBF7BCF8054638B1744B1B6808
:105AD80013B17A48611C98470134EBE7DAF80020E3
:105AE800FF21D9F80000059204F08CFE059ACDE953
:105AF80001550092D9F800302A4629462046FBF77E
:105B08003FF8DAF8003098422ED1D9F800106C48E6
:105B18000B68A2B28342674B1FD191F90710002985
:105B2800B5BF03EB470123F816208A800136B8BFBA
:105B3800013706EB08023A44032ACDDD002E00F0B7
:105B48008180002F7ED0012E01D0012F1ED119880F
:105B58001A8981B91A805A8913E008F1040123F8D7
:105B6800112008F10108E4E74D4B1B68002BB3D066
:105B78005448611CAFE7598809B95A80EBE7002AF5
:105B8800E9D09988002958D19A800225DFF8109128
:105B9800D9F8004024B143463A4631464A48A0471E
:105BA800D9F8003013B129464848984735F0020023
:105BB80064D1FFF7C9FC05460120FFF7C5FCD9F8F9
:105BC800006004463EB13B4A2946538A0093128A34
:105BD80003463F48B047A542374C35DD4FF40272C3
:105BE8002146A01804F028FE94F80F32102143F043
:105BF800800384F80F3204F50270FFF7F1FBC4F854
:105C0800180201202B4B598AFFF7B6FD22682C4B4E
:105C18009A422DD12848FFF793FBD9F800402CB1C0
:105C28002C4B24492C48A3F50272A047D9F8003020
:105C3800002B3FF410AF29480CE7D9880029A4D1DC
:105C4800DA80A2E70125A1E7E0DA4FF402722046E4
:105C5800A11804F0F1FDE379102123F08003E3712A
:105C68002046FFF7BDFB134B2061198A0020CBE7C4
:105C7800D9F800300BB11A489847FEE7012D02D138
:105C8800FFF7B6FDC9E7D9F800301BB14FF0FF3177
:105C980014489847FEE74FF0FF30DDE6E4CB0420D8
:105CA800DCCB042027AD022050490420ECCB042093
:105CB800F0CB042004D00420F4CB042055AD0220FE
:105CC8004D42665361AD022080AD02209FAD022097
:105CD800B1AD0220FCCD04200CAE022030AE022073
:105CE800D5AD0220EBAD02204C490420E8CB0420BE
:105CF800E0CB0420014B1860704700BF4C490420DA
:105D0800014B1860704700BF504904207047704726
:105D180008B5104A104B9A60D3F8882042F03F0229
:105D2800C3F88820D3F8882042F47002C3F888208A
:105D3800FBF7E6FBFAF7E6FA084B1B68DB0701D42A
:105D4800FFF7E4FFFAF7DFFAFFF7E1FF044B054A34
:105D58001A6008BD0000022000ED00E000B000500D
:105D68005449042040787D01DFF848D0124880F378
:105D78000A88FFF7CDFF114C114DAC4209DA2168B2
:105D88006268A368043BA2BFC858D050FAE70C3435
:105D9800F3E70C4B0C4CA34208DA19685A68002048
:105DA800043AA4BF8850FBE70833F4E7FBF7CEFBBF
:105DB800FEE7FEE70020042000000420D4C30220F0
:105DC800E0C30220E0C30220E8C302200538C0B2C5
:105DD80003289ABF024B53F820000020704700BFE9
:105DE80084BC022000B1007A704700F0A9B800F026
:105DF8005AB810B5044600F04CF82046BDE81040EB
:105E080004F03ABC10B56C21012004F019FC0446DA
:105E180008B100F03AF8204610BD012300F094BC08
:105E2800002300F091BC00F021BC00F01BBC012154
:105E380000F03EB8002100F03BB800F08DBD00F046
:105E4800F5BC10B5044600F0E7FC2046BDE810405C
:105E580004F012BC10B5D821012004F0F1FB04466F
:105E680008B100F0D5FC204610BD012301F0F8BBB5
:105E7800002301F0F5BB01F0EDBA01F0E6BA01210B
:105E880000F0DABC002100F0D7BC6C22002104F03D
:105E9800B9BC38B1002100F16C03024601309842C8
:105EA8001170FAD1704708B56C2204F0C5FC08BD22
:105EB8002DE9F041C1B1DFF878E0DFF878C0104F84
:105EC800104E114D114C124A124B4FF00008C0E908
:105ED80002ECC0E90088C0E90476C0E90654C0E9CC
:105EE80008238166BDE8F081DFF84CE0DFF84CC09C
:105EF800094F0A4E0A4D0B4C0B4A0C4BE5E700BF05
:105F080017DD703039590EF7310BC0FF111558687D
:105F1800A78FF964A44FFABE72F36E3C3AF54FA509
:105F28007F520E518C68059BABD9831F19CDE05B5E
:105F3800D89E05C107D57C3667E6096A85AE67BB7A
:105F48002DE9F04FCFB006AA0B461646049000F193
:105F5800080400F12807354620686168083403C53D
:105F6800BC422E46F7D10DF1380A1946504603F1C6
:105F780040044B780D781B0443EA0563CD7804315F
:105F88002B4311F8025C8C4243EA052340F8043B9A
:105F9800EFD19649D446D2E905E7D2E900960D46F5
:105FA8000091D2F81C80D2F810B0D2E902322968E8
:105FB800DCF800004FEAFB2484EABB14014487EABA
:105FC8000E0084EA7B6400EA0B0078402144014417
:105FD80041444FEA793888EAB90888EAB9580A4446
:105FE800884449EA060109EA060019400143884441
:105FF800DCF8040069684FEA783401448BEA0E0043
:10600800104080EA0E00394401444FEAF22080EA49
:10601800B21080EA726084EAB804014484EAB85491
:106028000B440C4448EA090108EA090031400143DD
:106038000C44DCF80800A96882EA0307014482EAF4
:106048000B00184080EA0B00714401444FEAF3202A
:1060580080EAB31080EA736001444FEA743080EA42
:10606800B40080EAB45006EB010E084448EA040183
:1060780008EA040601EA090131430844DCF80C6027
:10608800E96807EA0E070E444FEAFE2157405E44CE
:1060980081EABE1181EA7E613E440E444FEA7031C6
:1060A80081EAB00181EAB051B144314444EA0006C2
:1060B80004EA000706EA08063E433144DCF810709B
:1060C8002E6920353E44164483EA0E0202EA09028C
:1060D8005A4016444FEAF92282EAB91282EA7962F2
:1060E80016444FEA713282EAB10282EAB152B044F0
:1060F800324440EA010600EA010726403E433244A2
:10610800DCF8147055F80C6C0CF1200C3E441E445D
:106118008EEA090303EA080383EA0E031E444FEAE2
:10612800F82383EAB81383EA78631E444FEA72338C
:1061380083EAB203A71983EAB25341EA020433445B
:10614800044001EA0206344323445CF8086C55F81D
:10615800084C344489EA08063E4086EA0906744435
:1061680034444FEAF72686EAB71686EA7766344457
:1061780000EB040E4FEA733080EAB30080EAB350B4
:10618800204442EA03040C4002EA03063443061999
:1061980055F8040C5CF8044C204488EA070404EA27
:1061A8000E04484484EA080420444FEAFE2484EAA2
:1061B800BE1484EA7E64204401EB000B4FEA76317A
:1061C80081EAB60181EAB651014443EA060010406B
:1061D80003EA0604204301EB00090549A9427FF4BC
:1061E800E6AE0AF1C001059104E000BF94BD0220AB
:1061F800D4BD0220DAF83810DAF804504FEAF14436
:1062080084EA7144DAF8000084EA9124DAF8241068
:106218000AF1200A01444FEAB54080EAF51080EA05
:10622800D50021440144039187EA0E0000994FEA02
:10623800FB2484EABB1400EA0B0084EA7B64096C43
:1062480078402044014403984FEA7934014441449A
:1062580002EB010849EA0602CAF8200084EAB904F8
:1062680009EA06001A40024384EAB9541444DAF8E9
:106278001C200C444FEAF24C8CEA724C5AF8181C59
:106288008CEA922CDAF80820A8184FEAB14282EA80
:10629800F11282EAD10260441044009A8BEA0E059A
:1062A800526C05EA08053A44024485EA0E0515448D
:1062B8004FEAF82282EAB81282EA78622A44134442
:1062C800019349EA04054FEA743309EA040783EAAB
:1062D800B40335403D4383EAB4532B441344039A33
:1062E8005AF8145C4FEAF24C8CEA724C8CEA922C05
:1062F800DAF80C20CAF824008F184FEAB54282EA6F
:10630800F51282EAD50267441744019A8BEA08011C
:106318001140009A81EA0B01926CCAF82870724405
:106328003A4401EB020C019A01994FEAF22282EAFF
:10633800B11282EA71626244B118029144EA03061A
:106348004FEA733104EA030C81EAB30106EA09064D
:1063580046EA0C0681EAB351314411444FEAF0424F
:1063680082EA70425AF8106C82EA9020DAF810201B
:1063780003EA010E15444FEAB64282EAF61282EAAF
:10638800D60205441544019A88EA0200029A104090
:10639800009A80EA0800D26CCAF82C505A442A4461
:1063A80000EB020C029A02984FEAF22282EAB0123B
:1063B80082EA706262444FEA713043EA010C80EA73
:1063C800B1000CEA040C4CEA0E0C80EAB1506044AF
:1063D800104491444FEAF74282EA77425AF80CCCCB
:1063E80082EA9727DAF8142001EA000E16444FEAE9
:1063F800BC4282EAFC1282EADC023E441644DDE931
:106408000127574007EA09075740009ACAF8306041
:10641800126D324442443A444FEAF92787EAB917E1
:1064280087EA7967174404EB07084FEA703241EAB4
:10643800000482EAB0021C4044EA0E0482EAB05228
:1064480022444FEAF54484EA754484EA9524DAF84C
:1064580018505AF808EC654425444FEABE4484EACB
:10646800FE1484EADE042544029C3A4484EA0907BF
:1064780007EA080787EA040C009C019F646D00EA9C
:10648800020B2C443C440CEB04074FEAF82484EA42
:10649800B81484EA78643C441F1940EA020C4FEAB5
:1064A80072330CEA010C83EAB2034CEA0B0C83EA60
:1064B800B253634423444FEAF64484EA764484EAB8
:1064C8009624DAF81C605AF804CC764426444FEA3D
:1064D800BC4484EAFC1484EADC0406EB040B009C4C
:1064E800029EA46D89EA080E5C4434440EEA070E45
:1064F8004FEAF7268EEA090E86EAB716744486EA4A
:106508007766344401EB040E42EA03064FEA73311E
:10651800CAF838B0064002EA030B81EAB30146EA3A
:106528000B0681EAB35131440E194FEAF54181EA6D
:106538007541CAF8345081EA9521039DDAF8004084
:10654800654429444FEAB44585EAF41585EAD4053B
:106558004C19009988EA0705C96D05EA0E0521441A
:10656800494485EA08050D444FEAFE2181EABE1137
:1065780081EA7E612944CAF83C4000EB010B43EAFA
:1065880006044FEA763080EAB600144003EA0605AE
:1065980080EAB6502C43204400EB010900992031D1
:1065A8000091059951457FF425AE0893049B06A9EF
:1065B800CA60C1F81C801A1D8F612433C1F814E029
:1065C8004E60C1F810B0C1F8009052F8040F51F8AD
:1065D800044B934220441060F7D14FB0BDE8F08FD0
:1065E8002DE9F8430368054603F03F079B1803604D
:1065F80028BF43680E4628BF0133144628BF4360AE
:1066080097B1C7F1400991450ED800F128084A46CC
:1066180008EB070004F010F9403C414628463C448A
:10662800FFF78EFC00274E44A04604EB060904E061
:106638002846FFF785FCA8F14008B8F13F0FA9EB01
:106648000801F5D86FF03F03A1095943621807D034
:1066580005F12800711A3844BDE8F84304F0ECB895
:10666800BDE8F8830AB1FFF7BBBF704737B50446EA
:106678000D46D0E90021530F43EAC1031BBA00932A
:10668800D30002F03F02372A1BBA94BFC2F1380286
:10669800C2F178022B490193FFF7E4FF082269460B
:1066A8002046FFF79DFFE37A2B7063896B70A36820
:1066B8001B0AAB70A368EB70E37B2B71E3896B71EA
:1066C800E3681B0AAB71E368EB71E37C2B72638AA6
:1066D8006B7223691B0AAB722369EB72E37D2B7320
:1066E800E38A6B7363691B0AAB736369EB73E37EBD
:1066F8002B74638B6B74A3691B0AAB74A369EB746B
:10670800E37F2B75E38B6B75E3691B0AAB75E36954
:10671800EB7594F823302B76638C6B76236A1B0A0F
:10672800AB76236AEB76A36E4BB994F827302B77B8
:10673800E38C6B77636A1B0AAB77636AEB7703B00A
:1067480030BD00BF54BD02202DE9F0471D469CB066
:10675800074601A888461646FFF797FB55B3DFF8AA
:1067680090A0DFF89090DFF890E0DFF890C018482C
:106778001849194A194B0024CDE90923CDE9070125
:106788004246394601A8CDE905ECCDE90144CDE9F9
:1067980003A91B95FFF766FF314601A8FFF766FFBF
:1067A8002346224601A9CA5401336C2BFAD11CB0E6
:1067B800BDE8F087DFF848A0DFF84890DFF848E048
:1067C800DFF848C006480749074A084BD3E700BF27
:1067D800310BC0FF11155868A78FF964A44FFABE92
:1067E8007F520E518C68059BABD9831F19CDE05B96
:1067F800D89E05C107D57C3617DD703039590EF79C
:1068080067E6096A85AE67BB72F36E3C3AF54FA539
:10681800D822002103F0F6BF38B1002100F1D803D7
:106828000246013098421170FAD1704708B5D82253
:1068380004F002F808BD00002DE9F04F81B30FF213
:10684800C80BDBE900AB0FF2C809D9E9008932A708
:10685800D7E9006732A5D5E9004533A3D3E900237A
:106868009FED1B5B9FED1C6B9FED1D7B9FED1E4BF2
:1068780080ED045B80ED004B80ED024B80ED066BF4
:1068880080ED087BC0E90AABC0E90C89C0E90E6756
:10689800C0E91045C0E91223C0F8D010BDE8F08F58
:1068A8009FED135B0FF2880BDBE900AB0FF2880951
:1068B800D9E9008922A7D7E9006723A5D5E90045CA
:1068C80023A3D3E900239FED0C6B9FED0D7BCDE750
:1068D800D89E05C15D9DBBCB07D57C362A299A6217
:1068E80017DD70305A0159910000000000000000C7
:1068F80008C9BCF367E6096A3BA7CA8485AE67BBCB
:106908002BF894FE72F36E3C39590EF7D8EC2F151C
:10691800310BC0FF6726336711155868874AB48E54
:10692800A78FF9640D2E0CDBA44FFABE1D48B5479E
:10693800F1361D5F3AF54FA5D182E6AD7F520E5173
:106948001F6C3E2B8C68059B6BBD41FBABD9831F2D
:1069580079217E1319CDE05B2DE9F04FADF53F7D30
:1069680082461EA8044601F180054B780A781B046C
:106978000F7943EA0263CA798E7842EA07624F794F
:1069880043EA062342EA0742CE788F79083142EA81
:10699800072233438D42C4E9002304F10804E4D1FB
:1069A80001461026D1E91C4CD1E902258E46E30C9C
:1069B8004FEADC474FEAC4094FEACC0848EA547862
:1069C80043EA4C3347EA443749EA5C79A40987EA41
:1069D800080744EA8C6483EA0903634087EA9C1742
:1069E800DEE9124CDEE9008E14EB08044CEB0E0CC9
:1069F8001B1947EB0C0754084FEA12284FEA550CAD
:106A08004FEA152E4CEAC27C4EEA026E44EAC5747F
:106A180048EA0568D20984EA080442EA4562624005
:106A28008CEA0E0C9B188CEAD51406F1010647EB8C
:106A380004070831502EC1E91E37B3D1DAF81030F7
:106A48000E93DAF814300F93DAF818301093DAF856
:106A58001C301193DAF820301293DAF824301393AB
:106A6800DAF828301493DAF82C301593DAF8303045
:106A78001693DAF834301793DAF838301893DAF8CE
:106A88003C301993DAF840301A93DAF844301B9303
:106A9800DAF848301C93DAF84C301D930F4B00930A
:106AA8001C9BDDF854B00A931D9BDDE910CE0B93B7
:106AB8001A9B08931B9B0993189B0693199B079392
:106AC800169B0493179B0593149B0393129B0193A6
:106AD800139B0293DDE90E3202E000BF18BF0220CB
:106AE800049C049E4FEA9438059C009948EA84481F
:106AF8004FEA9439049C49EA8449A50C059C45EA67
:106B08008435A40C44EA863489EA0409059C88EA99
:106B18000508F50545EA5425E40544EA562488EABB
:106B2800050889EA0409D1E90057D0E90064AD19DC
:106B380047EB0404069E089F09997E40079F18EBBF
:106B4800050587EA0107049949EB04040E400599F5
:106B58004FEA13780F4008994FEA83794E40099914
:106B6800AD1987EA01070A9944EB07046D180B99D8
:106B78004FEA127741EB040403999607491946EA4C
:106B8800930647EA03170A9187EA06074BEB0401C5
:106B9800560649EA920946EAD3160B9148EA0218C2
:106BA800019988EA090877404FEA436943EA0C06E5
:106BB80049EAD2190E40029903EA0C0B88EA09083F
:106BC80042EA0E0909EA010946EA0B0602EA0E0141
:106BD80018EB060649EA010947EB09077119039101
:106BE800009944EB070BD0E90267D1E902450899FF
:106BF800A41945EB070564180999069E41EB05059C
:106C0800049981EA06070599079E4E400A990F40A4
:106C18000B990E4006994F400799E41986EA010638
:106C28000A9945EB06058F0B0B9947EA81474FEA0E
:106C380091380A9948EA81484FEA91490B9949EAFB
:106C480081398E0C0A9987EA090746EA813688EA6B
:106C58000608CE050B9946EA51264FEAC1590A990A
:106C68007E4049EA51290199A41988EA090845EBA7
:106C780008080919089102994FEA1B7641EB0801A7
:106C8800099103994FEA8B7545EA91050F0F46EA7A
:106C980001164FEA817949EA9B0947EA0B176E40CA
:106CA8004FEA4B6545EAD11587EA09074FEA41697A
:106CB80049EADB196E4043EA010587EA09071940EA
:106CC80042EA0B0905EA0C0509EA0E090D4302EA36
:106CD8000B017D1949EA010946EB090629190191B9
:106CE80048EB060102910099D0E90467D1E904450F
:106CF8000699A41945EB07056418079941EB0505A2
:106D080004990A9E81EA060705990B9E4E40089948
:106D18000F4009990E4004994F400599E41986EAF5
:106D28000106089945EB06058F0B099947EA814743
:106D38004FEA9138089948EA81484FEA91490999F8
:106D480049EA81398E0C089987EA090746EA8136AB
:106D580088EA0608CE05099946EA51264FEAC1593C
:106D680008997E4049EA5129A41988EA090845EB9F
:106D780008081CEB040106914EEB080107910199E4
:106D88000F0F029947EA01170E0F019946EA0116FB
:106D98004FEA817C02994CEA910C8D07019987EAA8
:106DA8000C0745EA91054FEA416C02996E404CEA9E
:106DB800D11C4D06019987EA0C0745EAD1156E40AA
:106DC8000399019D0D4302994BEA010C05EA030161
:106DD8000C91019D03990CEA020C01EA050902993C
:106DE8000BEA010E0C994CEA0E0C41EA09050099D0
:106DF8007D1946EB0C0615EB0409D1E90645049903
:106E080048EB0608D0E90667A41945EB070564189E
:106E18000599089E41EB05050A9981EA06070B9931
:106E2800099E4E4006990F4007990E400A994F4017
:106E38000B99E41986EA0106069945EB06054FEA1F
:106E4800913C07994CEA814C8E0B069946EA81469B
:106E58004FEA914E07994EEA813E8F0C06998CEACB
:106E68000E0C47EA81377E40CF05079947EA51273C
:106E78004FEAC15E06998CEA07074EEA512EE419DB
:106E880086EA0E0645EB06061B190C9342EB060331
:106E98000D934FEA18724FEA887343EA99034FEA51
:106EA800197542EA09124FEA897747EA980745EACD
:106EB80008155A404FEA4863029943EAD9137D40BE
:106EC8004FEA496747EAD8175A40019B7D4041EA93
:106ED8000807039943EA09030B40019907EA0B07DE
:106EE80001EA090E029943EA0E0301EA080C47EA8F
:106EF8000C07EB1842EB07021B19049346EB02033D
:106F08000593009B1B6A009A0A99526AD0E90845C2
:106F18001B1942EB05025B180B99069C41EB020218
:106F2800089981EA04050999079C4C400C990D4081
:106F38000D990C4008994D4009995B1984EA0104A0
:106F48000C9942EB04028E0B0D9946EA81468C0B94
:106F58000C9944EA81448F0C0D9947EA81378D0CCE
:106F68000C997E4045EA81356C40CD050D9945EA7E
:106F78005125CF050C99754047EA512703995B19AC
:106F880084EA070442EB0402C9180A914BEB020198
:106F98000B9104990E0F059946EA01160D0F0499F5
:106FA80045EA01158F07059947EA91078C07049967
:106FB8007E4044EA91044F060599654047EAD11797
:106FC8004C0604997E4044EAD114654049EA01041C
:106FD800059948EA010701990C4002990F40049964
:106FE80009EA010E059944EA0E0408EA010C34196D
:106FF80047EA0C0745EB0705E3180393009B42EBB0
:10700800050B009A9B6A0899D26AD0E90A451B19B0
:1070180042EB05025B1809990C9C41EB02020699A8
:1070280081EA040507990D9C4C400A990D400B997B
:107038000C4006994D4007995B1984EA01040A99A6
:1070480042EB04028E0B0B9946EA81468C0B0A9997
:1070580044EA81448F0C0B9947EA81378D0C0A99D1
:107068007E4045EA81356C40CD050B9945EA5125AE
:10707800CF050A99754047EA512701995B1984EAB7
:10708800070442EB0402C918089102994FEA1B75DC
:1070980041EB0201099103994FEA8B7444EA910488
:1070A80045EA01150E0F8F0765404FEA4B6447EA22
:1070B8009B0744EAD11446EA0B167E4065404F060A
:1070C800DDE903410C43059947EADB177E4041EAB5
:1070D8000B0704EA09010191DDE9034101EA040E05
:1070E800059907EA080701EA0B0C019947EA0C071A
:1070F80041EA0E04341945EB0705E318019342EB06
:1071080005030293009B009A1B6B0699526BD0E90A
:107118000C451B1942EB05025B1807990A9C41EBC9
:1071280002020C9981EA04050D990B9C4C400899C0
:107138000D4009990C400C994D400D995B1984EA52
:107148000104089942EB04028E0B099946EA81462C
:107158008C0B089944EA81448F0C099947EA8137D6
:107168008D0C08997E4045EA81356C40CD0509991A
:1071780045EA5125CF050899754047EA51275B191B
:1071880084EA070442EB040219EB0301069148EB79
:107198000201079101990E0F029946EA01160D0F97
:1071A800019945EA01158F07029947EA91078C076B
:1071B80001997E4044EA91044F060299654047EAE6
:1071C800D1174C0601997E4044EAD11465400399D1
:1071D800019C0C4302994BEA0107049904EA01084F
:1071E8000599019C0F40039901EA040E029948EAA7
:1071F8000E040BEA010C341947EA0C0745EB0705A6
:1072080014EB030C009B42EB050E9B6B009AD0E934
:107218000E45D26B1C190C9B42EB0502E4180D9B22
:10722800089943EB02020A9B403083EA0105099959
:107238000B9B4B4006990D4007990B400A994D400E
:107248000B99641983EA010342EB0302069B069932
:107258009E0B079B8F0C46EA83469B0B43EA8143B0
:10726800079947EA81378D0C06997E4045EA8135B2
:107278006B40CD05079945EA5125CF05069975401C
:1072880047EA5127641983EA070342EB0302049B88
:107298004FEA1E751B190493059B4FEA1C7643EBB6
:1072A800020305934FEA8E7343EA9C0345EA0C15E3
:1072B8004FEA8C7747EA9E075D4046EA0E164FEA8A
:1072C8004E6302997E4043EADC134FEA4C6747EA73
:1072D800DE175D40019B7E4041EA0E07039943EAB1
:1072E8000C030B40019907EA0B0701EA0C09029904
:1072F80043EA090301EA0E080099F31801F1400175
:10730800009147EA080745EB070528491B19009C27
:1073180042EB0502A1427FF4E3AB0E99CB180F991B
:1073280042EB0102CAE90432109B119A13EB0C03D9
:107338004EEB0202CAE90632019A129B13999B1876
:10734800029A42EB0102CAE90832039A149B179980
:107358009B18159A4BEB0202CAE90A32049A169B4B
:107368009B18059A42EB0102CAE90C32189B069A4F
:1073780019999A18079B43EB0103CAE90E231A9B34
:10738800089A1B999A18099B43EB0103CAE9102331
:107398001C9B0A9A1D999A180B9B43EB0103CAE997
:1073A80012230DF53F7DBDE8F08F00BF98C1022084
:1073B8002DE9F8431546D0E9003203F07F075B1941
:1073C80052F100020E464FF0000128BF0121044689
:1073D800C0E9003231B1D0E90232013342F1000292
:1073E800C0E902329FB1C7F18009A9450FD804F15D
:1073F800500831464A4608EB070003F01DFA803D65
:10740800414620463D44FFF7A7FA00274E44A846C8
:1074180005EB060904E02046FFF79EFAA8F180086C
:10742800B8F17F0FA9EB0801F5D86FF07F03E909E0
:1074380059436A1807D004F15000711A3844BDE85E
:10744800F84303F0F9B9BDE8F8830AB1FFF7B0BF14
:1074580070470000F0B50446D0E900230D46D0E996
:107468000261C90041EA567185B00F0E580FDB0062
:1074780043EA52738DF800700F0C8DF801708DF887
:1074880003100F0A190E40EAC6008DF80810D6003E
:10749800190C02F07F026F2A00BA8DF809104FEA22
:1074A800132194BFC2F17002C2F1F00201908DF86D
:1074B8000A102046694936BA8DF80B308DF80270EB
:1074C8000396FFF7C2FF102269462046FFF770FFB8
:1074D800E37D2B70E38A6B7063691B0AAB70636989
:1074E800EB70E37C2B71638A6B7123691B0AAB71A8
:1074F8002369EB71E37F2B72E38B6B72E3691B0AE1
:10750800AB72E369EB72E37E2B73638B6B73A369D6
:107518001B0AAB73A369EB7394F827302B74E38CC5
:107528006B74636A1B0AAB74636AEB7494F8233058
:107538002B75638C6B75236A1B0AAB75236AEB7515
:1075480094F82F302B76E38D6B76E36A1B0AAB76C3
:10755800E36AEB7694F82B302B77638D6B77A36A0D
:107568001B0AAB77A36AEB7794F8373085F820309D
:10757800E38E85F82130636B1B0A85F82230636B34
:1075880085F8233094F8333085F82430638E85F8F5
:107598002530236B1B0A85F82630236B85F82730A6
:1075A80094F83F3085F82830E38F85F82930E36B6D
:1075B8001B0A85F82A30E36B85F82B3094F83B30AA
:1075C80085F82C30638F85F82D30A36B1B0A85F85E
:1075D8002E30A36B85F82F30D4F8D030002B3BD158
:1075E80094F8473085F83030B4F8463085F83130B3
:1075F800636C1B0A85F83230636C85F8333094F875
:10760800433085F83430B4F8423085F83530236C8F
:107618001B0A85F83630236C85F8373094F84F30DC
:1076280085F83830B4F84E3085F83930E36C1B0AE9
:1076380085F83A30E36C85F83B3094F84B3085F8A0
:107648003C30B4F84A3085F83D30A36C1B0A85F805
:107658003E30A36C85F83F3005B0F0BD94BE0220E3
:107668002DE9F04F1C46B7B0064668460F4615464A
:10767800FFF7CEF8002C3FD00FF2F40BDBE900AB9C
:107688000FF2F409D9E900893DA1D1E900013EA32F
:10769800D3E900239FED244B9FED255B9FED266BDF
:1076A8009FED277B9FED283BCDE91223CDE9100103
:1076B8003A46314668468DED003B8DED023B8DED37
:1076C800044B8DED065B8DED086B8DED0A7BCDE9E6
:1076D8000CABCDE90E893494FFF7B7FE294668460E
:1076E800FFF7B8FE00231A460DF803200133D82B04
:1076F800FAD137B0BDE8F08F9FED154B0FF2900B24
:10770800DBE900AB0FF29009D9E9008924A1D1E99E
:10771800000125A3D3E900239FED0F5B9FED106BBC
:107728009FED117BBEE700BFD89E05C15D9DBBCB19
:1077380007D57C362A299A6217DD70305A0159918B
:1077480039590EF7D8EC2F15000000000000000092
:1077580008C9BCF367E6096A3BA7CA8485AE67BB5C
:107768002BF894FE72F36E3CF1361D5F3AF54FA587
:10777800310BC0FF6726336711155868874AB48EE6
:10778800A78FF9640D2E0CDBA44FFABE1D48B54730
:10779800D182E6AD7F520E511F6C3E2B8C68059B43
:1077A8006BBD41FBABD9831F79217E1319CDE05BFB
:1077B80070B50368CD1A002D02DC6FF05F0070BD54
:1077C80093F900601C78002E0ADB5C1C04601B78AF
:1077D80013600368C91A13688B42EED80020EEE7DD
:1077E80004F07F04013C032C2BD8DFE804F0020AE4
:1077F8001421012DE1D05B78136003680233036024
:10780800E7E7022DD9DDB3F801305BBA9BB213600C
:1078180003680333F3E7032DCFDD9C785D782402FA
:10782800DB7844EA05442343136003680433E6E73E
:10783800042DC2DDD3F801301BBA13600368053389
:10784800DDE76FF06300BAE770B404680E1B002E22
:1078580007DD26789E4208D10134046070BCFFF72A
:10786800A7BF6FF05F0070BC70476FF06100FAE768
:1078780073B50223154601AA0446FFF7E5FF40B990
:10788800019E28463246216800F0D4FA2368334422
:10789800236002B070BD38B5032304461546FFF7D0
:1078A800D3FF58B913685A1E012B2A6004D92368DC
:1078B8005A1C22601B780BB16FF0670038BD2DE9A8
:1078C800F34190461E4601AA302305460F46FFF7AE
:1078D800BBFF044610BB2B68FF1A002F38DD424659
:1078E8001B78284642F8043B2F68019B1F44394601
:1078F8000623FFF7A9FF044680B92B68D8F80420AF
:10790800C8F808309918B94229600BD1014606F128
:107918000C0332460136B3421170FAD1204602B048
:10792800BDE8F0819B5C324642F8043B2B6839463F
:10793800013328462B60FFF73BFF60B92B6872685C
:10794800B3601344BB4218BF6FF065042B60E5E7D2
:107958006FF05F04E2E70446E0E70023F0B51C4659
:10796800161F844203D102EB8402B3B9F0BD56F866
:1079780004CFACEB0305356051F824700134BD42E7
:107988002CBF4FF0000E4FF0010EED1B9C452CBF95
:1079980073460EF101033560E3E71168C81A99428E
:1079A8002CBF0023012342F8040BDEE72DE9F04148
:1079B80094460E468646002502F14004BEF10F0F9C
:1079C80054F8407C06F1400604F140047CD86FF07E
:1079D8000F08020908FB020007284FEA821E0CEB79
:1079E800821401EB82165BD951F80E100838A1FBFE
:1079F8000312691842F100027F184CF80E70716882
:107A080042F10002A1FB03515219656841F10001DE
:107A180052196260B26841F10001A2FB0352491990
:107A2800A56842F100024919A160F16842F100021B
:107A3800A1FB03515219E56841F100015219E260B6
:107A4800326941F10001A2FB03524919256942F14B
:107A5800000249192161716942F10002A1FB035139
:107A68005219656941F1000152196261B26941F127
:107A78000001A2FB03524919A56942F10002491904
:107A8800A161F16942F10002A1FB03155218E169F5
:107A980045F100055218E26145F100052034203611
:107AA80027464FEA800C06EB8000B04257F8041BCB
:107AB80040F0EB80644423685B1944F8043B4FF0C2
:107AC8000105F8D2BDE8F08156F8402CAEF1100E51
:107AD800A2FB0328AA1848F10005BA1844F8802C1C
:107AE80056F83C2C45F10005A2FB0372EF1954F837
:107AF8007C5C42F10002ED1944F87C5C56F8385C75
:107B080042F10002A5FB0375D71954F8782C45F10A
:107B18000005D21944F8782C56F8342C45F10005A4
:107B2800A2FB0372EF1954F8745C42F10002ED19DC
:107B380044F8745C56F8305C42F10002A5FB03750A
:107B4800D71954F8702C45F10005D21944F8702C57
:107B580056F82C2C45F10005A2FB0372EF1954F8D6
:107B68006C5C42F10002ED1944F86C5C56F8285C34
:107B780042F10002A5FB0375D71954F8682C45F1AA
:107B88000005D21944F8682C56F8242C45F1000554
:107B9800A2FB0372EF1954F8645C42F10002ED197C
:107BA80044F8645C56F8205C42F10002A5FB0375BA
:107BB800D71954F8602C45F10005D21944F8602C07
:107BC80056F81C2C45F10005A2FB0372EF1954F876
:107BD8005C5C42F10002ED1944F85C5C56F8185CF4
:107BE80042F10002A5FB0375D71954F8582C45F14A
:107BF8000005D21944F8582C56F8142C45F1000504
:107C0800A2FB0372EF1954F8545C42F10002ED191B
:107C180044F8545C56F8105C42F10002A5FB037569
:107C2800D71954F8502C45F10005D21944F8502CB6
:107C380056F80C2C45F10005A2FB0372EF1954F815
:107C48004C5C42F10002ED1944F84C5C56F8085CB3
:107C580042F10002A5FB0357551954F8482C47F187
:107C68000007521944F8482C56F8042C47F100072D
:107C7800A2FB0325BF1854F8442C45F10005D2197E
:107C880045F1000544F8442C98E656F8042BA2FB6D
:107C9800032EAA184EF10005891845F1000547F88A
:107CA800041C02E720B100230122C0E900238360FD
:107CB800704710B5044668B1836833B10021426843
:107CC800013A08D2A06802F0D7FC00230122C4E9D7
:107CD8000023A36010BD43F8041BF1E742F21073C0
:107CE80099422DE9F04105460F4603D96FF00F0080
:107CF800BDE8F08146688E4201D30020F8E70421F0
:107D0800384602F09DFC80460028EFD0AC685CB194
:107D1800B6003246214602F08FFD00232644B442C5
:107D280005D1A86802F0A8FCC5E90178E5E744F8A0
:107D3800043BF4E7884270B505460E4603D08B68CD
:107D48001BB9FFF7B6FF002070BD4A68013A1AB1A7
:107D580053F822100029F9D03368541C21462846CC
:107D68002B60FFF7BBFF014650B96A68A86892000C
:107D780002F048FDB168A868A20002F05DFDE2E7E4
:107D88006FF00F00E0E770B50E4601210446FFF7DB
:107D9800A5FF054688B9626801469200A06802F00E
:107DA80031FDA36886EAE672002EA2EBE6721A603D
:107DB800ACBF01234FF0FF332360284670BD00237A
:107DC800194670B544688C4201D1002008E08268E9
:107DD80052F82150002225FA02F6F60701D5981824
:107DE80070BD0132202AF6D120330131EBE702467B
:107DF800406888B19168431E7BB91A4689580020AB
:107E08004FF00042114204D1013020284FEA5202BB
:107E1800F8D10133C0EB4310704751F823009A00A2
:107E28000028EBD1013BE7E708B5FFF7E0FF073093
:107E3800C00808BDF8B507460C4616460025B542E9
:107E480001D0635D73B1711B11F0030318BF0123E7
:107E5800384603EB9101FFF741FF014620B16FF06F
:107E68000F00F8BD0135EAE73846FFF78CFF002818
:107E7800F5D103463444F21A9542F2D2D7F808E015
:107E880014F8011DDA0023F0030C02F018029140E7
:107E98005EF80C2001330A434EF80C20EBE7F8B5E6
:107EA800154607460C46FFF7BFFFA842064616D8F8
:107EB80020462A46002102F0A5FC00232C44B342A8
:107EC80001D10020F8BDB86823F003028258D90018
:107ED80001F01801CA4004F8012D0133EFE76FF0F3
:107EE8000700EFE7F8B505460E464C0901F01F07F5
:107EF800FFF77DFF6B683044B0EB431F05D81F2E9A
:107F080011D8002F43D10020F8BD10F01F0118BF71
:107F1800012101EB50112846FFF7E0FE0028EED0C2
:107F28006FF00F00F0E76FF003006A6860431146D6
:107F38009300A142A3F104030CD8A31A944288BF6A
:107F48000023134400229B00043B191DD9D0A968C3
:107F5800CA50F9E7AE68013906EB030C5CF800C0BB
:107F680046F803C0E5E7AB6853F8241001FA07F0B8
:107F780043F82400A86850F82430134340F824300C
:107F880021FA06F201346B68A342ECD8BBE7002261
:107F9800C7F12006F7E7F0B443684C09A34201F0A3
:107FA8001F0201D304D192B3F0BC0021FFF7EBBE4E
:107FB8001F292ED8AAB9F0BC0020704785686E58D2
:107FC800043145F82360013345682D1B9D42F5D8DF
:107FD800002441689942EDD9816841F82340013372
:107FE800F7E700244368C2F12007013BE3D3816827
:107FF80051F8235025FA02F641F82360866856F8AE
:108008002310214346F8231005FA07F4EDE71F294A
:10801800D1D90023A100D7E730B5426822B94B680F
:108028005BB99AB1012015E0836803EB820353F82A
:10803800043C002BF3D1013AF0E78C6804EB83058C
:1080480055F8045C0DB9013BEAE722B9181E18BFC0
:108058000120404230BD9342E4D30ED8013A8368F0
:1080680053F8221054F822309942DBD802F1FF323B
:1080780003D3531CF3D10020ECE74FF0FF30E9E7BE
:108088002DE9F04F154687B00593109B06465A68B0
:108098006B68894601339A4259D3109B9868002827
:1080A80055D09200002102F0ADFB109BD5F804805A
:1080B800D3F808A0D9F80430D346434528BF43462F
:1080C8000024049308F101039A000AEB8303029247
:1080D80003934445B06818D1029B191F1A465144AE
:1080E80002F0AAFB29463046FFF796FF0130B16837
:1080F8000CBF109B0A46204614BFA9689A68FFF770
:108108002CFC002007B0BDE8F08F50F82430D9F8D7
:1081180008100193019A0B68DBF80070049803FBC0
:108128000277059B01345F4313465A46FFF73EFC2E
:108138005A463B464046A968FFF738FC0022019B97
:108148004BF8043B039B43F8042F0393C1E76FF0FC
:108158000300D7E7024630B5436823B9486858B9E1
:10816800002B36D12FE0906800EB830050F8040C08
:108178000028F3D1013BF0E78C6804EB800555F843
:10818800045C15BB0138EAE70D6802D20868404272
:1081980020E01068002803DD002D07DA012019E02F
:1081A800002D03DD10B14FF0FF3013E0013B916863
:1081B80051F8235054F823108D420BD803F1FF33A4
:1081C800E5D3591CF3D1002004E0002BDED0834214
:1081D800DAD9106830BD1FB581EAE173A3EBE1730A
:1081E80000290093ACBF01234FF0FF330193012313
:1081F80001A90293CDF80CD0FFF7ACFF05B05DF8EC
:1082080004FB90422DE9F04106460C46154602D083
:1082180088422CD12C4601233360656885BB2946EA
:108228003046FFF75BFD074628BBB368A1689C464C
:108238000446A8422DD103EB8503F4B1726805F119
:108248000108AA4207D841463046FFF747FD90B9D2
:10825800B36803EB85031A68454612192CBF01243D
:108268000024003C18BF012443F8042BE5E7FFF77E
:1082780061FD0028CED06FF00F073846BDE8F081C9
:10828800A36803EB850353F8043C002BC7D1013DD9
:10829800C4E7DCF8002012192CBF4FF0010E4FF094
:1082A800000E51F82040013012194CF8042B4EF101
:1082B8000004BEE77FB50E46054611463046144613
:1082C800FFF7AAFE01302FD000230122AC42CDE9EE
:1082D800012303930DD1214601A8FFF72BFD38B1E7
:1082E8006FF00F0401A8FFF7E4FC204604B070BD4E
:1082F80001ACAE4209D101232B60D4E9010158B980
:10830800AA68FFF72AFB0024ECE731462846FFF766
:1083180011FD0028EFD0E3E701EB800353F8043C9C
:10832800002BEDD10138EAE76FF00904DDE7F8B575
:108338000D68136804466B430F46164616D511465A
:108348003846FFF769FE013007D0324639462046E5
:10835800FFF7B0FF00B92560F8BD3A463146204620
:10836800FFF7A8FF0028F7D16D42F4E7FFF749FFB0
:108378000028F0D06FF00F00EEE7F8B50D6813682D
:1083880004466B43002B0F46164616DD1146384649
:10839800FFF742FE013007D0324639462046FFF744
:1083A80089FF00B92560F8BD3A4631462046FFF7F7
:1083B80081FF0028F7D16D42F4E7FFF722FF00287C
:1083C800F0D06FF00F00EEE71FB582EAE273A3EB7F
:1083D800E273002A0093ACBF01234FF0FF330193EF
:1083E800012301AA0293CDF80CD0FFF7C6FF05B010
:1083F8005DF804FB2DE9F04300231546012287B000
:10840800884207460E46CDE90023CDE90232CDE980
:10841800043310D16846FFF78DFC58B16FF00F098F
:1084280003A8FFF746FC6846FFF743FC484607B039
:10843800BDE8F0836E46AF4206D1394603A8FFF780
:1084480079FC0028EAD103ADD6F80480B8F1000F12
:1084580016D16C68F4B908EB04013846FFF73EFC06
:1084680001460028DAD13846FFF78DFC81460028FE
:10847800D4D1013C17D233682A6853433B60CFE715
:10848800B36803EB880353F8043C002BE1D108F1EF
:10849800FF38DBE7AB6803EB840353F8043C002B9D
:1084A800D9D1013CD6E7AB68BA68404653F82430C6
:1084B800B16802EB8402FFF779FADAE71FB5012306
:1084C800009201AACDE90133CDF80CD0FFF792FF55
:1084D80005B05DF804FB2DE9F04F9FB0CDE903121C
:1084E8000590002118460993FFF775FE002800F053
:1084F800F3810125002409990498CDE91854CDE9A0
:108508001B540F95129515951694FFF785FD0130AC
:108518001FD1059B33B9039BA3B9002108461FB09F
:10852800BDE8F08F21460598FFF72DFC0028F2D012
:1085380000242546A146A0462646274602946FF009
:108548000F01EFE0DDE90301FFF7F4FB0028EFD1AD
:10855800E3E704990FA8CDE91044FFF7EBFBDDE949
:1085680010768246002840F0A981CDE913000999C8
:1085780012A8FFF7DFFBDDE913890446002840F065
:10858800A281049B1790596815A8023112950F957E
:10859800FFF7A4FB054618B1179B02932546CEE7C3
:1085A800014615A8FFF7EFFB179B04460293002826
:1085B80040F08E811A90022118A8FFF78FFB1A9DB0
:1085C8000028BCD11D9003211BA8FFF787FB1D9C29
:1085D80083460028B3D112A8FFF709FC00F01F005A
:1085E8001F2800F08A80C0F11F0319460FA80693C0
:1085F800FFF778FCDDE910760028A0D1069912A8CB
:10860800FFF770FCDDE91389002898D1BA46CDF848
:108618002080A7EB080B4FEA4B13194612A8CDE9A7
:1086280013890193FFF75EFCDDE91389002886D1E1
:108638004FEA8B030B93029B03EB8B0B12A90FA83A
:10864800CDE91076CDE91389FFF784FD00285ADAC1
:10865800019912A8FFF79FFCDDE9138900287FF430
:108668006EAF0AF1FF330193089B029A013B07930F
:1086780009EB83030A93089B03F18043023B09EB50
:1086880083030C930B9B13449A46019B079A9342CE
:1086980062D8059B6BB1184615A9FFF74BFB00285C
:1086A8007FF44DAF049B099A1B6812685343059ADF
:1086B8001360039B002B00F00D8106990FA8CDE9EC
:1086C8001076FFF768FCDDE9107600287FF437AFF5
:1086D800049B0FA91B6803980F93FFF72BFB014618
:1086E80000287FF42CAF01900398FFF774FD0199DF
:1086F800C0B90123039A136014E0BA46CDF820806C
:10870800CDF818B085E7DBF800200FA9013208463C
:10871800CBF8002012AAFFF730FEDDE910760146FB
:1087280000288BD00FA80191CDE91076FFF7C1FA88
:1087380012A8CDE91389FFF7BCFA029B15A8179375
:10874800FFF7B7FA18A81A95FFF7B3FA1BA81D94F4
:10875800FFF7AFFA0199E1E6019B4FEA830B06EBBD
:1087680083030B93019BABF1040056F823100A9B7B
:108778001A68331891420D9355D20023305801F0EE
:108788009FFD002914BF4FF0FF3303460133ABF1BF
:10879800080B4AF8043CB3445AF8043C0021013B56
:1087A8004AF8043C18A81A95FFF7EDFA1A9D002814
:1087B8007FF4C5AE079B002B38D00C9B1B682B6041
:1087C8000A9B18A91B6808466B605AF8042CFFF727
:1087D80075FE1A9D014600287FF4B1AE1BA81D94B2
:1087E800FFF7D1FA1D9C00287FF4A9AE019B1BA9B5
:1087F800012B18BFDBF800000D9B20601B6818A830
:1088080063600B9B1B68A360FFF7A4FC0028C3DC14
:108818005AF8042C12A918A8CDE91389FFF74EFEBF
:1088280030B11A9D8BE64FF0FF33AFE7079BC6E7E1
:108838006FF01F0B089B18A80BFB03FB019B0BEBAE
:10884800431B5946FFF74EFB1A9D00287FF477AE6D
:108858000FA9084618AACDE91076FFF78EFDDDE9C5
:108868001076014600287FF45DAF0FA8FFF7B3FC30
:1088780000281DDA12A918A8FFF75CFA0028D0D141
:10888800594618A8FFF72EFB1A9D00287FF457AE0B
:108898000FA9084618AAFFF74AFDDDE91076014638
:1088A80000287FF43FAF5AF8043C013B4AF8043CE7
:1088B800019BAAF1040A013B0193E6E62546A1467D
:1088C800A04602943BE654465546CDF808A036E645
:1088D8002C4663E6039925E76FF00B011EE670B599
:1088E80004460D46104600211646FFF774FC002882
:1088F80024DB2A46334621460020FFF7ECFD0546D7
:1089080038B1284670BD324621462046FFF70FFD94
:1089180090B900212046FFF75EFC0028F3DB3146C2
:108928002046FFF717FC0028EBDB3246214620469D
:10893800FFF723FD0028F2D00546E2E76FF00905AE
:10894800DFE72DE9F04F0546ADF2546D884618462D
:1089580000211C460392FFF73EFC0028C0F2028269
:10896800A3681F6817F00103059300F0FB8100213D
:108978000398FFF730FC0028C0F2F481002101239E
:108988004FF4C06214A8CDE90831CDE90A13CDE946
:108998000C11CDE90E31109101F034FF0398FFF767
:1089A80026FAB0F5287F33D2EF2833D84F2833D8AA
:1089B800059B182834BF1E4603266368284603F122
:1089C80001094946FFF78AF940B36FF00F090123FF
:1089D800741E03FA06F50C2603FA04F414AFA54234
:1089E80000F2BA8117A8FFF764F90BA8FFF761F93D
:1089F8000EA8FFF75EF9DDF878360BB19B6813B95E
:108A080008A8FFF756F948460DF2546DBDE8F08FF7
:108A18000626D2E70526D0E70426CEE7494617A85A
:108A2800FFF75CF90028D0D14FEA49010BA8FFF7FE
:108A380055F90028C9D1D8F800300493013309D179
:108A480041460EA8FFF776F90028BED101230DF1A3
:108A580038080E93DDF878361BB19B68002B40F080
:108A6800AB80012108A8FFF78EF90028ADD1616815
:108A780008A88901FFF736FA0028A6D108A92246D6
:108A88000846FFF72CFF81460028A0D1DDF878368C
:108A98003BB1DDF8782608AB03CB1060186851604D
:108AA800906021464046FFF755FB0028C0F28D80B4
:108AB8002246414617A8FFF712FF8146002886D1B3
:108AC800BA1C520002F008023A4402FB07F3C3F151
:108AD8000203534303FB07F2C2F1020253435F430D
:108AE800023F7B430DF12C0B2246CDF800B008A9BC
:108AF80017A80293FFF7C4FA002840F0E48028463C
:108B080008A9FFF717F900287FF45FAF012307AA28
:108B1800CDE911330793139228462246029BCDF8DC
:108B280000B011A9FFF7ACFA002840F0CC80012E64
:108B380053D14FF000094F46CA46C846039BD3F8A5
:108B480004B0BAF1000F40F0A180BBF1000F40F073
:108B580099804FF0010A0DF12C090AFA06FABB4573
:108B680040F0DD80012307AACDE911330793139262
:108B7800CDF8009022462846029B11A9FFF780FAFB
:108B88008146002840F09F80049B01337FF41FAF8B
:108B9800039B5B68002B3FF41AAF039B9B681B6821
:108BA800DB077FF514AF049B2A46214628462B6035
:108BB800FFF7BDFB81460AE7DDF8782608AB1068A9
:108BC800516803C3906818606BE7414617A8FFF720
:108BD800B1F800283FF474AFF7E64FF00C0A771E9F
:108BE80061680AFA07FA0DF15009D1444846013183
:108BF800FFF774F800287FF4E8AE484617A9FFF796
:108C080099F800287FF4E1AE804622464946484656
:108C1800029BCDF800B0FFF733FA002853D108F1D2
:108C28000108B845F1D34FF001080DF1500B08FACF
:108C380007F74744D34408FA06F80DF12C0AB8455B
:108C48007FF677AF61680BF10C0948460131FFF7F1
:108C580045F800287FF4B9AE59464846FFF76AF848
:108C680000287FF4B2AE22464846029BCDF800A009
:108C780017A9FFF705FA30BBCB460137DFE74FF0FE
:108C880002095EE74FF0200A0BF1FF3B039B0AF154
:108C9800FF3A9B6853F82B3023FA0AF313F00103C9
:108CA80014D1B9F1000F3FF44CAFB9F1010F0DD158
:108CB8000BAB0093224629462846029BFFF7E0F9B2
:108CC80000283FF43EAF6FF0030980E60137F21B3E
:108CD8009340BE4248EA0308D1D14FF000090BABDC
:108CE8000093224629462846029BFFF7C9F9002827
:108CF800E9D109F101094F45F1D80C200BAB14A9B2
:108D080000FB0811009322462846029BFFF7B8F99A
:108D180007460028D7D18046DDF8149011E722468F
:108D280029462846029BCDF80090FFF7A9F90028AC
:108D3800C9D14FEA480818EA0A0F02D10BF1010B12
:108D48000DE722462846029BCDF8009017A9FFF7A9
:108D580097F90028F2D0B6E706FB0470FEF7A9FFE2
:108D680001343CE66FF003094DE670B50023012499
:108D780086B0064668461546CDE90043CDE902347B
:108D8800CDE90433FEF7D6FF50B16FF00F04684603
:108D9800FEF78FFF03A8FEF78CFF204606B070BDD4
:108DA800294603A8FEF7C6FF0028EED16846FFF75C
:108DB80006F8054603A8FFF702F8854228BF0546CE
:108DC80068462946FFF7E7F80028DED1294603A8B8
:108DD800FFF7E1F80028D8D10394009400216846F1
:108DE800FFF7F9F968B9294603A8FFF77BF80028C7
:108DF800CBD1304603A9FEF79DFF04460028C6D014
:108E0800C3E76846FEF7DBFF01466846FFF7C3F88D
:108E18000028BAD103A8FEF7D2FF014603A8FFF73E
:108E2800BAF80028B1D1684603A9FFF793F90028DA
:108E38000EDB6946684603AAFFF73CFA0446002899
:108E4800A5D101216846FFF7A6F80028C6D09CE7FF
:108E580003A96A460846FFF72DFA0446002896D16A
:108E6800012103A8EFE770B5B1F5806F05460C4600
:108E780016461846ADF5806D0FD80A466946B047C4
:108E880040B9224669462846FEF7D4FF002818BF95
:108E98006FF00F000DF5806D70BD6FF00300F9E7FE
:108EA8002DE9F04F9FB001900F46104601219246E0
:108EB800FFF791F9002840F3B581002501265246B5
:108EC800394603A8CDE90665CDE90856CDE90C6514
:108ED800CDE90F65CDE90365CDE91265CDE91456F5
:108EE800CDE91865CDE91B650A9505951695FFF737
:108EF8003CFF0446002840F08281314603A8FFF772
:108F08006AF90546002840F071815246394606A89C
:108F1800FFF7E5FC0446002840F071810B9006A994
:108F280009A8FEF707FFDDF82C9020B9514612A8D2
:108F3800FEF700FF30B14FF0000B5D46D8465E46A5
:108F48005F46F5E01790514615A8FEF7F3FEDDF8E9
:108F58005C80002840F0598131460E900CA8FEF73D
:108F680012FF0E9F0146002840F0528111900FA871
:108F7800FEF709FF119E8346002840F04D81014607
:108F88001A9018A8FEF7FFFE1A9D002840F04781A6
:108F980001211BA8CDF874B0FEF7F5FEDDF874B01A
:108FA800002840F0C580D9F80020D00754D5D8F85B
:108FB8000020D30740F1838015A909A8CDF82C908B
:108FC800CDF85C80FFF7C6F80028C0F2B48009A984
:108FD800084615AAFFF7D1F9DDF82C9004460028B9
:108FE80040F0D1800CA9084618AA0E971A95FFF7E9
:108FF800C4F90E9F0446002840F0C5800FA9084612
:109008001BAA1196CDF874B0FFF7B7F9119E044664
:10901800002840F0B880002109A8CDF82C90FFF76F
:10902800DAF80028BFD1002118A81A95FFF7D3F85D
:109038000028C0F29E80514618A81A95FFF78AF8B2
:10904800002880F2C880019818A9FEF773FE041E54
:1090580018BF6FF00F0496E0012109A8CDF82C90F5
:10906800FEF799FFDDF82C90002861D13A68D30704
:1090780002D43268D40713D50CA9084612AA0E9751
:10908800FFF755F90E9F044600287CD10FA9084622
:1090980006AA1196FFF771F9119E0446002872D1AD
:1090A80001210CA80E97FEF776FF0E9F00283FD1EE
:1090B80001210FA81196FEF76EFF119E70E701219E
:1090C80015A8CDF85C80FEF766FFDDF85C80002807
:1090D8002ED12A68D10703D4DBF80020D20715D592
:1090E80018A9084612AA1A95FFF721F91A9D0446ED
:1090F800002848D11BA9084606AACDF874B0FFF786
:109108003CF9DDF874B0044600283CD1012118A8C8
:109118001A95FEF740FF1A9D50B901211BA8CDF8FA
:1091280074B0FEF738FFDDF874B000283FF43FAFA5
:109138006FF00F0427E015A9084609AAFFF71DF9E3
:10914800DDF85C800446F0B918A908460CAA1A95FF
:109158000E97FFF712F91A9D0446A0B91BA90846F5
:109168000FAACDF874B01196FFF707F9DDF874B0BF
:109178004DE718A952460846FFF7D9F81A9D044644
:1091880000283FF450AF06A8FEF793FD09A8CDF8D4
:109198002C90FEF78EFD0CA80E97FEF78AFD0FA8FF
:1091A8001196FEF786FD03A8FEF783FD12A8FEF7C9
:1091B80080FD15A8CDF85C80FEF77BFD18A81A95F0
:1091C800FEF777FD1BA8CDF874B0FEF772FD2046B8
:1091D8001FB0BDE8F08F18A952460846FFF7CDF832
:1091E8001A9D044600283FF426AFCCE7A34625463F
:1091F800A04626462746A1466FF00D04C3E7AB46B6
:10920800A8462E462F46A946BDE7A346254696E61C
:10921800A346254626468BE7A346254688E74FF012
:10922800000B85E76FF00304D1E7000070B50E4628
:10923800054610B1094C206810B96FF02D0070BDBB
:109248006B6862689A4203D1A96801F0CBFA08B149
:109258001434F0E7237C3370F1E700BFFCC102202F
:1092680070B50E46054610B1094C206810B96FF06C
:109278002D0070BD6B6862689A4203D1A96801F03D
:10928800B1FA08B11434F0E7237C3370F1E700BF7A
:1092980098C1022030B5084B1C6814B96FF02D0036
:1092A80006E01D7C854204D100200C605B681360D9
:1092B80030BD1433F0E700BF98C1022010B100237D
:1092C800C0E90033704710B5044660B1036853B174
:1092D8009B6A40689847002104F10803224601343C
:1092E8009C421170FAD110BD0128024818BF002015
:1092F800704700BF4CC2022070B50E46054648B103
:1093080041B1046834B94B6A9847686020B1204677
:109318002E6070BD0148FCE70148FAE780C1FFFFF5
:1093280080C0FFFF2DE9F0470D46DDE908891646A4
:10933800044610B90E48BDE8F0870268002AF9D043
:109348003BB90846FCF742FD0028F3D0FCF74AFD7C
:1093580003462268176947B1CDE90889324629468C
:10936800BC466068BDE8F04760470248E3E700BFD5
:1093780080C1FFFF00C1FFFF30B51546002285B050
:10938800C3E900229A6001AA1C46FEF798FA18B1B0
:10939800A0F56A5005B030BD294601A8FFF746FF81
:1093A80060B92B78012BF5D12368052B00D03BB988
:1093B8006268044B002A18BF1846EBE70248E9E741
:1093C8000048E7E780C5FFFF80C3FFFF00232DE9C2
:1093D800F04587B090468DF8033001AA3023064641
:1093E800FEF732FA28B1A0F57454204607B0BDE85C
:1093F800F085019B376830461F44394603AB0DF1B1
:109408000302FFF7B9FF04460028EED1394630467B
:1094180001AAFEF740FA10B1A0F56C54E5E73368ED
:10942800019A13449F424BD19DF80300FFF75CFF5C
:109438000146002846D04046FFF75EFF0446002854
:10944800D3D19DF80330012B38D13023394630462B
:1094580002AAD8F80450FEF7F7F938B1A0F56C5510
:109468003DBB3368BB42C0D0174D22E03368029A37
:1094780013449F42F8D105F1080A5246394630464E
:10948800FEF7F6F90028E9D13946304605F114020D
:10949800FEF7EEF90028E1D133689F42E4D128466F
:1094A80000F0C2F820B95046FEF7BEFC6860D8E765
:1094B800064D4046FFF707FF2C4696E7044DF8E7B0
:1094C800014C92E7024C90E79AC4FFFF00C5FFFFEA
:1094D80080C3FFFF134607B50246019101A819444E
:1094E800FFF774FF03B05DF804FB012802D0831F67
:1094F8005842584170474068C00070470123064AE7
:109508000B700B73054B4A6000F1080214308A6037
:109518000B614861704700BF28B002202EB00220BE
:1095280010B5044600F07CFE2046BDE8104001F06E
:10953800A3B810B5AC21012001F082F8044618B197
:109548000022114600F062F8204610BD00F09CB9D8
:10955800F0B4049F46680D463E60059F1446DDE959
:109568000612BE4206D8CDE9055304940023F0BC88
:1095780000F0E2BB0148F0BC704700BF00BCFFFF31
:10958800F0B4164647680C46DDE90551B742079A1C
:1095980006D1CDE9063505940123F0BC00F06EBC78
:1095A8000148F0BC704700BF80BFFFFFF0B40C4615
:1095B8001546DDE906124768059E3760049ECDE929
:1095C8000443CDE90656F0BC012300F031BD00008C
:1095D8007FB5099D46680446AE4211D8CDE900130F
:1095E8000023089E1946CDE902261A4600F008FE17
:1095F80020B96268034BAA4238BF184604B070BD50
:109608000148FBE700C7FFFF80BCFFFF70B50446B9
:109618000E4615460021AC2201F0F4F8C4E929658C
:1096280070BDC0E92912704738B5026904460AB10D
:10963800C3690BB9114838BD1268D207FAD51B683F
:10964800DB07F7D500F108052846FEF7D0FB7F2891
:10965800F0D92846FEF7CBFBB0F5005FEAD8143402
:109668002046FEF7C4FB0128E4D929462046FEF728
:1096780071FD0028DEDA0020DDE700BF00BEFFFF35
:109688002DE9F043A9B00546FFF7CEFF20B17D4C88
:10969800204629B0BDE8F0836B6B002BF7D02B6C0C
:1096A800002BF4D0AB6A002BF1D001A8FEF7FAFA30
:1096B80004A8FEF7F7FA07A8FEF7F4FA0AA8FEF7D7
:1096C800F1FA0DA8FEF7EEFA10A8FEF7EBFA13A8C8
:1096D800FEF7E8FA16A8FEF7E5FA19A8FEF7E2FA87
:1096E8001CA8FEF7DFFA1FA8FEF7DCFA22A8FEF78F
:1096F800D9FA05F12C0725A805F13806FEF7D2FAA4
:109708003246394601A8FEF775FE044600285ED1A8
:1097180005F1200805F114094A46414604A8FEF758
:1097280069FE0446002852D10122394607A8FEF7EF
:109738004BFE044600284AD1012231460AA8FEF70A
:1097480043FE0446002842D10AAA07A90DA8FEF73D
:1097580051FE044600283AD149460DAA13A8FFF73E
:1097680004FB0446002832D10AAA07A916A8FFF765
:10977800FCFA044658BB16AB0DAA1CA919A8FEF79B
:10978800AAFE044618BB19AA04A910A8FFF7A7F84F
:109798000446E0B9414607AA1FA8FFF7A0F8044607
:1097A800A8B941460AAA22A8FFF799F8044670B951
:1097B8003A46314625A8FFF773FB044638B905F148
:1097C800080101A8FEF7C6FC002831D02D4C01A8DD
:1097D800FEF76FFA04A8FEF76CFA07A8FEF769FA15
:1097E8000AA8FEF766FA0DA8FEF763FA10A8FEF7B6
:1097F80060FA13A8FEF75DFA16A8FEF75AFA19A838
:10980800FEF757FA1CA8FEF754FA1FA8FEF751FAFC
:1098180022A8FEF74EFA25A8FEF74BFA14F5844F56
:109828003FF435AF002C3FF433AFA4F584442FE761
:1098380005F144011FA8FEF78DFC0028C6D105F1EB
:10984800500122A8FEF786FC0028BFD105F15C0173
:1098580025A8FEF77FFC0028B8D100211CA8FEF738
:10986800BAFC0028B2D1012110A8FEF7B4FC0028E8
:10987800ACD1012113A8FEF7AEFC04460028A5D1FF
:10988800A5E700BF00BEFFFF38B505460C46FFF749
:10989800CBFE18B92046FFF7F3FE08B1094838BDDA
:1098A80004F1080105F10800FEF754FC0028F5D181
:1098B80004F1140105F11400FEF74CFC0028EED069
:1098C800ECE700BF00BEFFFFF0B50C46054687B0C9
:1098D80003A81646FEF7E6F921466A6803A8FEF7CC
:1098E800A9FA0446D0B905F10804214603A8FEF7F1
:1098F80031FC00281BDA05F1680303A96F680846E4
:10990800009305F114022346FFF71BF8044628B913
:109918003A46314603A8FEF7C2FA044603A8FEF702
:10992800C8F90CB1A4F58544204607B0F0BD6FF026
:109938000304F3E72DE9F04F1E46436B04460D463A
:1099480017469DB0002B00F07981036C002B00F0C6
:109958007581836A002B00F0718104A8FEF7A2F9D3
:1099680007A8FEF79FF90AA8FEF79CF90DA8FEF7CD
:1099780099F910A8FEF796F913A8FEF793F92DB1F7
:1099880016A8FEF78FF919A8FEF78CF93146626818
:1099980004A8FEF74FFA0346002840F0E08004F1DF
:1099A8000806314604A8FEF7D5FB002880F243815B
:1099B80004F1440A04F15009002D00F08980D4F81C
:1099C800A030002B00F0F48004F18C084246414698
:1099D8004046FEF70FFD0346002840F0C08032469F
:1099E80041464046FEF77BFF0346002840F0B7801B
:1099F80004F19808424641464046FEF7FBFC034600
:109A0800002840F0AC80324641464046FEF767FFEA
:109A18000346002840F0A38004A9084604F18C02FC
:109A2800FEF7E8FC0346002840F0998004A9324676
:109A38000846FEF754FF0346002840F090800122B4
:109A480004F12C010DA8FEF7BFFC0346002840F0E6
:109A58008680012204F1380110A8FEF7B5FC034600
:109A680000287CD13B462A461C2113A8FFF7FBF9A6
:109A78000346002873D113AA0DA916A8FEF7BAFC4D
:109A8800034600286BD116A952460846FEF74FFC3C
:109A98000346002863D13B462A461C2113A8FFF73A
:109AA800E2F9034600285AD113AA10A919A8FEF70B
:109AB800A1FC0346002852D119A94A460846FEF7D8
:109AC80036FC034600284AD10DF164090DF1580A05
:109AD80004F1740304F12C0800935246434604A988
:109AE80007A8FEF72EFF0346002838D104F18003AB
:109AF80004F1380700934A463B4604A90AA8FEF732
:109B080020FF034658BB0AAA07A904A8FEF735FC9C
:109B1800034620BB04F15C0204A907A8FEF76AFC0F
:109B28000346E0B9424607A904A8FEF7D8FE034653
:109B3800A8B93A4604A907A8FEF75CFC034670B921
:109B480007AA0AA904A8FEF7F2FB034638B9002DB4
:109B58005FD16268269904A8FEF7A1F9034604A814
:109B68000393FEF7A6F807A8FEF7A3F80AA8FEF7DE
:109B7800A0F80DA8FEF79DF810A8FEF79AF813A80C
:109B8800FEF797F8039B35B116A8FEF792F819A8C7
:109B9800FEF78FF8039B0BB1A3F5864318461DB05B
:109BA800BDE8F08F039B013B039307D1244BD6E715
:109BB8000B2304F1980B039304F18C0861683B466E
:109BC8002A4658460139FFF74EF903460028C6D100
:109BD800324659464046FFF7C8F803460028BED12A
:109BE80001214046FEF7F7FA0028DBD132465946F4
:109BF8004046FFF755F903460028B0D104F1680341
:109C0800009341463346404604F11402FEF799FE9C
:109C1800FEE604A9084604F19802FEF7EBFB0346AA
:109C280000289CD104A932460846FEF758FE034690
:109C380000288ED093E76FF0030390E7014BADE760
:109C480080BBFFFF80BFFFFF2DE9F74F9846DDE996
:109C58000CA3B8F1010F06460F4691460E9D03D19D
:109C6800D0F8A420002A62D1002F60D0002B5ED04B
:109C7800002D5CD01AF10C0F746858D80AF10B0249
:109C8800A24254D829460022A4EB0A04033C01F856
:109C9800022BB8F1000F31D1022214446A702C440F
:109CA800A14212D100222046194600F8012B524643
:109CB80000F0C2FDB8F1000F2FD12A4629463046E0
:109CC80003B0BDE8F04FFFF7FFBD4FF0640B012272
:109CD800484601930091B8470099019B0A784AB910
:109CE800BBF1010B01D00028F1D0A0F5894003B0E9
:109CF800BDE8F08F0028F8D10131D1E701202A46CC
:109D08004FF0FF0C02F8010F20182844824201D1BD
:109D18000C44C7E702F801CFF8E72B464A46394614
:109D280030460C9503B0BDE8F04FFFF703BE01487D
:109D3800DDE700BF80BFFFFF10B4D0F8A4401CB916
:109D48005DF8044BFFF780BF01485DF8044B70478E
:109D580000BFFFFF2DE9F0419846ADF5816DB8F1E0
:109D6800010FDDF8243403D1D0F8A440002C7CD1B5
:109D78004568A5F11004B4F57C7F76D802AEB8F139
:109D8800000F53D132461946FFF79EFD04460028BE
:109D980040D1B8F1010F31787278A5F1030749D1A4
:109DA80082F0020241EA02038446864602460DF129
:109DB800090111F8010F0EF1010EC0F1000840EA87
:109DC8000800C0F3C01080F001004CEA000CCCF190
:109DD80000004CEA0000C0F3C01080F00100BE454E
:109DE8000244E6D30DF10A008118805C0131034377
:109DF800072A98BF43F001039BBB8B1BEA1ADDF8C7
:109E08002C349A422FD8DDF82034DDF828041A6063
:109E180000F012FD00231A46F2540133B3F5806FA7
:109E2800FAD120460DF5816DBDE8F0810096FFF767
:109E380081FDABE782F0010241EA02038446024653
:109E48000DF1090111F801EF0130BEF1FF0F18BF44
:109E58004CF0010CB8428CF0010E52FA8EF2F1D39C
:109E6800C0E7034CD6E7034CD4E7034CD9E700BF5F
:109E780000BFFFFF00BCFFFF80BFFFFF10B4D0F89A
:109E8800A4401CB95DF8044BFFF764BF01485DF8B6
:109E9800044B704700BFFFFF2DE9F04F92460022A8
:109EA80089B0012B04461F46CDE906229DF848805B
:109EB800DDF84C90159E029107D1D0F8A42022B16C
:109EC800594D284609B0BDE8F08FD4F804B0ABF17D
:109ED8000305B8F1000F14D04046FBF777FF814621
:109EE8000028EDD0404606AA07A9FFF7D3F90028B5
:109EF800E6D1069A4846AA1AA2F10A05FBF772FFAC
:109F08008146A5EB0902072ADAD99345D8D3B34687
:109F1800002501210BF8025B58467170FF2103925E
:109F280000F070FC039A0BEB02000BF80250B8F13A
:109F3800000F0CD14A461499013000F07DFC8FBB0C
:109F4800324631462046FFF7BFFC0546B9E73021C7
:109F58004170069AC170083252FA89F28270069AE4
:109F680000F10708D1B201F1040C80F804C04FF0E9
:109F7800060C817180F805C007994046039200F0ED
:109F88005BFC0521039A5FFA89FB08EB020008F8DD
:109F9800021004224570827080F803B04A46149972
:109FA8000430CAE765680120294600F049FB0746E6
:109FB80040B12946012000F043FB804628B93846C5
:109FC80000F05AFB6FF00F057BE7334652462046F8
:109FD80002990097FFF7AEFC0546A0B942463946FC
:109FE8002046FFF771FC054668B9014603466268DA
:109FF8009A420FD18DF817109DF817308BB9394652
:10A00800304600F019FC384600F036FB404600F0B8
:10A0180033FB56E718F80300F45C01336040014352
:10A02800E6E7024DEFE700BF80BFFFFF00BDFFFF7F
:10A0380030B4D0F8A4509DF808401DB9029430BC43
:10A04800FFF72ABF014830BC704700BF00BFFFFFC1
:10A058002DE9F04F1C46ADF22C4D9DF85034012CE3
:10A068000393DDF85484DDF85C3408D1D0F8A450AB
:10A078002DB1604D28460DF22C4DBDE8F08F466895
:10A08800A6F11005B5F57C7FF3D80AAF54B93A4666
:10A098001946FFF719FC05460028EBD13B782BB190
:10A0A800554DE7E70097FFF745FCF4E77B7806ACEA
:10A0B8000DF12A00012B2060F2D1731E3B44027877
:10A0C80092B90130C71B0A2F2060E9DDF61B46450F
:10A0D80012D1039B83B94246DDF8581400F082FB85
:10A0E8000028C7D0454DC5E79842D9D2FF2A00F1CC
:10A0F8000100D5D12060E2E70398FBF767FE00284E
:10A10800B7D0FBF76FFED4F800A005AF0AEB06083E
:10A11800814630233A4641462046FDF795FB002804
:10A12800E0D1D4F800B00AF1020AD345DAD13B688D
:10A138000233B342D6D130233A4641462046FDF792
:10A1480083FB0028CED1D4F800A00BF1020BDA452E
:10A15800C8D13B6806334B44B342C3D106234146BA
:10A16800204608AA07AEFDF76FFB0028BAD123687E
:10A178000AF1020A5345B5D1089A0DF1130A099359
:10A188005146134430462360FFF76AF80028A9D1E6
:10A198009DF81330039A9342A4D105233A464146C9
:10A1A8002046D4F800A0FDF74FFB00289AD1266876
:10A1B8000AF1020A564595D104233A4641462046FB
:10A1C800FDF742FB00288DD124680236B44289D1BC
:10A1D8003B684B4586D14A462046DDF8581400F0C6
:10A1E80001FB00287FF47EAF4C44A0453FF442AF0A
:10A1F80078E700BF80BFFFFF00BFFFFF80BCFFFF05
:10A2080030B4D0F8A4509DF808401DB9029430BC71
:10A21800FFF71EBF014830BC704700BF00BFFFFFFB
:10A2280010B504468C30FDF744FD04F19800FDF7A5
:10A2380040FD04F18000FDF73CFD04F17400FDF7DA
:10A2480038FD04F16800FDF734FD04F15C00FDF70A
:10A2580030FD04F15000FDF72CFD04F14400FDF73A
:10A2680028FD04F13800FDF724FD04F12C00FDF76A
:10A2780020FD04F12000FDF71CFD04F11400FDF79A
:10A2880018FD04F10800BDE81040FDF712BD0000FC
:10A29800014B1888704700BF5A490420014B1888A1
:10A2A800704700BF58490420014B1880704700BF11
:10A2B8005A490420014B1880704700BF58490420B0
:10A2C80053B94AB9002908BF00281CBF4FF0FF3115
:10A2D8004FF0FF3000F0B2B9ADF1080C6DE904CED3
:10A2E80000F006F8DDF804E0DDE9022304B0704769
:10A2F8002DE9F04F8C46099E04460F46002B48D1A5
:10A308008A4215465ED9B2FA82F33BB1C3F1200204
:10A318009F409D409C4020FA02F217434FEA154E99
:10A328001FFA85FC220CB7FBFEF10EFB117701FB2F
:10A338000CF042EA0742904207D9AA1801F1FF3708
:10A3480002D2904200F258813946121AA4B2B2FBE6
:10A35800FEF00EFB102200FB0CFC44EA0244A4456C
:10A368000BD92C1900F1FF322CBF01270027A44577
:10A3780002D9002F00F04381104640EA0140A4EBC7
:10A388000C0400211EB1DC400023C6E90043BDE8EF
:10A39800F08F8B4206D90EB1C6E9000100210846AC
:10A3A800BDE8F08FB3FA83F1002951D16345C0F0BD
:10A3B8001681824240F213810846002EE7D0C6E992
:10A3C8000047E4E7002A00F0AF80B2FA82F3002BDE
:10A3D80040F0C2808A1A4FEA154EAFB20121200C14
:10A3E800B2FBFEFC0EFB1C2240EA024207FB0CF00B
:10A3F80090420ED9AA180CF1FF382CBF4FF0010972
:10A408004FF00009904203D9B9F1000F00F0F08035
:10A41800C446121AA4B2B2FBFEF00EFB102200FBD7
:10A4280007F744EA0244A7420ED92C1900F1FF327B
:10A438002CBF4FF0010E4FF0000EA74203D9BEF11A
:10A44800000F00F0D2801046E41B40EA0C4099E768
:10A45800C1F120058B400CFA01F400FA01F922FA47
:10A4680005F72CFA05FC8A401F4320FA05F3380C3F
:10A4780023431FFA87FE1C0CBCFBF0F800FB18CC2A
:10A4880044EA0C4408FB0EFCA4450ED93C1908F11B
:10A49800FF3A2CBF4FF0010B4FF0000BA44503D936
:10A4A800BBF1000F00F0B880D046A4EB0C041FFAF3
:10A4B80083FCB4FBF0F300FB134403FB0EFE4CEAF1
:10A4C8000444A6450ED93C1903F1FF302CBF4FF0C8
:10A4D800010C4FF0000CA64503D9BCF1000F00F0A9
:10A4E8009F80034643EA0840A4EB0E04A0FB02EC5D
:10A4F80064457346E04602D307D1F14505D2BEEB69
:10A5080002036CEB070C0138E0465EB1B9EB0302BD
:10A5180064EB080404FA05F522FA01F3CC401D4364
:10A52800C6E90054002132E742082F464B08AC46E2
:10A5380042EAC172AE46C407110C92B241EA034125
:10A5480042EA0142B1FBF5F1B3FBF5F01F23A2EBA0
:10A558000C0241EA004142E79D40C3F120029940C4
:10A568009C402CFA02FC4FEA154E20FA02F2AFB2D8
:10A57800BCFBFEF80A430EFB18CC110C41EA0C4157
:10A5880008FB07FC8C4550D9691808F1FF302CBF2F
:10A598004FF001094FF000098C4502D9B9F1000FBD
:10A5A80030D0A1EB0C01B1FBFEF808FB07FC0EFB59
:10A5B800181192B242EA0142624534D2AA1808F14F
:10A5C800FF312CBF4FF001094FF000096245BED2A0
:10A5D800B9F1000FBBD1A8F102012A44B7E7841AE8
:10A5E8006CEB030201201746E7E62C4402382BE700
:10A5F800ACF1020C2A440CE702392A44A5E62C44A3
:10A608000238BAE6A5EB0C0CA8F102006144B1FBD4
:10A61800FEF808FB07FCCAE7A8F102083C4444E737
:10A62800023B3C445EE7414691E7A1EB0C01404602
:10A63800B1FBFEF808FB07FCB9E700BF704700BF95
:10A64800024B0A460146186800F002B85C4904202B
:10A6580070B5A1FB025434B9294600F037F8064614
:10A6680028B9304670BD0C2200260260F9E72A4658
:10A67800214600F0C7F8F4E7024B0146186800F0DD
:10A68800E9B800BF5C49042070B50F4E0C4605467A
:10A69800316811B900F0BEF830602146284600F054
:10A6A800B9F8431C03D14FF0FF34204670BDC41CD9
:10A6B80024F00304A042F8D0211A284600F0AAF892
:10A6C8000130F2D1EFE700BF1CD004202DE9F84398
:10A6D800CD1C064625F0030508350C2D38BF0C2582
:10A6E800002D01DBA94204D90C2333600020BDE80A
:10A6F800F883DFF8D48000F069F8D8F800301C46F9
:10A7080044BB29463046FFF7BFFF431C044658D1D7
:10A71800D8F800402746002F43D1002C4BD023689F
:10A728003946304604EB030900F074F8814542D1FC
:10A73800216830466D1A2946FFF7A6FF01303AD046
:10A7480023682B442360D8F800305A6862BBC8F8E5
:10A7580000700FE02268521B20D40B2A17D9611908
:10A76800A342256018BF5960636808BFC8F8001085
:10A7780062514B60304600F02FF804F10B00231DA6
:10A7880020F00700C21A1CBF1B1AA350AFE762686B
:10A79800A3420CBFC8F800205A60EBE72346646860
:10A7A800AEE73C467F68B6E71A465B68A342FBD132
:10A7B80000235360DEE70C233046336000F00CF8CA
:10A7C80094E70560D6E700BF20D00420014800F0D8
:10A7D80031B800BF5CD10420014800F02CB800BF9C
:10A7E8005CD104200139024410B5904201D1002007
:10A7F80005E0037811F8014FA34201D0181B10BDE2
:10A808000130F2E702440346934200D1704703F84F
:10A81800011BF9E738B50023054D044608462B60AF
:10A8280000F062F8431C02D12B6803B1236038BDE5
:10A8380060D10420704770470A44431E914200D1FA
:10A84800704710B511F8014B914203F8014FF9D147
:10A8580010BD000038B50546002941D051F8043C28
:10A868000C1F002BB8BFE418FFF7B0FF1D4A136890
:10A8780033B9636014602846BDE83840FFF7ACBFC1
:10A88800A34208D9206821188B4201BF19685B6868
:10A8980009182160EDE71A465B680BB1A342FAD9A3
:10A8A80011685018A0420BD120680144501811605B
:10A8B8008342E0D118685B68084453601060DAE7A7
:10A8C80002D90C232B60D6E7206821188B4202BFDF
:10A8D80019685B680918636008BF21605460CAE79B
:10A8E80038BD00BF20D00420054A0346106810B1C7
:10A8F800034413607047034803441360704700BF64
:10A9080064D104200020042000100450020000003C
:10A9180000000010040000000000000008100850AB
:10A928000000000032000000000000000020045079
:10A9380002000000000000120400000000000000F7
:10A948001C10085000000000330000000100000047
:10A95800736563626F6F74207369676B65792070C4
:10A968007562206572722100736563626F6F74206F
:10A97800696D672068617368207369672065727202
:10A988002100736563626F6F74206578637074204B
:10A998006E756C6C2100484153485F5345545449C7
:10A9A8004E473D253038580A004C6F61642049569F
:10A9B80020616E64206C656E677468204841534856
:10A9C8005F53455454494E473D253038582C20692B
:10A9D80076206C656E6774683D25640A005265735D
:10A9E800756C74206C656E3D25640A004D6170209D
:10A9F8006572726F723A206C6F6769632025642CE8
:10AA0800207068792025640A004552523A20322085
:10AA18006C6F67696320626C6F636B73206D617024
:10AA280020746F2073616D6520626C6B3A206C6FC7
:10AA3800676963302025642C20706879302025648C
:10AA48002C206C6F676963312025642C207068792D
:10AA5800312025640A004D6170206572726F723072
:10AA68003A206C6F6769632025642C207068792010
:10AA780025640A00476574206D617020626C6F63FD
:10AA88006B206572726F72202564202D2D3E202563
:10AA9800640A0042424D2076657273696F6E206EBB
:10AAA8006F7420696E637265617365643A207072B1
:10AAB80065762025642C20637572722025640A004F
:10AAC80044415441206E6F7420726561736F6E61EA
:10AAD800626C6520696E2042424D20626C6B2025B5
:10AAE8006420706167652025643A20307825780AEB
:10AAF80000526561642062626D20626C6B2025647F
:10AB08002070616765202564206661696C0A0049C8
:10AB18006E76616C69642042424D20494458202574
:10AB2800640A00563120256420696E20626C6F63C8
:10AB38006B2025642C20563220256420696E206203
:10AB48006C6F636B2025640A0053616D65746869D6
:10AB58006E67206D7573742062652077726F6E67FB
:10AB68002C20676574206E65772076657273696F2F
:10AB78006E20256420646F206E6F742073616D658C
:10AB880020746F207072657620636865636B20257A
:10AB9800640A0043524320636865636B20657272E0
:10ABA8006F72200A00526561642062626D20626CD7
:10ABB8006B202564207061676520256420646174BA
:10ABC80061206E6F7420777269746520666F7220D9
:10ABD800326E642074696D650A0052656164206292
:10ABE800626D20626C6B202564207061676520258A
:10ABF80064206661696C20666F7220326E6420740E
:10AC0800696D653F0A004C617465737420766572DE
:10AC180073696F6E2025640A00476574207068792F
:10AC280020626C6B20666F72202564206661696CF7
:10AC3800207768656E20726561640A00426C6F63F4
:10AC48006B202564206572617365206661696C2CD0
:10AC5800206D61726B206173206261640A00426C2E
:10AC68006F636B20256420636865636B20617320C4
:10AC780062616420626C6F636B0A00426C6F636B85
:10AC88002025642069732062616420696E207573D1
:10AC9800657220626C6F636B0A00626164202564D0
:10ACA8002C207265706C6163652025640A004E6F04
:10ACB800206261636B757020626C6F636B20616EDC
:10ACC80079206D6F72650A00656D70747920746102
:10ACD800626C65202564206E6F7420656E6F7567E1
:10ACE8006820666F7220696E697469616C0A005524
:10ACF8007064617465207461626C6520746F20668D
:10AD08006C61736820646F6E650A00496E697469C6
:10AD1800616C207461626C65206661696C0A00422E
:10AD2800424D20696E697469616C697A6564206254
:10AD380065666F72652C20646F206E6F7420696E73
:10AD4800697420616E79206D6F72650A00444554FC
:10AD5800202564206261640A00424C4B202564204F
:10AD680072656164206661696C2C206D61726B206C
:10AD78006173206261640A006465742062626D20F8
:10AD88007461626C6520776974682025642C2025BD
:10AD9800642C2025640A00646574656374207265F8
:10ADA80073756C742025640A007631202564206947
:10ADB8006E20626C6B2025642C207632202564205E
:10ADC800696E20626C6F636B2025640A00436865B6
:10ADD800636B2062626D207461626C6520666169D4
:10ADE8006C0A0064657465637420726573756C74AD
:10ADF800202564206E6F7420726561736F6E6162C6
:10AE08006C650A0042424D204D454D3A20637478E6
:10AE18002025702C206D6170312025702C206D61EB
:10AE28007032202570200A007369665F62626D5F68
:10AE3800696E697420646F6E650A00534841353144
:10AE480032005348413338340053484132353600D4
:10AE580053484132323400608648016503040204D5
:10AE68000069642D73686132323400608648016578
:10AE7800030402010069642D73686132353600608D
:10AE880086480165030402020069642D7368613312
:10AE98003834006086480165030402030069642DA4
:10AEA800736861353132002B0E0302070064657345
:10AEB800434243004445532D434243002A86488673
:10AEC800F70D0307006465732D656465332D6362B0
:10AED80063004445532D454445332D434243002ADE
:10AEE800864886F70D01010100727361456E637231
:10AEF800797074696F6E00525341002A8648CE3DBE
:10AF080002010069642D65635075626C69634B6565
:10AF1800790047656E65726963204543206B6579E2
:10AF2800002B8104010C0069642D656344480045C9
:10AF380043206B657920666F722045434448002A98
:10AF4800864886F70D01010E007368613232345766
:10AF5800697468525341456E6372797074696F6E93
:10AF6800005253412077697468205348412D32328A
:10AF780034002A864886F70D01010B007368613298
:10AF8800353657697468525341456E6372797074E7
:10AF9800696F6E00525341207769746820534841A5
:10AFA8002D323536002A864886F70D01010C0073CC
:10AFB800686133383457697468525341456E637217
:10AFC800797074696F6E00525341207769746820F4
:10AFD8005348412D333834002A864886F70D01013D
:10AFE8000D007368613531325769746852534145B1
:10AFF8006E6372797074696F6E005253412077697D
:10B008007468205348412D353132002A864886F726
:10B018000D01010A005253415353412D505353001F
:10B028007273612E4E007273612E45001420202029
:10B0380000000000010203040000000004020601F1
:10B048003F000000003F000000003F00000000003B
:10B058000000000000882A1100882A11FB06090058
:10B0680030031000FD080A0031031100000B0D0029
:10B0780013021300020D0F0013021300000000005A
:10B08800963007772C610EEEBA51099919C46D07ED
:10B098008FF46A7035A563E9A395649E3288DB0E48
:10B0A800A4B8DC791EE9D5E088D9D2972B4CB6092B
:10B0B800BD7CB17E072DB8E7911DBF906410B71D08
:10B0C800F220B06A4871B9F3DE41BE847DD4DA1A41
:10B0D800EBE4DD6D51B5D4F4C785D38356986C1372
:10B0E800C0A86B647AF962FDECC9658A4F5C0114EB
:10B0F800D96C0663633D0FFAF50D088DC8206E3BC9
:10B108005E10694CE44160D5727167A2D1E4033CDA
:10B1180047D4044BFD850DD26BB50AA5FAA8B53501
:10B128006C98B242D6C9BBDB40F9BCACE36CD832F0
:10B13800755CDF45CF0DD6DC593DD1ABAC30D92697
:10B148003A00DE518051D7C81661D0BFB5F4B4219A
:10B1580023C4B3569995BACF0FA5BDB89EB8022897
:10B168000888055FB2D90CC624E90BB1877C6F2F1C
:10B17800114C6858AB1D61C13D2D66B69041DC7617
:10B188000671DB01BC20D2982A10D5EF8985B171F0
:10B198001FB5B606A5E4BF9F33D4B8E8A2C907789F
:10B1A80034F9000F8EA8099618980EE1BB0D6A7F36
:10B1B8002D3D6D08976C6491015C63E6F4516B6BEF
:10B1C80062616C1CD83065854E0062F2ED95066CA4
:10B1D8007BA5011BC1F4088257C40FF5C6D9B06519
:10B1E80050E9B712EAB8BE8B7C88B9FCDF1DDD6276
:10B1F800492DDA15F37CD38C654CD4FB5861B24DDC
:10B20800CE51B53A7400BCA3E230BBD441A5DF4AA5
:10B21800D795D83D6DC4D1A4FBF4D6D36AE9694368
:10B22800FCD96E34468867ADD0B860DA732D044413
:10B23800E51D03335F4C0AAAC97C0DDD3C7105503E
:10B24800AA41022710100BBE86200CC925B56857E5
:10B25800B3856F2009D466B99FE461CE0EF9DE5E2E
:10B2680098C9D9292298D0B0B4A8D7C7173DB359DF
:10B27800810DB42E3B5CBDB7AD6CBAC02083B8ED70
:10B28800B6B3BF9A0CE2B6039AD2B1743947D5EA7D
:10B29800AF77D29D1526DB048316DC73120B63E3AC
:10B2A800843B64943E6A6D0DA85A6A7A0BCF0EE40B
:10B2B8009DFF099327AE000AB19E077D44930FF0C6
:10B2C800D2A3088768F2011EFEC206695D5762F7BD
:10B2D800CB67658071366C19E7066B6E761BD4FEFA
:10B2E800E02BD3895A7ADA10CC4ADD676FDFB9F9D7
:10B2F800F9EFBE8E43BEB717D58EB060E8A3D6D699
:10B308007E93D1A1C4C2D83852F2DF4FF167BBD1C6
:10B318006757BCA6DD06B53F4B36B248DA2B0DD8C9
:10B328004C1B0AAFF64A0336607A0441C3EF60DF6C
:10B3380055DF67A8EF8E6E3179BE69468CB361CB55
:10B348001A8366BCA0D26F2536E2685295770CCC7A
:10B3580003470BBBB91602222F260555BE3BBAC5BB
:10B36800280BBDB2925AB42B046AB35CA7FFD7C2AC
:10B3780031CFD0B58B9ED92C1DAEDE5BB0C2649B9D
:10B3880026F263EC9CA36A750A936D02A906099CD0
:10B398003F360EEB8567077213570005824ABF9543
:10B3A800147AB8E2AE2BB17B381BB60C9B8ED292C6
:10B3B8000DBED5E5B7EFDC7C21DFDB0BD4D2D3861D
:10B3C80042E2D4F1F8B3DD686E83DA1FCD16BE8190
:10B3D8005B26B9F6E177B06F7747B718E65A088861
:10B3E800706A0FFFCA3B06665C0B0111FF9E658FF2
:10B3F80069AE62F8D3FF6B6145CF6C1678E20AA09C
:10B40800EED20DD75483044EC2B30339612667A721
:10B41800F71660D04D476949DB776E3E4A6AD1AE70
:10B42800DC5AD6D9660BDF40F03BD83753AEBCA9FF
:10B43800C59EBBDE7FCFB247E9FFB5301CF2BDBD6C
:10B448008AC2BACA3093B353A6A3B4240536D0BA75
:10B458009306D7CD2957DE54BF67D9232E7A66B312
:10B46800B84A61C4021B685D942B6F2A37BE0BB4BF
:10B47800A18E0CC31BDF055A8DEF022D00000000C2
:10B4880000000000000000000000000000000000B4
:10B49800000000000000000000000000B2002103CE
:10B4A80001030000000000003B024B0237020000CD
:10B4B800000000000000000000000000B3002203AC
:10B4C80002030000000000003C024B0238020000AA
:10B4D800000000000000000000000000B40023038A
:10B4E80003030000000000003D024B023A02000086
:10B4F800000000000000000000000000B500240368
:10B5080004030000000000003E024B023902000064
:10B518000000000000000000000000000000000023
:10B528000000000000000000000000000000000013
:10B53800000000000000000000000000F20004000D
:10B548000000000000000B000000000000000000E8
:10B55800000000000000000000000000F3000900E7
:10B5680000000000000003000000000000000000D0
:10B57800000000000000000000000000F4000A00C5
:10B588000000000000000A000000000000000000A9
:10B59800000000000000000000000000F5000B00A3
:10B5A8000000000000000B00000000000000000088
:10B5B800000000000000000000000000F6000C0081
:10B5C8000000000000000300000000000000000070
:10B5D800000000000000000000000000F700030069
:10B5E80000000D000900000000000000000000003D
:10B5F800000000000000000000000000F800020049
:10B6080000000E000B000000000000000000000019
:10B61800000000000000000000000000F900010028
:10B6280000000F000A0009000000000000000000F0
:10B63800000000000000000000000000FA000D00FB
:10B648000000100003000C000000000000000000D3
:10B65800000000000000000000000000FB000E00D9
:10B6680000000600010001000000000000000000CA
:10B67800000000000000000000000000FC000F00B7
:10B68800000001000C000C00000000000000000099
:10B69800000000000000000000000000FD00100095
:10B6A8000000030000000900000000000000000086
:10B6B800000000000000000000000000FE0005007F
:10B6C800060000000000000000000000000000006C
:10B6D80000000000000000000000000052005401BB
:10B6E80000000000B202630200006A0100000000CE
:10B6F80000000000000000000000000053000000EF
:10B7080000000000B3026402000000000000000016
:10B718000000000000000000000000005400550177
:10B728000000C601B40265029A016B0100003B02E9
:10B7380000002702000000000000000055004E0134
:10B748000000C801B502660299015F0100003C02D1
:10B7580000002802000000000000000056004F0111
:10B768000000C701B602670297015E0100003D02B2
:10B7780000002902000000000000000057005001EE
:10B788000000C401B70268029501680100003E028A
:10B7980000002A02000000000000000058005101CB
:10B7A8000000C501B80269029401690100003F0266
:10B7B80000002B02000000000000000059005201A8
:10B7C8000000D401B9026A0292016001000040023F
:10B7D80000002C0200000000000000005A00530185
:10B7E8000000D501BA026B0291016101000041021B
:10B7F8003A02000000000000000000005B000000AA
:10B8080000000000BB026C020000000000004202C1
:10B818003902000000000000000000005C00000089
:10B8280000000000BC026D020000000000000000E3
:10B838000000000000000000000000005D000000A3
:10B8480000000000BD026E02000000000000D301ED
:10B858003702210200000000000000005E001B000B
:10B86800B7010000BE026F020000000000000000E7
:10B878003802220200000000000000005F002200E1
:10B88800B8010000BF0270020000000000000000C4
:10B8980000002302000000000000000060002300F8
:10B8A800B2010000C00271020000000000000000A8
:10B8B80000002402000000000000000061002100D8
:10B8C800B4010000C1027202000000000000000084
:10B8D80000002502000000000000000062001900BE
:10B8E800B5010000C2027302000000000000000061
:10B8F8000000260200000000000000006300240091
:10B90800B6010000C302740200000000000000003D
:10B9180000000000000000000000000064000000BB
:10B928001A020000C40275020000000000000000B6
:10B93800000000000000000000000000650000009A
:10B9480019020000C5027602000000000000000095
:10B958000000000000000000000000006600000079
:10B9680000000000C60277020000000000004B0241
:10B978000000000000000000000000006700000058
:10B9880000000000C702780200000000000000006C
:10B998000000000000000000000000006800000037
:10B9A8000000D401C8027902000000000000000075
:10B9B8000000000000000000000000006900000016
:10B9C8000000D501C9027A02000000000000000052
:10B9D8000000000000000000000000006A000000F5
:10B9E8004901C601CA027B0261036203630364035F
:10B9F8006503660300000000000000006B00000003
:10BA08004801C801CB027C0261036203630364033B
:10BA18006503660300000000000000006C000000E1
:10BA280000000000CC027D0261036203630364032B
:10BA38006503660300000000000000006D000000C0
:10BA480000000000CD027E02610362036303640309
:10BA58006503660300000000000000006E0000009F
:10BA68004601C701CE027F0200000000000000006E
:10BA78000000000000000000000000006F0000004F
:10BA88004701C401CF02800200000000000000004E
:10BA9800000000000000000000000000700000002E
:10BAA8000000C501D0028102000000000000000073
:10BAB800000000000000000000000000710000000D
:10BAC80000000000D10282020000000000004302D2
:10BAD80000000000000000000000000072000000EC
:10BAE80000000000D20283020000000000000000F5
:10BAF80000000000000000000000000073000000CB
:10BB080000000000D30284020000000000000000D2
:10BB180000000000000000000000000074000000A9
:10BB280000000000D40285020000000000000000B0
:10BB38000000000000000000000000007500000088
:10BB480000000000D502860200000000000000008E
:10BB58000000000000000000000000007600000067
:10BB680000000000D602870200000000000000006C
:10BB78000000000000000000000000007700000046
:10BB88004D010000D7028802000062010000440253
:10BB98000000000000000000000000007800000025
:10BBA8004C010000D80289020000000000000000DB
:10BBB8000000000000000000000000007900000004
:10BBC8004A010000D9028A0290016301000045027F
:10BBD80000002F0200000000000000007A000000B2
:10BBE8004B010000DA028B028F016401000046025B
:10BBF8000000300200000000000000007B00000090
:10BC080000000000DB028C0293016501000047027E
:10BC18000000310200000000000000007C0000006D
:10BC280000000000DC028D02960166010000480257
:10BC38000000320200000000000000007D0000004B
:10BC480000000000DD028E02980167010000490231
:10BC58000000330200000000000000007E00000029
:10BC680000000000DE028F020000000000004A020F
:10BC780000003402000000000000000024BD022083
:10BC8800F4BC0220C4BC022094BC022008000000BE
:10BC980043AE022040000000800000008D5E0220BC
:10BCA800835E02207F5E0220795E02205D5E0220B4
:10BCB8004B5E0220475E0220435E02200700000020
:10BCC8004AAE02203000000080000000875E02209B
:10BCD800835E02207F5E0220735E02205D5E02208A
:10BCE8004B5E0220475E0220435E022006000000F1
:10BCF80051AE022020000000400000003D5E0220FE
:10BD0800335E02202F5E0220295E02200D5E022093
:10BD1800FB5D0220F75D0220F35D022005000000B4
:10BD280058AE02201C00000040000000375E0220D0
:10BD3800335E02202F5E0220235E02200D5E022069
:10BD4800FB5D0220F75D0220F35D02208000000009
:10BD580000000000000000000000000000000000DB
:10BD680000000000000000000000000000000000CB
:10BD780000000000000000000000000000000000BB
:10BD8800000000000000000000000000982F8A4218
:10BD980091443771CFFBC0B5A5DBB5E95BC2563915
:10BDA800F111F159A4823F92D55E1CAB98AA07D82D
:10BDB800015B8312BE853124C37D0C55745DBE7250
:10BDC800FEB1DE80A706DC9B74F19BC1C1699BE4D0
:10BDD8008647BEEFC69DC10FCCA10C246F2CE92D60
:10BDE800AA84744ADCA9B05CDA88F97652513E9884
:10BDF8006DC631A8C82703B0C77F59BFF30BE0C68B
:10BE08004791A7D55163CA0667292914850AB72718
:10BE180038211B2EFC6D2C4D130D385354730A65B5
:10BE2800BB0A6A762EC9C281852C7292A1E8BFA28C
:10BE38004B661AA8708B4BC2A3516CC719E892D1F4
:10BE4800240699D685350EF470A06A1016C1A41977
:10BE5800086C371E4C774827B5BCB034B30C1C3976
:10BE68004AAAD84E4FCA9C5BF36F2E68EE828F7435
:10BE78006F63A5781478C8840802C78CFAFFBE904F
:10BE8800EB6C50A4F7A3F9BEF27871C680000000ED
:10BE9800000000000000000000000000000000009A
:10BEA800000000000000000000000000000000008A
:10BEB800000000000000000000000000000000007A
:10BEC800000000000000000000000000000000006A
:10BED800000000000000000000000000000000005A
:10BEE800000000000000000000000000000000004A
:10BEF800000000000000000000000000000000003A
:10BF08000000000000000000000000000000000029
:10BF180022AE28D7982F8A42CD65EF2391443771F6
:10BF28002F3B4DECCFFBC0B5BCDB8981A5DBB5E968
:10BF380038B548F35BC2563919D005B6F111F15935
:10BF48009B4F19AFA4823F9218816DDAD55E1CAB66
:10BF5800420203A398AA07D8BE6F7045015B8312FB
:10BF68008CB2E44EBE853124E2B4FFD5C37D0C55B6
:10BF78006F897BF2745DBE72B196163BFEB1DE80AE
:10BF88003512C725A706DC9B942669CF74F19BC19F
:10BF9800D24AF19EC1699BE4E3254F388647BEEF3C
:10BFA800B5D58C8BC69DC10F659CAC77CCA10C24F4
:10BFB80075022B596F2CE92D83E4A66EAA84744A66
:10BFC800D4FB41BDDCA9B05CB5531183DA88F9769E
:10BFD800ABDF66EE52513E981032B42D6DC631A8D3
:10BFE8003F21FB98C82703B0E40EEFBEC77F59BFB7
:10BFF800C28FA83DF30BE0C625A70A934791A7D5A2
:10C008006F8203E05163CA06706E0E0A672929140D
:10C01800FC2FD246850AB72726C9265C38211B2E55
:10C02800ED2AC45AFC6D2C4DDFB3959D130D385382
:10C03800DE63AF8B54730A65A8B2773CBB0A6A7695
:10C04800E6AEED472EC9C2813B358214852C72922B
:10C058006403F14CA1E8BFA2013042BC4B661AA8A8
:10C068009197F8D0708B4BC230BE5406A3516CC761
:10C078001852EFD619E892D110A96555240699D619
:10C088002A20715785350EF4B8D1BB3270A06A10DA
:10C09800C8D0D2B816C1A41953AB4151086C371E89
:10C0A80099EB8EDF4C774827A8489BE1B5BCB034A4
:10C0B800635AC9C5B30C1C39CB8A41E34AAAD84E86
:10C0C80073E363774FCA9C5BA3B8B2D6F36F2E684D
:10C0D800FCB2EF5DEE828F74602F17436F63A57813
:10C0E80072ABF0A11478C884EC39641A0802C78CC2
:10C0F800281E6323FAFFBE90E9BD82DEEB6C50A4D4
:10C108001579C6B2F7A3F9BE2B5372E3F27871C65C
:10C118009C6126EACE3E27CA07C2C021C7B886D18D
:10C128001EEBE0CDD67DDAEA78D16EEE7F4F7DF555
:10C13800BA6F1772AA67F006A698C8A2C57D630AE7
:10C14800AE0DF9BE04983F111B471C13350B711B2C
:10C15800847D0423F577DB289324C7407BABCA3260
:10C16800BCBEC9150ABE9E3C4C0D109CC4671D433D
:10C17800B6423ECBBED4C54C2A7E65FC9C297F596D
:10C18800ECFAD63AAB6FCB5F1758474A8C19446C18
:10C198005FAE02200900000069AE022072AF0220E3
:10C1A8000500000073AE0220090000007DAE0220E9
:10C1B800A5AF02200600000087AE0220090000009B
:10C1C80091AE0220D8AF0220070000009BAE0220EB
:10C1D80009000000A5AE02200BB0022008000000F4
:10C1E8000000000000000000000000000000000047
:10C1F80000000000E7AE022009000000F1AE0220B6
:10C20800FFAE02200100000003AF0220070000007B
:10C218000BAF02201AAF02200200000029AF022053
:10C22800050000002FAF022037AF022003000000F6
:10C2380000000000000000000000000000000000F6
:10C248000000000001000000FFAE0220FF94022061
:10C25800F3940220D9950220B595022089950220F1
:10C2680059950220559502203B95022029950220D8
:10C2780005950220F8B500BFF8BC08BC9E4670477B
:10C28800F8B500BFF8BC08BC9E4670470000000027
:0CC29800014B43F82010704730B00C50F0
:0CC2A400014B53F82000704730B00C50E4
:10C2B00038B560B1114C6368DBB2072B1AD06368E4
:10C2C000DBB20F2B16D0082801D0102814D100297A
:10C2D0004FF021040CBF20210121094D8440EB6D5A
:10C2E000814023EA04030B43EB651AB141F2883025
:10C2F000F5F71DFE002038BD0120FCE700B000501E
:04C3000000A00C503D
:10C3040038B5EFF31083012585F310880220F6F782
:10C314001DFB2846F8F72AFF2A4600210820FFF7CC
:10C32400C5FF4FF4FA50F5F7A1FD0020F8F71EFD04
:10C33400044628B9F6F734FB29462046F8F7DEFD13
:10C34400104B114C00206367FFF7AAFF014620F051
:10C354007F4020F00F0028B941F4A04141F0500182
:10C36400FFF798FF23685B0706D52368074823F087
:10C3740004032360F5F7D9FD034A136843F004036B
:10C384001360FEE715C0500A00A00C50A0860100FF
:10C39400044B1A7822B118B1DB780370002070477F
:08C3A40001207047CCCB0420FE
:10C3AC00044B1A7822B118B15B7B037000207047E4
:08C3BC0001207047CCCB0420E6
:10C3C400AC99FF7FB0B0B080089AFF7F01000000F5
:0CC3D400E8C30220002C0420B41D00006F
:08C3E000B4490420B4870000F9
:10C3E800000002000008000001020000842D042063
:10C3F800D42C04209C2C04207C2C04204C2C0420BD
:10C40800242C0420C225390000000002C225370070
:10C4180000008000C22019010000000225701800E9
:10C428000000000100000000000000002041190089
:10C4380000000002204019000000000220431900FB
:10C4480000000002852019010000000285201A0161
:10C45800000000040000000000000000C86019008F
:10C46800000000020B40190000000002C84019003B
:10C47800000000020000000000000000EF6019004A
:10C4880000000002EF70190100000002E5421900E7
:10C4980000000002EF40190000000002684919007E
:10C4A800000000025E4019000000000200000000C9
:10C4B800000000008560160100004000856017013B
:10C4C80000008000856018010000000185651801E2
:10C4D8000000000185631801000000018520170194
:10C4E800000080008520180100000001257016005A
:10C4F80000004000EF60180000000001EF40180045
:10C50800000000010B601800000000015E501800D8
:10C5180000000001A128180000000001C84318010C
:10C5280000000001C840180000000001C8401700C2
:10C53800000080002040170100008000CD60180036
:10C5480000000001B340170100008000B34016014D
:10C5580000004000B360140000001000000000005C
:10C5680000000000856015010000200085601401AE
:10C57800000010008560130000000800C860140067
:10C5880000001000C860150000002000C8601600F8
:10C5980000004000C860170000008000C860180054
:10C5A800000000010B40170000008000F84218004E
:10C5B800000000015E701700000080005E40180057
:10C5C80000000001EF601600000040002040180144
:10C5D8000000000120411800000000012050180050
:10C5E80000000001EB60130000001000EB60140075
:10C5F800000010001C4018000000000168401700EF
:10C608000000800068401800000000010B4018007E
:10C6180000000001B3401801000000010000000004
:10C628000000000000856015000003000000000104
:10C6380000100000060000000000000001040000D7
:10C6480000000000000105000100000000000101D9
:10C6580001010000000000010000000000000000CF
:10C66800000300010000000201010B0001080000A6
:10C678000201013B00020800000201016B000308EF
:10C688000000020101BB0002000002020201EB00EF
:10C69800030400030203019F0001000000000001E1
:10C6A8000000000000000000000000000000000082
:10C6B8000000000000000000000000000000000072
:10C6C8000000000000000000000000000000000062
:10C6D8000000000000009900000000000000016652
:10C6E800000000000000000135000100000000000B
:10C6F80001500000000000000001020101000000DC
:10C7080002010132010300000002010100000000E3
:10C718000000000000000000000000000000810090
:10C7280000000000020101200000000000020101D9
:10C73800520000000000020101D8000000000002C1
:10C74800010160000000000000000100000000007E
:10C7580000000000000000000000000000000000D1
:10C7680000000000000000000000000000000000C1
:10C7780000000000000000000000000000000000B1
:10C7880000000000000000000000000000000000A1
:10C798000000000000000000000000000000000091
:10C7A8000000000000000000000000000000000081
:10C7B8000000000000000000000000000000000071
:10C7C8000000000000000000000000000000000061
:10C7D8000000000000000000000000000000000051
:10C7E800000000000000000000000000004B0001F5
:10C7F800080000020101480001080000020101428E
:10C8080001010000000201014400000000000201D3
:10C8180001B90000000000000001AB0000000000AA
:10C82800000001ED00070700070207015A00010890
:10C8380000000201010000000085601600000300EE
:10C8480000000001001000000600000000000000C9
:10C8580001040000000000000001050001000000C4
:10C8680000000101010100000000000100000000BB
:10C8780000000000000300010000000201010B009D
:10C88800010800000201013B00020800000201014A
:10C898006B0003080000020101BB00020000020255
:10C8A8000201EB00030400030203019F00010000E2
:10C8B800000000010000000000000000000000006F
:10C8C8000000000000000000000000000000000060
:10C8D8000000000000000000000000000000000050
:10C8E80000000000000000000000990000000000A7
:10C8F8000000016600000000000000013500010092
:10C9080000000000015000000000000000010201CA
:10C9180001000000020101320103000000020101D0
:10C9280000000000000000000000000000000000FF
:10C93800000081000000000002010120000000004A
:10C9480000020101520000000000020101D80000AD
:10C95800000000020101600000000000000001006A
:10C9680000000000000000000000000000000000BF
:10C9780000000000000000000000000000000000AF
:10C98800000000000000000000000000000000009F
:10C99800000000000000000000000000000000008F
:10C9A800000000000000000000000000000000007F
:10C9B800000000000000000000000000000000006F
:10C9C800000000000000000000000031010100002C
:10C9D800000000010000000000000000000000004E
:10C9E800000000000000000000000000000000003F
:10C9F800000000000000000000000000000000002F
:10CA0800004B000108000002010148000108000075
:10CA1800020101420101000000020101440000007E
:10CA28000000020101B90000000000000001AB0095
:10CA380000000000000001ED0007070007020701E1
:10CA48005A000108000002010100000000EF60190F
:10CA580000000300000000010010000006000000B4
:10CA680000000000010400000000000000010500B3
:10CA780001000000000001010101000000000001A8
:10CA88000000000000000000000300010000000298
:10CA980001010B00010800000201013B000208002F
:10CAA800000201016B0003080000020101BB000243
:10CAB800000002020201EB00030400030203019FCD
:10CAC800000100000000000100000000000000005C
:10CAD800000000000000000000000000000000004E
:10CAE800000000000000000000000000000000003E
:10CAF8000000000000000000000000000000990095
:10CB080000000000000001660000000000000001B5
:10CB18003500010000000000015000000000000086
:10CB280000010201010000000201013201030000BE
:10CB380000020101C80001000000000001C5010158
:10CB48000000000000018100000000000201012037
:10CB58000000000000020101520000000000020174
:10CB680001D8000000000002010160000000000080
:10CB78000000011500010000000000011101010082
:10CB88000000000001B70000000000000001E900FB
:10CB98000000000000000113000100000003010173
:10CBA8000C00010800000301016C000308000003E9
:10CBB8000101EC000304000303030112010100005A
:10CBC80000030101340103000000030101210000FA
:10CBD800000000030101DC00000000000301010067
:10CBE800000000000000000000000000000000003D
:10CBF800000000000000000000000000000000002D
:10CC0800000000000000000000000000000000001C
:10CC180000000000004B000108000003010148006B
:10CC280001080000030101420101000000030101A5
:10CC3800440000000000030101B9000000000000EA
:10CC48000001AB0000000000000001ED0007070034
:10CC5800070307015A000108000002010100000053
:10CC680000C8601900000300000000010010000067
:10CC780006000000000000000104000000000000A1
:10CC88000001050001000000000001010101000091
:10CC98000000000100000000000000000003000187
:10CCA8000000000201010B00010800000201013B25
:10CCB80000020800000201016B00030800000201E5
:10CCC80001BB0002000002020201EB0003040003A2
:10CCD8000203019F000100000000000100000000A5
:10CCE800000000000000000000000000000000003C
:10CCF800000000000000000000000000000000002C
:10CD0800000000000000000000000000000000001B
:10CD1800000099000000000000000166000000000B
:10CD28000000000135000100000000000150000073
:10CD380000000000000102010100000002010132B0
:10CD48000103000000020101C8000100000000000A
:10CD580001C5010100000000000181000000000081
:10CD68000201012000000000000201015200000041
:10CD78000000020101D8000000000002010160006B
:10CD88000000000000000115000100000000000183
:10CD9800110101000000000001B7000000000000C0
:10CDA8000001E9000000000000000103000100008C
:10CDB800000301010B00010800000301016B0003DF
:10CDC800080000030101EB00030400030303010250
:10CDD800010100000003010132010300000003010A
:10CDE80001200000000000030101D800000000003D
:10CDF8000301010000000000000000000000000026
:10CE0800000000000000000000000000000000001A
:10CE1800000000000000000000000000000000000A
:10CE28000000000000000000004B000108000003A3
:10CE3800010148000108000003010142010100004E
:10CE480000030101440000000000030101B90000D3
:10CE5800000000000001AB0000000000000001001D
:10CE680000000000000000005A0001080000020154
:10CE7800010000000020411900000300000000012B
:10CE8800001000000600000000000000010400007F
:10CE98000000000000010500010000000000010181
:10CEA8000101000000000001000000000000000077
:10CEB800000300010000000201010B00010800004E
:10CEC8000201013B00020800000201016B00030897
:10CED8000000020101BB0002000002020201EB0097
:10CEE800030400030203019F000100000000000189
:10CEF800000000000000000000000000000000002A
:10CF08000000000000000000000000000000000019
:10CF18000000000000000000000000000000000009
:10CF280000000000000099000000000000000166F9
:10CF380000000000000000013500010000000000B2
:10CF48000150000000000000000102010100000083
:10CF5800020101320103000000020101C8000100C2
:10CF68000000000001C5010100000000000181006F
:10CF78000000000002010120000000000002010181
:10CF8800520000000000020101D800000000000269
:10CF98000101600000000000000001150001000010
:10CFA80000000001110101000000000001B70000AD
:10CFB800000000000001E90000000000000001136B
:10CFC80000010000000301010C000108000003013A
:10CFD800016C0003080000030101EC0003040003D6
:10CFE80003030112010100000003010134010300E1
:10CFF8000000030101210000000000030101DC0022
:10D0080000000000030101310101000000000001DF
:10D018000000000000000000000000000000000008
:10D0280000000000000000000000000000000000F8
:10D03800000000000000000000000000004B00019C
:10D048000800000301014800010800000301014233
:10D058000101000000030101440000000000030179
:10D0680001B90000000000000001AB000000000052
:10D078000000010000000000000000005A00010844
:10D08800000002010100000000C225390000003C38
:10D098006000000000100000060000000000000012
:10D0A800010400000000000000010500010000006C
:10D0B8000000010101010000000000010000000063
:10D0C80000000000000300010000000201010B0045
:10D0D800010800000201013B0002080000020101F2
:10D0E8006B0003080000020101BB000200000202FD
:10D0F8000201EB00030400030203019F000100008A
:10D108000000000100000000000000000000000016
:10D118000000000000000000000000000000000007
:10D1280000000000000000000000000000000000F7
:10D13800000000000000000000009900000000004E
:10D14800000001660000000000000001000000006F
:10D1580000000000000000000000000000000201C4
:10D168000100000002010132010300000002010178
:10D17800C80001000000000001C501010000000016
:10D1880000018100000000000201012000000000F1
:10D1980000020101520000000000020101D8000055
:10D1A80000000002010160000000000000000115FD
:10D1B8000001000000000001110101000000000052
:10D1C80001B70000000000000001E90000000000B5
:10D1D8000000010300010000000301010B00010829
:10D1E80000000301016B0003080000030101EB00CC
:10D1F800030400030303010201010000000301010D
:10D2080032010300000003010120000000000003B8
:10D218000101D80000000000030101000000000027
:10D2280000000000000000000000000000000000F6
:10D2380000000000000000000000000000000000E6
:10D2480000000000000000000000000000000000D6
:10D25800004B00010800000201010000000000006E
:10D2680000000000000000000000000000000000B6
:10D278000000000000B90000000000000001AB0041
:10D288000000000000000100000000000000000095
:10D298005A0001080000020101000000B43C04200B
:10D2A800543C0420643B04203C3B0420143B0420F1
:10D2B800D43A0420C881C81000000008C891C810DA
:10D2C80000000008C892C81000000010C882C810EA
:10D2D80000000010C895C81000000020C885C810BC
:10D2E8000000002052CA13100000000800000000CF
:10D2F80000000000A1A57F0000000008C921C91096
:10D30800000000085EA1A100000000085EA2A100C4
:10D3180000000010000000000000000098D240103B
:10D32800000000083CD13C00000000080115016025
:10D338000000000801350170000000200000000016
:10D3480000000000E521E50000000008E5A5E52053
:10D3580000000004E5F5E52000000004E5F1E52003
:10D3680000000008E5A1E52000000008E5A2E5228C
:10D3780000000010E5F4E52200000020E574E52235
:10D3880000000020E5B4E52000000020E575E52058
:10D3980000000004CD70700000000004CD60600043
:10D3A80000000004CD61610000000008CD7171002B
:10D3B80000000008CD72720000000010CD535334F5
:10D3C800000000200B510040000000080B11005025
:10D3D800000000083CD1D100000000083CD2D20077
:10D3E80000000010A1D4A12000000008C9D4C9146D
:10D3F80000000020E5B2E52000000010B014B020C5
:10D4080000000008B015B02000000008B024B020CB
:10D4180000000010B025B02000000010B00CB020B3
:10D4280000000004B00DB02000000004000000005F
:10D4380000000000C98100100000000881C98110A7
:10D44800000000080181C9100000000801C981100E
:10D45800000000085E445E00000000200B31004020
:10D46800000000088C018C10000000088CB18C189A
:10D47800000000200B33004400000020C8D9C81069
:10D4880000000008C8C9C81000000008000000001B
:10D4980000000000EFBA210000000008EFAA2100F8
:10D4A80000000008EFBA2300000000200000000080
:10D4B8000000000001EFBA21C0A0B0300008104001
:10D4C8000000020006000000000000000104000047
:10D4D8000000000000010F00010000000001011F12
:10D4E800010100000000010113000000000002011A
:10D4F800010300010800000101010B000108000000
:10D508000101013B00020800000101016B00030852
:10D518000000010101BB0002040000010201EB0050
:10D52800030400000103019F00010800000000013E
:10D5380002010100000001010132010300000001A5
:10D548000101840101000000010101340103000010
:10D5580000010101100000000000020101D80000D4
:10D56800000000020101FF000000000000000100AF
:10D5780000000000000000000000000000000000A3
:10D588000000000000000000000000000000000093
:10D598000000000000000000000000000000000083
:10D5A8000000000000000000000000000000000073
:10D5B8000000000000000000000000000000000063
:10D5C8000000000000000000000000000000000053
:10D5D8000000000000000000000000000000000043
:10D5E8000000000000000000000000000000000033
:10D5F8000000000000000000000000000000000023
:10D608000000000000000000000000000000000012
:10D618000000000000000000000000000000000002
:10D6280000000000000000000000000000000000F2
:10D6380000000000000000000000000000000000E2
:10D6480000000000000000000000000000000000D2
:10D65800A90001080000000001A10000000000036B
:10D668000101A500010800000000010B00032000D3
:10D6780000000001EB00030C0000000001000000A6
:10D688000000000000000000000000000000000092
:10D698000000000000000000000000000000000082
:10D6A8000000000000000000000000000000000072
:10D6B8000000000000000000000000000000000062
:10D6C800000000000000000001C8A148C0A0B03060
:10D6D80001001080000002000600000000000000A9
:10D6E800010400000000000000010F00010000001C
:10D6F8000001011F010100000000010113000000EA
:10D7080000000201010300010000000101010B00FB
:10D71800010800000101013B0002080000010101AD
:10D728006B0003080000010101BB000204000001B6
:10D738000201EB00030200000103019F0001000049
:10D748000000000102010100000001010132010393
:10D758000000000101018401010000000101013401
:10D768000103000000010101100000000000020197
:10D7780001D80000000000020101FF0000000000C5
:10D788000000010000000000000000000000000090
:10D798000000000000000000000000000000000081
:10D7A8000000000000000000000000000000000071
:10D7B8000000000000000000000000000000000061
:10D7C8000000000000000000000000000000000051
:10D7D8000000000000000000000000000000000041
:10D7E8000000000000000000000000000000000031
:10D7F8000000000000000000000000000000000021
:10D808000000000000000000000000000000000010
:10D818000000000000000000000000000000000000
:10D8280000000000000000000000000000000000F0
:10D8380000000000000000000000000000000000E0
:10D8480000000000000000000000000000000000D0
:10D8580000000000000000000000000000000000C0
:10D8680000000000000000000000000000000000B0
:10D8780000000000000000000000000000000000A0
:10D888000000000000000000000000000000000090
:10D898000000000000000000000000000000000080
:10D8A8000000000000000000000000000000000070
:10D8B8000000000000000000000000000000000060
:10D8C8000000000000000000000000000000000050
:10D8D80000000000000000000000000001E521E554
:10D8E800C0A0B03001001040000002000600000097
:10D8F80000000000010400000000000000010F000B
:10D90800010000000001011F0101000000000101E9
:10D9180013000000000002010103000108000001DB
:10D9280001010B00010800000101013B0002080091
:10D93800000101016B0003080000010101BB0002A6
:10D948000400000102016B00030800000101019FAF
:10D9580000010800000000010201010000000101AF
:10D9680001320103000000010101840101000000EF
:10D978000101013401030000000101011000000051
:10D988000000020101D80000000000020101FF00B0
:10D99800000000000000010000000000000000007E
:10D9A800000000000000000000000000000000006F
:10D9B800000000000000000000000000000000005F
:10D9C800000000000000000000000000000000004F
:10D9D800000000000000000000000000000000003F
:10D9E800000000000000000000000000000000002F
:10D9F800000000000000000000000000000000001F
:10DA0800000000000000000000000000000000000E
:10DA180000000000000000000000000000000000FE
:10DA280000000000000000000000000000000000EE
:10DA380000000000000000000000000000000000DE
:10DA480000000000000000000000000000000000CE
:10DA580000000000000000000000000000000000BE
:10DA680000000000000000000000000000000000AE
:10DA7800000000000000000000000000000000009E
:10DA8800000000000000000000000000000000008E
:10DA9800000000000000000000000000000000007E
:10DAA800000000000000000000000000000000006E
:10DAB800000000000000000000000000000000005E
:10DAC800000000000000000000000000000000004E
:10DAD800000000000000000000000000000000003E
:10DAE800000000000000000000000000000000002E
:10DAF8000198D240C0A0B0300000104000000200E1
:10DB08000600000000000000010400000000000002
:10DB180000010F00010000000001011F01010000C9
:10DB280000000101130000000000020101030001D0
:10DB38000800000101010B00010800000101013B80
:10DB480000020800000201016B0003080000010147
:10DB580001BB00020400000102016B000308000081
:10DB68000101019F000108000000000102010100FD
:10DB780000000101013201030000000101018401DC
:10DB8800010000000101013401030000000101014E
:10DB9800100000000000020101D80000000000028F
:10DBA8000101FF000000000000000100000000006B
:10DBB800000000000000000000000000000000005D
:10DBC800000000000000000000000000000000004D
:10DBD800000000000000000000000000000000003D
:10DBE800000000000000000000000000000000002D
:10DBF800000000000000000000000000000000001D
:10DC0800000000000000000000000000000000000C
:10DC180000000000000000000000000000000000FC
:10DC280000000000000000000000000000000000EC
:10DC380000000000000000000000000000000000DC
:10DC480000000000000000000000000000000000CC
:10DC580000000000000000000000000000000000BC
:10DC680000000000000000000000000000000000AC
:10DC7800000000000000000000000000000000009C
:10DC8800000000000000000000000000000000008C
:10DC9800000000000000000000000000000000007C
:10DCA800000000000000000000000000000000006C
:10DCB800000000000000000000000000000000005C
:10DCC800000000000000000000000000000000004C
:10DCD800000000000000000000000000000000003C
:10DCE800000000000000000000000000000000002C
:10DCF800000000000000000000000000000000001C
:10DD08000000000001A1A57FC0A0B03000001040B5
:10DD180000000200060000000000000001040000EE
:10DD28000000000000010F00010000000001011FB9
:10DD380001010000000001011300000000000201C1
:10DD4800010300010800000101010B0001080000A7
:10DD58000101013B00020800000101016B000308FA
:10DD68000000010101BB0002040000010201EB00F8
:10DD7800030400000103019F0001080000000001E6
:10DD8800020101000000010101320103000000014D
:10DD980001018401010000000101013401030000B8
:10DDA80000010101100000000000020101D800007C
:10DDB800000000020101FF00000000000000010057
:10DDC800000000000000000000000000000000004B
:10DDD800000000000000000000000000000000003B
:10DDE800000000000000000000000000000000002B
:10DDF800000000000000000000000000000000001B
:10DE0800000000000000000000000000000000000A
:10DE180000000000000000000000000000000000FA
:10DE280000000000000000000000000000000000EA
:10DE380000000000000000000000000000000000DA
:10DE480000000000000000000000000000000000CA
:10DE580000000000000000000000000000000000BA
:10DE680000000000000000000000000000000000AA
:10DE7800000000000000000000000000000000009A
:10DE8800000000000000000000000000000000008A
:10DE9800000000000000000000000000000000007A
:10DEA800000000000000000000000000000000006A
:10DEB800000000000000000000000000000000005A
:10DEC800000000000000000000000000000000004A
:10DED800000000000000000000000000000000003A
:10DEE800000000000000000000000000000000002A
:10DEF800000000000000000000000000000000001A
:10DF08000000000000000000000000000000000009
:10DF1800000000000000000001C881C8C0A0B030A7
:10DF28000100108000000200060000000000000050
:10DF3800010400000000000000010F0001000000C3
:10DF48000001011F01010000000001011300000091
:10DF580000000201010300010000000201010B00A2
:10DF6800010800000201013B000208000002010153
:10DF78006B0003080000020101BB0002040000015D
:10DF88000201EB00030400000103019F00010000EF
:10DF9800000000010201010000000101013201033B
:10DFA80000000001010184010100000001010134A9
:10DFB800010300000001010110000000000002013F
:10DFC80001D80000000000020101FF00000000006D
:10DFD8000000010000000000000000000000000038
:10DFE8000000000000000000000000000000000029
:10DFF8000000000000000000000000000000000019
:10E008000000000000000000000000000000000008
:10E0180000000000000000000000000000000000F8
:10E0280000000000000000000000000000000000E8
:10E0380000000000000000000000000000000000D8
:10E0480000000000000000000000000000000000C8
:10E0580000000000000000000000000000000000B8
:10E0680000000000000000000000000000000000A8
:10E078000000000000000000000000000000000098
:10E088000000000000000000000000000000000088
:10E098000000000000000000000000000000000078
:10E0A8000000000000000000000000000000000068
:10E0B8000000000000000000000000000000000058
:10E0C8000000000000000000000000000000000048
:10E0D8000000000000000000000000000000000038
:10E0E8000000000000000000000000000000000028
:10E0F8000000000000000000000000000000000018
:10E108000000000000000000000000000000000007
:10E1180000000000000000000000000000000000F7
:10E1280000000000000000000000000000080000DF
:10E1380000000200006CDC020100010060490420BC
:10E148000000000024D004208CD00420F4D0042047
:10E1580000000000000000000000000000000000B7
:10E1680000000000000000000000000000000000A7
:10E178000000000000000000000000000000000097
:10E1880000000000000000000000000075020220EE
:04E198004D02022012
:04000005200215556B
:00000001FF
