:020000041000EA
:10000000002000208D2F011061670010615F00202B
:10001000A35F0020D72F0110D72F0110D72F011079
:10002000000000000000000000000000D72F0110B9
:10003000D72F011000000000855E002029CD01109F
:10004000D72F0110D72F01108130011093300110EC
:10005000A5300110B7300110C9300110DB3001109C
:10006000ED300110FF300110D72F0110152F0110B6
:10007000D72F0110D72F0110D72F0110D72F011024
:10008000D72F0110D72F0110D72F0110D72F011014
:10009000613D0110D72F0110D72F0110D72F01106C
:1000A000D72F0110D72F0110D72F0110D72F0110F4
:1000B000D72F0110D72F0110D72F0110D72F0110E4
:1000C000D72F0110D72F0110D72F0110D72F0110D4
:1000D000D72F0110D72F0110D72F0110D72F0110C4
:1000E000D72F0110D72F0110D72F0110D72F0110B4
:1000F000D72F0110D72F011065490110D72F0110FC
:10010000D72F0110B1600110F12F01100330011041
:100110001530011027300110393001104B3001101B
:100120005D3001106F300110D72F011041440110D4
:10013000D72F01108D5A0110F1C20110ED8A011064
:10014000D72F0110D72F0110D72F0110ADCC0110E0
:10015000D72F0110D72F0110D72F0110D72F011043
:100160004D490110D72F0110D72F0110D72F0110A3
:10017000935A011029680110995A0110D72F0110C4
:10018000D72F0110D72F0110D72F0110D72F011013
:10019000ED3E0110D72F0110D72F0110D72F0110DE
:1001A000D72F011009C30110D72F0110D72F01102D
:1001B00015CC0110D72F0110D72F0110D72F011008
:1001C000D72F0110D72F0110D72F011000000000EA
:1001D000000000000000000000000000000000001F
:1001E000000000000000000000000000000000000F
:1001F00000000000000000000000000000000000FF
:0402000000000000FA
:10020400014B43F82010704730B00C50014B53F8A9
:100214002000704730B00C50024A936E60F31D53B7
:100224009366704700A00C5038B560B1114C6368F8
:10023400DBB2072B1AD06368DBB20F2B16D0082869
:1002440001D0102814D100294FF021040CBF202123
:100254000121094D8440EB6D814023EA04030B43E3
:10026400EB651AB141F2883004F014FF002038BD68
:100274000120FCE700B0005000A00C5038B5EFF3AB
:100284001083012585F31088022004F021FE2846FE
:1002940003F00CFE2A4600210820FFF7C5FF4FF4A7
:1002A400FA5004F019FF002003F082FB044628B939
:1002B40004F07EFE2946204603F050FC104B114CFE
:1002C40000206367FFF7A2FF014620F07F4020F083
:1002D4000F0028B941F4A04141F05001FFF790FF0D
:1002E40023685B0706D52368074823F004032360CB
:1002F40004F0D0FE034A136843F004031360FEE7DE
:1003040015C0500A00A00C50A0860100044B1A78B6
:1003140022B118B1DB7803700020704701207047C8
:10032400418C0020044B1A7822B118B15B7B037016
:100334000020704701207047418C002003280ED80C
:10034400084A52F8203029B143F0060342F820301D
:100354000020704723F0060343F00403F6E701206E
:10036400704700BF5CB00C5003289DBF034B53F88B
:100374002000C0F340204FF0FF3070475CB00C50B9
:1003840003280CD8074B53F82020920707D553F8BD
:10039400202061F3000243F8202000207047012050
:1003A400704700BF5CB00C5059B1032809D8064B04
:1003B40053F82030002013F0020318BF01230B7000
:1003C40070470120704700BF5CB00C5003F0C6BFFB
:1003D40002F08EBF08B502F05DFF0A4B1B787BB1BB
:1003E40000280DDB084B03EB401005F0C5FE38B1C7
:1003F400BDE808404FF4EA720449054805F0A8BE78
:1004040008BD00BFECB30020E4CB0020AE2E0020DA
:100414003573002008B502F06BFF18B1BDE8084041
:1004240002F0CEB808BD0000034B1B7843FA00F07D
:1004340000F00100704700BFE0CB0020F7B5154D78
:100444002C781CBB144B6F469A8818689B79ADF8BE
:1004540004208DF80630009002F08EFF01220F4B2D
:100464000F4E28701A70E2B21046FFF7DDFF40B15C
:1004740031328DF80520002301223946304605F03B
:1004840057FE0134052C06F12006ECD1287803B080
:10049400F0BD00BFE0CB002041730020ECB300208E
:1004A400E4CB002008B5FFF7C9FF002008BD727433
:1004B4005F666C6173685F756E6C6F636B000000E0
:1004C400F0B505460138C0B2FD2808D800240B4F0A
:1004D40057F8040B067826B90134062CF8D100200D
:1004E4000BE0AE4205D14678964202D186788E4220
:1004F40001D00830EEE703B11C70F0BD502F00208E
:1005040007B50DF10703FFF7DBFF064B40B14FF4CE
:1005140005719DF8072001FB023003B05DF804FB70
:100524001846FAE78831002008B50023FFF7C8FF12
:1005340008B1406808BD4FF40020FBE708B500236C
:10054400FFF7BEFF10B1C07800F0010008BD000045
:10055400C830002018300020E02F0020C02F0020D9
:10056400902F0020682F0020C225390000000002CF
:10057400C225370000008000C220190100000002DB
:1005840025701800000000010000000000000000B9
:100594002041190000000002204019000000000260
:1005A4002043190000000002852019010000000208
:1005B40085201A0100000004000000000000000073
:1005C400C8601900000000020B401900000000027E
:1005D400C8401900000000020000000000000000F4
:1005E400EF60190000000002EF7019010000000222
:1005F400E542190000000002EF401900000000026B
:1006040068491900000000025E4019000000000261
:10061400000000000000000085601601000040009A
:10062400856017010000800085601801000000014A
:1006340085651801000000018563180100000001B0
:1006440085201701000080008520180100000001AA
:100654002570160000004000EF6018000000000143
:10066400EF401800000000010B60180000000001BA
:100674005E50180000000001A128180000000001CD
:10068400C843180100000001C84018000000000120
:10069400C8401700000080002040170100008000BF
:1006A400CD60180000000001B34017010000800075
:1006B400B340160100004000B360140000001000B5
:1006C400000000000000000085601501000020000B
:1006D400856014010000100085601300000008000C
:1006E400C860140000001000C8601500000020005D
:1006F400C860160000004000C860170000008000B9
:10070400C8601800000000010B40170000008000C2
:10071400F8421800000000015E701700000080001D
:100724005E40180000000001EF6016000000400069
:1007340020401801000000012041180000000001C1
:100744002050180000000001EB60130000001000AE
:10075400EB601400000010001C40180000000001B1
:100764006840170000008000684018000000000185
:100774000B40180000000001B34018010000000104
:100784000000000000000000008560150000030068
:10079400000000010010000006000000000000003E
:1007A4000104000000000000000105000100000039
:1007B4000000010101010000000000010000000030
:1007C40000000000000300010000000201010B0012
:1007D400010800000201013B0002080000020101BF
:1007E4006B0003080000020101BB000200000202CA
:1007F4000201EB00030400030203019F0001000057
:1008040000000001000000000000000000000000E3
:1008140000000000000000000000000000000000D4
:1008240000000000000000000000000000000000C4
:10083400000000000000000000009900000000001B
:100844000000016600000000000000013500010006
:10085400000000000150000000000000000102013F
:100864000100000002010132010300000002010145
:100874000000000000000000000000000000000074
:1008840000008100000000000201012000000000BF
:1008940000020101520000000000020101D8000022
:1008A40000000002010160000000000000000100DF
:1008B4000000000000000000000000000000000034
:1008C4000000000000000000000000000000000024
:1008D4000000000000000000000000000000000014
:1008E4000000000000000000000000000000000004
:1008F40000000000000000000000000000000000F4
:1009040000000000000000000000000000000000E3
:1009140000000000000000000000000000000000D3
:1009240000000000000000000000000000000000C3
:1009340000000000000000000000000000000000B3
:1009440000000000000000000000000000000000A3
:10095400004B0001080000020101480001080000EA
:1009640002010142010100000002010144000000F3
:100974000000020101B90000000000000001AB000A
:1009840000000000000001ED000707000702070156
:100994005A000108000002010100000000856016F1
:1009A4000000030000000001001000000600000029
:1009B4000000000001040000000000000001050028
:1009C400010000000000010101010000000000011D
:1009D400000000000000000000030001000000020D
:1009E40001010B00010800000201013B00020800A4
:1009F400000201016B0003080000020101BB0002B8
:100A0400000002020201EB00030400030203019F41
:100A140000010000000000010000000000000000D0
:100A240000000000000000000000000000000000C2
:100A340000000000000000000000000000000000B2
:100A44000000000000000000000000000000990009
:100A5400000000000000016600000000000000012A
:100A640035000100000000000150000000000000FB
:100A74000001020101000000020101320103000033
:100A8400000201010000000000000000000000005E
:100A940000000000000081000000000002010120AD
:100AA40000000000000201015200000000000201E9
:100AB40001D80000000000020101600000000000F5
:100AC4000000010000000000000000000000000021
:100AD4000000000000000000000000000000000012
:100AE4000000000000000000000000000000000002
:100AF40000000000000000000000000000000000F2
:100B040000000000000000000000000000000000E1
:100B140000000000000000000000000000000000D1
:100B24000000000000000000000000000000003190
:100B340001010000000000010000000000000000AE
:100B440000000000000000000000000000000000A1
:100B54000000000000000000000000000000000091
:100B640000000000004B00010800000201014800E1
:100B7400010800000201014201010000000201011C
:100B8400440000000000020101B900000000000060
:100B94000001AB0000000000000001ED00070700A9
:100BA400070207015A0001080000020101000000C9
:100BB40000EF6019000003000000000100100000B5
:100BC4000600000000000000010400000000000016
:100BD4000001050001000000000001010101000006
:100BE40000000001000000000000000000030001FC
:100BF4000000000201010B00010800000201013B9A
:100C040000020800000201016B0003080000020159
:100C140001BB0002000002020201EB000304000316
:100C24000203019F00010000000000010000000019
:100C340000000000000000000000000000000000B0
:100C440000000000000000000000000000000000A0
:100C54000000000000000000000000000000000090
:100C64000000990000000000000001660000000080
:100C740000000001350001000000000001500000E8
:100C84000000000000010201010000000201013225
:100C94000103000000020101C8000100000000007F
:100CA40001C50101000000000001810000000000F6
:100CB40002010120000000000002010152000000B6
:100CC4000000020101D800000000000201016000E0
:100CD40000000000000001150001000000000001F8
:100CE400110101000000000001B700000000000035
:100CF4000001E900000000000000011300010000F1
:100D0400000301010C00010800000301016C000351
:100D1400080000030101EC000304000303030112B3
:100D2400010100000003010134010300000003017C
:100D340001210000000000030101DC0000000000AC
:100D4400030101000000000000000000000000009A
:100D5400000000000000000000000000000000008F
:100D6400000000000000000000000000000000007F
:100D74000000000000000000004B00010800000318
:100D840001014800010800000301014201010000C3
:100D940000030101440000000000030101B9000048
:100DA400000000000001AB0000000000000001EDA5
:100DB40000070700070307015A00010800000201A9
:100DC4000100000000C860190000030000000001D9
:100DD40000100000060000000000000001040000F4
:100DE40000000000000105000100000000000101F6
:100DF40001010000000000010000000000000000EC
:100E0400000300010000000201010B0001080000C2
:100E14000201013B00020800000201016B0003080B
:100E24000000020101BB0002000002020201EB000B
:100E3400030400030203019F0001000000000001FD
:100E4400000000000000000000000000000000009E
:100E5400000000000000000000000000000000008E
:100E6400000000000000000000000000000000007E
:100E7400000000000000990000000000000001666E
:100E84000000000000000001350001000000000027
:100E940001500000000000000001020101000000F8
:100EA400020101320103000000020101C800010037
:100EB4000000000001C501010000000000018100E4
:100EC40000000000020101200000000000020101F6
:100ED400520000000000020101D8000000000002DE
:100EE4000101600000000000000001150001000085
:100EF40000000001110101000000000001B7000022
:100F0400000000000001E9000000000000000103EF
:100F140000010000000301010B00010800000301AF
:100F2400016B0003080000030101EB00030400034C
:100F34000303010201010000000301013201030067
:100F44000000030101200000000000030101D8009B
:100F54000000000003010100000000000000000088
:100F6400000000000000000000000000000000007D
:100F7400000000000000000000000000000000006D
:100F8400000000000000000000000000004B000111
:100F940008000003010148000108000003010142A8
:100FA40001010000000301014400000000000301EE
:100FB40001B90000000000000001AB0000000000C7
:100FC4000000010000000000000000005A000108B9
:100FD400000002010100000000204119000003008C
:100FE40000000001001000000600000000000000E6
:100FF40001040000000000000001050001000000E1
:1010040000000101010100000000000100000000D7
:1010140000000000000300010000000201010B00B9
:10102400010800000201013B000208000002010166
:101034006B0003080000020101BB00020000020271
:101044000201EB00030400030203019F00010000FE
:10105400000000010000000000000000000000008B
:10106400000000000000000000000000000000007C
:10107400000000000000000000000000000000006C
:1010840000000000000000000000990000000000C3
:1010940000000166000000000000000135000100AE
:1010A40000000000015000000000000000010201E7
:1010B40001000000020101320103000000020101ED
:1010C400C80001000000000001C50101000000008B
:1010D4000001810000000000020101200000000066
:1010E40000020101520000000000020101D80000CA
:1010F4000000000201016000000000000000011572
:1011040000010000000000011101010000000000C6
:1011140001B70000000000000001E9000000000029
:101124000000011300010000000301010C0001088C
:1011340000000301016C0003080000030101EC003E
:101144000304000303030112010100000003010171
:10115400340103000000030101210000000000032A
:101164000101DC0000000000030101310101000065
:10117400000000010000000000000000000000006A
:10118400000000000000000000000000000000005B
:10119400000000000000000000000000000000004B
:1011A400004B000108000003010148000108000091
:1011B4000301014201010000000301014400000099
:1011C4000000030101B90000000000000001AB00B1
:1011D400000000000000010000000000000000000A
:1011E4005A000108000002010100000000C2253974
:1011F4000000003C60000000001000000600000039
:1012040000000000010400000000000000010500CF
:1012140001000000000001010101000000000001C4
:1012240000000000000000000003000100000002B4
:1012340001010B00010800000201013B000208004B
:10124400000201016B0003080000020101BB00025F
:10125400000002020201EB00030400030203019FE9
:101264000001000000000001000000000000000078
:10127400000000000000000000000000000000006A
:10128400000000000000000000000000000000005A
:1012940000000000000000000000000000009900B1
:1012A40000000000000001660000000000000001D2
:1012B400000000000000000000000000000000002A
:1012C40000000201010000000201013201030000DC
:1012D40000020101C80001000000000001C5010175
:1012E4000000000000018100000000000201012054
:1012F4000000000000020101520000000000020191
:1013040001D800000000000201016000000000009C
:10131400000001150001000000000001110101009E
:101324000000000001B70000000000000001E90017
:10133400000000000000010300010000000301019F
:101344000B00010800000301016B00030800000307
:101354000101EB0003040003030301020101000087
:101364000003010132010300000003010120000019
:10137400000000030101D800000000000301010087
:101384000000000000000000000000000000000059
:101394000000000000000000000000000000000049
:1013A4000000000000000000000000000000000039
:1013B40000000000004B00010800000201010000D1
:1013C4000000000000000000000000000000000019
:1013D400000000000000000000B900000000000050
:1013E4000001AB000000000000000100000000004C
:1013F400000000005A000108000002010100000082
:1014040010B5E0B1D9B100230122436080F8222055
:101414000C6804604A6880F820208A680261CA68FF
:1014240012054261FF22C4F884204FF05024016861
:101434008C6701680A62016818464A6410BD01207D
:10144400FCE738B102680020136C23F0FF03194352
:10145400116470470120704770B5C8B105689DF9E3
:1014640018609DF91C00AC6C40EAC60040EAC32336
:101474009DF910006FF3140443EA00239DF914004E
:1014840043EA801343EA423242EA81412143A96498
:1014940070BD40B102680020136C23F47F4343EA1B
:1014A4000121116470470120704770B5C8B1056807
:1014B4009DF918609DF91C002C6D40EAC60040EAB5
:1014C400C3239DF910006FF3140443EA00239DF92C
:1014D400140043EA801343EA423242EA8141214341
:1014E400296570BD18B10368002059607047012058
:1014F400704730B103680139C1F313010020596208
:1015040070470120704708B103681962704718B129
:101514000368186900F00100704720B1026853693C
:1015240043F001035361704738B50D460446A8B132
:101534000368DA61C36A0BB10120984723689D618F
:101544002046FFF7E4FF0028FAD02046FFF7E5FF26
:10155400E36A0BB100209847002038BD0120FCE766
:1015640028B103685868C04300F0010070470120A7
:10157400704708B103685868704720B10268536D1A
:1015840061F38E235365704708B10368D9607047CF
:1015940010B10368D868C0B2704770B5E8B1056887
:1015A4009DF91C609DF92000AC6A40EAC6009DF9D3
:1015B40010606FF3150440EAC6209DF9146040EAF8
:1015C40006209DF9186040EA861040EA433343EA56
:1015D400824242EA41512143A96270BD50B103687D
:1015E4001A6821B142F0010200201A60704722F00B
:1015F4000102F9E70120704750B103681A6821B16C
:1016040042F4001200201A60704722F40012F9E735
:101614000120704750B103689A6821B142F010026A
:1016240000209A60704722F01002F9E70120704709
:1016340030B580B10568BDF80C00AC68800640EA9E
:101644008353002043EA81416FF39E1441EA8212DE
:101654002243AA6030BD0120FCE730B102680020BB
:10166400936861F30203936070470120704750B19F
:1016740003689A6821B142F0200200209A60704702
:1016840022F02002F9E70120704750B103681A687C
:1016940021B142F0807200201A60704722F08072FB
:1016A400F9E70120704750B103681A6821B142F488
:1016B400000200201A60704722F40002F9E70120BA
:1016C400704750B103689A6821B142F0004200208B
:1016D4009A60704722F00042F9E70120704750B148
:1016E40003689A6821B142F0080200209A607047AA
:1016F40022F00802F9E70120704740B10268002097
:10170400936D23F47F0343EA0141916570470120FF
:10171400704760B100685206836D42EA012123F0EC
:10172400007323F47F43194381650020704701202F
:101734007047000010B5F0B10468A06DB1B1022A81
:1017440084BF023AD2B213026FF30F0003F4FE43D4
:101754000343120654BF43F0806343F0A06343F095
:101764000A0323F000730020A36510BD034B03405C
:1017740043F00073F7E70120F7E700BF0000FFFA2A
:1017840030B10268936C23F4783343EA41319164B5
:10179400704730B10268136D23F4783343EA413162
:1017A4001165704748B10368D3F8882009B141F442
:1017B40080310020C3F888107047012070477FB53E
:1017C400054600283DD0C46801B394F86A30002B64
:1017D40037D094F9726094F96E3094F96C1094F9DE
:1017E4006D20039694F97160029694F970600196E5
:1017F40094F96F400094FFF72FFEEB6893F86A109A
:101804002846FFF71EFE002004B070BD94F8463051
:10181400BBB194F94E6094F94A3094F9481094F9A4
:101824004920039694F94D60029694F94C60019610
:1018340094F94B400094FFF70FFEEB6893F84610C1
:10184400DEE70120E0E77FB50546002836D0C4680E
:10185400E1B194F96E6194F96A3194F9681194F9DB
:101864006921039694F96D61029694F96C6101966D
:1018740094F96B410094FFF7EFFDEB6893F8661160
:101884002846FFF7DEFD002004B070BD94F95C61CA
:1018940094F9583194F9561194F95721039694F90F
:1018A4005B61029694F95A61019694F95941009446
:1018B400FFF7D2FDEB6893F85411E1E70120E3E769
:1018C400F0B5C4680646174687B054B3382928D8FB
:1018D40001EBC1052C44237C1BB394F918C094F983
:1018E400133094F9122094F91110CDF810C094F922
:1018F40017C0CDF80CC094F916C0CDF808C094F9FF
:1019040015C0CDF804C094F914400094FFF745FEC7
:10191400F3683A462B443046197CFFF705FE07B0BE
:10192400F0BD0120FBE7000070B50446002841D05B
:10193400C368002B3ED000293CD093F89351012179
:10194400CDB3FFF7D6FD002214212046FFF7B8FFE0
:101954002046FFF70EFEC30704D540F23E413D4842
:1019640004F0F2FB002215212046FFF7A9FF0546EB
:1019740020B1002220461146FFF7A2FF0221204693
:10198400FFF7B0FD01212046FFF7B3FD00222B2114
:101994002046FFF795FF6DB101212046FFF7A9FD11
:1019A400002202212046FFF78BFF2046FFF7D8FDD7
:1019B4000028F5D070BDFFF79CFD2A460221204681
:1019C400FFF77EFF2046FFF7D4FD2A461421204668
:1019D400FFF776FF10B92046FFF7CBFDE3681B7ACB
:1019E400ABB3012103F00F051B0901FA03F3DBB2CA
:1019F4000DB11D46002300221521204643EA05258A
:101A0400FFF75EFF064620B1002220461146FFF78D
:101A140057FF29462046FFF765FD02212046FFF7C0
:101A240068FD002203212046FFF74AFF002EC1D0A3
:101A340001212046FFF75DFD002202212046FFF729
:101A44003FFF2046FFF78CFD0028F5D0B2E70225C2
:101A5400D1E700BFB972002038B504460D46FFF740
:101A640063FF29462046BDE83840FFF7A8BE38B5D5
:101A740004460D46FFF758FF29462046BDE8384086
:101A8400FFF7E1BE10B5044640B10268936A6FF3F4
:101A9400150343F4802343F001039362032120469A
:101AA400FFF727FD00229F212046FFF73DFD20463A
:101AB400FFF75FFD20F07F4010BD70B5044600289D
:101AC4003ED0C368012193F89351002D3BD0FFF71A
:101AD40010FD002202212046FFF7F2FE88BB2046BB
:101AE400FFF747FDC0B2E368DD790DB120EA0505D3
:101AF400002215212046FFF7E3FE064620B100220E
:101B040020461146FFF7DCFE29462046FFF7EAFC93
:101B140001212046FFF7EDFC002203212046FFF7B8
:101B2400CFFE6EB101212046FFF7E3FC0022022123
:101B34002046FFF7C5FE2046FFF712FD0028F5D02A
:101B440070BD0020CFE7FFF7D4FC2A4602212046CF
:101B5400FFF7B6FE00283ED12046FFF70AFDC6B2C5
:101B6400002214212046FFF7ABFE18B92046FFF7E8
:101B740000FDC5B2E368D97909B126EA0101002262
:101B8400204641EA05251521FFF79AFE064620B1B5
:101B9400002220461146FFF793FE29462046FFF710
:101BA400A1FC02212046FFF7A4FC002203212046C9
:101BB400FFF786FE002EC3D001212046FFF799FCD3
:101BC400002202212046FFF77BFE2046FFF7C8FCD7
:101BD4000028F5D0B4E72E46C2E760B1006850B1E2
:101BE400836D090623F0807301F0807123F0FF03F5
:101BF400114319438165704738B50446D0B1036871
:101C0400AB211D6815F0010502BF1A6842F00102FC
:101C14001A600268936A6FF3150343F00103936239
:101C24000022FFF781FC25B92268136823F0010321
:101C3400136038BD0120FCE7002070472DE9F04710
:101C4400884699460446002845D08368002B42D034
:101C5400B9F1000F3FD001680F6832B310229A60C7
:101C6400002382684E465361826893618268D36020
:101C7400802283681A6105680435A06804F088FA34
:101C840050BBA06804F06CFA30BB236847F020070F
:101C94001F60226809F1FF335362414633462A46E6
:101CA400A068BDE8F04704F077BA4FF400719A6079
:101CB400836809F1030659614FF40061836845465E
:101CC40099618368B608DA60802283681A610368C0
:101CD40003F10408D1E70120BDE8F08710B50A46F6
:101CE400044670B1806860B1E16A11B14FF0FF320F
:101CF400002104F065FA2268136823F020031360BE
:101D040010BD0120FCE710B50B46044686B020B395
:101D140008294FF000014FF0010283BF0B46CDE9C3
:101D24000212CDE90011CDE902118EBF1946CDE9A9
:101D340000115BB20492FFF730FC03212046FFF749
:101D4400D8FB00229F212046FFF7EEFB2046FFF739
:101D540010FC20F07F4006B010BDFF20FBE738B533
:101D64000D46044698B3C3688BB39A7992B39B7AB1
:101D740083B30121FFF7BDFBE36802219A79204672
:101D8400FFF79EFD2046FFF7F4FBE3689B7ADDB185
:101D940043EA00012046FFF7A5FB01212046FFF797
:101DA400A8FBE36803219A792046FFF789FDE368DD
:101DB40084F8255002219A792046FFF781FD2046B8
:101DC400FFF7D7FB002038BD20EA0301E2E74FF01C
:101DD400FF30F8E76FF00100F5E710B5044620B3D3
:101DE400C2681AB313791BB3D3790BB30121FFF77C
:101DF40080FBE36802211A792046FFF761FD204643
:101E0400FFF7B7FB94F824203F2A4FEA121304D8B3
:101E1400012B08D800F0300007E0043B012BF9D86F
:101E240000F0F00001E000F0700010BD1046FCE787
:101E34001846FAE70346081172B1072B0CD8DFE8FD
:101E440003F0040D182E353F474C28B101281368C0
:101E54000AD143F0010313600020704720F002030D
:101E6400012B03D0D0B11368034316E01368034376
:101E7400F1E70528F7D801A353F820F059480020CA
:101E84006D480020954800206D48002067480020D8
:101E94006D480020136843F0020313607047002864
:101EA400DAD0431E052B1368E1D9DDE7C30700F040
:101EB400030102D40029CFD0D5E713680B43CAE746
:101EC4000028C9D01368082843EA0003E5DCC2E708
:101ED4000028C1D0431E012BE5E70028BCD0431ED7
:101EE400022BE0E710B590F82530044683B1FFF7E4
:101EF40074FF014660B12246636843F4004342F82C
:101F0400043F94F82400BDE810400009FFF792BF95
:101F1400002010BD38B50D46044650B3C36843B322
:101F24009A794AB35B7A3BB30121FFF7E2FAE3689B
:101F340002219A792046FFF7C3FC2046FFF719FBDC
:101F4400E3685B7A95B143EA00012046FFF7CAFAD9
:101F540001212046FFF7CDFAE368032120469A7950
:101F6400FFF7AEFC002084F8265038BD20EA0301B8
:101F7400EBE74FF0FF30F8E76FF00100F5E738B515
:101F84000D46044648B3C3683BB39A790AB11B7A39
:101F94000BB9002038BD0121FFF7ABFAE368022139
:101FA4009A792046FFF78CFC2046FFF7E2FAE368B3
:101FB4001B7A7DB143EA00012046FFF793FA012121
:101FC4002046FFF796FAE368032120469A79FFF743
:101FD40077FCDEE720EA0301EEE74FF0FF30D9E7B4
:101FE40010B504460121FFF784FA02212046FFF7C9
:101FF40079FAE36803215A792046FFF761FC00214E
:102004002046FFF76FFAE368032120465A79FFF769
:1020140057FC002010BD40B190F8243013F0010F9C
:1020240014BF4FF480504FF4006070472DE9F04F17
:1020340085B00E4691461D4604460F9FB0B1C36855
:10204400A3B1C36993B1802F10D8FFF7E4FF00F167
:10205400FF3A0AEA010A0AEB05038342804607D9DC
:1020640002206060002005B0BDE8F08F0120F8E791
:102074000023636023694FF0000B8B4298BFCE1A94
:10208400B6FBF0F204212046FFF71AFC142003F0FB
:1020940023F801212046FFF72CFA052003F01CF851
:1020A400E268022112792046FFF70AFC2046FFF776
:1020B40060FAC107F1D4BBF1000F02D14FF0010B5C
:1020C400EBE72046FFF70EFF10B140F40040C8E7ED
:1020D40094F82020E368B2BB93F846102046FFF73B
:1020E400B0F9E06890F94EC090F94A3090F949206F
:1020F40090F94810CDF80CC090F94DC0CDF808C047
:1021040090F94CC0CDF804C090F94B0000902046E3
:10211400FFF7A2F9B203D4F810B004D594F827203D
:102124000AB14BF4805B49EA050242EA0A029307CA
:1021340002D16A1EFE2A21D82A4648460BEB0A0120
:1021440004F06EF81DE093F86A102046FFF779F961
:10215400E06890F972C090F96E3090F96D2090F9B2
:102164006C10CDF80CC090F971C0CDF808C090F98E
:1021740070C0CDF804C090F96F00C7E7B9F1000F43
:10218400DAD10E9B2BB13A4618460BEB080104F04A
:1021940047F8781967E72DE9F74F8B46DDE90C1707
:1021A40015461E46044630B1C36823B1D0F81C90CE
:1021B400B9F1000F05D101236360002003B0BDE82D
:1021C400F08F12B909B90223F6E72046FFF723FF7F
:1021D400B042824601D3802F01D90323ECE70023C8
:1021E400636023695B4598BFABEB030B01B137BB5D
:1021F40015F003080AD011BB4FF0000832462946F7
:10220400E06904F00DF8E5690AEB07061BF4003FEA
:1022140004D094F827300BB148F48058731E2B4433
:102224006B40B3F5801F009553D2012233462946F3
:102234002046FFF703FD024670B10423BCE73A468B
:1022440009EB0A0003F0ECFFE369002DD4D1D0467A
:102254003E4603EB0A05D9E701462046FFF730FB6B
:1022640094F82030424683BB0C212046FFF728FB1C
:102274004FF47A712046FFF731FD40BB002220461F
:102284001146FFF71DFBBBFBFAF210212046FFF7B6
:1022940017FB962002F0FEFE142002F0FBFE012143
:1022A4002046FFF726F9E36802211A792046FFF752
:1022B40007FB2046FFF75DF9C207EDD403074ABFC9
:1022C400606030464FF0FF3078E70D21CDE70523FD
:1022D40072E7002220461146FFF7F2FA00287FF445
:1022E4006CAF402EB146A8BF4FF0400929F0030758
:1022F400EB199D4234D149462046FFF7FAF894F889
:1023040020304246A3BB0C212046FFF7D9FA00280F
:102314007FF453AF009BA6EB09053B441F46002DF9
:10232400C144ABDD0022402DA846A8BF4FF04008B1
:1023340011462046FFF7C4FA28F003033B449F42AA
:1023440018D141462046FFF7D4F894F820304A4685
:10235400C3B90E212046FFF7B3FAA5EB0805DEE763
:10236400204655F8041B0193FFF7BCF8019BC0E716
:102374000D21C9E7204657F8041B0093FFF7B2F874
:10238400009BDCE70F21E5E770B50D46044608B174
:10239400C36823B901234FF0FF30636070BD00238D
:1023A4004360036900228B4298BFCD1AFFF733FEC6
:1023B400064611462046FFF783FAB5FBF6F21121D3
:1023C4002046FFF77DFA4FF4FA7002F063FE2820EE
:1023D40002F060FE01212046FFF78BF8E36802213A
:1023E4001A792046FFF76CFA2046FFF7C2F8C307B4
:1023F400EDD410F0040316BF606018466FF00100BE
:10240400CCE730B51D46044687B010B9012007B0AB
:1024140030BDC368002BF9D05B7A002BF6D003697A
:102424008B4298BFC91A002A6CD0FFF7F4FDB1FBA8
:10243400F0F20421204692B2FFF742FA012120462D
:10244400FFF757F8E36802211A792046FFF738FAB4
:102454002046FFF78EF810F00101EFD12046FFF778
:1024640059FD226829461368204643F480131360FB
:10247400FFF73FF894F82030E06813B390F8C031C8
:10248400002BC3D090F9C85190F9C33190F9C221FF
:1024940090F9C111049590F9C751039590F9C6516B
:1024A400029590F9C551019590F9C4010090204618
:1024B400FFF773F8E268236892F8C0219A6100205C
:1024C400A5E790F8B731002BA0D090F9BF5190F94F
:1024D400BA3190F9B92190F9B811049590F9BE5127
:1024E400039590F9BD51029590F9BC51019590F96D
:1024F400BB0100902046FFF750F8E268236892F889
:10250400B721DBE70268136823F480131360FFF735
:1025140004F801212046FFF7FDFCD0E708B5024688
:10252400FFF779FD28B192F824309B074CBFC00116
:10253400800108BD1FB5044610B9002004B010BDC9
:10254400C369002BF9D0FFF7E9FF0423019303AB20
:102554000093002341431A462046FFF767FD40B12C
:102564009DF80C30FF2BE8D00398002808BF012009
:10257400E4E70120E2E7000008B5E8B103680F4A88
:1025840093420CD002F58052934215D1062001F0FB
:102594000FFA022805D1BDE8084001F03EBA042034
:1025A400F5E7032803D1BDE8084001F039BA01205A
:1025B400BDE8084001F09CBA002008BD001004509A
:1025C40038B5054608B9002038BDFEF7E1FF0446DA
:1025D4000028F8D02846FFF7CFFFB0FBF4F0F3E76C
:1025E40038B190F8233013B10021FFF78CBBFFF70B
:1025F40049BAFF2070477FB504460A4651B3C568FF
:1026040095F8FF31002B3BD090F82030C3B395F9F7
:10261400076295F9022295F9033295F9011203969E
:1026240095F90662029695F90562019695F90452A8
:102634000095FEF711FFE368204693F8FF11FEF7BB
:1026440000FF0121204694F82520FFF773F80020AD
:1026540004B070BDFFF76EF8636994F82010B3F10D
:10266400807F06D919B92046FFF7EDF8EFE701217D
:10267400F9E719B92046FFF7A2F8E8E70121F9E7DD
:102684000120E5E710B50446F0B102681420D2F841
:10269400943043F00043C2F8943002F0FBFC23680A
:1026A400D3F89420D205FBD5D3F89400D3F8942022
:1026B400C0B222F00042C3F8942094F8253023F0ED
:1026C4007F03034384F8253010BD00002DE9F04357
:1026D4000E4690461F46044687B0002800F0E58069
:1026E400002900F0E280FEF78BFE2068FFF7A4FAD1
:1026F4003369002184F83430B3680546A363F36872
:1027040084F824101B05E363022384F8363033690C
:10271400C4F808805A1E5342534184F82330B8F158
:10272400000F58D0002F56D03B68C8F80030A3687B
:10273400FA685A601022A3689A608022A368D9605C
:10274400A3681A614FF48052A3685961A368996120
:10275400A368D961A3681A62A3685962C0B16FF013
:102764007F43984214D0012694F82330002B3DD1A6
:10277400002E5AD12046FFF73FFA304602F08AFC79
:10278400322002F087FC2046FFF72AFF05464CE082
:1027940001212046FEF7F1FEA74BA26920469A428A
:1027A4004FF000028CBF01211146FFF716FA2046B4
:1027B4009DF83810FEF7E8FE94F835302BB1012B64
:1027C40010D100212046FEF760FF01212046FEF7CC
:1027D40005FF0026C8E7002DDED06FF07F439D4241
:1027E400C1D1D9E7022BF0D10121EBE72268002700
:1027F4009368394643F07073936001233A46204648
:10280400CDE90373CDE901773B460097FEF7C5FE9A
:102814003A46FF212046FEF787FE384602F03AFC8E
:10282400C82002F037FC002EADD094F82330EFB26C
:10283400C5F307282563C5F30745424629463846AC
:10284400ABB303F0E1FCE060A0BB94F823302BB3FE
:1028540008212046FFF757FAC0F30728C0F30745BD
:10286400C7B2206342462946384603F0CDFCE060F7
:1028740000BB0F212046FFF746FAC0F30728C0F338
:102884000745C7B2206342462946384603F0BCFCDC
:10289400E06078B903F08CFCE06058B90021204670
:1028A400FEF79CFE0023C4E90E3301204CE0FDF743
:1028B40027FEC8E794F82330424629463846002BC1
:1028C40045D003F039FC424629468146384603F098
:1028D400AFFC4246294684F82700384603F078FCCA
:1028E400424684F824002946384603F06DFC94F8E7
:1028F400243043EA001384F82430B9F1000F03D0E4
:10290400C4F83C90C4F8149094F82330002B73D18D
:10291400002E6ED12046FFF7D0F86369B3F1807FB3
:1029240038D9324621212046FEF7CAFF94F82030D8
:102934008BB93146204684F82660FFF798F80721C2
:102944002046FEF78AFE002007B0BDE8F083FDF7BD
:10295400EBFD8146D1E701212046FFF788F894F882
:102964002690B9F1010FEAD1424629463846FDF7CF
:10297400E5FD38B12046FFF785FE49462046FFF7BE
:102984003AFEDCE7324631462046FEF7D3FE84F8B1
:102994002660D4E794F8203033B93146204684F8D1
:1029A4002660FFF759F8CEE701212046FFF754F8D7
:1029B40094F82690B9F1010F15D1424629463846BC
:1029C400FDF7BCFD38B12046FFF75CFE49462046C2
:1029D400FFF711FEB7E7324631462046FEF7AAFE5E
:1029E40084F82660AFE7324631462046FEF7A2FE61
:1029F400A9E784F82630A6E701212046FEF779FDF1
:102A0400E36802211A792046FEF75AFF2046FEF7B2
:102A1400B0FD05460A2002F03DFBEB07ECD420464E
:102A2400FFF7DEFA94F82030022B8CD101212046E6
:102A3400FFF7A5FA87E700BF00E1F5051FB5019090
:102A4400019B114C0BB1206840B9002001F060F8E3
:102A54000E4BB0FBF3F0019B20609BB1302882BF8A
:102A6400019B03F1FF330193019B5BB10522019BA1
:102A7400013B4343B3FBF2F30393039B5A1E0392BC
:102A8400002BFAD104B010BD44BC002040420F001A
:102A940070B50E461546044658B302220368DA6040
:102AA4000268936D23F00073936502680020D2F8E6
:102AB400943043F00043C2F89430FFF7BFFF142072
:102AC400FFF7BCFF2068D0F89430DB05FBD5D0F8C5
:102AD4009430D0F89420DBB222F00042C0F8942065
:102AE4005A1E327001220020043B2B702368DA60E6
:102AF40070BD0120FCE7000037B5144605460028E8
:102B040043D0002941D0FEF77BFC2846E1B2FEF712
:102B14003BFD2846FFF754FD1D4B984230D91D4B11
:102B240098422FD91C4B984222D940F2B63440F235
:102B340074431A4A904288BF1C4600220121284649
:102B4400FFF74BF800212246022328460091FEF7A6
:102B54006FFD044648B906212846FEF77EFD04466B
:102B640018B901212846FEF739FD204603B030BDCF
:102B74000B4B4FF43E749842DFD800221146DEE737
:102B8400B424FAE74FF4BE74F7E70124EDE700BF7D
:102B940000366E01006CDC0200D8B805000E270771
:102BA40000879303F0B50E461746054687B0D8B1A3
:102BB400072200240323CDE903220121CDE90143A7
:102BC40000942346FEF7E9FC02212846FEF791FC17
:102BD40039462846FEF786FC3246C0212846FEF7D1
:102BE400A3FC204607B0F0BD0120FBE72DE9FF411F
:102BF4000C4616461F460546002840D06B46214A1F
:102C04001068516803C39068D16803C32846E1B2D1
:102C1400FEF757FD07F110036B4413F8088C4FEAD5
:102C240048185FFA88F80CB304AB03EB560313F8A7
:102C3400104CA40044F0210464B204F0FD0200210D
:102C44002846FFF7AFFF711E284649B2FEF798FDEC
:102C5400424604212846FFF7A5FF791E284649B2BB
:102C6400FEF797FD002004B0BDE8F08106F11003E3
:102C74006B4413F8104CA40044F00104DCE7012079
:102C8400F1E700BF845C0020F0B50E461746054608
:102C940087B0D8B1072200240223CDE90322012101
:102CA400CDE9014300942346FEF777FC042128462E
:102CB400FEF71FFC39462846FEF714FC3246C021B5
:102CC4002846FEF731FC204607B0F0BD0120FBE7A3
:102CD40030B5054685B0A0B100240721022390F841
:102CE4002520CDE902115200CDE9004352B223461A
:102CF400FEF7B2FB21462846FEF7A3FB204605B0AB
:102D040030BD0120FBE730B5054685B090B1072101
:102D140000240223CDE90211CDE90043234690F9B2
:102D24002620FEF7C2FB80212846FEF7B2FB204690
:102D340005B030BD0120FBE7F0B5044687B000289C
:102D44003BD090F82330052B34D0033B012B2ED8F5
:102D5400012603270023072576B27FB21A460121F4
:102D64002046CDE90355CDE901570096FEF715FC41
:102D74000022FF212046FEF7D7FB94F82330052BD1
:102D84000FD1002301211A462046CDE90355CDE990
:102D940001570096FEF701FC0022FF212046FEF7B2
:102DA400C3FB002002F076F9032002F073F900203F
:102DB40007B0F0BD03260227CCE70120F8E70000A6
:102DC40030B5044685B000286ED000296CD0FEF7DB
:102DD40017FB23680DF10E020DF10F0120461D684B
:102DE400FFF756FE01212046FEF7CEFB2046FFF7F3
:102DF400E7FB2E4B05F00105984236D81423032136
:102E04008DF80E308DF80F3008460023B42284F874
:102E1400251084F82610062100902046FEF708FCB1
:102E240007212046FEF719FC01212046FEF757FC36
:102E34009DF80E102046FEF760FC00229DF80F104E
:102E44002046FEF766FC01212046FEF7C7FB012160
:102E54002046FEF7D1FB2DB9154B1B6803F0030385
:102E6400032B1DD1002005B030BD124B98420BD965
:102E740003F1377303F5D84398420BD90721142083
:102E8400082340F23252C2E705210E20032340F208
:102E9400B632BCE706211120052340F27442B6E79E
:102EA4002046FFF749FFDDE70120DCE7016CDC0287
:102EB40000000C50011C4E0EF0B5044685B00028ED
:102EC40000F09680002900F09380FEF799FA2368B9
:102ED4000DF10E020DF10F0120461E68FFF7D8FD1B
:102EE40001212046FEF750FB2046FFF769FB414BCA
:102EF40005469842404F06F0010650D8142303219A
:102F04008DF80E308DF80F30B42200230091204646
:102F14000621FEF78DFB07212046FEF79EFB0121CB
:102F24002046FEF7DCFB9DF80E102046FEF7E5FB7D
:102F340000229DF80F102046FEF7EBFB01212046EE
:102F4400FEF795FB01212046FEF748FB01212046B0
:102F5400FEF752FB2EB994F8273013B92046FFF739
:102F6400EBFEBD423AD9254B9D423CD906220223B1
:102F740088253B2684F82630012184F82520204624
:102F8400FEF79FFB324600212046FFF77DFE2A46CE
:102F940004212046FFF778FE002005B0F0BDB842BA
:102FA4000DD9164B98420FD903F1377303F5D84363
:102FB40098420ED81421082340F23252A6E70E217B
:102FC400032340F2B632A1E71121052340F27442F3
:102FD4009CE7172109234FF4BE6297E704220023DC
:102FE40008253326C6E70522002308253726C1E72E
:102FF4000120D2E7016CDC02011C4E0E01882A116B
:1030040070B50E461546044686B0F8B10722032370
:10301400CDE901230023CDE9032200930121FEF72A
:10302400BCFA31462046FEF76EFA02212046FEF72E
:1030340060FA29462046FEF755FA4FF480326021A3
:10304400204606B0BDE87040FEF76EBA06B070BD0B
:1030540038B504460122FFF7B3FE2046FFF7B0FA65
:10306400154B98421FD9154B98421FD903F1F4739D
:1030740003F5904398421CD942F28F7541F28F7345
:103084000F4A904298BF1D4601212046FEF7C2FA1E
:103094002A4620460021FFF7B3FF01212046FEF710
:1030A40010FB002038BD4EF28F75EDE74FF28F759F
:1030B400EAE740F28F75E7E781FE210A01D4650C47
:1030C40001882A111FB560B10721032390F8252038
:1030D400CDE90013013A0023CDE9021152B2FEF703
:1030E400BBF905B05DF804FB1FB560B107210323EC
:1030F40090F82620CDE90013013A0023CDE902110E
:1031040052B2FEF7D2F905B05DF804FB2DE9FF4792
:103114000B69044680F823300B69033B032B00F250
:103124008580DFE803F0026358792046FFF748FE04
:103134000322064608212046FFF734FD2046FFF708
:103144003FFA4D4B98425FD903F1A46303F58343DF
:1031540098425BD903F1377303F5D843984257D9A2
:10316400464B984256D9464B984294BF07250025B2
:103174004FF0000807274FF0030A4FEA450943467A
:1031840009F1FF3239462046CDE90277CDE9008ABC
:10319400FEF762F941462046FEF753F943466A1E9C
:1031A40039462046CDE90277CDE9008AFEF77DF95C
:1031B40080212046FEF76DF92B464A460121204620
:1031C400FFF714FD4FF6FF712046FEF7EBFA304689
:1031D40004B0BDE8F0872046FFF76EFE2046FFF7F7
:1031E40077FD2046FFF78FFD0026EBE72046FFF72B
:1031F400E7FD4322064608212046FFF7D3FC0121C0
:103204002046FEF750FA99E70325B1E70425AFE716
:103214000525ADE70625ABE72046FFF719FF204655
:10322400FFF750FF2046FFF75FFFDDE70026032589
:103234004FF0010802272046FFF75EFC33460622C2
:1032440029462046CDE90067CDE90258FEF704F986
:10325400EB212046FEF7F5F8334632462946204650
:10326400CDE90067CDE90258FEF71FF93821204661
:10327400FEF70FF90646A5E70129DE0701EBC9139E
:103284000184D717000000000102030400000000BD
:1032940004020601002310B5084A916B814205D847
:1032A400D46B2144814201D958B210BD0133052B9E
:1032B40002F14402F1D14FF0FF30F6E72CE2002096
:1032C400064A936B834206D8D26B1344834294BF5D
:1032D4000020012070470020704700BFE8E1002073
:1032E40003460244934200D1704703F8011BF9E7F7
:1032F40038B50546FFF7E4FF044648B92846FFF70A
:10330400C9FF431C06D04422034B02FB003038BDE6
:103314000248FCE72046FAE72CE20020E8E100201E
:1033240010B50C46C9B12AB9022000F0E1FBB0FB8C
:10333400F4F010BD00F03CFB0228024602D100F07C
:103344006CFBF4E7012802D100F064FBEFE7044BC7
:103354000448032A18BF1846E9E70846E9E700BF0E
:10336400006CDC0200D8B8050020704700207047CC
:10337400002070470020704700220C4B10B51A60E3
:10338400FFF7F2FF041E18BF0124FFF7EFFF08B197
:1033940044F00204FFF7ECFF08B144F00404FFF723
:1033A400E9FF08B144F00804204610BDE4E1002020
:1033B40010B586B000F00CFF3022002104461748F7
:1033C400FFF78EFF142201A8FFF78AFF144B019325
:1033D400A3F558335B68C3F30223023B042B1AD8CA
:1033E400104AD35C8B4208BF0623102205934FF08A
:1033F4008053CDE9033200F0E9FE0346591E4B42E7
:1034040006484B41224601A980F82730FFF77EFE8B
:10341400002006B010BD0623E7E700BFB4E100209A
:1034240000100450485E0020B0F1805F08B502D05F
:10343400B0F1C04F04D10348FFF7C2F8400808BDFB
:103444000020FCE7B4E10020030305020600FFF7B7
:10345400EBBF0000EFF3108072B6704780F3108862
:10346400704740BF714A1368012B04D04FF0010329
:1034740013606F4A10606F4A11606F484FF08051BB
:1034840001607047EFF3108272B66848016889B32F
:103494004FF00001016066480168B1B1EFF30981A2
:1034A4001EF0100F08BF21ED108B21E9F00FEFF390
:1034B4000B8441F8044D4FF000041EF0100F08BFB8
:1034C400012441F8044D006801605A4909680968FB
:1034D40008C910C984F30B88B1E8F00F002B18BF9A
:1034E400B1EC108B81F309884EF0100E002B18BF3D
:1034F4002EF0100E82F310884EF0040E70474F48E1
:103504004FF47F01D0F8002041EA020101607047C6
:1035140048490860EFF3148222F0040282F314880D
:1035240043494FF00000086040494FF00100086033
:1035340042484FF47F01D0F8002041EA02010160C3
:103544003D484FF0805101603D480068006800BF6D
:1035540080F3088861B662B6704700BF20BF704729
:10356400EFF308801EF0040F01D0EFF3098020E987
:10357400F00FEFF30B8440F8044D40F804ED40F8ED
:1035840004ED1EF0040F02D080F3098801E080F3FB
:10359400088800B502F02CFE5DF804EB4EF0040E32
:1035A4007047EFF308801EF0040F01D0EFF3098099
:1035B40020E9F00FEFF30B8440F8044D40F804EDDC
:1035C40040F804ED1EF0040F02D080F3098801E0F6
:1035D40080F3088800B502F0A3FD5DF804EB4EF01B
:1035E400040E704710B4EFF3038410B47C4600B5A6
:1035F40000B54DF804CD0FB4089C2DE9F00FEFF39E
:103604000B8410B400B5684602F09AFD01BC10BCEE
:1036140084F30B88BDE8F00F0FBC5DF804CB5DF8B4
:1036240004EB10BC10BC10BC70470000C0E90020C3
:10363400C8E90020C4E9002004ED00E020ED00E02A
:1036440008ED00E0104A1378FF2B05D10F4B9B685F
:10365400DB4303F0010313700D4A506B4BB10D4B68
:103664001B681BB90A23B0FBF3F070470A4B1B8895
:10367400F9E74FF47A72C0F30E03C00B534350437F
:1036840000EBD330704700BFD2B5002000B00C501F
:1036940000000C506CE1002068E1002008B5002A0D
:1036A40000F05581002900F05281612800F24A811E
:1036B400DFE810F062002C014801690028016D0068
:1036C400240148017100F0001C0118014801750033
:1036D400480179007D0048018100480148018600C5
:1036E40013018B0090009500A200A700AC004801D4
:1036F40048014801B100B6000E010901BB00C00039
:1037040048014801C50048014801CA004801CF00EA
:10371400D400E900F9004801480148014801480182
:103724004801D9000401DE003F01E100E300480143
:1037340048014801E5004801E70048014801480103
:10374400EB0048014801480148014801480148018B
:10375400F200F200F7004801480148014801FB006B
:103764004801480100012001300135013A019A0065
:10377400480102014401F20000230B6001234FF0D1
:10378400A040136008BD00230B600223F7E7002369
:103794000B600423F3E700230B601023EFE70023FF
:1037A4000B602023EBE700230B604023E7E70023B3
:1037B4000B608023E3E700230B604FF48073DEE7A4
:1037C40000230B604FF48063D9E700230B604FF4B0
:1037D4000063D4E700230B604FF48053CFE700234A
:1037E4000B604FF40053CAE701230B604FF400133E
:1037F4004FF080401360C5E700230B604FF4804313
:10380400BDE700230B604FF40043B8E700230B60CF
:103814004FF48033B3E700230B604FF40033AEE77B
:1038240000230B604FF48023A9E700230B604FF4BF
:103834008013A4E700230B604FF400139FE70023D9
:103844000B604FF480039AE700230B604FF0007382
:1038540095E700230B604FF0006390E700230B60B3
:103864004FF080538BE700230B604FF0004386E753
:1038740001230B6083E7012386E7012388E7012303
:103884008AE7012390E7012396E701230B604FF4B5
:10389400007374E701239EE701230B604FF40023B8
:1038A4006DE70123C2E70123CFE701230B604FF447
:1038B400000364E70123C3E70023F7E700230B6059
:1038C4004FF4807394E700230B604FF480638FE719
:1038D40000230B604FF400738AE700230B604FF45E
:1038E400004385E700230B60402381E700230B603E
:1038F40020237DE700230B60102379E700230B606E
:10390400082375E700230B60042371E700230B6091
:1039140002236DE700230B604FF4801368E7002354
:103924000B604FF4002363E700230B604FF4802304
:103934005EE700230B604FF4803359E700230B60EC
:10394400802355E740F22231024802F0FDFB0020BB
:1039540018E700BFF772002007B5134A134902EBBA
:10396400C002D1F89C309278022862F30303C1F8B4
:103974009C300DF1070011D1FCF7C8FC10B10B23EA
:103984008DF80730094A9DF80710D2F8943061F396
:103994000303C2F8943003B05DF804FBFCF7C2FCE7
:1039A4000028EFD00D23EBE7AC6B002000A00C50F7
:1039B4004FF0A0430D281A6A0DD842F6F173C340A4
:1039C40013F0010F0CBF012303238340134023FA98
:1039D40000F0C0B270470123F7E70000012803D0CC
:1039E40002280ED0002070474FF0A043DB6A63B179
:1039F40013F001000AD00648C3F3830303FB00005D
:103A040070474FF0A0431B6BF1E71846704700BFA7
:103A140000366E010120FFF7E1BF0220FFF7DEBF91
:103A24000020704738B5244BA1F1B774A4F558545D
:103A34009C423FD8012839D0022839D040F27B611A
:103A44001E4802F081FB1E4B0020D3F894209107FE
:103A54005EBFD3F8942042F00202C3F89420D3F856
:103A64009420D2075EBFD3F8942042F00102C3F839
:103A74009420144A2B68B4FBF2F423F001032B6066
:103A84002B6823F4005323F03C0343EA840343F4F8
:103A9400805343F001032B6001F0FCFA0A2001F08B
:103AA400F9FA2B68002BFCDA002038BD064DCAE772
:103AB400064DC8E70120F8E7002A7515F7720020C3
:103AC40000B0005000366E012C0000503000005051
:103AD40001460120FFF7A6BF01460220FFF7A2BF5F
:103AE4004FF0A042D36A002023F00103D362704751
:103AF400012808D14FF0A0431B6A03F00303032BF2
:103B040001D1FFF787BF0148704700BF006CDC029A
:103B1400021E08BF012210B51046FFF7E9FF012A73
:103B240004460AD0022A10D040F24B710A4802F02F
:103B34000BFB0123B4FBF3F010BD4FF0A0435B6A11
:103B4400DBB2012BB8BF0123F4E74FF080435B697C
:103B540003F03F03F5E700BFF77200204FF0A043E6
:103B640010B50D281B6A18D842F6F172C24012F043
:103B7400010F0CBF0122032202FA00F411404FF09E
:103B8400A04223EA040381400B43136220B90120BD
:103B9400FFF7BEFF024B186010BD0122ECE700BF27
:103BA4005CAE00200028D8BF002008B5CCBFFF239E
:103BB4000346002912DB002A43F4E06340EA0120B3
:103BC4000EDA4FF0A0414A6A22EA030303434B6230
:103BD4000120FFF79DFF074B186008BD002A04DB96
:103BE40043F4E04340EA0230EBE7002BF0D0FF233C
:103BF400E7E700BF5CAE002070B50C46194D0646E1
:103C0400FFF7AAFE2B69FA2023F004032B6101F0CD
:103C140041FA302C0DD800210846FFF79FFF3020D1
:103C240004220021B0FBF4F0FFF7BCFF002420467F
:103C340070BD01F0BDF90C4800EBC60043680B48A9
:103C4400EB616043FFF744FF04460028EFD10121F4
:103C540006220846FFF7A6FF03212046FFF77EFF52
:103C6400E4E700BF00B00050AC6B002040420F00FE
:103C74002DE9F3411F4C204F04EBC0023B6B9278BB
:103C8400054662F317534FEAC0083B630DF1070082
:103C94000E46FCF73BFB10B10B238DF807309DF863
:103CA400071014F9352030250A440021FB6C08461E
:103CB40062F38503FB64FFF751FF302EB5FBF6F585
:103CC40004D940F602210D4802F03EFA04220021F4
:103CD4002846FFF767FFFFF703FF01F075F9444437
:103CE400074B6268DA611A6942F004021A6102B091
:103CF400BDE8F081AC6B002000A00C50F7720020EE
:103D040000B0005070B5314E054633780C46012B97
:103D140043D9023B012B02D90125284670BD2C4B07
:103D240053F82120FFF779FE9042F5D8012905D8F0
:103D340029462046FFF79CFF002535E00021084670
:103D4400FFF70CFF2046FFF707FEFA2001F0A2F967
:103D5400FFF7C6FE302D0DD801F036F900210846D4
:103D6400FFF7FCFE042200213020B0FBF5F0FFF742
:103D740019FFE1E701F01CF916486843FFF7A8FEB4
:103D840005460028C8D1012106220846FFF70AFF8C
:103D940003212846FFF7E2FECEE7012909D90146AF
:103DA4002046FFF729FF05460020347001F072F920
:103DB400B3E78B4203D14FF0FF321146D4E7902191
:103DC4000220FFF719FF0028A6D1B1E750AE00206A
:103DD4009C6B002040420F00002808B511DD00292B
:103DE40026DB012800D139B13F2343F4E06340EAE4
:103DF4000120002A0BDA0EE00146F5E70020034615
:103E0400F3E70029FADA002A0CDB0020034643F426
:103E1400E04340EA02304FF080414A6922EA03035A
:103E240003434B610220FFF773FE024B186008BD89
:103E34003F23DEE75CAE002038B5041E08BF012432
:103E440020460D46FFF764FE012C08D0022C0ED04C
:103E54000A4840F26C7102F077F9002006E04FF056
:103E6400A0435B6A3DB1C3F30223D84038BD4FF091
:103E740080435B69F6E7C3F30233F6E7F772002089
:103E84004FF080431A6842F480221A601A68520381
:103E9400FCD51A6822F480221A607047024A13681B
:103EA40023F004031360704700000440134A1368AE
:103EB400590721D4116800280CBF01234FF0FF33A8
:103EC40041F0040111604FF0804243F48013136009
:103ED40011680029FCD0094A116CC80606D5116C7A
:103EE40041F002011164116CC906FCD44FF0804109
:103EF4000A6822EA03030B60704700BF0000044015
:103F040007B56A4601A9FFF7C9FBB0F1A04F0FD16D
:103F1400019B13B1012B11D10C480368009A134380
:103F24000360036823EA0203036003B05DF804FB43
:103F3400B0F1804F02D1019B002BEED040F603017B
:103F4400034803B05DF804EB02F0FEB8040000502F
:103F5400F772002007B56A4601A9FFF79FFBB0F18D
:103F6400A04F05D1019B83B1012B06D10F4B0DE06E
:103F7400B0F1804F01D1019BB3B140F622010C484E
:103F840003B05DF804EB02F0DFB80A4BEFF31081E5
:103F9400012282F310881A68009802431A6081F3A0
:103FA400108803B05DF804FB034BEFE70C000050EE
:103FB400F7720020080000500400004007B56A466C
:103FC40001A9FFF76BFBB0F1A04F05D1019B83B1B1
:103FD400012B06D1104B0DE0B0F1804F01D1019BB4
:103FE400BBB140F63F010D4803B05DF804EB02F0AD
:103FF400ABB80B4BEFF31081012282F310881A68DF
:10400400009822EA00021A6081F3108803B05DF878
:1040140004FB044BEEE700BF0C000050F7720020D5
:1040240008000050040000402DE9F8432A4B1B69A6
:10403400002B4EDA4FF0A0456B6B4FF00B096FF37A
:104044000F036FEA93336FEA83334FF400744FF432
:104054008078224E6B63736F214F43F4C003736700
:10406400736F43F04063736747F6E073726F03EA5C
:1040740044133A4013437367032001F00BF86B6B4E
:1040840043F080436B636B6B002BFCDAA96BAA6B68
:104094006B6B90B223F08043B0EB114F6B634FEA2C
:1040A400114335BF1B1AC01A4444A4EB080435BF9E
:1040B40098B280B2A4B2A4B23F2804D9B9F10109DC
:1040C4004FEA5808D0D1A02894BF00200120BDE8B1
:1040D400F8830120FBE700BF00000C5000A00C5047
:1040E4001F80FFFF0028D6BF0020FF2303460029BE
:1040F40013DB002A08BF0122090201F4E061002A4F
:1041040043F4E06340EA010009DA4FF0A0414A6C4D
:1041140022EA030303434B647047002A06DB1203BD
:1041240002F4E04243F4E0431043EEE7002BF3D003
:10413400FF23EAE74FF0A0435A6C22F480225A642A
:104144005A6C61F311425A64704708B50F20FFF7A7
:1041540035FF0D20FFF732FF01200021FFF7EAFFB2
:1041640002460C20FFF7BEFF00210C20FFF7F6FCEF
:1041740001F0DAFF08BDF0280DD8902807D83028C0
:1041840007D8182894BF00210121FFF7BBBD0321E4
:10419400FBE70221F9E7012070470000000000005E
:1041A4000000000000882A1100882A11FB0609007B
:1041B40030031000FD080A0031031100000B0D004C
:1041C40013021300020D0F001302130000207047A6
:1041D400014B1888704700BFD6B50020014B1888E2
:1041E400704700BFD4B500204FF0C44070470000B2
:1041F40038B50020FFF7DCFB044628B900F0D8FEF0
:1042040001212046FFF7AAFC01210C20FFF7A6FCA0
:10421400FFF7DCFF012863D0022000F059FE0120E3
:10422400FFF744FE02F008F800F0E4FE012001F07C
:10423400E3FF022001F098FF3E4B3F4A0120C3F800
:10424400902001F0E5FF01F0C7FF01F0C9FF18B1AC
:104254006C213A4801F078FF394A3A48936843F0B0
:104264000103936001F084FF4FF08042136943F02F
:1042740010031361EFF31085012383F31088324C8C
:1042840023781BB979212D4801F05EFF2378013B87
:10429400DBB2237023B92D4AD36A23F00103D3621E
:1042A40085F31088264B9C6814F0010418D101F0A2
:1042B40053FF64222146C82001F072FF01F094FFED
:1042C4004FF41652B0FBF2F04FF47A72B2FBF0F2F4
:1042D400184901320B6F23F47C7343EA02130B6712
:1042E400F020FFF748FF1A48FFF7F6FB04254FF0CC
:1042F400A04302249D621A6A002042F400421A621A
:1043040000F0C8FE134B1C80134B1D80FCF75EF8B5
:1043140021462846FFF722FC012200201146FBF724
:1043240083FFFFF745F82146BDE838400620FFF734
:1043340015BC00BF00A00C5000E20400487300202C
:1043440000B00C5000B00040408C002000000C5025
:10435400001C4E0ED6B50020D4B5002008B500F0E0
:1043640001F9BDE80840012000F063BA7047014636
:104374000122002000F03CBA00210122084608B5C1
:1043840000F036FABDE8084001220021104600F092
:104394002FBA4FF4FA7008B500F07CFE00F0A0F8D4
:1043A400BDE8084001221146104600F021BA08B5C4
:1043B40000F079F8BDE8084001220A20114600F017
:1043C40017BA012200210A2000F012BA0146012284
:1043D4000A2000F00DBA10B5012304461022092169
:1043E400022000F0DFFF012310220A21032000F045
:1043F400D9FF012310220B21042000F0D3FF012355
:1044040010220C21052000F0CDFF012310220D21E4
:10441400092000F0C7FF012310220E210A2000F01A
:10442400C1FF012310220F210B2000F0BBFF10223B
:10443400012311460C2000F0B5FF01230022194688
:10444400082000F0AFFF012300220321062000F022
:10445400A9FF022C4FF0010310D0042C21D010220C
:1044640006210D2000F09EFF0121084601F042F9CB
:10447400BDE810400121072001F03CB910220421BD
:10448400184600F08FFF0123102205210D2000F0B3
:1044940089FF2146BDE8104001230022072000F0D7
:1044A40081BF0022DCE710B5012300225B21172025
:1044B40000F078FF012300225C21182000F072FF35
:1044C400012330224FF49C71222000F06BFFBDE8E1
:1044D40010400123302240F23911192000F062BF4C
:1044E40008B50022012352210E2000F05BFF0123B6
:1044F400002253210F2000F055FF0123002240F237
:104504005511102000F04EFF012300224FF4A77133
:10451400112000F047FF0123002240F24F11122026
:1045240000F040FF012300224FF4A871132000F093
:1045340039FF0123002240F25111142000F032FF10
:10454400012300224FF4A971152000F02BFF012351
:10455400002240F25311162000F024FFBDE8084069
:10456400FFF7A1BF10B5A04B5B6813F4E06FC3F372
:1045740002245BD1012322460321022000F012FF12
:104584000123224619460A2000F00CFF01231022C1
:104594000921082000F006FF012310220A2103202C
:1045A40000F000FF012322460C210B2000F0FAFE4C
:1045B400FFF70CFE012803D176218C4801F0C4FDDD
:1045C4000123002219211E2000F0ECFE0123002209
:1045D4001B211A2000F0E6FE0123102221211D20B8
:1045E40000F0E0FE0123102222211B2000F0DAFE5D
:1045F4000123302223211C2000F0D4FE0123302289
:1046040024211F2000F0CEFE0123302240F221118C
:10461400212000F0C7FE012330224FF490712020A6
:1046240000F0C0FEBDE81040FFF75ABF012C40D196
:10463400234600220321052000F0B4FE2346002275
:1046440021460A2000F0AEFE2346102209210C2048
:1046540000F0A8FE234610220A21032000F0A2FE47
:10466400234630220B21204600F09CFE23463022B4
:104674000C21092000F096FE2146022001F03AF8B0
:104684002146042001F036F82146062001F032F8D4
:104694002146072001F02EF82146082001F02AF8CF
:1046A40021460B2001F026F801210D2001F022F80B
:1046B40086E7023C042C00F28D80DFE804F04644D7
:1046C4003E0342000123002219460A2000F06AFE3C
:1046D400012300220321092000F064FE012310229B
:1046E4000921062000F05EFE012310220A21082081
:1046F40000F058FE012330220B21072000F052FE67
:10470400012330220C210B2000F04CFE012108462D
:1047140000F0F0FF0121022000F0ECFF0121032052
:1047240000F0E8FF0121042000F0E4FF012105204E
:1047340000F0E0FF01210C20B4E70220FFF74BFE5C
:104744003EE70420FAE70120F8E7012310220921BB
:10475400022000F027FE012310220A21032000F08A
:1047640021FE012310220B21042000F01BFE012353
:1047740010220C21052000F015FE012310220D212A
:10478400062000F00FFE012310220E21072000F066
:1047940009FE012310220F21082000F003FE10223D
:1047A40001231146092000F0FDFD012310220621FA
:1047B4000A2000F0F7FD0123002219460B2000F027
:1047C400F1FD0321012300220C2000F0EBFD012167
:1047D400084667E7002401340121204600F08AFFDF
:1047E4000D2CF8D1ECE600BF00B000509A73002005
:1047F4007FB50B4B0B4C0546002A18BF1C46012302
:104804000E46CDE901030023204601A9039300F0DD
:1048140009F92046F2B2A9B200F008FA04B070BD5A
:1048240000000A500000084001220B201146FFF747
:10483400DFBF08B5FFF7F8FF08BD2F557365727326
:104844002F776F6E6465727875652F4465736B742A
:104854006F702F53444B732F5369466C692F6472E6
:1048640069766572732F68616C2F6266305F686168
:104874006C5F6770696F2E63002F55736572732FB9
:10488400776F6E6465727875652F4465736B746FAA
:10489400702F53444B732F5369466C692F647269AC
:1048A400766572732F68616C2F6266305F68616C25
:1048B4005F6870616F6E2E63002F55736572732F7E
:1048C400776F6E6465727875652F4465736B746F6A
:1048D400702F53444B732F5369466C692F6472696C
:1048E400766572732F68616C2F6266305F68616CE5
:1048F4005F6D70692E63002F55736572732F776F28
:104904006E6465727875652F4465736B746F702F70
:1049140053444B732F5369466C692F6472697665EF
:1049240072732F68616C2F6266305F68616C5F72AE
:1049340063632E630052545F454F4B203D3D20720C
:1049440000666C61736831002F55736572732F773D
:104954006F6E6465727875652F4465736B746F70E0
:104964002F53444B732F5369466C692F63757374CB
:104974006F6D65722F626F617264732F7366333269
:104984006C6235322D6E616E6F5F626173652F628A
:1049940073705F696E69742E63002F55736572734B
:1049A4002F776F6E6465727875652F4465736B74C9
:1049B4006F702F53444B732F5369466C692F637583
:1049C40073746F6D65722F626F617264732F736697
:1049D40033326C6235322D6E616E6F5F6261736566
:1049E4002F6273705F70696E6D75782E63000000BE
:1049F40008B50A4B984214BF402360238B4206D962
:104A040001F01F034909138000EBC11008BD0448DD
:104A140040F2553101F098FB0020F7E700000A50FE
:104A24003A72002037B50C46054618B9B3214848F8
:104A340001F08AFB6368012B14D9112B12D0454A6B
:104A440023F4001191420DD002F58012934209D053
:104A540023F4801302F50012934203D0B4213C489E
:104A640001F072FBA368022B03D9B521384801F089
:104A74006BFB284621880DF10602FFF7B9FF0346B8
:104A840090B101226168BDF80600012902FA00F222
:104A94000CD1596A11435962996D11439965DA64CD
:104AA400DA65DA639A645A6103B030BD11290CD116
:104AB400596A11435962996D11439965DA64DA654B
:104AC400DA601A639A635A64EEE759B9596A114372
:104AD4005962996D11439965DA64DA65DA639A6407
:104AE4009A61E1E79A6161681A4CA14211D1D96ACD
:104AF4001143D9629A639A640122174982408D4214
:104B04000BBF196A596D0A430A430CBF1A625A65EE
:104B1400CAE7124CA14204D1D96A1143D962DA63BB
:104B240006E00F4CA14205D1D96A1143D9629A63B8
:104B34005A64E1E70B4CA14203D1196B1143196389
:104B4400D8E7094CA142D7D1196B11431963E6E7A1
:104B54003A7200200000111000000A5000002110D9
:104B640000003110000041100000511037B50D460F
:104B7400044620B94FF494710E4801F0E5FA20463A
:104B84000DF10602A9B2FFF733FF80B10123BDF88E
:104B9400061082698B401A438261426A1A43426258
:104BA400826D1A438265C364C365C363836403B0BF
:104BB40030BD00BF3A72002037B50D46044620B917
:104BC40040F25311184801F0BFFA294620460DF16E
:104BD4000602FFF70DFFE0B10123BDF8062041688E
:104BE4009340D140CC0716D4816AD140C90712D46E
:104BF400416B01EA030433EA01010CD1016C8C43DB
:104C040009D10369D340DB4303F00103181E18BF25
:104C1400012003B030BD016921FA02F2D2074CBF72
:104C2400426802681340F1E73A72002073B50E46F9
:104C34001446054620B940F289111B4801F084FA54
:104C4400012C04D94FF4C571174801F07DFA31469F
:104C540028460DF10602FFF7CBFED0B10123BDF8C3
:104C6400061042688B40CA40D50718D4826ACA40ED
:104C7400D20714D4416B01EA030233EA01010ED1D5
:104C8400056C05EA0201AA4309D124B943690B431F
:104C9400436102B070BD83690B438361F9E70CB1D2
:104CA4008360F6E7C360F4E73A720020F7B50DF1CC
:104CB400060206460F46FFF79BFE044628B31C4B2C
:104CC400BDF806509E4222D0C36DEB40D8071CD5D8
:104CD400236DEB40D90704D44FF40171154801F05A
:104CE40033FA0123AB40E3653946304601F064FAF8
:104CF4003946304600F01CF9002806DB0123083051
:104D04000D4A834043F00043936203B0F0BDC36C8B
:104D1400EB40DA07F9D5C369EB40DB0704D440F272
:104D24000F21044801F010FA0123AB40E364DBE7F0
:104D340000000A503A72002000000C500C4B70B571
:104D44009842044610D00B4B98420FD040F24321B6
:104D5400094801F0F9F90025A9B220460135FFF709
:104D6400A5FFAE42F8D270BD4E26F4E72426F2E742
:104D740000000A50000008403A72002037B50D4682
:104D8400044620B940F26F212F4801F0DDF90DF1FE
:104D9400060229462046FFF72BFE024600284ED085
:104DA4004368BDF80610CB40DD070CD4836ACB40C2
:104DB400DC0708D40123406B8B4033EA000002D1A6
:104DC400106C834335D01369CB4013F001001ED11E
:104DD400D369CB4013F0010019D0936ACB4013F090
:104DE400010F536B23FA01F313D0D80703D5136CC7
:104DF400CB40DB071FD4536BCB40DD071DD4136CB2
:104E04001248CB4013F0010F08BF4FF0FF3003B03E
:104E140030BDDC0703D5136CCB40D8070FD4536BDC
:104E2400CB40DB070ED4136C0948CB4013F0010FC1
:104E3400EAE71120EBE70748E9E70748E7E74FF01F
:104E4400FF30E4E70548E2E73A7200200000211051
:104E5400000051100000311000001110000041103A
:104E640073B50DF106020646FFF7C2FD044640B3D2
:104E7400154BBDF806509E4212D0C36DEB40D807C7
:104E84000BD5236DEB40D90704D44FF44A710F4876
:104E940001F05AF90123AB40E365002002B070BD74
:104EA400C36CEB40DA07F8D5C369EB40DB0704D4E5
:104EB40040F23231054801F047F90123AB40E36485
:104EC400EBE70120EAE700BF00000A503A72002035
:104ED400022838B524D1134CE620E36A43F00103D9
:104EE400E36200F0D7F8E36A9A06FCD51E2000F0CE
:104EF400D1F8E36A9B06FCD5EFF31085012383F315
:104F04001088094C2378132B03D9A821074801F0F2
:104F14001BF923780133237085F31088002038BDF2
:104F24000120FCE700000C50408C00207972002026
:104F3400064B984206D1A1F1180083B2142B01D874
:104F440040B270474FF0FF30704700BF00000A5076
:104F54000346084631B1142B03D8183302480B809A
:104F640070470020704700BF00000A50B9B11428F0
:104F740015D80F280CD910380A4BC0B21A68072369
:104F840000EB400083401340C3400B700020704787
:104F9400072885BF0838044B044BC0B2EEE7012054
:104FA400704700BF0C000C5008000C5004000C505B
:104FB400044B1A6942F002021A611A69002AFCDAE7
:104FC400704700BF00000C50024A136923F002032B
:104FD4001361704700000C50054B5B6B834238BF74
:104FE40003F1FF33181A88422CBF032000207047B6
:104FF40000000C50094BDA6A92060CD508490020CF
:105004004A6842F000424A605A6842F000425A60DC
:1050140001225A6370470120704700BF00000C5002
:105024000000044010B5FFF7E3F8FFF7CFF80128BC
:1050340028D0FEF7F9FF044618B1A421134801F063
:1050440083F801F09DF8FFF780F8FFF7BFF8012817
:1050540001D001F0E9F8FFF7B9F8013818BF0120D1
:1050640001F0CEF8032001F08FF8002001F09CF845
:1050740050B9074AD36823F00103D36001F0CCF898
:10508400204610BD0024DCE70124F9E799560310FB
:1050940000B00050034670B5B8B142F210754FF03D
:1050A400E026AB4284BFA3F51C5442F2107332696C
:1050B40098BF0024184688BF103CD30708D400F0DA
:1050C4000BF82346002CECD101E000F005F870BD8C
:1050D40000F048F8F5E7000013B50190019B1C4C63
:1050E4004BB323683BB3019BB3F1807F04D94FF4E6
:1050F400BE71184801F028F8019B33B3164A1368AF
:1051040013F001030DD11548D0F8FC1041F0807163
:10511400C0F8FC105360136843F4003343F00103F8
:105124001360019B22680C49534348684A68121A69
:105134009A42FBD309E00020FEF7EAFC084BB0FBDF
:10514400F3F0019B2060002BCDD102B010BD00BF55
:105154007CBB002099560310001000E000ED00E035
:1051640040420F0037B501904FF0E0204FF47A72BF
:105174004469019B6343B3FBF2F301930023816908
:1051840082698A42FCD025BFA51A5B195B185B189B
:10519400019938BF9B1A994201D803B030BD11461A
:1051A400EEE707B50190019B13B903B05DF804FB6A
:1051B4004FF47A70FFF76EFF019B013B0193F2E716
:1051C4008B10A3F14802F0B5D6B2042E49D8022EB2
:1051D40010D8254D0E2405EB820540F2B222A1EB36
:1051E40086039BB2A3F59073032B3AD8DFE803F050
:1051F400091A27201D4D9B003D2440F221321D44F5
:10520400EDE70E2C4FF0080620D14FF47C512F68A7
:10521400031BB3407B400B4010447B40001B2B60BE
:1052240080B2F0BD0E2C4FF0000612D13F21EEE704
:105234000E2C4FF010060ED14FF47C11E7E70E2C24
:105244004FF018060AD14FF07C51E0E74FF4E061CB
:10525400DDE70721DBE74FF4E021D8E74FF0E06119
:10526400D5E70020DDE700BF58B000500CEF004048
:10527400002A31D02F2816DD3A282DDC0123174AC5
:105284002A388340106F11F0200F14BF184398433D
:105294001067124A11F0100FD16E14BF0B4321EAAC
:1052A4000303D36670472638032815D80C4B11F036
:1052B400200F53F8202014BF42F0100222F01002F5
:1052C40043F8202053F82020C9064CBF42F00802BE
:1052D40022F0080243F82020704700BF00B00C50B1
:1052E4005CB00C5038B14FF0A0429368064843F0CC
:1052F4000403936070474FF080425368034843F0BF
:1053040008035360704700BF003000500030004075
:105314003A2870B5CDBF002601260546A0F13C050C
:1053240004463046FFF7DEFF4EB9402C07DD094A3C
:1053340052F8243061F30E3342F8243070BD05F185
:105344008043013B50F8232022F00F02114340F820
:105354002310F3E758AF0C503B28C8BF3C38430137
:1053640052B1064A0020134433F810208A4202D076
:1053740001301028F8D17047014AF3E7BC820020BD
:105384001C8200203B28C8BF3C38000108441AB1E5
:10539400024B33F810007047014BFAE7BC8200203F
:1053A4001C8200202DE9F0471546044618B94FF039
:1053B400FF30BDE8F0873A28CDBF00270127064615
:1053C400A0F13C063846FFF78DFF8046002F00F021
:1053D4005E81A4F1260003280AD8DFF80CC304F187
:1053E4008043263B5CF8232022F002024CF8232061
:1053F400A1F590739BB20B2B04D82046FFF7E0FE77
:10540400014625E0A1F59C739BB2072B50D84A10A6
:105414009C3AA1EB420189B2B1F59C7F43D040F2A2
:105424003913994240F03A814FF0080E4FF47C5CF6
:10543400A549A4F10E0351F8220003FA0EF34340E8
:1054440003EA0C03434041F8223004F5297189B280
:105454003A462046FFF780FF0F288146A7DC3A46EC
:1054640029462046FFF704FF002F40F01981402C05
:1054740040F31681954AE80652F824304FEA093978
:1054840023F4E04323F0180348BF43F00803A906BC
:1054940048BF43F0100309F4E04949EA030342F822
:1054A4002430002085E74FF0000E4FF03F0CBFE79B
:1054B400A1F5EC739AB2092A37D80522B3FBF2F3AB
:1054C400C3EB8332C3EB82020A4492B2A2F5EC71BD
:1054D40088B2032814D84FF03F0E7D48C90050F815
:1054E40023C0A4F10E028A4082EA0C020EFA01F1F2
:1054F4000A4082EA0C0240F8232004F25521A6E770
:10550400B2F5EE7F40F0CA803F217248DA00D0F84D
:105514006CC0A4F10E03934083EA0C0301FA02F277
:10552400134083EA0C03C366E7E76FF4017A01EBE7
:105534000A0293B2052B28D80323B2FBF3F26FF4CB
:105544000179C2EB823302EB83030B449BB203EB7E
:10555400090C1FFA8CFCBCF1020F00F29F80DB00E7
:10556400A3F581535C49A4F10E0E083B0EFA03F334
:10557400DFF878E151F822005EF82CC0434003EADA
:105584000C03434041F82230B7E76FF4F87E01EB97
:105594000E039AB2092A2AD8B1F5FC7F16D259080B
:1055A40013F0010F4D4B4FF03F004D4A18BF1A4600
:1055B400C9008840D2F800C0A4F10E038B4083EAEE
:1055C4000C03034083EA0C03136096E707D040F210
:1055D400F913994207D100213F20424AEAE71021FA
:1055E4004FF47C10F9E708214FF47C50F5E76FF491
:1055F400587C01EB0C039BB2052B3FF629AF032823
:105604004CD804F18043A1F26232DFF8DCC0263BBF
:10561400042A15D8DFE802F0382A033123004FF4B6
:1056240040524FF0E04A4FF0005EDFF8C490D9F8E2
:10563400040020EA0A0040EA0E00C9F8040000E071
:1056440000225CF8230020F4E04002434CF82320BD
:105654005CF8232042F002024CF82320F8E64FF4D1
:1056640040524FF0E04A4FF0405EDEE74FF4005204
:105674004FF0606A4FF0806ED7E74FF400524FF05E
:10568400606A4FF0C06ED0E74FF48052D9E7A1F5BD
:1056940096739BB2072B3FF6DBAEAEE60021D7E64E
:1056A40006F18046013E58F8263005F0300509F031
:1056B4000F0945EA090523F03F031D4345F0400562
:1056C40048F82650EDE600BF48B0005058AF0C50E3
:1056D40064B0005000B0005070B000507CB0005076
:1056E40078B0005080B000505CB00C5010820020A4
:1056F40000000C503A2838B5044625DD402816DC55
:105704000025A0F13C012846FFF7ECFD01F18043A0
:10571400013B50F823102A4621F05F0141F00F01AC
:1057240040F8231000212046FFF7A2FD0AE0084AB2
:1057340052F8203023F4E04323F00E0343F4E04313
:1057440042F82030002038BD01460125DBE700BFC8
:1057540058AF0C503A2870B50D4611460ADC4FF08C
:10576400A042936843F00403936080BB4FF0FF367C
:10577400304670BD4FF08042536843F008035360D5
:10578400B0F13C03F2D040282EDD1E4B53F820200C
:10579400C2F3C003D4064FEA0313C2F3023648BF70
:1057A40043F0200312F0040205D0002243F040032A
:1057B400402B22D01BD823B1302B08BF052318BFA0
:1057C400FF230B703146FFF7DDFD2880D0E7034649
:1057D40001220D4C03F18043013B54F8233003F0C4
:1057E4000F0603F07003E3E70022084CF2E7502BA6
:1057F40005D0702B08BF0223E1E70123E1E703236F
:10580400DFE700BF58AF0C500030005000300040BC
:105814003F000000003F000000003F0000000000C7
:105824000000000000000000000000000000000074
:10583400000000000000000000000000B20021038E
:1058440001030000000000003B024B02370200008D
:10585400000000000000000000000000B30022036C
:1058640002030000000000003C024B02380200006A
:10587400000000000000000000000000B40023034A
:1058840003030000000000003D024B023A02000046
:10589400000000000000000000000000B500240328
:1058A40004030000000000003E024B023902000025
:1058B40000000000000000000000000000000000E4
:1058C40000000000000000000000000000000000D4
:1058D400000000000000000000000000F2000400CE
:1058E4000000000000000B000000000000000000A9
:1058F400000000000000000000000000F3000900A8
:105904000000000000000300000000000000000090
:10591400000000000000000000000000F4000A0085
:105924000000000000000A00000000000000000069
:10593400000000000000000000000000F5000B0063
:105944000000000000000B00000000000000000048
:10595400000000000000000000000000F6000C0041
:105964000000000000000300000000000000000030
:10597400000000000000000000000000F700030029
:1059840000000D00090000000000000000000000FD
:10599400000000000000000000000000F800020009
:1059A40000000E000B0000000000000000000000DA
:1059B400000000000000000000000000F9000100E9
:1059C40000000F000A0009000000000000000000B1
:1059D400000000000000000000000000FA000D00BC
:1059E4000000100003000C00000000000000000094
:1059F400000000000000000000000000FB000E009A
:105A0400000006000100010000000000000000008A
:105A1400000000000000000000000000FC000F0077
:105A2400000001000C000C00000000000000000059
:105A3400000000000000000000000000FD00100055
:105A44000000030000000900000000000000000046
:105A5400000000000000000000000000FE0005003F
:105A6400060000000000000000000000000000002C
:105A7400000000000000000000000000520054017B
:105A840000000000B202630200006A01000000008E
:105A940000000000000000000000000053000000AF
:105AA40000000000B30264020000000000000000D7
:105AB4000000000000000000000000005400550138
:105AC4000000C601B40265029A016B0100003B02AA
:105AD40000002702000000000000000055004E01F5
:105AE4000000C801B502660299015F0100003C0292
:105AF40000002802000000000000000056004F01D2
:105B04000000C701B602670297015E0100003D0272
:105B140000002902000000000000000057005001AE
:105B24000000C401B70268029501680100003E024A
:105B340000002A020000000000000000580051018B
:105B44000000C501B80269029401690100003F0226
:105B540000002B0200000000000000005900520168
:105B64000000D401B9026A029201600100004002FF
:105B740000002C0200000000000000005A00530145
:105B84000000D501BA026B029101610100004102DB
:105B94003A02000000000000000000005B0000006A
:105BA40000000000BB026C02000000000000420282
:105BB4003902000000000000000000005C0000004A
:105BC40000000000BC026D020000000000000000A4
:105BD4000000000000000000000000005D00000064
:105BE40000000000BD026E02000000000000D301AE
:105BF4003702210200000000000000005E001B00CC
:105C0400B7010000BE026F020000000000000000A7
:105C14003802220200000000000000005F002200A1
:105C2400B8010000BF027002000000000000000084
:105C340000002302000000000000000060002300B8
:105C4400B2010000C0027102000000000000000068
:105C54000000240200000000000000006100210098
:105C6400B4010000C1027202000000000000000044
:105C7400000025020000000000000000620019007E
:105C8400B5010000C2027302000000000000000021
:105C94000000260200000000000000006300240051
:105CA400B6010000C30274020000000000000000FE
:105CB400000000000000000000000000640000007C
:105CC4001A020000C4027502000000000000000077
:105CD400000000000000000000000000650000005B
:105CE40019020000C5027602000000000000000056
:105CF400000000000000000000000000660000003A
:105D040000000000C60277020000000000004B0201
:105D14000000000000000000000000006700000018
:105D240000000000C702780200000000000000002C
:105D340000000000000000000000000068000000F7
:105D44000000D401C8027902000000000000000035
:105D540000000000000000000000000069000000D6
:105D64000000D501C9027A02000000000000000012
:105D74000000000000000000000000006A000000B5
:105D84004901C601CA027B0261036203630364031F
:105D94006503660300000000000000006B000000C3
:105DA4004801C801CB027C026103620363036403FC
:105DB4006503660300000000000000006C000000A2
:105DC40000000000CC027D026103620363036403EC
:105DD4006503660300000000000000006D00000081
:105DE40000000000CD027E026103620363036403CA
:105DF4006503660300000000000000006E00000060
:105E04004601C701CE027F0200000000000000002E
:105E14000000000000000000000000006F0000000F
:105E24004701C401CF02800200000000000000000E
:105E340000000000000000000000000070000000EE
:105E44000000C501D0028102000000000000000033
:105E540000000000000000000000000071000000CD
:105E640000000000D1028202000000000000430292
:105E740000000000000000000000000072000000AC
:105E840000000000D20283020000000000000000B5
:105E9400000000000000000000000000730000008B
:105EA40000000000D3028402000000000000000093
:105EB400000000000000000000000000740000006A
:105EC40000000000D4028502000000000000000071
:105ED4000000000000000000000000007500000049
:105EE40000000000D502860200000000000000004F
:105EF4000000000000000000000000007600000028
:105F040000000000D602870200000000000000002C
:105F14000000000000000000000000007700000006
:105F24004D010000D7028802000062010000440213
:105F340000000000000000000000000078000000E5
:105F44004C010000D802890200000000000000009B
:105F540000000000000000000000000079000000C4
:105F64004A010000D9028A0290016301000045023F
:105F740000002F0200000000000000007A00000072
:105F84004B010000DA028B028F016401000046021B
:105F94000000300200000000000000007B00000050
:105FA40000000000DB028C0293016501000047023F
:105FB4000000310200000000000000007C0000002E
:105FC40000000000DC028D02960166010000480218
:105FD4000000320200000000000000007D0000000C
:105FE40000000000DD028E029801670100004902F2
:105FF4000000330200000000000000007E000000EA
:1060040000000000DE028F020000000000004A02CF
:10601400000034020000000000000000032AF0B574
:1060240004D803461A44934227D1F0BD8307F8D11C
:106034004FF00133CCB25C43154603460F2D03F1F8
:10604400100311D802F00F031E4622F00F05054479
:1060540003EB050C032EACEB06070BD803F00C0383
:106064002B4402F00302DDE743E9044443E902441C
:10607400103DE3E73C60043EECE703F8011BD2E784
:10608400830730B546D08418844604E003F8011B26
:106094009D0704D09C46A4456346F7D130BD013A20
:1060A4000244A2EB0C02032A29D9CCB20F2A04EB36
:1060B400042404EB04442FD9A2F1100C03F11005BD
:1060C4002CF00F0CAC44C3E90044C3E90244103380
:1060D4006345F8D112F00C0F02F00F0E18D02EF019
:1060E400030CAEF104051A469C4442F8044B624585
:1060F400FBD125F0030404330EF003022344002AE9
:10610400CCD0C9B21A4403F8011B9342FBD130BD71
:106114007246F4E70346C6E79646E0E7000000004F
:106124005FF800F0651702105FF800F0E3CF01108C
:106134005FF800F051E101105FF800F011F7001072
:106144005FF800F0711702105FF800F081CE0110C3
:106154005FF800F0C9FA01105FF800F041D20010B6
:106164005FF800F0CD7F00105FF800F055D3001009
:106174005FF800F095D300105FF800F009E4011017
:106184005FF800F0496700105FF800F0017B001031
:106194005FF800F0DD8000105FF800F02984001043
:1061A4005FF800F069C100105FF800F009CE01103B
:1061B4005FF800F0F5F600105FF800F0C53D01103F
:1061C4005FF800F02D8200105FF800F049F700102E
:1061D4005FF800F037F700105FF800F061D20010AC
:1061E4005FF800F0CDD200105FF800F059C1001044
:1061F4005FF800F0D51502105FF800F001D300102D
:106204005FF800F07D6700105FF800F0C9F6001039
:106214005FF800F0B1D200105FF800F0A98600101A
:106224005FF800F009B302105FF800F0C5D3001066
:106234005FF800F025F700105FF800F0EDF30010B0
:106248000348044B834202D0034B03B118477047FD
:106258005CBB00205CBB002000000000064B074927
:10626800C91A891048BF0131491003D0044B0BB13A
:1062780001481847704700BF5CBB00205CBB00208A
:106288000000000010B5064C237843B9FFF7D8FF8B
:10629800044B13B10448AFF300800123237010BDF1
:1062A80060BB0020000000008C98041008B5054B66
:1062B8001BB105490548AFF30080BDE80840FFF76A
:1062C800CDBF00BF0000000064BB00208C98041004
:1062D80008B5064A0648136A43F00053136219F0DA
:1062E800E9FB04481BF06CF9002008BD00B0005021
:1062F8009163001089640010F0B52DED028B1646ED
:106308001E4A044693420D4607EE903A85B015D9C9
:10631800F8EE677A9FED1A7A4D2787EE878ACCB90F
:1063280018EE100A2EF0A6FB009702460B463046E0
:1063380019F0FEFA05B0BDEC028BF0BDB3F57A7F1B
:10634800B8EEE78A23BFDFED0F7A4B2788EE278A5E
:106358002027E4E7204625F049F82D1A012DE9D930
:10636800044418EE100A02972EF084FB3246CDE959
:1063780000012946204619F0A9FADBE73F420F0041
:106388000024744900007A4410B5064C236A5B0067
:1063980006D4022043F030F8236A43F08053236286
:1063A80010BD00BF00B0005001282DE9F041804623
:1063B8000C4607DD4E682B48314624F059FE20B9BB
:1063C8000CF0F2FC0020BDE8F0813146264824F0AC
:1063D8004FFE10B90CF05EFDF4E73146234824F077
:1063E80047FE10BBA06822F03FFFC0B218B10220E0
:1063F80043F002F8E6E7EFF31085012383F31088F2
:106408001B4C237823B940F261311A4816F034FD49
:106418002378013BDBB2237023B9174AD36A23F0F0
:106428000103D36285F31088CCE7304624F0DEFF01
:1064380004F1080704EB88044FF020083518A74238
:1064480006D130460D4923F043FDBBE705F8018B23
:106458002B7838680BB98542F8D324F0C7FF043786
:106468000544ECE7457F03105D7F0310FC540310DF
:10647800408C00200355031000000C506283031069
:1064880010B5064C236A5B0006D4022042F0B4FF24
:10649800236A43F080532362012010BD00B00050EE
:1064A80008B518F03BFC094819F042FA084819F0F9
:1064B8003FFA084819F03CFA40F23B1206490748EF
:1064C80019F0FEFABDE8084018F03EBC4655031026
:1064D8004F55031062830310B3B50310D392031012
:1064E80030B599B0044603A80D4616F093FC07A8EA
:1064F80016F0DCFC0BA816F0ADFC4FF0805042F013
:1065080073FF0F904FF0905042F09AFE10906F4832
:1065180017F082FB0146002800F0868000231793BD
:10652800038B1A070AD5172114AA17F0E7FC28B11C
:1065380040F2E3126649674819F0C2FA24B12A46C4
:106548000021204642F05CFF29462046039B624A10
:10655800FFF7D2FE29462046049B604AFFF7CCFE8F
:1065680029462046059B5E4AFFF7C6FE2946204677
:10657800069B5C4AFFF7C0FE29462046079B5A4AFD
:10658800FFF7BAFE29462046089B544AFFF7B4FE97
:1065980029462046099B524AFFF7AEFE2946204667
:1065A8000A9B504AFFF7A8FE294620460B9B4F4AF4
:1065B800FFF7A2FE294620460C9B484AFFF79CFE9F
:1065C8000023294620464A4AFFF796FE29462046D8
:1065D8000F9B484AFFF790FE29462046109B464AE3
:1065E800FFF78AFE29462046179B444AFFF784FE98
:1065F800FCB99DF85230BDF85620BDF854104048FB
:1066080019F096F99DF85330DB0730D524BB3D4887
:1066180019F08EF99DF85030052B33D0082B42D055
:10662800002C4BD138482FE0102214A842F0E8FE85
:1066380084E7204624F0DAFE291A0129E2D99DF8D8
:1066480052302F4A0193BDF8563020440093BDF8CC
:10665800543019F03BF9D5E7204624F0C7FE291A33
:106668000129D7D9274A204419F030F9D2E70CB9C3
:106678002648CDE7204624F0B9FE291A0129C9D9B0
:10668800224AF0E724B9224819F052F919B030BD6E
:10669800204624F0ABFE291A0129F7D91C4A2044C8
:1066A80019F014F9F2E70CB91A48EDE7204624F07E
:1066B8009DFE291A0129E9D9164AF0E7204624F057
:1066C80095FE291A0129E1D90F4AE8E7BA80031093
:1066D800A5B503105F5503106D55031085550310BC
:1066E80095550310A6550310B7550310D055031040
:1066F800EA550310F35503100356031013560310FD
:106708002E5603103F560310665603104B560310BF
:10671800565603105E56031008B5064819F008F9D6
:1067280000210846FFF7DCFE034819F001F90020B4
:1067380008BD00BF74560310628303100020704721
:1067480070470000024A136801331360704700BFA6
:1067580080BB00207047000008B5054B1B6A5B0032
:1067680002D5FFF79DFE08BDFFF7F4FFFBE700BF6A
:1067780000B00050024B9A6B22F400729A63704783
:1067880000700850064B9A684AB19A6842F00302B2
:106798009A60044A136813B10021116018477047C2
:1067A80000D0005084BB0020064B9A684AB19A6812
:1067B80042F038029A60044A136813B1002111604C
:1067C8001847704700D0005084BB0020054A9368E2
:1067D80043F003039360044A136813B10021116066
:1067E8001847704700D0005088BB0020054A9368BE
:1067F80043F038039360044A136813B10021116011
:106808001847704700D0005088BB0020014B187013
:10681800704700BF97BB0020014B1870704700BF3E
:1068280096BB002038B505464A4C4B4802F0B8F9EB
:10683800D4F89430642023F48053C4F89430D4F806
:10684800943023F4C043C4F894302B7CA97AD4F84C
:1068580094201B0343EA4133134343F4000343F4F6
:106868000263C4F89430D4F8983043F4004343F0FA
:106878008003C4F89830D4F88C3023F48073C4F8BB
:106888008C3042F0D1FDD4F88C30052043F480736D
:10689800C4F88C30D4F8C03023F48043C4F8C03036
:1068A800D4F8C03023F00103C4F8C030D4F8C430A1
:1068B80023F00103C4F8C430D4F8C03043F4800393
:1068C800C4F8C030D4F8C43023F48003C4F8C4300A
:1068D80042F0AAFDD4F8C030012043F40013C4F8F4
:1068E800C030D4F8C43023F40013C4F8C43042F0E4
:1068F8009BFDD4F8C0300A2043F00103C4F8C0302F
:10690800D4F8C43043F00103C4F8C43042F08CFD1D
:10691800D4F8C0300A2043F40003C4F8C030D4F8D7
:10692800C43023F40003C4F8C43042F07DFDD4F829
:10693800C0300A4A23F48053C4F8C030D4F8C430B5
:10694800002023F48053C4F8C430138843F00103B3
:10695800138038BD00800850D356031094BB002024
:1069680000221D4B1D481A801D4BD3F8841021F0BE
:106978008051C3F88410D3F8841021F00061C3F863
:106988008410D3F8841021F40041C3F88410D3F89C
:106998008C1021F40051C3F88C10D3F8901021F01A
:1069A8008041C3F89010D3F8941021F40001C3F883
:1069B8009410D3F8801021F00101C3F880109A6771
:1069C800DA675A6F22F001025A675A6F22F0800282
:1069D8005A6702F0E5B800BF94BB0020EA560310DE
:1069E8000080085010B5254C0A20D4F8C03043F474
:1069F8008053C4F8C030D4F8C43043F48053C4F88A
:106A0800C43042F011FDD4F8C0300A2023F400034A
:106A1800C4F8C030D4F8C43023F40003C4F8C43038
:106A280042F002FDD4F8C0300A2023F48003C4F8F1
:106A3800C030D4F8C43023F48003C4F8C43042F022
:106A4800F3FCD4F8C0300E4823F40013C4F8C03067
:106A5800D4F8C43023F40013C4F8C430D4F8C030D8
:106A680023F00103C4F8C030D4F8C43023F0010384
:106A7800C4F8C430BDE8104002F092B80080085055
:106A8800F856031010B5174C174802F089F8636FD1
:106A9800022023F080036367D4F8803023F00203D8
:106AA800C4F88030D4F8803043F00103C4F8803053
:106AB800D4F8803023F02003C4F88030D4F898301C
:106AC80043F08003C4F89830D4F8983043F4004376
:106AD800C4F8983042F078FC636F23F08003636752
:106AE80010BD00BF008008500E57031010B5244891
:106AF80002F056F841F63113224C642063670023F4
:106B0800A367E36742F090FCD4F88430322043F066
:106B18008053C4F88430D4F8843043F00063C4F858
:106B28008430D4F8843043F40043C4F88430D4F873
:106B3800843023F4F863C4F88430D4F8843043F400
:106B48000073C4F88430D4F88C3043F40053C4F88C
:106B58008C30D4F8903043F08043C4F89030D4F8A7
:106B6800943043F40003C4F8943043F21333C4F868
:106B7800883042F059FCBDE81040FFF783BF00BFE2
:106B88001E5703100080085038B50546774C7848E2
:106B980002F006F8636F022023F080036367D4F8DD
:106BA800AC3043F00203C4F8AC30D4F8AC3023F076
:106BB8000103C4F8AC3042F007FC636F23F0800394
:106BC8006367297AE8796A7A4B0243EA006343EA01
:106BD800822343EA813343EAC23343F45C0343F438
:106BE8000753C4F89C30D4F88C30012023F4807308
:106BF800C4F88C3042F0E8FBD4F88C30142043F40D
:106C08008073C4F88C30D4F8B03023F48003C4F80F
:106C1800B030D4F8B03023F40013C4F8B030D4F84E
:106C2800B03023F0C073C4F8B030D4F8B030AA7ACA
:106C380043EAC253C4F8B030D4F8B03043F0080384
:106C4800C4F8B030D4F8B43043F00103C4F8B43019
:106C5800D4F8B03023F4E013C4F8B030D4F8B0302E
:106C680043F48013C4F8B030D4F8B43043F00803C8
:106C7800C4F8B430D4F8B43023F00403C4F8B43002
:106C8800D4F8B03023F4E073C4F8B030D4F8B0309E
:106C980043F08003C4F8B030D4F8B83023F0C073A0
:106CA800C4F8B830AA7AD4F8B83043EAC253C4F862
:106CB800B830D4F8B83043F00803C4F8B830D4F882
:106CC800BC3043F00103C4F8BC30D4F8B83023F426
:106CD800F803C4F8B830D4F8B83043F4F003C4F873
:106CE800B830D4F8BC3043F00803C4F8BC30D4F84A
:106CF800BC3023F00403C4F8BC30D4F8BC3023F40F
:106D0800E073C4F8BC30D4F8BC3043F08003C4F856
:106D1800BC3042F059FBD4F8B430164A43F00403AF
:106D2800C4F8B430D4F8B03023F00803C4F8B03055
:106D3800D4F8B43023F00103C4F8B430D4F8BC302C
:106D480043F00403C4F8BC30D4F8B83023F0080387
:106D5800C4F8B830D4F8BC3023F00103C4F8BC3010
:106D6800138843F00403138038BD00BF0080085027
:106D78002B57031094BB00200A4B0B48D3F8B420C0
:106D880022F00802C3F8B420D3F8BC2022F008028D
:106D9800C3F8BC20D3F8AC2022F00202C3F8AC2020
:106DA80001F0FEBE008008504257031010B504469B
:106DB800002800F0828090F8893003F0FF020BB9B8
:106DC80080F88820022304F1600184F8893084F86F
:106DD8008A3084F88B3084F88C3004F1500353F8EF
:106DE800042F02B114638B42F9D1606DA8B14FF43E
:106DF80000724FF0800E4FF40061C0E904E22022D7
:106E080000234FF0100CC0E906124FF40052C0E9FD
:106E180002C3C0E9082301F0D5F8A06DA8B14FF46A
:106E280000724FF0800E4FF40061C0E904E22022A6
:106E380000234FF0100CC0E906124FF40052C0E9CD
:106E480002C3C0E9082301F0BDF8E06D98B14FF422
:106E580000724FF0800E4FF40061C0E904E2202276
:106E68000023C0E906124FF40052C0E90233C0E91A
:106E7800082301F0A7F8206E90B14FF4007280212A
:106E88004FF4006CC0E9041220220023C0E906C2B6
:106E98004FF40052C0E90233C0E9082301F092F828
:106EA80001230020C4F8900084F8893084F88A30DF
:106EB80084F88B3084F88C3010BD0120FCE770B565
:106EC8000446A8B3002500F15006621992F88930EB
:106ED80043F0020382F8893056F8040F08B101F034
:106EE800F9F80135042DF0D100202268536823F009
:106EF800020353602268536823F001035360C4F807
:106F0800900094F88930DBB284F8893094F88A309C
:106F1800DBB284F88A3094F88B30DBB284F88B309B
:106F280094F88C30DBB284F88C3084F8880070BD1B
:106F38000120FCE730B5A0B1056854686B6843F0E0
:106F480018036B601278A379056843EA0213227963
:106F580043EAC213627943EA02232B6119B101297A
:106F68000FD001200CE021890C4B026843EA414311
:106F78001363172203685A63FF2203689A65002087
:106F880030BD2189054B026843EA414393631722C8
:106F98000368DA63FF220368DA65F0E7090601008F
:106FA80030B578B155681278AB79046843EAC20302
:106FB8002A7943EA82136A7943EA0223636119B1A1
:106FC800012906D0012003E00368044A1A62002060
:106FD80030BD0368024A5A62F9E700BF1D0A010082
:106FE8003D0A0100CA0718D50268136B23F0010394
:106FF80013630268936B23F00103936302681369B8
:1070080043F0400313610268136923F040031361DE
:10701800104A138823F0010313808B0718D50268E0
:10702800136A23F0010313620268536A23F0010311
:1070380053620268536943F020035361026853693D
:1070480023F020035361034A138823F004031380B9
:107058000020704794BB0020F8B50D46A8B301295D
:1070680033D882EAE273A3EBE273002A03F0010645
:107078004FEA630301DAFEB95B4203F124045A2C98
:1070880023D8362B00D106BB0623B4FBF3F103FB50
:10709800114406EB4402160304680F0275B9236B0A
:1070A80023F47F433B4333432363036808481B6B44
:1070B80001F076FD0020F8BDDB43DEE7A36B23F487
:1070C8007F433B433343A363EFE70120F3E700BF6C
:1070D8005857031010B5D8B1012919D83C325A2A8B
:1070E80016D80624B2FBF4F304FB132252030068FB
:1070F80042EA032231B9036A23F47F43134303624C
:10710800002010BD436A23F47F4313434362F7E72B
:107118000120F6E7E0B103681A6B71B142F0020290
:107128001A6303680B4A9A6501688B6B43F0020384
:107138008B6303680020DA65704722F002021A6345
:10714800FF2203689A6501688B6B23F00203EFE75F
:1071580001207047FF00010070B5044638B3154E92
:10716800154DB1B10121FFF7D5FF23681A6BC2F3A2
:10717800033232609A6BC2F303322A601A6B42F40C
:1071880070421A632268936B43F470430020936340
:1071980070BDFFF7BFFF22683168136B61F30F33CF
:1071A800136322682968936B61F30F33EEE70120BC
:1071B800EEE700BF90BB00208CBB00202DE9F0411A
:1071C8000E460546002854D000EB8300D0F854C082
:1071D800BCF1000F4DD000294BD0002A49D0991E90
:1071E800022946D805EB030E9EF8894014F00804DE
:1071F80041D195F8881001293DD0022B4FF00101AB
:107208004FF008034FF0000885F888102F688EF8B3
:1072180089301A4B4FEA9202C5F890804666426759
:10722800CCF83830436D08BF07F140011A6808BF31
:107238002037136818BF07F1440143F02003136097
:10724800436D0F4A18BF24375A63436D0D4ADA63FA
:10725800436DC3F84080436F426E406D01F024F9DE
:107268003B6843F080033B6085F888802046BDE892
:10727800F0810124FAE70224F8E700BFE172001068
:10728800037300102773001038B500EB8103044620
:10729800586D0D4608B100F07DFF032D08D8DFE8D2
:1072A80005F002090F152268136B23F0800313639E
:1072B800002038BD2268936B23F080039363F7E7BF
:1072C8002268136A23F080031362F1E72268536A85
:1072D80023F080035362EBE7002110B50346006BEF
:1072E80000F1500252F8044F9C4203D001310429A6
:1072F800F8D110BD11F0CEFBFBE7002110B5034615
:10730800006B00F1500252F8044F9C4203D0013147
:107318000429F8D110BD11F091FBFBE7704700215B
:1073280010B50346006B00F1500252F8044F9C421E
:1073380003D001310429F8D110BD0122431883F884
:107348008920FFF7EBFFF7E770B5044630B3002557
:1073580000F13C06621992F8A53043F0020382F866
:10736800A53056F8040F08B100F0B4FE0135082D19
:10737800F0D12268536823F0010353600023C4F856
:10738800B030E11891F8A5200133D2B2082B81F86A
:10739800A520F6D1002084F8A40070BD0120FCE7E8
:1073A80010B5002844D0032942D8DFE801F00218BC
:1073B800223794781378012C4FEAC303D1781DBF84
:1073C80043EA440352780B430B4318BF43EA820352
:1073D800026808BF43F002031361002010BD9378D0
:1073E80011785B00D27843EAC103134302689361C2
:1073F800F3E794781378012C4FEAC303D1781DBFC3
:1074080043EA440352780B430B4318BF43EA820311
:10741800026808BF43F002031362DEE7937811782D
:107428005B00D27843EAC103134302689362D4E74E
:107438000120D3E710B510B119B1012917D00120E7
:1074480014E094781378012C4FEAC303D1781DBF58
:1074580043EA440352780B430B4318BF43EA8203C1
:10746800026808BF43F002031363002010BD93783D
:1074780011785B00D27843EAC1031343026893632F
:10748800F3E702680346002010611A6890611A68E1
:1074980010621A6890621A6810631A6890631A6812
:1074A80010641B68986470470268034600201061E6
:1074B8001A6890611A6810621A6890621A681064F3
:1074C8001B689864704702680346002010631B68B5
:1074D8009863704710B500B301291ED82432602A7A
:1074E8001BD80624B2FBF4F3006804FB132251B93D
:1074F800016D03F00F0343EA421321F0FF02134327
:107508000365002010BD016D1B0203F4706321F4B4
:107518007F410B4343EA4233F2E70120F2E770B5BB
:107528000C46054600286CD02379E2781B04D20467
:1075380002F4601203F4E0231343A2780168920571
:1075480002F0E072134362780E6D520602F0606238
:1075580013436FF31B4633430B6594F90620002150
:10756800FFF7B8FF012194F905202846FFF7B2FF7D
:10757800E37CA27CDB00920102F4E07203F03803A2
:107588001343227D02F007021343627C520202F485
:1075980060621343627B120502F440121343227B9C
:1075A800920502F480021343E27AD20502F4000243
:1075B8001343A27A120602F080721343627A5206CB
:1075C80002F000721343227A920602F0806213439B
:1075D800E279D20602F0006213432A6843F0404180
:1075E80051652A68516D11F0405FFBD0002053654A
:1075F800A369627D23F0004343EAC2732A68936556
:1076080070BD0120FCE710B500B301291ED8243253
:10761800602A1BD80624B2FBF4F3006804FB13228B
:1076280051B9016E03F00F0343EA421321F0FF0240
:1076380013430366002010BD016E1B0203F4706340
:1076480021F47F410B4343EA4233F2E70120F2E79A
:1076580070B50C460546D8B10668237AE279316ED2
:107668005B04920402F4802203F4003301F4E02165
:1076780013430B433366002194F90B20FFF7C3FF34
:107688000121284694F90A20FFF7BDFF002070BDAC
:107698000120FCE72DE9F8430446002800F0CD80DE
:1076A80090F8A53003F0FF020BB980F8A42002235C
:1076B8002546226884F8A53084F8A63084F8A730D7
:1076C80084F8A83084F8A93084F8AA3084F8AB305C
:1076D80084F8AC305368616861F3134353602268DF
:1076E80004F15C01536843F4807353602289638911
:1076F80043EA02432268936055F83C2B536823F011
:10770800010353602B4653F8042F02B114638B42D4
:10771800F9D14FF0100800264FF0800904F14C070A
:1077280055F8040F88B14FF400634FF4007220211C
:10773800C0E905234FF40053C0E90286C0E90713E6
:10774800C0F81090466200F03DFCAF42E8D1206DD1
:1077580098B14FF400724FF080084FF40069C0E907
:10776800048220220023C0E906924FF40052C0E9A7
:107778000233C0E9082300F025FC606D98B14FF48E
:1077880000724FF0800C4FF4006EC0E904C2202252
:107798000023C0E906E24FF40052C0E90233C0E911
:1077A800082300F00FFCA06D90B14FF40072802602
:1077B8004FF40067C0E9046220220023C0E9067282
:1077C8004FF40052C0E90233C0E9082300F0FAFB85
:1077D800E06D90B14FF4007280214FF40065C0E96C
:1077E800041220220023C0E906524FF40052C0E9D7
:1077F8000233C0E9082300F0E5FB04F1100120463C
:10780800FFF78DFE204604F12C01FFF721FF01232D
:107818000020C4F8B00084F8A53084F8A63084F8B5
:10782800A73084F8A83084F8A93084F8AA3084F8FE
:10783800AB3084F8AC30BDE8F8830120FBE70000EA
:10784800F8B51E460546002861D000EB8300036C9E
:10785800002B5CD000295AD0002A58D0032E56D8C5
:1078680095F8A430012B02D102242046F8BD01234B
:10787800AF1985F8A43097F8A54014F0040442D154
:107888002B68016697F8A510920841F0040187F863
:10789800A510C5F8B040596841F040015960C0F8DA
:1078A8008020B5F8B410026C022924D19463026CCC
:1078B80011680A6822F020020A60026C154903F177
:1078C80010075163026C1449D16303F11402016E6D
:1078D800D0F8803002EBC602006C00F0E5FD57F8E6
:1078E800363023F0080343F0010347F8363000230D
:1078F80085F8A430B9E709499163026C11680A68F0
:1079080042F02002D8E7002385F8A430ACE7012430
:10791800ABE700BF4B7A0010D57A00106D7A0010E3
:107928002DE9F8430646002865D000EB8305286C4E
:10793800002860D000295ED0002A5CD01F1F042FC9
:1079480059D8334493F8A54014F0080455D196F853
:10795800A400012851D001204FF0080E86F8A40099
:107968003068012F83F8A5E0C6F8B04098BF436897
:107978004FEA92029CBF43F0800343602966C5F832
:107988008020B6F8B42000F1340C022A2B6C0CEBE2
:10799800C70C00F1300926D100229A632B6C1A68B3
:1079A800136823F020034FF0000813602B6C144A6F
:1079B80061465A632B6C134ADA632B6CC3F8408018
:1079C800D5F880302A6E286C00F06EFD59F83730F3
:1079D80023F0080343F0010349F8373086F8A48000
:1079E8002046BDE8F883084A9A632B6C1A68136826
:1079F80043F02003D7E70124F2E70224F0E700BFB1
:107A0800B17A0010D57A00108F7A001038B501F1DC
:107A18001003054650F823000C4608B100F0BAFBE5
:107A2800032C06D82A68536823F0400353600020CB
:107A380038BD043C012CFAD82A68536823F0800327
:107A4800F4E7002110B50346006B00F13C0252F840
:107A5800044F9C4203D001310429F8D110BD0FF026
:107A6800DBFFFBE7002110B50346006B00F13C0289
:107A780052F8044F9C4203D001310429F8D110BDBB
:107A88000FF0FCFFFBE7042110B50346006B00F183
:107A98004C0252F8044F9C4203D001310829F8D116
:107AA80010BD10F057F8FBE7042110B50346006B32
:107AB80000F14C0252F8044F9C4203D001310829CE
:107AC800F8D110BD10F000F8FBE77047002110B5A1
:107AD8000346006B00F13C0252F8044F9C4203D06D
:107AE80001310829F8D110BD0122431883F8A520D7
:107AF800FFF7EBFFF7E70000C31E042B10B50446A1
:107B080003D94621094815F0B7F909492302CA687B
:107B180003F4E06322F4E0621204120C134343F00E
:107B2800BF6343F40033CB6010BD00BF8057031020
:107B380000ED00E00F2A70B505460C46164603D93D
:107B48005D211A4815F098F90F2C03D95E211748C2
:107B580015F092F9164BD968C1F30221C1F1070358
:107B6800CA1C032B28BF0323062A4FF0FF3294BFF9
:107B78000021043902FA03F324EA03038A4026EABF
:107B880002068B40002D43EA0603ACBF05F16045B1
:107B9800084A4FEA4313DBB2ABBF05F5614505F070
:107BA8000F0585F80033535570BD00BF805703108B
:107BB80000ED00E014ED00E0002808DB0123410996
:107BC800054A00F01F00834042F8213070477021B9
:107BD800024815F051B900BF00E100E080570310DA
:107BE80000280DDB01220849430900F01F008240EC
:107BF800203341F82320BFF34F8FBFF36F8F7047B7
:107C08007F21024815F038B900E100E080570310E1
:107C18000138B0F1807F0BD24FF0E023E021054A14
:107C2800586182F823100020072298611A61704772
:107C38000120704700ED00E0002809DB012243091C
:107C4800054900F01F008240403341F82320704767
:107C5800DD21024815F010B900E100E0805703105B
:107C6800002808B50BDB4309084A803352F8233053
:107C780000F01F0023FA00F000F0010008BD0448DE
:107C880040F20D1115F0F8F80020F7E700E100E0E8
:107C980080570310002808B50ADB094B420953F83E
:107CA800223000F01F0023FA00F000F0010008BDA8
:107CB800044840F21D1115F0DFF80020F7E700BF77
:107CC80000E100E080570310042808B506D14FF002
:107CD800E022136943F00403136108BD20B14FF497
:107CE8009771044815F0C8F84FF0E022136923F0A3
:107CF8000403F1E78057031038B50223044680F8DF
:107D08002D30426A03681A610168D0E902300343E2
:107D180020690A68034360696FF30E120343A06980
:107D28000343E0690343206A034313430B60A368DA
:107D3800B3F5804F18D0E16CA26CCD06C1F3870370
:107D480055D43F2003F00703D2F8A810DB00984071
:107D580021EA0001C2F8A810A16C6268D1F8A80055
:107D68009A400243C1F8A820A369B3F5806F52D0A6
:107D7800B3F5006F51D01BB17B212B4815F07CF86F
:107D880000256369B3F5807F49D0B3F5007F48D0FB
:107D98001BB19221244815F06FF800232269A2F143
:107DA80080014A424A41E168A1F140004142414113
:107DB800A06810281DBF84F865201A462B4684F851
:107DC800642018BF154684F867304FF001024FF061
:107DD800000308BF84F86510636418BF84F8641052
:107DE80084F8665084F82D2084F82C3038BD3F2064
:107DF80003F00303D2F8AC10DB00984021EA00013D
:107E0800C2F8AC10A16C6268D1F8AC009A40024389
:107E1800C1F8AC20A8E70125B3E70225B1E70123A3
:107E2800BCE70223BAE700BFC15703102DE9F84F9A
:107E38003B4B026805461344A02B884627D9394B8B
:107E48001344A02B29D940F20311374815F014F830
:107E58004FF0FF3BEFF3108A012383F31088EB6C9C
:107E68001F2B4FEA930404D940F209112E4815F04C
:107E780003F806EBC4073B79002B4CD056F8343096
:107E8800AB4210D18AF310880220BDE8F88F4FF07A
:107E9800320BDFF8A490254EDCE74FF0020BDFF839
:107EA8009C90234ED6E70023327937466ABB0122DD
:107EB8003271142202FB03929B449B004FFA8BF40D
:107EC8002A60EB648AF31088B8F1000F05D03B688C
:107ED800AB4202D02846FFF70FFF3D60AB6A002C8B
:107EE800ACBF04F16042134A4FEA4313DBB2ACBFA4
:107EF80002F5614204F00F012046ACBF82F800335E
:107F08005354FFF759FE0020BFE70133082B06F151
:107F18000806C9D1B6E701235C443B7164B2D1E7D6
:107F2800F8EFF7AFF8EFFFBFC1570310D8BB002039
:107F380098BB002014ED00E008100850081000401D
:107F48002DE9F8431A4A836C054693424FF0000620
:107F580027D0184A934227D04FF4B371164814F02B
:107F68008BFFEB6C1F2B4FEA930404D94FF4B571C8
:107F7800114814F081FFEFF31088012383F3108870
:107F880057F8343007EBC4099D4206D1A01940B216
:107F9800FFF726FE002389F8043088F31088BDE82F
:107FA800F8833226054FDCE70226054FD9E700BFE4
:107FB8000010085000100040C1570310D8BB002023
:107FC80098BB002038B50446002874D0836833F085
:107FD800100207D0B3F5804F04D040F2272138486B
:107FE80014F04AFFE36833F0400304D04FF40A71F9
:107FF800334814F041FF236933F0800304D040F282
:1080080029212F4814F038FF636933F4807207D0B0
:10801800B3F5007F04D040F22A21294814F02CFF40
:10802800A36933F4806207D0B3F5006F04D040F23F
:108038002B21234814F020FFE36933F0200304D0F8
:108048004FF40B711E4814F017FF236A33F44053A2
:1080580004D040F22D211A4814F00EFF63683F2B1C
:1080680004D940F22F21164814F006FF2268154B58
:1080780013448C2B14D81422B3FBF2F39B00E36453
:10808800114BA36400212046FFF7D0FE0546A0B996
:108098002046FFF731FE2046FFF752FF284638BD3D
:1080A8000A4B13448C2BEDD81422B3FBF2F39B003C
:1080B800E364074BE5E70125F0E70225EEE700BF9B
:1080C800C1570310F8EFF7AF00100850F8EFFFBFE3
:1080D8000010004010B50446002851D0026813680B
:1080E80023F0010313600268264B13448C2B2FD80E
:1080F8001421B3FBF1F39B00C364234BA364002357
:108108001360D4E9121303F01C02012393404B605F
:10811800E36CA16C0F2B4FEA930224D83F205B003D
:10812800D1F8A82003F0380300FA03F322EA030386
:10813800C1F8A8302046FFF703FF0020C4E90D006E
:10814800C4E90F00606484F82C0084F82D0010BD89
:108158000E4B13448C2BD2D81421B3FBF1F39B00A4
:10816800C3640B4BCAE702F003033F22D1F8AC000B
:10817800DB0002FA03F320EA0303C1F8AC30D9E7C5
:108188000120E4E7F8EFF7AF00100850F8EFFFBF61
:108198000010004038B50446C8B1012502681368CC
:1081A80023F00E0313600268136823F001031360C1
:1081B800D0E9122303F01C0305FA03F35360FFF719
:1081C800BFFE002084F82D5084F82C0038BD012013
:1081D800FCE738B590F82D300446022B03D0042371
:1081E8004364012038BD01250268136823F00E039B
:1081F80013600268136823F001031360D0E91223A7
:1082080003F01C0305FA03F35360FFF799FE0023FC
:1082180084F82C30236C84F82D500BB120469847F5
:108228000020DFE72DE9F84F90F82D301746022B94
:1082380004468846DAB205D004234364002384F850
:108248002C3006E003681B68990605D54FF4807347
:1082580043640120BDE8F88FC56C05F01C05B8F132
:10826800000F23D102FA05F541F03AF84FF0080A59
:108278008146D4E9126303F01C030AFA03F1326859
:1082880012EA050B16D0B8F1000F36D1022202FA15
:1082980003F37360236D2BB92046FFF751FE0123CA
:1082A80084F82D30002084F82C00D3E7042303FA47
:1082B80005F5D9E7326811420CD0012505FA03F318
:1082C800736020466564FFF73BFE84F82D5084F800
:1082D8002CB0BEE77A1CD2D041F002F8A0EB09001E
:1082E800B84201D8002FC4D1202320466364FFF789
:1082F80027FE012384F82D30A0E7042202FA03F3B5
:108308007360CFE730B5154B846C9C421BD18368F2
:10831800102B02D0B3F5804F08D10B68104C03F135
:108328006045A54298BF03F120630B60836833F46E
:10833800804308D113680A4803F16044844298BF17
:1083480003F1206313600B6803F17042B2F1805FA0
:108358003CBF03F1A0430B6030BD00BF00100040DC
:10836800FEFF07002DE9F3414FF6FF75036D026824
:108378009D4228BF1D465B1B03658565136890F801
:10838800667023F0010390F867801360D0E9172323
:108398000E46CDE90023D0E9122303F01C01012386
:1083A80004468B405360036869465D6001AAFFF785
:1083B800A9FFDDE90003A168226810290BBF9360BB
:1083C8009060236822680CBFD860D36094F864304A
:1083D80023B1E36D05FA07F73B44E36594F865308C
:1083E80023B1236E05FA08F52B44236636B1A26B38
:1083F80023685AB11A6842F00E021A60226813689C
:1084080043F00103136002B0BDE8F0811A6822F05E
:1084180004021A602268136843F00A031360EDE748
:10842800F8B51D46C3690446202B0F46164609D1E8
:108438004FF6FE736A1E9A4204D94FF439711948EF
:1084480014F01AFD94F82C30012B0ED0012384F877
:108458002C3094F82D30012BD9B203D12046FFF7E8
:10846800E5FC20B1002384F82C300220F8BD02235B
:10847800C4E91455C4E9177684F82D306064206D7A
:108488000028F3D000212046FFF76CFF236D002B56
:10849800F5D04FF47A7200212046FFF7C3FE00287A
:1084A800EDD0E3E7C15703102DE9F8431E4690F8D5
:1084B8002C300446012B8846174610D0012380F83B
:1084C8002C3090F82D30012B5FFA83F904D14946FE
:1084D800FFF7ACFC054630B1002384F82C300225A8
:1084E8002846BDE8F8830223494684F82D30C4E9BC
:1084F80014666064C4E917872046FFF733FFEFE787
:1085080070B504460421866CE26C356802F01C02E2
:10851800036891402942186812D0410710D51A689B
:1085280092065EBF1A6822F004021A60D4E9121398
:1085380003F01C02042393404B60A36B23BB70BD64
:108548000221914029422AD010F0020F27D07160F1
:1085580023681A68900609D41A6822F00A021A6079
:10856800236DABB101212046FFF7FCFE002384F800
:108578002C30636B002BE2D022681268910603D47A
:1085880094F82D20012ADAD12046BDE8704018471A
:108598002046FFF7D5FC012384F82D30E6E70821B3
:1085A80001FA02F22A42CAD00207C8D501251A6880
:1085B800204622F00E021A60D4E9122303F01C03AD
:1085C80005FA03F353606564FFF7BAFC002384F8E7
:1085D8002D5084F82C30E36BB0E70000014B18688D
:1085E800FFF78EBFD8BB0020014B9868FFF788BF04
:1085F800D8BB0020014B1869FFF782BFD8BB002009
:10860800014B9869FFF77CBFD8BB0020014B186A63
:10861800FFF776BFD8BB0020014B986AFFF770BF01
:10862800D8BB0020014B186BFFF76ABFD8BB0020EE
:10863800014B986BFFF764BFD8BB0020014B18684B
:10864800FFF75EBF98BB0020014B9868FFF758BF43
:1086580098BB0020014B1869FFF752BF98BB002058
:10866800014B9869FFF74CBF98BB0020014B186A73
:10867800FFF746BF98BB0020014B986AFFF740BF41
:1086880098BB0020014B186BFFF73ABF98BB00203E
:10869800014B986BFFF734BF98BB00200000000027
:1086A8000121F8B5084640F017FE254B04469842CC
:1086B80040D821A3D3E900231420A4FB00012CF007
:1086C80059FD0A250021461C1E480023E4FB05012C
:1086D8001D4A2CF04FFD074605461C48002322463C
:1086E800A7FB00012CF046FD42F6F82398424FEA1A
:1086F800C61619D97D1E4FF4FA700FA3D3E90023CB
:10870800A4FB00012CF036FDAD0225F07F4525F4D1
:108718006005013025F47F750D4B304325F00305C6
:10872800284358600020F8BD42F22733984298BF8A
:108738007D1CE0E70120F6E700CA9A3B0000000034
:10874800000E270720A1070040420F0000CA9A3BED
:1087580000C00050202A2DE9F84306460C4615466D
:1087680030DCC0F3C40808EB0203202B2ADC97078F
:1087780028D110F01F0925D1254A1420D2F8947069
:10878800360AFB1C0E2B38BF0E230F2B28BF0F23D6
:10879800C2F8943040F048FE1E4AB30013601368D4
:1087A8001D4943F0010313604B4669439068C007B5
:1087B8000CD590688B4240F0010090600AD3144BAE
:1087C800C3F8947000252846BDE8F8838B42F0D2A0
:1087D8000133EBE7114A08F01C0000EB461025F0C6
:1087E8000301024421448C4203D1094BC3F894701D
:1087F800E9E752F8043B0434180A04F8043C04F886
:10880800030C180C1B0E04F8020C04F8013CEAE7F0
:1088180000A00C5000C0005000DC050030C0005023
:1088280030B50268D2F8305151680029FCD1D2F82D
:108838003041836E23445B1B8366436E2344436647
:10884800C2F8301130BD000010B50446006A60B1AE
:108858004FF4AE72002140F0D3FD236A034AC3F8F7
:10886800E820236A024AC3F8EC2010BD0492A11242
:10887800D0640600032808B502D8054B185C08BD6B
:10888800044840F27F4114F0F7FA4FF0FF30F6E762
:1088980010B60310FF57031038B50B4A0368044697
:1088A800934210D10F20D3F8305140F001FD074B0F
:1088B8005B68626E63632A446266E26E5B1B134404
:1088C800226B9B1AE36638BD00700050001000E070
:1088D80038B5D0F8D0300D46190704460ED52846CD
:1088E800FFF7C8FFD4F8D030C3F30113984202BF92
:1088F800D4F8D03023F00803C4F8D030D4F8D030FE
:10890800DA070ED52846FFF7B5FFD4F8D030C3F301
:108918004103984202BFD4F8D03023F00103C4F8D1
:10892800D030D4F8C030DB000DD50123D4F8C020F6
:10893800AB40C2F380029A4202BFD4F8C03023F0A1
:108948008053C4F8C03038BD10B400F150024B0158
:10895800D45824F08044D4505DF8044BFFF7B8BFD6
:1089680010B50446436B032143F002034363C36914
:1089780023F08043C361FFF7ABFFD4F89030204663
:1089880023F08043C4F890300221BDE81040FFF77F
:108998009FBF10B5836804461861C26D002302B1F9
:1089A8001370226884F83C30626202F5806284F8B1
:1089B8002E30A362A38520466260FFF745FF0F2093
:1089C80040F086FC01232375002010BD70B590F897
:1089D8003C500446012D1CD10026FFF721FF002141
:1089E8000068FFF7B1FF29462068FFF7ADFF206850
:1089F800FFF7B6FF22682046D2F8C03023F0805334
:108A0800C2F8C03023689E61FFF746FF84F83C60D7
:108A18002575002070BD0268916891600168CA6878
:108A280022F00102CA60C36903B11847704710B445
:108A3800026803461468916814F0040F0FD011F00F
:108A4800040F0CD0916821F00401916004210268A0
:108A58005160036A002B33D05DF8044B1847A00718
:108A680012D5880710D5916821F01A01916001226A
:108A780002215A761A68516000221A76DA69FAB128
:108A880018465DF8044B104720070FD508070DD589
:108A9800916821F01E01916008211A685160012235
:108AA800DA625A7600221A765A6AE8E7E00607D5AB
:108AB800C90605D5102151604FF48062DA62F3E7E8
:108AC8005DF8044B704700000368054A934206D1DD
:108AD8005B6F1B0E052B02D00D2040F0E9BB7047E1
:108AE8000060005038B5037A044603F0FF0553B917
:108AF8000D2040F0EDFB236884F82050E36101234A
:108B08002372284638BD0125FBE7037A012B01BFF4
:108B1800002380F820300372184618BF01207047E0
:108B280070B5036804465D6A5D6215F0010327D0DD
:108B38000368DA68D20616D5DA6822F01002DA601D
:108B4800426982B103685968B1F1805F24D35968DA
:108B5800B1F1005F20D25E6830469047002331466D
:108B68001A4640F035FC0022236820461A62FFF7B7
:108B7800ABFF0123237263680BB12046984701239A
:108B880015F01C0007D013B92046FFF79DFF0423FA
:108B980001202372E56070BD5E6806F13046DBE7B0
:108BA8000FB404B070470000B1288BBFB2385238F8
:108BB80080B280B28CBF1C4B1C4B3F2810B529D902
:108BC80003F58073403880B20122824018481C1D8A
:108BD80002601848B129046018698CBFB23952394B
:108BE80042EA00028CBF89B289B21A618CBF0E4B6F
:108BF8000E4B3F2913D903F58073403989B20122FE
:108C08008A400D49181D0A600C49086019690A4311
:108C18001A6110BD1F28D7D980332038D3E71F2900
:108C2800EDD980332039E9E70000084000000A50F8
:108C380020BC002024BC002018BC00201CBC002044
:108C4800F0B51C4B1B68002B32D01B491B4C096824
:108C58002468CE434FF0070CE7431A680A431A60AA
:108C6800174A12681568254315601D6825EA01052D
:108C78001D6015683D40156040FA0CF515F0010FB0
:108C88001D6814BF0D4335401D601568BCF1010C0B
:108C980045EA04051560ECD21068074017601868AB
:108CA80006401E601068044314601A681143196076
:108CB800F0BD00BF1CBC002018BC002020BC002058
:108CC80024BC002070B504460D460646331B9D4261
:108CD80000DC70BD16F8010BFFF7B2FFF6E7421E85
:108CE8000020531C02D012F8013F03B97047A3F1CA
:108CF8003001C9B2092903D84BB203EB0010F0E7E1
:108D0800A3F16101052902D8573B5BB2F5E7A3F14E
:108D180041010529EAD8373BF7E72DE9F34100255A
:108D280004460F461646A84623780BB1AE4203DC2C
:108D3800284602B0BDE8F0818DF8043063788DF8DC
:108D4800053033B9013401A8FFF7C9FF785501355B
:108D5800EAE78DF806800234F5E770472DE9F0411F
:108D68000446884616461D46069F2268D36838EA98
:108D780003030CBF01230023B34201D000201CE0F1
:108D88006B1CF3D040F0ACFAC01BA84201D8002DF0
:108D9800EBD12368DB6838EA03030CBF0123002307
:108DA800B342E2D1E36B012043F02003E3632023C5
:108DB80084F83730002384F83830BDE8F0812DE995
:108DC800F04204460E4615461F46DDF81890236803
:108DD800DB6836EA03030CBF01230023AB4201D052
:108DE800002019E0B9F1FF3F18D040F079FA079B4D
:108DF800C01A484502D8B9F1000F0FD12368DB68C3
:108E080036EA03030CBF01230023AB4206D1E36B10
:108E180043F020030120E363BDE8F082002FD6D0A1
:108E28002368DA68120503D5E36B43F00103F1E721
:108E3800DB685B05CBD5E36B43F00403EAE72DE978
:108E4800F0435F1E85B0012F0446DDE90C56C8B219
:108E580048D803274000012B8DF808008DF80970C9
:108E6800D0B234D1012302278DF80A008DF80B30D7
:108E78000022904623680DF108099A6021680B6862
:108E880023F070030B6022684021D368204643F426
:108E98008863D360236899F800201A61236899F8D9
:108EA80001205A604CF620430022CDE90056FFF716
:108EB80086FF60B30320E36B43F02003E36322687B
:108EC800D36843F48863D36005B0BDE8F083012319
:108ED800120A8DF80A208DF80B308DF80C008DF8E9
:108EE8000D30C5E72769012F06D1032340008DF80F
:108EF80008008DF80930BBE70323C91101F006010A
:108F080061F00F018DF808108DF80930AAE708F113
:108F180001085FFA88F39F4209F10209B3D8CEE746
:108F28002DE9F0430746581E85B00128DDE90C56A7
:108F380053D803244900012B8DF808108DF80940F7
:108F4800D0B23FD102248DF80A008DF80B300322ED
:108F580004AB03EB440341F0010103F8081C03F8D8
:108F6800072C0134002290463B680DF108099A60ED
:108F780039680B6823F070030B603A684021D368A6
:108F8800384643F48863D3603B6899F800201A6137
:108F98003B6899F801205A604CF620430022CDE93D
:108FA8000056FFF70CFF002839D00320FB6B43F075
:108FB8002003FB633A68D36843F48863D36005B041
:108FC800BDE8F0830123120A8DF80A208DF80B30D2
:108FD8008DF80C008DF80D30B9E73C69012C08D1EB
:108FE8000323490041F001018DF808108DF809307C
:108FF800B8E7CB1103F0060363F00F0203248DF8E2
:109008000820012263F00E038DF809408DF80A103C
:109018008DF80B208DF80C308DF80D40A2E708F183
:1090280001085FFA88F39C4209F10209A5D8C1E753
:109038002DE9F74F1E4690F837300446202B894615
:109048009246BDF834B0DDF8388022D10C9B13B1BC
:10905800BBF1000F06D14FF40073E363012003B0A6
:10906800BDE8F08F90F83430012B12D0012780F83A
:10907800347040F035F93A46009005464FF47A735B
:1090880004212046FFF76AFE074620B1002384F832
:1090980034300220E3E73346524649462046CDE9BC
:1090A8000085FFF7CCFE10B184F83470D6E7212391
:1090B800013E012E84F837308CBF4023102384F8FA
:1090C80038300C9BE063A4F81EB0A361E38BA06268
:1090D8009BB2A383E38B9BB2D3B901220421204620
:1090E800CDE90085FFF76BFE002838D0E36B43F02D
:1090F8002003E3632368D968DA680A43DA60202327
:1091080084F83730002384F8383084F83430A5E701
:1091180022684021D368204643F04003D360A26907
:10912800236812781A61E38B9BB2012B14BF0122CA
:10913800052223685A60E38B00224CF62043CDE9D0
:109148000085FFF73CFE0028D4D1A3690133A36151
:10915800E38B013B9BB2E383A38B013BB8E720235E
:1091680084F8340084F8373084F8380077E72DE93C
:10917800F74F1E4690F837300446202B8946924612
:10918800BDF834B0DDF8388022D10C9B13B1BBF1A7
:10919800000F06D14FF40073E363012003B0BDE86C
:1091A800F08F90F83430012B12D0012780F83470FA
:1091B80040F096F83A46009005464FF47A73042139
:1091C8002046FFF7CBFD074620B1002384F8343052
:1091D8000220E3E73346524649462046CDE900855A
:1091E800FFF79EFE10B184F83470D6E72223013EC3
:1091F800012E84F837308CBF4023102384F8383090
:109208000C9BE063A4F81EB0A361E38BA062A38368
:10921800E38B9BB2D3B9012204212046CDE9008516
:10922800FFF7CDFD002839D0E36B43F02003E3635B
:109238002368D968DA680A43DA60202384F837306B
:10924800002384F8383084F83430A6E72268802177
:10925800D368204643F08003D360E38B9BB2012B95
:1092680014BF01220D2223685A60E38B00224CF6BA
:109278002043CDE90085FFF7A2FD23680028D7D158
:109288001A69A3691A70A3690133A361A38B013B0F
:10929800A383E38B013B9BB2E383B9E7202384F8E4
:1092A800340084F8373084F8380077E72DE9F3473D
:1092B800DDF8289004460E4617461D46BDF82C805A
:1092C800B9F1000F02D0B8F1000F06D14FF40073C6
:1092D800E363012002B0BDE8F0870368DB6813F0A0
:1092E800040A60D190F83430012B5CD0012380F857
:1092F80034303FF0F5FF4FF47A73019000933A460B
:109308002B4631462046FFF79AFD10B184F834A069
:10931800DFE7013D012D8CBF4023102384F838304E
:10932800224BE063A4F81E802362214B2268A362CB
:10933800E38BC4F818909BB2B3F5007F2EBF40F2C0
:10934800FF13E38B9BB2A383936823F040039360DE
:109358002123226884F83730D36843F04003D36070
:109368002268136843F480731360A2692368127833
:109378001A61A28B2368012A0CBF052201225A60B8
:10938800A3690133A361E38B013B9BB2E383A38B06
:10939800013BA383002384F834302268936843F4A4
:1093A800A253936096E7022094E700BF0000FFFFF6
:1093B800D19D00107047000010B5838B044623B977
:1093C80041F21461274813F057FD2268D36843F42B
:1093D8000053D36094F83730212B1CD1E28B2368DB
:1093E80092B27AB99A6842F450529A602268136825
:1093F80043F4A87313602368A28B9A62202223681F
:109408005A6010BD9A6842F410529A602268136834
:1094180043F01003EEE794F83730222B1BD1E28B90
:10942800236892B272B99A6842F450529A602268DC
:10943800136843F4B87313602368A28B9A62236895
:109448004022DDE79A6842F410529A602268136855
:1094580043F01003EFE741F23C61BDE810400148DA
:1094680013F00ABD3E5803102DE9F74F0C9E044631
:10947800884691461F46BDF834B016B1BBF1000FBF
:1094880007D14FF40073E3630125284603B0BDE814
:10949800F08F0368DD6815F004057AD190F8343050
:1094A800012B76D0012380F834303FF019FF2223B6
:1094B80084F837307B1E012B8CBF4023102384F89F
:1094C8003830354BE563A4F81EB02362334B82462F
:1094D800A362E38BA6619BB2B3F5007F2EBF40F277
:1094E800FF13E38B9BB2A383236B002B2ED00025A5
:1094F8002B4A5A63236B2B4ADA63236B32469D63EC
:10950800236B1D64E38B2168206B9BB23031FEF71F
:10951800CBFF064688BB4FF47A734A460093414610
:109528003B462046CDF804A0FFF7FAFC0546C8B133
:109538002023206B84F8373084F83860FEF749FE22
:1095480010B1206B036C9847002308E0202284F8B0
:10955800372084F83830E26B42F08002E26384F806
:10956800343091E7E38BA28B84F834009B1A9BB2CA
:109578002046E383FFF720FF87E7202384F837306E
:1095880084F83850E36B84F8345043F01003E363F5
:109598007AE7022579E700BF0000FFFFC59E0010AB
:1095A800BD930010BB9E00102DE9F74F0C9E04469A
:1095B800884691461F46BDF834B016B1BBF1000F7E
:1095C80007D14FF40073E3630125284603B0BDE8D3
:1095D800F08F0368DD6815F004057AD190F834300F
:1095E800012B76D0012380F834303FF079FE212317
:1095F80084F837307B1E012B8CBF4023102384F85E
:109608003830354BE563A4F81EB02362334B8246ED
:10961800A362E38BA6619BB2B3F5007F2EBF40F235
:10962800FF13E38B9BB2A383E36A002B2ED00025A4
:109638002B4A31465A63E36A2A4ADA63E36A9D632E
:10964800E36A1D64E38B2268E06A9BB23032FEF75E
:109658002BFF064688BB4FF47A734A46009341466F
:109668003B462046CDF804A0FFF7E9FB0546C8B104
:109678002023E06A84F8373084F83860FEF7A9FDC3
:1096880010B1E06A036C9847002308E0202284F8B0
:10969800372084F83830E26B42F08002E26384F8C5
:1096A800343091E7E38BA28B84F834009B1A9BB289
:1096B8002046E383FFF780FE87E7202384F83730CE
:1096C80084F83850E36B84F8345043F01003E363B4
:1096D8007AE7022579E700BF0000FFFFC59E00106A
:1096E800638D0010BB9E00102DE9F347DDF828902C
:1096F80004460E4617461D46BDF82C80B9F1000FEA
:1097080002D0B8F1000F06D14FF40073E3630120D3
:1097180002B0BDE8F0870368DB6813F0040A4ED195
:1097280090F83430012B4AD0012380F834303FF0D0
:10973800D7FD4FF47A73019000933A462B46314691
:109748002046FFF7EDFB10B184F834A0DFE7013DB8
:10975800012D8CBF4023102384F83830194BE06367
:10976800A4F81E802362184B2268A362E38BC4F816
:1097780018909BB2B3F5007F2EBF40F2FF13E38B26
:109788009BB2A383936823F0C003936022232268CB
:1097980084F83730136843F480731360E38B9BB20B
:1097A800012B14BF01220D2223685A60002322686E
:1097B80084F83430936843F4A6539360A8E70220F2
:1097C800A6E700BF0000FFFFD19D001038B5036B6E
:1097D8000C684FF400551C600024036BC96859607D
:1097E800036B9C60036BDC608023016B0B61016B76
:1097F8004C61016B8C61016BCC61016B0D62C16ABC
:1098080015680D60C16AD2684A601021C26A916009
:10981800C26AD460C26A1361C36A5C61C36A9C612C
:10982800C36ADC61C36A1C62006BFEF7CBFB20468F
:1098380038BD7047F8B50446002800F0A8800368D2
:10984800544A93420FD002F5805293420BD002F54E
:109858008052934207D002F58052934203D0C72129
:109868004D4813F009FBE368B3F5806F03D3C821B3
:10987800494813F001FB2369013B012B03D9C92196
:10988800454813F0F9FA2368424A934261D12D20E2
:109898003FF0E6FC94F8373003F0FF0223B9204686
:1098A80084F83420FFF7C5FF2423226884F8373072
:1098B800136823F00403136094F8367094F8383072
:1098C8003E03102B06F4E04652D146F009066368C1
:1098D80023B940F22311304813F0CEFA63685D08CB
:1098E80005F1377505F5D845B5FBF3F5ED1B063DD4
:1098F800B5F5806F4FEA550704D340F22711264883
:1099080013F0BAFA226800209369AD086FF3512367
:1099180043EA472393612268032D936938BF0325DF
:109928006FEA53236FEA432393612368033D1E6064
:10993800236898602368E2685A612268D36923F033
:10994800FF032B43D3612023E06384F83730606240
:10995800F8BD124A934201D12E2099E7104A93424A
:1099680001D12F2094E70F4A934293D130208FE7FB
:1099780094F83830202B04D146F4006646F00506EA
:10998800A5E740F22111044813F076FA9FE7012079
:10999800DEE700BF00C009503E58031000D0095050
:1099A80000E0095000F009507047000010B5044667
:1099B80048B30368154A934210D002F58052934287
:1099C8000CD002F58052934208D002F5805293429F
:1099D80004D040F27F110E4813F04EFA2423226877
:1099E80084F837301368204623F004031360FFF728
:1099F800DBFF0020E06384F8340084F837006062FD
:109A080084F8380010BD0120FCE700BF00C00950F1
:109A18003E5803101FB5069C0092CDE9013400237F
:109A28001A46FFF705FB04B010BD1FB5069C00924F
:109A3800CDE9013400231A46FFF799FB04B010BDA5
:109A480013B590F83740202C07D1CDE90023002327
:109A58001A46FFF72BFC02B010BD0220FBE713B536
:109A680090F83740202C07D1CDE9002300231A466F
:109A7800FFF73AFE02B010BD0220FBE713B590F8DD
:109A88003740202C07D1CDE9002300231A46FFF7E1
:109A98008BFD02B010BD0220FBE713B590F83740EC
:109AA800202C07D1CDE9002300231A46FFF7DCFC60
:109AB80002B010BD0220FBE72DE9F0471C46013B30
:109AC800012B05460E461746DDF82080BDF8249088
:109AD800DDF828A004D94FF42161074813F0CCF928
:109AE80023463A4631462846CDE9099ACDF82080E2
:109AF800BDE8F047FFF79CBA3E5803102DE9F04740
:109B08001C46013B012B05460E461746DDF8208012
:109B1800BDF82490DDF828A004D940F62321074891
:109B280013F0AAF923463A4631462846CDE9099A60
:109B3800CDF82080BDE8F047FFF719BB3E58031069
:109B48002DE9F0471D46013B012B04460E461746FA
:109B5800DDF82080BDF8249004D940F636210A4863
:109B680013F08AF994F83730202B09D12B463A465E
:109B780031462046CDE90889BDE8F047FFF796BB96
:109B88000220BDE8F08700BF3E5803102DE9F047DA
:109B98001D46013B012B04460E461746DDF8208082
:109BA800BDF8249004D940F649210A4813F064F915
:109BB80094F83730202B09D12B463A4631462046B7
:109BC800CDE90889BDE8F047FFF78EBD0220BDE862
:109BD800F08700BF3E5803102DE9F0471D46013BB2
:109BE800012B04460E461746DDF82080BDF8249068
:109BF80004D940F65B210A4813F03EF994F837304F
:109C0800202B09D12B463A4631462046CDE9088912
:109C1800BDE8F047FFF7C8BC0220BDE8F08700BFE9
:109C28003E5803102DE9F0471D46013B012B044621
:109C38000E461746DDF82080BDF8249004D940F67A
:109C48006D210A4813F018F994F83730202B09D100
:109C58002B463A4631462046CDE90889BDE8F0470B
:109C6800FFF702BC0220BDE8F08700BF3E58031092
:109C7800704770477047704770477047002310B5AA
:109C880002680446936083620368DA68DA60C36B2B
:109C980002680B43C36390F83730602B1CBF202346
:109CA80080F83730136813F010032CD090F8373051
:109CB800212B13D1536823F020035360C36A6BB37D
:109CC800194A1A64002380F83430C06AFEF781FA12
:109CD80020B3E06A036CBDE81040184790F83730AD
:109CE800222B1BD1536823F040035360036BABB1A5
:109CF8000D4A1A64002380F83430006BFEF769FAC5
:109D080060B1206BE6E790F83720602A07D120225F
:109D180080F8343080F83720FFF7AFFF10BD80F8A7
:109D28003430FFF7A9FFF9E7859F001010B50268E6
:109D3800D36843F48053D3600023026893600268B9
:109D4800D468D46043628362A3F5803303624B0511
:109D580042BFC36B43F00403C36390F83730602BF2
:109D680004D1BDE81040C16BFFF788BF90F83730C9
:109D7800212B12D1202380F8373090F83830402B2F
:109D88004FF0000380F8383080F8343002D1FFF704
:109D980071FF10BDFFF76CFFFBE790F83730222BFF
:109DA800F7D1202380F8373090F83830402B4FF027
:109DB800000380F8383080F8343002D1FFF75BFFB9
:109DC800E7E7FFF756FFE4E738B590F83430044684
:109DD800012B6CD00120236884F83400D968D9603D
:109DE80023689A6894F83750212D07D094F8375093
:109DF800222D03D0002384F8343038BD11F0C00F71
:109E08001ED094F8370022282CD1E08B80B2B8B14C
:109E18001869A3691870A3690133A361A38B013B77
:109E2800A383E38B013B9BB2E383E38B9BB23BB100
:109E3800E38B20689BB2012B0CBF0D2301234360E9
:109E4800C8042DD5D2042BD5E38B9BB21BB1E36B91
:109E580043F00103E3632046FFF768FF002084F81E
:109E68003400CAE794F837002128E9D1E08B80B2A2
:109E78000028E5D0A06900781861E38B20689BB2C0
:109E8800012B0CBF052301234360A3690133A361A0
:109E9800A38B013BA383E38B013B9BB2E383CFE717
:109EA8004B05DBD504212046FFF7E8FED6E7022064
:109EB800A3E71021006BFFF7E1BE000038B590F86A
:109EC80034300446012B54D00120236884F8340030
:109ED800D968D96023689A6894F83750212D07D03B
:109EE80094F83750222D03D0002384F8343038BD3D
:109EF800C80412D5D50410D594F837202046212A55
:109F08005A680CBF22F0200222F040025A60FFF784
:109F18000DFF002084F83400E9E7480504D5042142
:109F28002046FFF7ABFEF4E789041CD593041AD545
:109F3800E38B9BB2002BECD0A28BA3692046134481
:109F4800A361E38B9BB2B3F5007F2CBF40F2FF12F5
:109F5800E28BE38B38BF92B29B1A9BB2A283E38356
:109F6800FFF72AFAD5E741F2B521034812F084FF3A
:109F7800CFE70220BBE700BF3E58031008B5002317
:109F8800006BC26A1364026B136490F83730602B5D
:109F980005D1202380F83730FFF76FFE08BDFFF7A3
:109FA8006BFEFBE790F83730202B03D10368DB68A2
:109FB8005B0703D490F83700C0B27047242070477D
:109FC80038B50268044693696FEA53236FEA43235E
:109FD800936102680120136843F0004313603FF067
:109FE80023FA2268136823F0004313602268136879
:109FF80043F08043136023681D6815F0804511D134
:10A008001A68012042F000421A603FF00DFA2268F7
:10A018002846136823F0004313602023E56384F87F
:10A02800373038BD01203FF0FFF9E4E708B53720A5
:10A038003FF016F9034A136823F001031360002365
:10A048001B68FFDE00100B502DE9F0470D46044653
:10A0580020B94FF4C471844812F00EFF25B940F2BC
:10A068008911814812F008FF2068804EB04214BF61
:10A07800022001203FF0CCF922790346A560122A7C
:10A0880000F2EB80DFE812F0290029002600130017
:10A098001300130013001300130013001300130020
:10A0A8001300E900E900D700D70026004A00681E1F
:10A0B8001844B0FBF5F0FF2828BFFF20022838BF5E
:10A0C80002202168D1F89C2022F47F5242EA8012B3
:10A0D800C1F89C200020BDE8F087681E1844B0FB3A
:10A0E800F5F001284FEA5001A0EB500214D980285E
:10A0F80028BF3F213F2A28BF3F22012A38BF01221B
:10A108002068D0F884306FF3911343EA023343EAAE
:10A118008113C0F88430DDE70121EBE72068B04205
:10A1280014BF022001203FF073F9012107464F4B6D
:10A138002068984214BF022008463FF0CDF8638A91
:10A14800258AB4F816A01D44A38A1D44238B6D10DC
:10A158009A44638B9A44A3684FEA4A0A5E1E3E44B7
:10A16800B6FBF3F6770807FB05F9B7F5803F4FEA2A
:10A1780096064FEA590816D340F2FA613A4812F0A7
:10A188007BFE40F2FB61384812F076FE40F2FC613B
:10A19800354812F071FEB7F5003F04D340F2FD6177
:10A1A800314812F069FEB9F5803F11D340F2FE61E3
:10A1B8002D4812F061FE40F2FF612B4812F05CFE60
:10A1C800B9F5003F04D34FF4E061274812F054FE7C
:10A1D80023680AF1FF3A013D45EA0A45C3F8D05021
:10A1E800236847EA0742C3F8DC20226849EA0943A2
:10A1F800C2F8E030226847EA0847C2F8E4702368EA
:10A2080046F48036C3F8E860A18BE38B226843EA02
:10A218000143C2F8F83094F8203022685B0103F457
:10A228007873C2F8EC302268D2F8EC3023F01003CF
:10A23800C2F8EC304EE7681E1844B0FBF5F0216810
:10A24800D1F8B82022F0FF02C1F8B8202268D2F86D
:10A25800B8100843C2F8B8003CE703484FF40E7141
:10A2680012F00AFE012036E77C58031000800050E7
:10A2780038B504463FF034F8237905460F3B012BE7
:10A2880001D8002038BD23685A68D20703D4D3F810
:10A2980090301B07F5D53FF023F8431BB3F57A7FC1
:10A2A800F1D3D4F8CC30032043F00103C4F8CC3008
:10A2B800E8E70000013808B509280CD8DFE800F005
:10A2C80005110B0709070B050511012008BD03201F
:10A2D800FCE70420FAE70448CA2112F0CDFD00206B
:10A2E800F4E70220F2E700BF7C58031070B53EF097
:10A2F800F7FF4DF6AD6504460A4ED6F8D8309BB246
:10A30800AB4201D1002070BD3EF0EAFF001BB0F562
:10A318007A7FF2D9D6F8D8309BB2AB42EDD0032081
:10A32800F1E700BF0000085010B502680446136B3F
:10A3380023F080731363C36ADB0724D50268012006
:10A34800D2F89C3043F00053C2F89C303FF06CF8D0
:10A3580022680120D2F89C3023F00053C2F89C30C8
:10A368003FF062F82268D2F89C3043F00063C2F8EC
:10A378009C302268136843F0020313602268136854
:10A3880023F0020313602046A168BDE81040FFF7E0
:10A398005BBE00002DE9F04F87B004460F46FFF77B
:10A3A80067FF032800F09C8094F8AC30002B6BD03A
:10A3B800B74BB84A012F1A6004D1D4F8DC30013306
:10A3C800C4F8DC302379122B40F0AA81E68AB4F86D
:10A3D800BE20238B32445500B4F8C220278AB4F833
:10A3E800BCC09919B4F8C030324405F1010E4FEAE7
:10A3F8000E4E0132BC443B44276856004EEA4202E6
:10A40800608BC7F8D4202768AA1C751C45EA02424D
:10A418000133C7F8FC205B1025684FEA6C0C013B40
:10A4280043EA0C43C5F8D8302268B31C43EA0E034C
:10A43800C2F800312268D2F8EC309BB2C2F8EC3096
:10A4480025680B18D5F8EC20013B42EA0343C5F810
:10A45800EC3022682320D36843F01103D3602268CC
:10A46800D2F8EC3043F01003C2F8EC303EF0DCFFD9
:10A4780022680120D2F8EC3043F00103C2F8EC3036
:10A488003EF0D2FF00202BE02046FFF7F1FE94F8C3
:10A49800C53094F8C4501B0243EA054394F8C650EB
:10A4A80021682B43B4F8C220B4F8BE008B61B4F81D
:10A4B800BCC0B4F8BE50B4F8C060B4F8C2104CEADE
:10A4C800050333430B43B3F5006F03D2B44501D8FA
:10A4D8008D4208D940F28A416F4812F0CDFC012024
:10A4E80007B0BDE8F08F2579D4F8BC102368122D89
:10A4F800196129D1B4F8BE30121A03EB4203B4F83B
:10A50800C0202168013342EA03434B6125464FF0DE
:10A5180000082668B8F1000F1BD11C3604EB48125E
:10A5280092F870204FEA481A120714D5326822F0C0
:10A538008052326008F10102022A4FF0010805F149
:10A5480020053FF435AFE4E7D4F8C02023685A610A
:10A55800DCE76036E2E7B8F1000F04D040F2AE4124
:10A568004D4812F089FCB5F8643095F8580001930D
:10A57800B5F86A30B5F868900293B5F86630039379
:10A58800FFF798FE834620B940F2B341424812F0E3
:10A5980073FC95F85810013909296FD8DFE801F0E4
:10A5A80005756E59615D6E656E6900204FF0040C8B
:10A5B8004FF6FF73A2449AF870E095F86F10CEF347
:10A5C800800A090141EACA01CEF3400E41EA0E3180
:10A5D80041EA0C0194F804C0BCF1120F04EB481CCA
:10A5E8009CF870C014BF41F0A05141F0E0511CF03C
:10A5F800200FB5F86CC018BF41F080419C4509BFD9
:10A60800019B0BFB0CF9A9EB030909FB0BB9B8F18A
:10A61800000F02D12268C2F8348041EA4931316022
:10A62800B5F864B0B5F866E0B5F868A0B5F86AC0E2
:10A638004BEA0E024AEA02024CEA0202B2F5006F45
:10A64800696E03D2D34501D8E64527D940F2375180
:10A6580042E700204FF0010CAAE700204FF0030C5E
:10A66800A6E700204FF0020CA2E700204FF0050CEF
:10A678009EE74FF000704FF0000C99E7064840F253
:10A68800DE4112F0F9FB0020F5E7002084468FE751
:10A6980028BC0020AFB500107C58031022797160E7
:10A6A800122A01BFDDE902329B1AB5F86620B5F817
:10A6B800681009BF02EB4302AA6E013241EA024266
:10A6C800B26004EB481191F870106A6D8B0641BFB7
:10A6D800B5F86A10B5F866C0A1EB0C0109FB0122B8
:10A6E80002F17041B1F1805F38BF02F1A0423261DE
:10A6F80095F85A2095F85910120242EA014295F845
:10A708005B100A43F26095F85D2095F85C10120220
:10A7180042EA014295F85E100A430243726109E772
:10A72800102B01D0062B17D194F8AC2072B9012058
:10A73800062B84F8AC0009D13EF06AFE21203EF0D9
:10A74800C7FD37203EF0C4FDFFF770FCD4F8A830F1
:10A758000133C4F8A83095E6A3F10E010229226856
:10A768000FD8012F09D197602268D36843F00D03F1
:10A77800D3602368C3F8BC7084E60123C2F8BC30F8
:10A7880080E6072B11D1136B43F0807313632168A4
:10A79800D1F89C3023F47F52C3F3C613022B38BF81
:10A7A800022342EA8313C1F89C30012F236823D186
:10A7B800DA6842F00102DA602168B4F8A000CB68D8
:10A7C8000593059A0E4B1340059370B10B694A69BE
:10A7D800C3F30A430344C2F30A429A4221BF059ACB
:10A7E80042EA034343F0400305934FF04012059BB0
:10A7F800CB6023689A60236801221A6042E600BF92
:10A80800BFFF00F82DE9F04104460F46154672B324
:10A81800561E032E04D94FF47D71294812F02CFBE3
:10A828002379DA1E092A34D82046D4F82480FFF781
:10A838001FFD2268D2F89C30B8F1000F19D002260B
:10A848002268D2F890301B07FBD4013DEB0027FAB1
:10A8580003F3DBB2C2F894302368B8F1010FC3F8F0
:10A86800906002D040463EF0DFFD002DE8D1BDE803
:10A87800F081B60523F0F87306F440061E43C2F8CB
:10A888009C6002222368C3F894702368C3F8902060
:10A89800EDE7012B02D90D3B012BE8D80226204613
:10A8A800013DFFF7E5FCEB00226827FA03F3DBB272
:10A8B800C2F894302368C3F89060002DEFD1D6E732
:10A8C8007C58031070B5044620B940F2A7212E48E1
:10A8D80012F0D2FA2D4B20682D4D984214BF022059
:10A8E80001203EF095FD2268B0FBF5F5D2F8A030C6
:10A8F80023F00103C2F8A0302379DA1E092A29D8E7
:10A90800062BE66906D1237D53B140F2B5211E48D6
:10A9180012F0B2FA237D2168012B06D0022B0DD04C
:10A9280075432368C3F8A45070BD637DC3F3C003A7
:10A938005B0043F00103C1F8A030F1E7226A154B30
:10A9480003EAC203627DC2F3C00243EA420343F052
:10A958000503F0E7012B15D8637C2168012BA66954
:10A968000BD0022BDCD1E2690A4B03EAC20362690D
:10A97800520002F002021343E9E763695B0003F047
:10A988000203D6E70026CBE77C580310008000506E
:10A9980040420F00F8FF070070B50E46054620B983
:10A9A8004FF411711D4812F067FA2B682E73D3F813
:10A9B8008040013E6FF350140A2E29D8DFE806F0D4
:10A9C8002506281B28282828282811002B79012B40
:10A9D80094BF44F4A15444F4A3542B68C3F88040B2
:10A9E80070BD2B7944F48224012B94BF44F4846411
:10A9F80044F48C64F1E72B7944F4B344012B94BFFD
:10AA080044F0600444F02004E7E744F44074E4E7C9
:10AA180040F29121014812F02FFADEE77C5803102A
:10AA280038B50D46044618B9D6217A4812F024FAEA
:10AA380022682571D2F880300C2D23F01F03C2F84C
:10AA4800803020D8022D236837D827D0D3F880202B
:10AA5800C3F88020227C216802F00103D1F8840029
:10AA6800C2F3C0049B0543EA84430343C2F3800056
:10AA780043EA0053C2F3400243EA425343F0090356
:10AA8800C1F8843038BD122D71D02379112B74D1BF
:10AA98002268D2F8803043F010034CE0D3F88020CD
:10AAA80042F00302C3F8802023682269C3F8882093
:10AAB80023686269C3F88C20E4E7D3F8802042F069
:10AAC8000402C3F880202379043B072B36D8DFE83B
:10AAD80003F0373F3F3A35484B044FF44021236990
:10AAE800627D9B0342EA920003F4E03300F0010028
:10AAF8000B43C2F3400282F0010243EA407343EA87
:10AB08008273226843F06063C2F89C30A36A032B07
:10AB180004D940F221113F4812F0AEF92268D2F868
:10AB2800803023F4C013C2F880302268A16AD2F8BA
:10AB3800803043EAC143C2F88030A3E70021CEE762
:10AB48004FF40031CBE7344B5B6813F0FE0F02D0B3
:10AB58004FF48021C3E740F20D112E4812F08CF912
:10AB6800F6E74FF40021BAE74FF42021B7E722684F
:10AB7800D2F8803043F01403DDE70F3D012D41D8B2
:10AB88002268D2F8803043F00C03C2F88030D4F841
:10AB980012202368C3F8A820A18BE38A226843EA1D
:10ABA8000143C2F8AC30218C638B226843EA01432D
:10ABB800C2F8B030E18B238B226843EA0143C2F824
:10ABC800B4302268D2F8B8306FF31623C2F8B83020
:10ABD800227C658C02F001031B02216843EA0533DD
:10ABE800C2F3400443EA4423C2F38004D1F8B80016
:10ABF80043EA8423C2F3C00243EAC2230343C1F8F1
:10AC0800B8303FE74FF4BD71BDE83840014812F055
:10AC180033B900BF7C58031000B0005038B5044663
:10AC280020B940F6DF01174812F026F9164D2068C2
:10AC3800A84214BF112010203EF04AFB2068A84209
:10AC480014BF112010203EF00BFB22682046D36869
:10AC580043F48073D3602179FFF7E2FEA1682046B0
:10AC6800FFF7F2F92046217BFFF796FE2046FFF713
:10AC780029FE2268D2F8843043F40003C2F88430F5
:10AC880038BD00BF7C5803100080005010B5044642
:10AC9800FFF7C4FF94F87030002023F0080384F80D
:10ACA800703094F89030C4F8CC0043F0080384F86E
:10ACB8009030012384F8C830FF23C4E9360084F8B3
:10ACC800D030C4F8E00010BD38B504460D46FFF793
:10ACD800CFFA20462946FFF75FFE002038BD38B579
:10ACE80004460D46FFF7C4FA29462046BDE8384019
:10ACF800FFF7AAB910B5A9B1A0B10B888A889A4202
:10AD080010D34C88CA8894420CD8A0F8BC308B88E1
:10AD1800A0F8C0304B88A0F8BE30CB88A0F8C2306D
:10AD2800002010BD0120FCE707B5ADF80430BDF8E0
:10AD38001030ADF800106946ADF80220ADF80630C5
:10AD4800FFF7D8FF03B05DF804FB000038B590F8B2
:10AD5800C7300446012B0CD1D0F8CC3040F6B121D5
:10AD680043F00043C0F8CC30124812F085F80220B6
:10AD780038BD01234D0180F8C73005F15400202269
:10AD8800002120443EF03CFBFF23254485F86F302A
:10AD98004FF6FF73A5F86C30D4F8CC30002B04DAEA
:10ADA80040F6B721034812F067F8002084F8C7007E
:10ADB800DEE700BF7C58031010B590F8C730044692
:10ADC800012B0CD1D0F8CC3040F6BE2143F0004323
:10ADD800C0F8CC30194812F04FF8022010BD0123FA
:10ADE80080F8C730E9B9111E18BF012190F87030FA
:10ADF80080F86E2061F3000380F8703022B140F6CD
:10AE0800CC210E4812F038F8D4F8CC30002B04DAF4
:10AE180040F6CF21094812F02FF8002084F8C70027
:10AE2800DCE700EB4111002091F8703081F86E00EA
:10AE380060F3000381F87030E0E700BF7C5803102E
:10AE480000EB411080F858200020704770B5BDF81D
:10AE58001450BDF81060AB42BDF818400ED8A64299
:10AE68000CD800EB41104265A0F86430A0F8666089
:10AE7800A0F86850A0F86A40002070BD0120FCE7E7
:10AE880070B5BDF81450BDF81060AB42BDF818405D
:10AE980012D8A64210D800EB4110A0F86430BDF8D3
:10AEA8001C304265A0F86660A0F86850A0F86A40B7
:10AEB800A0F86C30002070BD0120FCE710B50446F6
:10AEC80090F8C70001280CD1D4F8CC30124843F0D0
:10AED800004340F62131C4F8CC3011F0CDFF0220F8
:10AEE80010BD012004EB411184F8C70081F85D30E2
:10AEF8009DF8083081F85C2081F85E30D4F8CC30B9
:10AF0800002B04DA40F62731034811F0B5FF002082
:10AF180084F8C700E4E700BF7C580310F8B590F840
:10AF2800C7300446012B0E4617460DD1D0F8CC3059
:10AF380040F62E3143F00043C0F8CC30184811F0E9
:10AF48009BFF02252846F8BD012380F8C730FFF78C
:10AF58008FF9032805460CD1D4F8CC30002B04DA3D
:10AF680040F632310E4811F087FF002384F8C730CD
:10AF7800E8E74FF4806220683946104404EB46162F
:10AF880020F0BEF93766D4F8CC30002B04DA40F64E
:10AF98003931034811F070FF002584F8C750D1E714
:10AFA8007C58031010B590F8C7300446012B0CD11B
:10AFB800D0F8CC3040F6783143F00043C0F8CC30BC
:10AFC8001B4811F059FF022010BD012380F8C7303B
:10AFD800A2B900EB411191F8703023F0300381F8E9
:10AFE8007030D4F8CC30002B04DA40F68A3110489F
:10AFF80011F042FF002084F8C700E5E7B42A08D121
:10B0080000EB411191F8703023F0300343F0300326
:10B01800E5E7D0F8CC30002B04DA40F68631044856
:10B0280011F02AFF0023012084F8C730CCE700BFC5
:10B038007C58031000EB411090F8703023F008039F
:10B0480080F870300020704700EB411090F87030A5
:10B0580043F0080380F870300020704780F8C4106F
:10B0680080F8C52080F8C6300020704780F8D010DE
:10B07800704700000379033B092B01D8017570471D
:10B0880041F29651014811F0F7BE00BF7C580310F9
:10B0980038B505460C46FFF7EBF82B68D3F89C202B
:10B0A80024B142F00062C3F89C2038BD22F000624F
:10B0B800F9E700002DE9F843089E894690461F46A7
:10B0C800044600B123B940F673115C4811F0D4FE70
:10B0D800B8F1040F04D940F67411584811F0CCFEA9
:10B0E800002E00F0A88094F8C730012B0ED1D4F8B8
:10B0F800CC3040F6781143F000435048C4F8CC30C7
:10B1080011F0BAFE02252846BDE8F883012384F829
:10B11800C73094F8C830012BDDB20CD0D4F8CC304D
:10B12800002B04DA40F67B11444811F0A5FE0023F9
:10B1380084F8C730E6E72379DA1E092A48D8751E4D
:10B14800032D04D940F682113C4811F095FE2046A3
:10B15800FFF78EF8032860D000212046FFF798FFFC
:10B16800424649462046FFF74DFB01212046FFF79E
:10B178008FFF22682D05D2F89C3005F4401523F086
:10B18800F8731D4345F08075C2F89C50052223686A
:10B198002046C3F89020FFF76BF803283DD02368BA
:10B1A800D3F898100023DA0021FA02F2FA54013396
:10B1B8009E42F8D10025D4F8CC30002B04DA40F6B2
:10B1C800C8111E4811F058FE002384F8C7309AE7CA
:10B1D800012B1CD8424649462046FFF713FB204660
:10B1E800FFF746F8032818D03D463E440527236854
:10B1F8002046C3F89070FFF73BF803280DD023686A
:10B20800D3F8983005F8013BB542F0D1D2E740F6C3
:10B21800C3110A4811F030FECDE7D4F8CC30002B2A
:10B2280004DA40F6CC11054811F026FE0023032568
:10B2380084F8C73067E7354665E700BF7C580310D8
:10B248002DE9F047089E8A4617461D46044620B950
:10B2580040F6D511944811F00FFE07F1FF39B9F106
:10B26800030F04D940F6D6118F4811F005FE2EB110
:10B2780025B940F6D9118C4811F0FEFD2046FEF79D
:10B28800F7FF0328804610D094F8C730012B0FD160
:10B29800D4F8CC3040F6DF1143F000438248C4F8BC
:10B2A800CC3011F0E9FD4FF002084046BDE8F087C8
:10B2B800012384F8C73094F8C830012B0CD0D4F897
:10B2C800CC30002B04DA40F6E211774811F0D4FDB7
:10B2D800002384F8C730E6E72379033B092B23D9F9
:10B2E8004FF002082046013FFEF7C2FFFB0022682C
:10B2F8002AFA03F3DBB2C2F894302368C3F89080CB
:10B30800002FEFD1002E42D003272E442046FEF70F
:10B31800AFFF236815F8012BC3F894202368B542C2
:10B32800C3F89070F2D132E02368D4F82480D3F8BF
:10B338009C20B8F1000F5CD04FF0020922F0F8729F
:10B34800C3F89C20C7BB16B325B940F62721564839
:10B3580011F092FD03272E44711B481E41424141C2
:10B368002046FFF795FE2368D3F890201207FBD4F8
:10B3780015F8012BB8F1010FC3F894202368C3F81E
:10B38800907002D040463EF04FF8B542E4D12046D6
:10B39800FEF76EFFD4F8CC300328804618BF4FF074
:10B3A8000008002B04DA40F68B213F4811F064FDB9
:10B3B800002384F8C73078E7B9194A1E5142514131
:10B3C8002046FFF765FE2268D2F890301B07FBD4B1
:10B3D800013FFB002AFA03F3DBB2C2F8943023687A
:10B3E800B8F1010FC3F89090ACD040463EF01CF87D
:10B3F800A8E7002E52D142F00062C3F89C202168D1
:10B408004FEA8953D1F89C2003F4400322F0F872E4
:10B4180013430222C1F89C302368C3F894A0236820
:10B42800C3F89020002EB2D03146032700231846D7
:10B438009C4615F8012B0133042B42EA002006F143
:10B44800FF362ED0002EF3D12268D2F890E01EF0FD
:10B45800080FFAD1C91AD2F89C300CBF43F0006328
:10B4680023F00063C2F89C302268D2F89C3023F4A1
:10B47800400343EA8C53C2F89C302368C3F8940015
:10B488002368C3F89070002ED0D100293FF47FAF15
:10B4980040F66721044811F0EFFC78E722F00062DB
:10B4A800ABE74FF0030CCFE77C5803102DE9F041D0
:10B4B80090F8C7300446012B0F4616460ED1D0F837
:10B4C800CC3040F6B53143F00043C0F8CC303448B6
:10B4D80011F0D2FC02252846BDE8F081012380F84E
:10B4E800C73090F8C830012B5FFA83F856D1FEF7C1
:10B4F800BFFE0328054619D0022384F8C830E6B9F0
:10B5080041462046FEF746FF054668B90025D4F8AF
:10B51800CC30002B04DA40F6FC31214811F0ACFCA9
:10B52800002384F8C730D6E784F8C880D4F8983068
:10B53800002BECD020469847E9E794F8D0303BBB85
:10B548002268D2F8A03023F00103C2F8A03000210D
:10B558002046FFF79DFD324639462046FFF752F94F
:10B568002379072B18D1E36ADB0715D5002120467C
:10B57800FFF78EFD01212046FEF70CFFFF2305464D
:10B5880084F8D0300028C1D0012384F8C830CDE732
:10B598002046FFF797F9DAE70121E8E70225C5E732
:10B5A8007C580310704710B5D0F8E03004460133DA
:10B5B800C0F8E030012380F8C830D0F8943003B1E7
:10B5C80098472046FFF7EEFF10BD000038B590F809
:10B5D800AC300446002B00F0AA800379062B40F01B
:10B5E800A680D0F8A43023B940F69E516C4811F0DB
:10B5F80043FCD4F8A4306B4A6B48C3F88024D4F8D1
:10B60800A4306A4AC3F884246FF00102D4F8A43045
:10B61800C3F888240023D4F8A410C1F88C34D4F8D3
:10B62800A410C1F89004D4F8A4106148C1F8940497
:10B638004DF6AD60D4F8A410C1F89804D4F8A4105D
:10B64800FF20C1F89C34D4F8A410C1F8A034D4F871
:10B65800A410C1F8A434D4F8A410C1F8A834D4F8BC
:10B66800A410C1F8AC34D4F8A410C1F8B034D4F89C
:10B67800A410C1F8B434D4F8A410C1F8B834D4F87C
:10B68800A410C1F8BC34D4F8A410C1F8C034D4F85C
:10B69800A410C1F8C434D4F8A410C1F8C834D4F83C
:10B6A800A410C1F8CC34D4F8A410C1F8D034D4F81C
:10B6B800A410C1F8D434D4F8A410C1F8D834D4F8FC
:10B6C800A410C1F8DC34D4F8A410C1F8E034D4F8DC
:10B6D800A410C1F8E434D4F8A410C1F8E834D4F8BC
:10B6E800A410C1F8EC34D4F8A410C1F8F004D4F8CC
:10B6F800A410C1F8F434D4F8A410C1F8F824D4F88C
:10B70800A420C2F8FC342B4B2B4AC3F8D820D4F819
:10B71800A43003F59062C3F86824FEF7E7FD20B172
:10B7280040F6B1511E4811F0A7FBFEF77FFCD4F894
:10B73800A8306BB1013BC4F8A8302046FFF733FFAF
:10B74800D4F8A83023B141F2A241154811F094FB76
:10B75800002384F8AC3023790F3B012B9FBF22686C
:10B76800D2F8BC3023F00103C2F8BC303DF0B8FD7C
:10B77800054623685A68D20703D4D3F890301B07CC
:10B788000BD53DF0ADFD431BB3F57A7FF1D3D4F86B
:10B79800CC3043F00103C4F8CC30002038BD00BFE2
:10B7A8007C580310FF000600FF00050000100B5036
:10B7B800D8000850000008500000BBAA70470000DD
:10B7C8007FB5036804469A680092009A9A60009BC5
:10B7D8009E0342BFD0F8CC3043F00203C0F8CC300F
:10B7E800009B5D0643D50268D36823F04003D3600D
:10B7F8000368DA68C2F30A4201921A69C2F30A427C
:10B808000292B0F8A02022B34FF040165869DB68C6
:10B8180063490393039BC0F30A40C3F30A43B4F894
:10B82800A0201A44904214D3039B0B400393039B1C
:10B8380043EA024343F040030393039D2368DD601A
:10B848002568D5F81031C3F30A439A4201D8AE608F
:10B85800E5E7D4F89C3023B10199029A2046891A69
:10B8680098470199029B2046C91AFFF7A7FF237939
:10B878000E3B022B1DD82268D36823F00403D36043
:10B88800009B180315D5D4F8CC30227943F0040373
:10B89800C4F8CC30D4F8CC30102A43F00403C4F8F0
:10B8A800CC3001D0062A37D141F207513D4811F07A
:10B8B800E3FA2379122B5AD1009B99020AD5D4F8BE
:10B8C800CC3041F2195143F004033648C4F8CC3067
:10B8D80011F0D2FA009BDA0249D52368D3F8EC00BC
:10B8E800D3F8D020110CB1EB104F2ED0D3F8EC10B8
:10B8F8006FF30F0289B2C3F8EC102368D3F8EC1089
:10B908000A43C3F8EC202268D2F8EC3023F0010394
:10B91800C2F8EC3004B070BD2268D2F8BC3023F015
:10B928000103C2F8BC302268136843F002031360B5
:10B938002268136823F0020313602268D2F8BC302F
:10B9480043F00103C2F8BC30B3E7DA6822F0100212
:10B95800DA602268D2F8EC3023F01003C2F8EC3039
:10B968002268D2F8F43043F08053C2F8F430009BD8
:10B97800DB07CFD52268D36823F00103D36023798E
:10B98800072B02D12046FEF7CFFC074A1368002B8D
:10B99800C0D000212046116004B0BDE870401847AF
:10B9A800FFFF00F87C58031028BC002038B5044677
:10B9B80020B941F254611C4811F05EFA94F8C7307E
:10B9C800012B0DD1D4F8CC3041F2566143F000433D
:10B9D8001548C4F8CC3011F04FFA0225284638BD76
:10B9E800012384F8C73094F8C830062B0CD094F89B
:10B9F800C830012B16D12046FEF73AFC032805462D
:10BA080003D0062384F8C8300025D4F8CC30002BA6
:10BA180004DA41F27661044811F02EFA002384F822
:10BA2800C730DBE70225F0E77C58031010B5044661
:10BA380020B94FF4B451154811F01EFA94F8C730E4
:10BA4800012B0CD1D4F8CC30104843F0004341F21C
:10BA58008261C4F8CC3011F00FFA022010BD012326
:10BA680094F8C82084F8C730062A08BF84F8C8307C
:10BA7800D4F8CC30002B04DA41F29561034811F078
:10BA8800FBF9002084F8C700E8E700BF7C580310E2
:10BA980010B5044620B94FF4B551244811F0ECF91B
:10BAA80094F8C730012B0CD1D4F8CC301F4843F0A0
:10BAB800004341F2A261C4F8CC3011F0DDF9022054
:10BAC80010BD0123206884F8C730194B984214BF71
:10BAD800112010203DF0C4FB22682046D36843F4AF
:10BAE8008073D3602179FEF79BFFA1682046FEF79B
:10BAF800ABFA2046217BFEF74FFF2046FEF7E2FE19
:10BB08002268D2F8843043F40003C2F8843094F8F1
:10BB1800C830D4F8CC30002B04DA41F2D2610348A3
:10BB280011F0AAF9002084F8C700C9E77C5803106F
:10BB38000080005010B50A4B0A495A680A4BD2B225
:10BB4800062A88BF0B46094C236004F075FD23685C
:10BB58000246002118463DF053FC054A026010BD1C
:10BB680000B00050002A4020C0FD40202CBC00201E
:10BB78007878454508B513460A46014603480068E3
:10BB880004F036FD003818BF012008BD2CBC002089
:10BB980008B513460A4601460348006804F03AFD12
:10BBA800003818BF012008BD2CBC002070B5044621
:10BBB80016460D4649B3FD2827D802203DF01CFC47
:10BBC800134B1B680BB9FFF7B5FF324629462046D1
:10BBD800FFF7D0FF0446EFF31086012383F31088A4
:10BBE8000C4D2B781BB9BA210B4811F045F92B786D
:10BBF800013BDBB22B7023B9084AD36A23F0010357
:10BC0800D36286F31088204670BD0124FBE700BF8D
:10BC18002CBC0020408C0020BB58031000000C50A6
:10BC2800F8B5054617460E4639B332B3FD2824D871
:10BC3800224C02203DF0E0FB23680BB9FFF77AFFA6
:10BC480023681F4C1A681F4B9A4219D0EFF31085CE
:10BC5800012383F3108823781BB9D6211A4811F0E1
:10BC68000BF92378013BDBB2237023B9174AD36A57
:10BC780023F00103D36285F3108801252846F8BD17
:10BC88003A4631462846FFF783FF0546EFF310860C
:10BC9800012383F3108823781BB9DE210A4811F0A9
:10BCA800EBF82378013BDBB2237023B9074AD36A48
:10BCB80023F00103D36286F31088DFE72CBC002051
:10BCC800408C002078784545BB58031000000C5084
:10BCD8000268034BC3F800214268C3F80421704787
:10BCE8000000044080B100234FF40032C0E905236E
:10BCF80002624FF6FF72C2614FF40012C0E90A23D4
:10BD080043600361836043627047704770B50446BF
:10BD1800002800F09F8003684F4A93420AD002F53A
:10BD28008052934206D04D4A934203D090214C480A
:10BD380011F0A2F86368012B03D99221484811F049
:10BD48009BF8A36833F4C06306D0B3F5006F03D043
:10BD58009321434811F090F86368012B15D163696A
:10BD680033F0020205D0042B03D096213C4811F091
:10BD780083F8A2694AB1182A03D83A4BD340DB07A3
:10BD880003D49721364811F077F84FF6FF72E3692C
:10BD980093420BD033F4C04208D023F40053B3F5D8
:10BDA800004F03D099212E4811F066F8A36A33F4A6
:10BDB800001303D09F212A4811F05EF8E36A33F498
:10BDC800000303D0A121264811F056F894F8333027
:10BDD80003F0FF0223B9204684F83120FFF795FFCE
:10BDE80002234FF6FF752068616884F83330C36812
:10BDF800E269012908BF23F48F73AA4218BF23F40C
:10BE08006043194D18BF23F0C0031D40A368A66AFC
:10BE18000B433343E66A012943EA060343EA050371
:10BE280014D1D4E905152943E56829430B434FF696
:10BE3800FF718A4204D0216A0A43616A0A431343A4
:10BE4800C3600123002084F8333070BD0029EED18F
:10BE58002169EBE70120F8E700100C5000200440AE
:10BE68000159031000010101FEF159FF38B52E4AAE
:10BE78000368044693420D460BD002F58052934264
:10BE880007D02A4A934204D04FF48961284810F019
:10BE9800F3FFB5F1807F04D340F24941244810F004
:10BEA800EBFF022384F833306368012B0FD0E36A79
:10BEB800B3F5000F34D1A36823B140F253411C48B5
:10BEC80010F0DAFF2268D36823F46063D360226835
:10BED800136943F00803136123681A691207FCD435
:10BEE8009A68002042F002029A602268936843F43C
:10BEF800007393602268136943F001031361236898
:10BF08009D61236894F83220012A1A690CBF42F017
:10BF1800040242F002021A61012384F8333038BD6A
:10BF28002368DB68D3E700BF00100C5000200440F2
:10BF38000159031010B5144A0368044693420BD004
:10BF480002F58052934207D0104A934204D040F23F
:10BF58008D410F4810F090FF0223226884F8333097
:10BF68001369002023F0010313612268936823F00A
:10BF7800020393602268936823F40073936001239B
:10BF880084F8333010BD00BF00100C50002004406E
:10BF98000159031010B50A4A0368044693420BD0AE
:10BFA80002F58052934207D0064A934204D040F2E9
:10BFB800BC41054810F060FF2368D86910BD00BF78
:10BFC80000100C50002004400159031070477047BE
:10BFD8007047704710B5036804461A68D10706D53C
:10BFE8009A68D20703D501225A60FFF7F1FF236848
:10BFF8001A68910704D5022220465A6008F0C6FC48
:10C0080023681A68520707D59A68500704D504228E
:10C0180020465A60FFF7DBFF23681A68110707D527
:10C028009A68120704D5082220465A60FFF7CEFF07
:10C0380023681A68D0050AD59A68204622F48072C7
:10C048009A604FF4807223685A60FFF7C2FF236832
:10C058001A6891050AD59A68204622F400729A60F7
:10C068004FF4807223685A60FFF7B3FF23681A6899
:10C0780052050AD59A68204622F480629A604FF4E5
:10C08800807223685A60FFF7A4FF10BD73B50220C1
:10C098003DF0B2F90021022000F014FA00210190CD
:10C0A80001A800F02BFA0446EFF31086012383F36E
:10C0B80010880D4D2B7823B940F25A210B4810F007
:10C0C800DBFE2B78013BDBB22B7023B9084AD36A1D
:10C0D80023F00103D36286F31088201E18BF0120C5
:10C0E800404202B070BD00BF408C0020415903108F
:10C0F80000000C5037B502203DF07EF900210220E7
:10C1080000F0E0F90021019001A800F00CFAEFF32B
:10C118001085012383F310880A4C237823B940F251
:10C128007321094810F0A8FE2378013BDBB2237085
:10C1380023B9064AD36A23F00103D36285F3108832
:10C1480003B030BD408C00204159031000000C5052
:10C1580003203DF071B8014604203DF021B90000EC
:10C1680000232DE9F04F89B00693C24B02929E68D6
:10C178000D4616F0010640F07A81FFF787FF002888
:10C1880040F09C8102203DF037F9EFF31080012147
:10C1980081F31088B84B1A6942F002021A61B74A53
:10C1A800117080F310881A69002AFCDA4FF0804277
:10C1B800136923F0030343F001031361D2F814A0B9
:10C1C800CAF3023BBBF1070F05D04FF0FF3107223E
:10C1D80008463DF0C5F800229146A94F0392D7F8CA
:10C1E800141101206FF3DC4141F40021C7F8141148
:10C1F800D7F8141141F00051C7F81411D7F81411E9
:10C2080021F48031C7F81411D7F81411C7F81411A4
:10C21800D7F814116FF30F01C7F81411D7F81411D8
:10C2280041F0C801C7F81411D7F8141141F40031CE
:10C23800C7F814113DF0C8F8039AD7F81811002967
:10C24800FBDADFF86C82D7F81841D8F8001024F030
:10C25800004481B104203CF0EFFF41F28731A04255
:10C2680034BF221A021B8A42069004D909F1010937
:10C27800B9F10A0FB2D1002321468248FCF790FC9D
:10C28800B9F10A0F3DD1804A13780133DBB2042B90
:10C29800137032D00023BBF1070F08D05A46CAF3F7
:10C2A80002210AF03F0003933DF05AF8039B4FF038
:10C2B8000009724A754F82F8009001223BBBEFF3E8
:10C2C800108482F310883B7823B940F29231704889
:10C2D80010F0D2FD3B78013BDBB23B7023B96D4ACD
:10C2E800D36A23F00103D36284F31088FFF702FFB7
:10C2F8006FF0010009B0BDE8F08F0023C8F80030E6
:10C30800C8E7214603203DF04BF80123C3E7C823C3
:10C3180000921946FA226048FCF742FC15B1022542
:10C32800C8F80090D8F80010029BDFF888A199425D
:10C338003CBF0131C8F800100129DAF80030DFF8F5
:10C34800789140F292800229D9F800206AD101261A
:10C358000132224452084FF0000BC9F80020214650
:10C368004E48CDE9006BFCF71BFCD9F80000CAF871
:10C3780000400690FFF7EFFE99ED007ADFED486A7E
:10C38800B8EE477AC6EE877A9FED467A012367EEC4
:10C39800877A07200DF116020DF11501ADF8163058
:10C3A800CDED077A8DF815B0FFF73AFC9DF81530FA
:10C3B8003BB93D48FCF7F4FB0422022006A9FFF72D
:10C3C800F5FB07A904220120FFF7F0FB03203CF04E
:10C3D80033FF044604203CF02FFF0023009302465D
:10C3E8002146D8F800303148FCF7DAFBEFF3108427
:10C3F800012383F310883B7823B94FF480612448E4
:10C4080010F03AFD3B78013BDBB23B7023B9214A7F
:10C41800D36A23F00103D36284F31088FFF76AFE1E
:10C42800284667E7A24210D2A11AFA2916D99342E0
:10C4380014D9991AFA2911D90D2102EB42020832AE
:10C4480001FB04220326120985E707D9111BC82915
:10C4580004D9934202D2D11AC829ECE7C2EBC2022E
:10C46800043222440226D20875E7224673E74FF0C9
:10C47800FF303FE700B00C500000044040BC0020F3
:10C48800000009408359031038BC0020408C00206C
:10C498004159031000000C50A5590310CE59031040
:10C4A800001B374C00004843125A03101A5A031055
:10C4B8003CBC002030BC002034BC00206FF00200DF
:10C4C80018E700BF012808B508D103290ED8084885
:10C4D80000E00848182303FB010008E0012905D8FB
:10C4E8000228F6D0B021044810F0C6FC002008BD90
:10C4F8000020085000200040425A031018B101687B
:10C5080049B9042070470329FBD81823594301F17E
:10C51800A04101F502214869002802DB00F00F0064
:10C5280070470020704710B1016841B9704703296E
:10C5380009D81823594301F1A04101F502214B699B
:10C5480043F000434B61704700232DE9F0414FF061
:10C55800402C07464FF001081846154ECCF880309D
:10C5680007F1040E99420BDC00214FF040238A4268
:10C5780008BF0246C3F88410C3F88020BDE8F081E4
:10C588001AB122FA03F4E4070FD557F833509C0088
:10C5980004F14024354025605EF8335008FA03F46E
:10C5A800CCF884402043CCF888500133DAE700BF48
:10C5B800FCFF070008B504F08BF8074B02689A42A5
:10C5C80007D1BDE8084041680022C9080830FFF7D4
:10C5D800BBBF002008BD00BF4843545008B54220E7
:10C5E8003CF076FE024A136C43F06103136408BD05
:10C5F80000B0005038B50446002850D090F8E93112
:10C6080003F0FF021BB980F8E821FFF7E7FF0022DB
:10C61800032311460125606884F8E93104F12803F1
:10C62800904203F11C0322D10021084604F58473CB
:10C638008A4203F11C0326D1226800255378194940
:10C6480043F040035370012394F8200284F82450E7
:10C6580051F8201084F8E93113488523134AFCF770
:10C668009FFA40F201632846A4F8203238BD03F847
:10C678001C2C43E9041103F81B5C03F8191C43F84C
:10C68800081C0132CCE703F81C1C43E9040003F83A
:10C698001B0C03F8190C43F8080C0131C8E70120FA
:10C6A800E4E700BF14B603108A5A0310845A031033
:10C6B8002DE9F04F036885B09F7A5D889E88D3F88E
:10C6C80000B2DB7AFFB2ADB2B6B20446CDE9003BA8
:10C6D8002A46334639469D48FCF762FA002F00F097
:10C6E800A180236893F8603059075FFA83F804D56E
:10C6F8004FF4AB61964810F0BFFBBA0712D594F817
:10C708002132072B07D8052B40D840F26B519048AF
:10C7180010F0B2FB06E0082BF7D12268937A03F0F9
:10C72800FE0393727B0618D508F01803182B02D164
:10C7380018F0800F76D101222368864983F860209B
:10C7480094F8200240F2765351F82010824A834828
:10C75800FCF726FA002384F82032380604D540F284
:10C768007C517B4810F088FB17F001081BD094F827
:10C778002112062914D0082915D07948FCF710FA97
:10C7880040F28D51724810F077FB0CE008F0180366
:10C79800182BC7D02268937A43F020039372BCE722
:10C7A800072384F82132F90615D594F8200269493F
:10C7B80040F2945351F82010674A6848FCF7F0F9A2
:10C7C8000023204684F8203208F0C4FEB8F1000F98
:10C7D80001D007F0FE07BA0609D5204608F0C0FECA
:10C7E8000122236883F86020082384F821327B071C
:10C7F80018D594F82132063B022B55D8062394F815
:10C808002002544984F8213251F8201040F2A953EB
:10C818005248514AFCF7C4F90023204684F82032D4
:10C8280008F06CFE002D6ED0EF076CD5D4F80080B0
:10C8380094F82032B8F80271DFF81891BFB2B8F84E
:10C8480008A148483A4659F82310FCF7A9F93807CF
:10C858001FFA8AFA2ED4790714D527F00407BFB235
:10C86800A8F8027194F8201240F2DA433A4A59F8CB
:10C8780021103A48FCF794F9002384F82032B8F8DC
:10C888000271BFB2FA0625D51023A8F8023194F830
:10C898002032022B11D0032B26D0C3B159F8231014
:10C8A8003148FCF77DF912E040F2AD51284810F00C
:10C8B800E3FAB7E74FF6FF77CFE740F2E5432B4AB5
:10C8C8002B492648FCF76CF9052384F82032B8F880
:10C8D8000271BFB294F82012062914D8DFE801F0DB
:10C8E800ABB50D2E505050004FF49D63214A22499C
:10C8F8001A48FCF755F90423E7E717F0020102D1BB
:10C90800204608F017FE4FF001084FEA5B0704F1D4
:10C91800440A002F40F04081A0464FEA5609B9F179
:10C92800000F40F08F810126144F6D08002D40F054
:10C93800D481BFF34F8F05B0BDE8F08FFB07E2D578
:10C948000021204608F012FEDDE700BFA85A0310B8
:10C95800E35A031014B60310215B03108A5A03101C
:10C96800265B0310355B0310665B03104D5B0310F9
:10C97800575B03105A5B0310635B031048BC00202D
:10C9880017F001074CD0BAF1300F04D940F2175113
:10C99800A04810F071FA6FF4F57104F2EB13091B5B
:10C9A800CA18924554DC51469B48FCF7F9F8BAF18D
:10C9B800000FA8D08023A8F80231B8F80231D806B1
:10C9C800FBD4402794F8202294F9EC3159F822102E
:10C9D800B4F8F221A4F82272002A3ED1002BB8BF85
:10C9E80042238E4AB8BFA4F822328D4840F225531C
:10C9F800FCF7D6F8062384F8203294F8EC3113F0CB
:10CA0800600F5CD194F8ED2103F01F03013A082A66
:10CA180055D8DFE802F04F5498545A5454545A00E9
:10CA280040F209537F4A59F821107D48FCF7B8F8BD
:10CA380084F8207267E740F20D537B4A79497848B9
:10CA4800FCF7AEF8012384F82032FF079BD45AE79D
:10CA580098F8202003F8012FA2E7002B20DA40F2F3
:10CA68002953724A6E48FCF79BF8022384F8203257
:10CA7800A8F80271B8F8023113F00103FAD1A4F84A
:10CA8800223294F82032062BB7D0B4F8223220464E
:10CA9800A8F802310023A4F8223208F043FD32E757
:10CAA80040F22F53624A5E48FCF77AF8032384F871
:10CAB8002032EAE7012B6CD0022B1FD00BB10027E4
:10CAC80004E0B4F8EE31012B63D10127B4F8223227
:10CAD800394643F008035748A4F82232FCF760F8B7
:10CAE800012FD2D194F8201240F23A53524A59F801
:10CAF80021104B48FCF754F80423D8E7B4F8F01198
:10CB080011F00F0345D0B4F8EE21002A41D1226874
:10CB18001B0111F0800F1A440AD0B2F8023123F039
:10CB280031031B041B0C43F0C603A2F80231CCE707
:10CB3800B2F8063123F060031B041B0C43F0850395
:10CB4800A2F80631C1E7012B23D0022BB6D1B4F8E5
:10CB5800F01111F00F021CD0B4F8EE31CBB92368F4
:10CB6800120111F0800F13440BD0B3F802118AB2EE
:10CB7800890748BF42F0080242F0F602A3F80221F2
:10CB8800A3E7B3F8062192B242F0F502A3F8062112
:10CB98009BE74FF0FF3799E7FA0729D52368D14675
:10CBA8000393DAF80C300BB90AF1E0095B4699F8FF
:10CBB800012099F800102148FBF7F2FF99F801309D
:10CBC80013B31F4B13F80830C3B9039BD9F81400EB
:10CBD80003EB0812B2F80231D9F80C1023F0040361
:10CBE8001B041B0C884298BF43F00103A2F80231D2
:10CBF80008F101087F080AF11C0A8AE620465FFA54
:10CC080088F108F097FCF3E720465FFA88F108F00E
:10CC1800ADFCEDE7E35A0310885B0310945B031047
:10CC28008A5A0310215B0310845A0310575B0310C0
:10CC3800635B03109C5B03105A5B0310B35B031028
:10CC480048BC002019F0010F42D098F8241126683A
:10CC5800274806EB011BBBF808214FEA011A92B2DC
:10CC6800FBF79EFFBBF808319BB28BB3D8F8343181
:10CC7800B3F1C04F14D3BBF8081189B281B103F0E6
:10CC88001F020A44BFF34F8F1A481A44C0F85C3297
:10CC98002033D11A0029F9DCBFF34F8FBFF36F8F10
:10CCA800D8F8342106EB0A03C3F80822B3F80821A0
:10CCB80092B2C3F80C22D3F80C22C8F83C21A3F88E
:10CCC800087198F82421120142F00902C3F80422DD
:10CCD8004FEA590908F11C0821E6EB0705D5BB5DA9
:10CCE8001BB92046F1B208F025FC01366D081DE697
:10CCF800DD5B031000ED00E090F8E831012B1FBF69
:10CD080003681970002380F824101ABF80F8E831EE
:10CD1800184602207047000070B51C2504461646C8
:10CD2800184611F0800F01F07F0215BF05FB024580
:10CD380005FB0145283505F58475CB096B70E8704E
:10CD48002A702248EE60FBF72BFF94F8E831012B9C
:10CD580039D001234FF080511D4A84F8E831C2F8D8
:10CD68008810BFF34F8FBFF36F8F2A78B2B1216855
:10CD780093408A736A7821689BB2BAB14A8892B2A2
:10CD880013434B8023681E822268538A13F0020FD4
:10CD980042F2480308BF4FF4015353824FF08052C8
:10CDA8000B4B9A60002084F8E80170BD8A8892B223
:10CDB80013438B8023689E8241F290032268D382BA
:10CDC8002268D382EAE70220EFE700BFF55B031091
:10CDD80000E100E010B50446142340220021FFF7CB
:10CDE8009BFF1423402280212046FFF795FF5C21FA
:10CDF8000648FBF7D5FE4FF08052054B9A60054A6E
:10CE08000020136C43F00103136410BD135C03107E
:10CE180000E100E000B0005003461C2011F0800F34
:10CE280001F07F0215BF00FB023000FB0130283003
:10CE380000F58470C90910B50270417093F8E821B3
:10CE4800012A35D001224FF080541A4983F8E8218D
:10CE5800C1F88840BFF34F8FBFF36F8F0478A4B138
:10CE6800A240D243196892B28C7340781968A0B175
:10CE7800488802404A8000211A6811824FF4816173
:10CE88001A68518208211A6851824FF08051094A64
:10CE98009160002083F8E80110BD8C8822408A80C8
:10CEA8001A68908210221968CA821968CA82ECE747
:10CEB8000220F1E700E100E070B505461C2001F012
:10CEC8007F0100FB015090F808312E6893B11033B0
:10CED80006EB0313DB8899B213F0200305D01C4836
:10CEE800FBF75EFE0024204670BDD0F82041C0F854
:10CEF8002031F8E7B6F80841D0F81C01A4B2844202
:10CF080028BF04469C421CDC1C2303FB0151D1F8BA
:10CF180014319C421AD295F820020E4940F29A2305
:10CF280051F820100C4A0D48FBF73AFE042385F807
:10CF38002032482321460A48A6F80231FBF730FE82
:10CF4800D1E796F82000D0540133DBE74023F1E71E
:10CF5800225C031014B603105A5B03108A5A03109C
:10CF68003B5C0310F7B51C24002701F07F0504FB88
:10CF780005040646C4E9462384F8097184F8085173
:10CF88009DB10668294610480097FBF709FE06EB95
:10CF9800051594F80801B5F8063108F0F3FA08B158
:10CFA800A5F80671002003B0F0BD90F820020749EB
:10CFB80040F2C62351F82010054A0648FBF7F0FD59
:10CFC800032386F82032EDE7475C031014B60310FC
:10CFD800635B03108A5A03102DE9F8431C2401F0FF
:10CFE8007F0104FB01041746C4E90E23012284F8DB
:10CFF800281084F82920236406461D46D0F80080AE
:10D0080000293CD008EB0118B8F802912B481FFA08
:10D0180089F94A46FBF7C4FD636B94F82820AB42B4
:10D028002CBF0023012326498B54336803EB0213DA
:10D03800C3F80872C3F80C5294F82820120142F081
:10D048000A02C3F8042294F828208A5C62B1D3F853
:10D05800042249F4104942F00502C3F80422A8F852
:10D0680002910020BDE8F883D3F8042242F00102BF
:10D07800C3F80422F3E77B5C013188F820308D4245
:10D08800F9DC2A4602210F48FBF78AFDA5B1736B2C
:10D09800AB4211D996F820020B4940F23B3351F8C4
:10D0A80020100A4A0A48FBF77BFD052386F8203240
:10D0B8000A23A8F80231D4E70223FAE7745C0310C4
:10D0C80048BC00208C5C031014B603104D5B0310A1
:10D0D8008A5A03101C2310B50446012211F0800F50
:10D0E80001F07F000BBF03FB014303FB004303F583
:10D0F80084732833C9099A701870597094F8E81124
:10D10800914224D084F8E82119782268C9B1587866
:10D118000B011A4450B1B2F8023123F001031B0489
:10D128001B0C43F0F603A2F8023106E0B2F8063110
:10D138009BB243F0F503A2F80631002084F8E80119
:10D1480010BDB2F802319BB243F02003EBE7022096
:10D15800F6E71C2311F0800F01F07F0214BF03FBD8
:10D16800020303FB010310B504464FF0000014BF8F
:10D17800283303F58473C90998701A70597094F8A4
:10D18800E821012A29D0012284F8E82119782268A7
:10D19800E1B158780B011A4450B1B2F8023123F0CA
:10D1A80031031B041B0C43F0C603A2F8023109E04B
:10D1B800B2F8063123F060031B041B0C43F09503FF
:10D1C800A2F80631002084F8E80110BDB2F8023157
:10D1D80023F020031B041B0CE7E70220F5E7090AEC
:10D1E800013930B504291CD8DFE801F003070A0D1E
:10D1F800220002220368DA7313E004220368FAE7C4
:10D2080001220368F7E7002104688B420BDC08223F
:10D218000368DA73B4F802319BB243F00203A4F84E
:10D228000231002030BD555C013184F82050ECE714
:10D2380020220368DFE7000008B5064A0120936949
:10D2480023F4E77343F4A77393613CF0BDF800201F
:10D2580008BD00BF00A00C5008200A4A136A116AD2
:10D2680023F4804321F00301116223F03C030649B3
:10D2780043F0CB03C1F88C00C1F890000020136282
:10D28800704700BF00A00C5000300050054B9A6E4C
:10D2980020B142F4807200209A66704722F48072AE
:10D2A800F9E700BF00A00C50054B9A6E20B142F080
:10D2B800200200209A66704722F02002F9E700BF9A
:10D2C80000A00C5038B50B4C0020236A002B0FDB54
:10D2D8003BF0A6FF4FF47A75236A002B05DB4FF469
:10D2E8007A703BF09DFF013DF6D1206AC043C00F24
:10D2F80038BD00BF00A00C50054BDA6920B142F0E0
:10D3080001020020DA61704722F00102F9E700BF4C
:10D3180000A00C5038B50B4CE369002B0FDB0A4B0F
:10D328005D6BE369002B06DB42F2107128463BF087
:10D33800C3FF0028F5D0E069C043C00F38BD002006
:10D34800FCE700BF00A00C5000000C5010B538B925
:10D358000C4A136823F0010300241360204610BD13
:10D3680002280AD1FFF7D6FF0128044605D140F26A
:10D378001D2105480FF080FDF0E7024A136843F0CD
:10D388000103E9E700A00C50A25C0310084B984287
:10D3980005D1084A536843F0020353607047064BAF
:10D3A8009842FBD1034A536843F00403F5E700BFF2
:10D3B8000040095000A00C5000B00040214B5A69B1
:10D3C80022F03C0242F004025A611A6B42F00F024A
:10D3D8001A631A6B6FF30F1242F4EE4242F07002B6
:10D3E8001A631A6B22F0706242F0C0621A639A6A7A
:10D3F80022F07F0242F006029A625A6842F08002E6
:10D408005A60DA6C22F47C4242F48062DA641A6D63
:10D4180022F47C4242F480621A655A6D22F070024E
:10D4280042F030025A659A6D22F0700242F03002E2
:10D438009A651A6F42F47C721A674FF00112C3F8AA
:10D448008C20704700A00C5038B5304C0E22214675
:10D45800062001F0E9FF002853DD01232C4A04F8D7
:10D46800013C20786378D56A9B07400600F060602D
:10D4780003F08043034325F09C400343D362D2F872
:10D488009830E078234D60F30303C2F8983053696D
:10D498002079611E60F38D2353616B686079DBB27C
:10D4A8004000072B00F01E002CD06B68DBB20F2B5E
:10D4B80028D0CB79D46D5B0203F4F053034324F0F6
:10D4C8001E1020F4F0500343087A400400F4F010D2
:10D4D8000343D3650F4A5368DBB2072B11D0536857
:10D4E800DBB20F2B0DD00A484B7A426A03F00703D0
:10D4F80022F0270213438A7A520102F020021343D2
:10D50800436238BDD36D23F01E03E1E7428C00204F
:10D5180000A00C5000B00050704741B10368DA68B1
:10D5280052060AD4002904DD4FF000421A62002096
:10D5380070471A69C2F30902F8E70220704770477A
:10D5480038B502680446D36823F0A003D3603BF0E3
:10D55800C7FE05462368DB681B0601D5002038BDD9
:10D568003BF0BEFE401BB0F57A7FF3D90320F6E707
:10D5780038B502680446D36843F48063D3603BF04F
:10D58800AFFE05462368DB689B0501D5002038BD42
:10D598003BF0A6FE401BB0F57A7FF3D90320F6E7EF
:10D5A80038B50D46044610B301290FD141753BF03B
:10D5B800B7FE48B92268936823F4D8539360226869
:10D5C800D36823F00A03D360002011E0437D03F001
:10D5D800FF0213B90275FFF79FFF0223637500234B
:10D5E8002046A361FFF7C4FF18B104236375012027
:10D5F80038BD2268936823F4E01323F04003936056
:10D608004DB92268936823F4D85393602268D3688D
:10D6180023F00A03D3602268616893680B43936020
:10D628002268D36823F48063D3602369A268C3F3B4
:10D63800090343EA0262E168084B03EA81231343C2
:10D648002268136123689B689B0604D42046FFF771
:10D6580077FF0028C9D101236375B5E700FCFF00F7
:10D668000023092803D840EA0310C0B270470A38DB
:10D678000133C0B2F5E7F8B50346DA7800785E788A
:10D688009D785F68D20789B9FFF7EAFF04463046FC
:10D69800FFF7E6FF01462846FFF7E2FF3A4342EA72
:10D6A800446242EA814242EAC020F8BD42EA406050
:10D6B800384340EA864040EAC520F6E7F8B5037DDE
:10D6C8000E46012B044611464FF0020516D00123E1
:10D6D8000375036845759B68304613F0400308BF1F
:10D6E800F370FFF7C8FF07462046FFF741FF0546DE
:10D6F80030B1042301256375002323752846F8BD3E
:10D7080023681F602268D6E90430916803430B43FD
:10D7180093602268D36823F48063D36023689B688E
:10D728009B0604D42046FFF70BFF0028E1D1012314
:10D738006375E1E7F8B5034631B94278D00642BFD0
:10D7480022F010020A325A70D8781A78632883BFF8
:10D758006438C0B200244FF080745F789E7888BF28
:10D76800D870520381B9FFF77BFF05463846FFF7AB
:10D7780077FF01463046FFF773FF2243024342EA30
:10D78800054242EA0120F8BD42EA07223243224319
:10D7980042EA0040F7E770B50446237D0846012BAE
:10D7A80011464FF002050FD0012365752375FFF769
:10D7B800C1FF06462046FFF7DBFE054630B10423CD
:10D7C8000125637500232375284670BD236826F05C
:10D7D8007E4626F0C0065E602268D36823F4806324
:10D7E800D36023689B689B0604D42046FFF7A8FEF5
:10D7F8000028E4D101236375E4E7030903EB8303FD
:10D8080000F00F0000EB4300C0B2704738B5034684
:10D81800C0F34560C3F38645C3F3C624DB0F087025
:10D828004D708C70CB7052B9FFF7E7FF087028462F
:10D83800FFF7E3FF48702046FFF7DFFF887038BD29
:10D8480070B50546094B5E693046C6F30906FFF711
:10D85800DDFF4E602B6800201B691B0E8B602B6858
:10D868001B69C3F38D23CB6070BD00BF00B00050AF
:10D8780038B50346C0F30740C3F3042503F03F045B
:10D88800C3F34233C8704D708C700B7052B9FFF7F8
:10D89800B4FFC8702846FFF7B0FF48702046FFF76E
:10D8A800ACFF887038BD000070B50F4B05469E6907
:10D8B8009B69002B16DB26F07E4020F0C000FFF7A6
:10D8C800D7FFF30101D4002070BDCB78452B95BF5D
:10D8D8002A6863F07F035368CB709CBF23F0807382
:10D8E8005360F0E70120EFE700B00050704710B533
:10D8F8000446B8B18269036812B3DA6812F0020FFD
:10D90800DA6810D0002002F4806242F07F4242F4CC
:10D918007F0242F47B4242F0FD02DA60A369984735
:10D928000123637510BD110741BFDA68012002F4B5
:10D93800806262F4816254BF4FF0FF30DA60EDE735
:10D94800DA6892070FD5FFF7FAFD2268D36803F467
:10D95800806343F07F4343F47F0343F47B4343F006
:10D96800FD03D360DCE7DB681B07D9D5FFF7BEFFF3
:10D978002268D36803F4806363F48163F1E700B13C
:10D9880081617047036A70B523F001030362036A7B
:10D99800426884690D6824F4700424F003042C435D
:10D9A8008D6823F002032B430A4DA8420BD1CD68A2
:10D9B80023F008032B4322F44072D1E9055635437E
:10D9C80023F004032A43426084614A684263036285
:10D9D80070BD00BF004000502DE9F041036A0446C5
:10D9E80023F480730362056AD0F80480C3690A6867
:10D9F80023F4700323F0030343EA02078B6825F43A
:10DA0800007545EA03251A4B0E46984228D1CB6883
:10DA180033F0080304D041F2903116480FF02CFA85
:10DA2800B36933F4007304D041F2913111480FF017
:10DA380023FA736933F4807304D041F292310D48AC
:10DA48000FF01AFAF36825F4006545EA032528F46F
:10DA58004058D6E90532134325F4806548EA03188F
:10DA6800C4F80480E7617368E3632562BDE8F08168
:10DA780000400050E05C03102DE9F041036A0446C1
:10DA880023F480530362066AD0F80480C3690A68E5
:10DA980023F0704323F4407343EA02278B6826F48B
:10DAA800005646EA03360D4B0D4698420DD14B6998
:10DAB80033F4807304D041F2D63109480FF0DCF911
:10DAC8006B6928F4804848EA8318C4F80480E76141
:10DAD8006B6823642662BDE8F08100BF00400050F7
:10DAE800E05C03107047000010B5164A036804464E
:10DAF80093421AD002F50032934216D0A2F5F032C2
:10DB0800934212D002F5F83293420ED00E4A934255
:10DB18000BD002F58052934207D00C4A934204D0AE
:10DB280040F223110A480FF0A7F922680020D368B1
:10DB380043F00103D3602268136843F001031360C4
:10DB480010BD00BF00000950009000400040005088
:10DB5800E05C031010B51B4A0368044693421AD0D0
:10DB680002F50032934216D0A2F5F032934212D059
:10DB780002F5F83293420ED0134A93420BD002F5C5
:10DB88008052934207D0114A934204D04FF49C71BB
:10DB98000F480FF071F92268D36823F00103D360AE
:10DBA80041F211122368196A114208D140F2444225
:10DBB800196A114202BF1A6822F001021A60002095
:10DBC80010BD00BF00000950009000400040005008
:10DBD800E05C03107047000038B51C4A036804462F
:10DBE80093420D461AD002F50032934216D0A2F5A0
:10DBF800F032934212D002F5F83293420ED0144A12
:10DC080093420BD002F58052934207D0114A9342B7
:10DC180004D040F61E7110480FF02EF96B1EFE2B33
:10DC280004D940F61F710C480FF026F994F83430E7
:10DC38000220012B09D0236884F836005D6100209A
:10DC4800012384F8340084F8363038BD00000950C8
:10DC58000090004000400050E05C031038B590F898
:10DC680034300446012B0D464FF0020031D0012319
:10DC780084F8360084F834300B68B3F5805F0CD034
:10DC8800B3F5005F09D033F0300306D0402B04D041
:10DC980040F6B2718A480FF0EFF82268936823F4CF
:10DCA8007F2323F4776393602B68502B00F0108157
:10DCB80055D8202B00F0BD810CD8002B00F08981AD
:10DCC800102B00F09E810123002084F8363084F860
:10DCD800340038BD302B00F0C481402BF3D12368C9
:10DCE800784A93420CD002F50032934208D0A2F54C
:10DCF8002C22934204D041F20D0171480FF0BCF878
:10DD08006B68B3F5004F09D033F0020206D00A2B36
:10DD180004D041F210016A480FF0AEF8EB680F2BFF
:10DD280004D941F2110166480FF0A6F82368696822
:10DD3800186A1A6AED6822F001021A629A6920F0DC
:10DD48000A0022F0F00242EA051201439A611962C0
:10DD58002268936823F0700343F04703AEE0B3F5FD
:10DD6800805F00F0888045D8602B00F0F180702B30
:10DD7800A9D12368534A934208D002F5003293424E
:10DD880004D040F6C7714E480FF076F86B68B3F5CB
:10DD9800004F09D033F0020206D00A2B04D040F617
:10DDA800C97147480FF068F8AB6833F4405304D0A2
:10DDB80040F6CA7142480FF05FF8EB680F2B04D9A0
:10DDC80040F6CB713E480FF057F8D5E901032168BA
:10DDD80003438A68E86822F47F4243EA0023134336
:10DDE8008B602268936823F4702323F0700343F058
:10DDF800770363E0B3F5005F7FF465AF2368314ACA
:10DE0800934208D002F50032934204D040F6DF7105
:10DE18002B480FF031F86B68B3F5004F09D033F099
:10DE2800020206D00A2B04D040F6E17124480FF014
:10DE380023F8AB6833F4405304D040F6E27120482D
:10DE48000FF01AF8EB680F2B04D940F6E3711C4861
:10DE58000FF012F8D5E90103216803438A68E868DE
:10DE680022F47F4243EA002313438B6022689368BD
:10DE780043F4804322E02368124A93421AD002F501
:10DE88000032934216D0A2F5F032934212D002F536
:10DE9800F83293420ED00C4A93420BD002F58052CE
:10DEA800934207D0094A934204D040F6BE71044811
:10DEB8000EF0E2FF2268936823F47023936002E770
:10DEC800E05C031000000950009000400040005042
:10DED8002368704A93420CD002F50032934208D06E
:10DEE800A2F52C22934204D040F6F1716A480EF054
:10DEF800C3FF6B68B3F5004F09D033F0020206D0B8
:10DF08000A2B04D040F6F47163480EF0B5FFEB68B5
:10DF18000F2B04D940F6F5715F480EF0ADFF23686A
:10DF28006968186A1A6AED6822F001021A629A6929
:10DF380020F00A0022F0F00242EA051201439A6139
:10DF480019622268936823F0700343F05703B5E71A
:10DF58002368504A93420CD002F50032934208D00D
:10DF6800A2F52C22934204D040F6FF714A480EF0E5
:10DF780083FF6B68B3F5004F09D033F0020206D077
:10DF88000A2B04D041F2020143480EF075FFEB68FA
:10DF98000F2B04D941F203013F480EF06DFF2368AF
:10DFA80068681A6AED6822F010021A6299691A6A9A
:10DFB80021F4704122F0A00242EA001241EA053140
:10DFC80099611A622268936823F0700343F067032B
:10DFD80074E723682F4A93420CD002F5003293422B
:10DFE80008D0A2F52C22934204D041F21B012A4802
:10DFF8000EF042FF2268936823F0700343F0070392
:10E008005CE72368234A93420CD002F5003293421E
:10E0180008D0A2F52C22934204D041F221011E48D7
:10E028000EF02AFF2268936823F0700343F0170369
:10E0380044E72368174A93420CD002F50032934212
:10E0480008D0A2F52C22934204D041F227011248AD
:10E058000EF012FF2268936823F0700343F0270341
:10E068002CE723680B4A93420CD002F50032934206
:10E0780008D0A2F52C22934204D041F22D01064883
:10E088000EF0FAFE2268936823F0700343F037031A
:10E0980014E700BF00000950E05C031070477047A8
:10E0A8007047012310B5046BE26984F83630824268
:10E0B80006D123752046FFF7F3FF0023237510BD13
:10E0C800236A834201D10223F3E7636A834201D1C1
:10E0D8000423EEE7A36A8342ECD10823E9E77047FB
:10E0E800704708B50123006B80F83630FFF7F8FF5A
:10E0F80008BD00000E4A0368904207D002F50032BE
:10E10800904203D0A2F52C22904203D14A6823F012
:10E118007003134303608B68C3620B688362054B0B
:10E12800984204BFCB68036301234361704700BF73
:10E13800000009500040005010B50446002877D070
:10E1480002683C4B9A4202D11B203BF0C1F822687E
:10E15800394B9A4202D11C203BF0BAF82268374B5F
:10E168009A4202D146203BF0B3F82268344B9A42D7
:10E1780002D120203BF0ACF82268324B9A4202D1FF
:10E1880021203BF0A5F822682F4B9A4202D1222089
:10E198003BF09EF822682D4B9A4202D123203BF097
:10E1A80097F82368234A934219D002F50032934224
:10E1B80015D0A2F5F032934211D002F5F83293420D
:10E1C8000DD0214A93420AD002F58052934206D0DC
:10E1D8001A4A934203D097211D480EF04DFEA368BA
:10E1E80033F0100205D0602B03D0982118480EF0A8
:10E1F80043FE94F8363003F0FF0223B9204684F832
:10E208003420FFF76FFC0223206884F83630211D84
:10E21800FFF770FF6FF00102236800201A6122687F
:10E22800136843F004031360012384F8363010BDEB
:10E238000120FCE70000095000000B50004000508E
:10E248000020095000100B500090004000A0004032
:10E25800E05C031010B5044600283FD00368204A4C
:10E2680093421AD002F50032934216D0A2F5F0324A
:10E27800934212D002F5F83293420ED0194A9342D3
:10E288000BD002F58052934207D0174A934204D02C
:10E2980040F2B13115480EF0EFFDA36833F01002DB
:10E2A80006D0602B04D040F2B23110480EF0E4FDE5
:10E2B80094F8363003F0FF0223B9204684F834205E
:10E2C800FFF788FC0223206884F83630211DFFF709
:10E2D80011FF0123002084F8363010BD0120FCE72F
:10E2E800000009500090004000400050E05C03101E
:10E2F8002DE9F041036A044623F010030362056A1E
:10E30800D0F8048083690A6823F0704323F44073CB
:10E3180043EA02278B6825F0200545EA0315114BCF
:10E328000E46984216D1CB6833F0080304D041F268
:10E338005A210D480EF0A0FDF36825F0800545EA46
:10E34800031528F44068D6E905231A4325F040054B
:10E3580048EA8208C4F80480A7617368A363256249
:10E36800BDE8F08100400050E05C031070B590F803
:10E3780034300446012B0D46164600F09F800123D9
:10E38800182A80F8343003D84D4BD340DB0704D427
:10E3980040F68C414B480EF06FFD2B68B3F5C00F6B
:10E3A80007D0B3F5700F04D040F68D4145480EF004
:10E3B80063FDAB6833F0020304D040F68E41414858
:10E3C8000EF05AFD0223082E84F836305BD009D8A7
:10E3D80026B3042E3DD00123002084F8363084F87B
:10E3E800340070BD0C2EF6D12368374A93420CD006
:10E3F80002F50032934208D0A2F52C22934204D0B1
:10E4080040F6B9412F480EF037FD29462068FFF73E
:10E4180033FB2268D36943F000634DE023682A4A3E
:10E4280093420CD002F50032934208D0A2F52C2278
:10E43800934204D040F6974122480EF01DFD29462C
:10E448002068FFF79FFA2268936943F400239361D9
:10E45800C1E723681C4A93420CD002F5003293426C
:10E4680008D0A2F52C22934204D040F6A2411548C8
:10E478000EF002FD29462068FFF73AFF22689369EB
:10E4880043F00063E3E723680F4A93420CD002F598
:10E498000032934208D0A2F52C22934204D040F6D1
:10E4A800AD4108480EF0E8FC29462068FFF794FAC9
:10E4B8002268D36943F40023D3618CE7022090E7F4
:10E4C80011110001E05C031000000950144B70B5F5
:10E4D800984204460E4615460CD003F50033984280
:10E4E80008D0A3F52C23984204D041F201310D48FD
:10E4F8000EF0C2FC182E03D80B4BF340DB0704D4F4
:10E5080041F2023107480EF0B7FC0122236AB240FB
:10E5180023EA02032362236AB5401D43256270BDC6
:10E5280000000950E05C03101111000138B5184AC9
:10E538000368054693420C4603D002F50032934225
:10E548001FD10C2C04D841F21113E340DB0704D48B
:10E5580040F211410F480EF08FFC28680122214635
:10E56800FFF7B4FF2B680C4A0020934202BF5A6C95
:10E5780042F400425A642A68136843F001031360A6
:10E5880038BD054A9342E3D11429E1D8034BDCE7AF
:10E5980000000950E05C0310004000501111110008
:10E5A80038B5244A0368044693420D4603D002F561
:10E5B8000032934236D10C2D04D841F21113EB40AE
:10E5C800DB0704D440F232411B480EF055FC002210
:10E5D80029462068FFF77AFF2368184A93420DD12D
:10E5E80041F21112196A114208D140F24442196AE3
:10E5F800114202BF5A6C22F400425A6441F21112CD
:10E608002368196A114208D140F24442196A11423A
:10E6180002BF1A6822F001021A60012384F836301A
:10E62800002038BD054A9342CCD11429CAD8044BDE
:10E63800C5E700BF00000950E05C0310004000502F
:10E6480011111100F8B516461F46494A03680446D9
:10E6580093420D4603D002F50032934235D10C2D7A
:10E6680004D841F21113EB40DB0704D440F2DE4139
:10E6780040480EF001FC94F83630022BD8B223D073
:10E6880094F83630012BD8B204D106B9E7B9022381
:10E6980084F83630082D58D01ED8002D30D0042DDF
:10E6A80041D0012220682946FFF710FF0020236887
:10E6B800314A934202BF5A6C42F400425A642268BB
:10E6C800136843F001031360F8BD2B4A9342CDD180
:10E6D8001429CBD8294BC6E70C2DE2D1A36A284AC6
:10E6E80031465A63A36A274ADA6322683B464032B6
:10E6F800A06AF9F7D9FE2268D36843F4805310E082
:10E70800E3691F4A31465A63E3691E4ADA6322689D
:10E718003B463432E069F9F7C7FE2268D36843F410
:10E728000073D360BDE7236A154A31465A63236AEA
:10E73800144ADA6322683B463832206AF9F7B4FE95
:10E748002268D36843F48063EBE7636A0C4A314676
:10E758005A63636A0B4ADA6322683B463C32606A52
:10E76800F9F7A2FE2268D36843F40063D9E700BF33
:10E7780000000950E05C0310004000501111110026
:10E78800ABE00010EBE00010F8B516461F46324A21
:10E798000368044693420D4603D002F500329342C3
:10E7A80040D10C2D04D841F21113EB40DB0704D4FF
:10E7B80040F2565129480EF05FFB94F83630022B90
:10E7C800D8B22ED094F83630012BD8B204D106B97D
:10E7D8003FBB022384F83630A369214A082D5A63C7
:10E7E800A369204ADA63226832D022D835B3042DCF
:10E7F8002BD022682946D36843F48073D3602068FD
:10E808000122FFF763FE00202368174A934202BFE4
:10E818005A6C42F400425A642268136843F00103B8
:10E828001360F8BD104A9342C2D11429C0D80F4BC7
:10E83800BBE70C2DDDD13B46403201E03B4634328C
:10E848003146A069F9F730FED3E73B463832F7E79F
:10E858003B463C32F4E700BF00000950E05C03107F
:10E86800ABE00010EBE00010004000501111110067
:10E8780038B5364A0368054693420C4603D002F57C
:10E888000032934243D1082C5AD04AD8002C38D0B1
:10E89800042C50D040F2B3512D480EF0EDFA082C5C
:10E8A8004ED045D8002C2CD0042C44D00022214630
:10E8B8002868FFF70BFE2B68264A93420DD141F2D8
:10E8C8001112196A114208D140F24442196A1142E0
:10E8D80002BF5A6C22F400425A6441F211122B68AA
:10E8E800196A114208D140F24442196A114202BF22
:10E8F8001A6822F001021A60012385F836300020D8
:10E9080038BD2A68D36823F40073D360CEE7114A70
:10E918009342BFD1082913D0B8D921F00403102B92
:10E92800C4D00C2CB6D12A68D36823F48053ECE702
:10E938000C2CF8D0BAE72A68D36823F48063E4E79C
:10E948002A68D36823F40063DFE700BF000009509A
:10E95800E05C03100040005038B5264A03680446BE
:10E9680093420D4603D002F5003293423BD10C2D61
:10E9780004D841F21113EB40DB0704D440F2F951FB
:10E988001D480EF079FA22682946D36823F480736B
:10E99800D36020680022FFF799FD2368174A934245
:10E9A8000DD141F21112196A114208D140F24442C4
:10E9B800196A114202BF5A6C22F400425A6441F2A9
:10E9C80011122368196A114208D140F24442196AA7
:10E9D800114202BF1A6822F001021A60012384F86A
:10E9E8003630002038BD054A9342C7D11429C5D80E
:10E9F800034BC0E700000950E05C031000400050E2
:10EA0800111111007047704710B5036804461A6960
:10EA180091070FD5DA6892070CD56FF002021A61D8
:10EA28000123037503689B699B0779D0FFF737FBC0
:10EA38000023237523681A69500711D5DA6851072E
:10EA48000ED56FF004021A6102232375236820464D
:10EA58009B6913F4407F69D0FFF721FB00232375DE
:10EA680023681A69120710D5DA6810070DD56FF0F8
:10EA780008021A610423237523682046DB69990775
:10EA88005AD0FFF70CFB0023237523681A69D206B6
:10EA980011D5DA68D0060ED56FF010021A61082376
:10EAA800237523682046DB6913F4407F4AD0FFF7BB
:10EAB800F6FA0023237523681A69D10708D5DA689E
:10EAC800D20705D56FF0010220461A6105F052FF02
:10EAD80023681A69100608D5DA68110605D56FF09B
:10EAE800800220461A61FFF78EFF23681A695206D2
:10EAF80008D5DA68500605D56FF0400220461A613D
:10EB0800FFF7EDFA23681A69910608D5DA689206C4
:10EB180005D56FF0200220461A61FFF773FF10BD7C
:10EB2800FFF7BCFA2046FFF7BBFA81E7FFF7B6FA12
:10EB38002046FFF7B5FA91E7FFF7B0FA2046FFF74E
:10EB4800AFFAA0E7FFF7AAFA2046FFF7A9FAB0E75D
:10EB580010B50424036A01F01F018C4023EA040362
:10EB68000362036A8A401A43026210BD38B504463C
:10EB7800002200680D46FFF7EBFF41F211122368EF
:10EB8800196A114208D140F24442196A114202BF7F
:10EB98005A6C22F400425A6441F211122368196A2D
:10EBA800114208D140F24442196A114202BF1A6860
:10EBB80022F001021A6001231DB984F83D300020BB
:10EBC80038BD042D02D184F83E30F8E7082D0CBF7B
:10EBD80084F83F3084F84030F1E7000010B5022394
:10EBE800044641BB80F83D3004222068FFF7B0FF9F
:10EBF8002268536C43F4004353642368144A9342D5
:10EC080012D002F5003293420ED0A2F5F0329342B0
:10EC18000AD002F5F832934206D00E4A934203D046
:10EC280002F58052934200D19A681A68002042F097
:10EC380001021A6010BD042902D180F83E30D3E7E2
:10EC480008290CBF80F83F3080F84030CCE700BF7F
:10EC58000000095000900040FFF788BF30B5054616
:10EC680095F834300068012B3AD0012385F8343008
:10EC7800CB68C3F309040B6844EAC3744B689B0769
:10EC880003F080431C438B6A9A03CB6A02F48042E8
:10EC98002243DC028B6904F4006414431A040B69F0
:10ECA80002F4702222431C034B6904F48054144379
:10ECB8005A034B6A02F4005222431C05CB6904F440
:10ECC800700414431A060B6A02F080725B06224332
:10ECD80003F0007313434364002085F8340030BD0B
:10ECE8000220FCE70268136823F49073136002683B
:10ECF800936823F001039360202380F87230002387
:10ED0800036670477047000038B5134690F87120C5
:10ED18000446202A33D100292FD0002B2DD090F87B
:10ED28007020012A2BD00122002580F87020212292
:10ED3800A0F85230C1644567124980F87120826E8C
:10ED4800A0F850305163826E0F499163826E0F496B
:10ED5800D163826E15640268C16C2832806EF9F73F
:10ED6800A3FB4022284623681A62226884F8705060
:10ED7800936843F08003936038BD0120FCE70220CC
:10ED8800FAE700BFB3EE0010E5EE001037EF001011
:10ED980038B5134690F872200446202A38D1002945
:10EDA80034D0002B32D090F87020012A30D00122C4
:10EDB800002580F87020222241654567154980F8B2
:10EDC8007220C26EA0F858305163C26E1249916326
:10EDD800C26E1249D163C26E15640168426D243156
:10EDE800C06EF9F761FB2846226884F870501368F2
:10EDF80043F4807313602268936843F001039360BF
:10EE08002268936843F04003936038BD0120FCE713
:10EE18000220FAE7EFEE00102DEF001037EF001098
:10EE28002DE9F0411646D0E91A24054688461F46C2
:10EE380063B300231446194600228020C4E9052242
:10EE4800C4E90320C4E907312046A760F9F742F96D
:10EE580020B140F2465113480EF00EF82046F9F75B
:10EE6800B1F820B140F249510E480EF005F841467C
:10EE78002846B2B277B9FFF78BFF20B140F24F5165
:10EE880008480DF0F9FF0020BDE8F08120234FF479
:10EE98008051D1E7FFF738FF0028F4D040F25451F1
:10EEA800EEE700BF1E5D0310704708B503461B68F8
:10EEB800006B1B6813F020030CD10268A0F85230D5
:10EEC800936823F0800393600268136843F040035B
:10EED800136008BDFFF7E8FFFBE7704708B5006B54
:10EEE800FFF7FBFF08BD08B503461B68006B1B68EE
:10EEF80013F0200313D10268A0F85A30136823F4E2
:10EF0800807313600268936823F0010393600268BA
:10EF1800936823F040039360202380F8723005F053
:10EF280089FA08BD08B5006B05F058FA08BD08B5A0
:10EF3800006B90F87130212B0DD103689A68120686
:10EF480009D50022A0F852201A6822F0C0021A60DF
:10EF5800202380F8713090F87230222B08D1036892
:10EF68009B685B0604D50023A0F85A30FFF7BAFE69
:10EF7800436F43F01003436705F06AFA08BD704712
:10EF880010B502680446136823F0C00313600268D2
:10EF9800936813F0800310D0936823F08003936084
:10EFA800836E53B1094A1A64806EF9F712F910B1E9
:10EFB800A06E036C9847002010BDA4F85230636619
:10EFC800202384F87130FFF7DAFFF4E7D9EF001057
:10EFD80008B50023006BA0F85230202380F8713068
:10EFE800FFF7CDFF08BD704710B5026804461368E7
:10EFF80023F4907313600268936823F0010393600D
:10F008000268936813F0400321D0936823F040030B
:10F018009360C36E53B1114A1A64C06EF9F7D9F8F8
:10F0280010B1E06E036C9847002010BD0F22A0F8C5
:10F038005A30436503681A620268936943F008030B
:10F048009361202384F87230FFF7CDFFECE7A0F836
:10F058005A3043650F231362F3E700BF69F00010CD
:10F0680008B500230F22006BA0F85A3003681A6213
:10F078000268936943F008039361202380F8723093
:10F08800FFF7B1FF08BD000010B5394B42680446D0
:10F098009A4204D940F6AA1136480DF0EDFEA3684D
:10F0A80033F0C05304D040F6AB1132480DF0E4FE03
:10F0B800E36833F4405304D040F6B2112D480DF004
:10F0C800DBFE236A33F4006304D040F6B311294809
:10F0D8000DF0D2FE236933F4806207D0B3F5C06F18
:10F0E80004D040F6B61123480DF0C6FE636933F02C
:10F0F8000C0200D123B940F6B7111E480DF0BCFE32
:10F10800A36933F4407304D040F6B81119480DF0E0
:10F11800B3FEE36933F4804304D040F6B9111548CF
:10F128000DF0AAFE2269A368216813436269086882
:10F138001343E2691343104A024013430B602268E9
:10F14800E168536823F440530B435360206AA36972
:10F158002168034300208A6822F4306213438B60DD
:10F168002268D36A23F0F003D362C4E9180010BD03
:10F17800809698001E5D0310F3B9FFE710B5436A47
:10F188000446FF2B04D940F6E91153480DF074FEEC
:10F19800636AD8070FD5A36A33F4003304D040F666
:10F1A800EE114D480DF068FE2268A16A536823F4F9
:10F1B80000330B435360636A99070FD5E36A33F44E
:10F1C800803304D040F6F51143480DF055FE22680F
:10F1D800E16A536823F480330B435360636A5A0728
:10F1E8000FD5236B33F4802304D040F6FC113A4842
:10F1F8000DF042FE2268216B536823F480230B43F1
:10F208005360636A1B070FD5636B33F4004304D064
:10F2180040F6032130480DF02FFE2268616B5368D9
:10F2280023F400430B435360636AD8060FD5A36BDE
:10F2380033F4805304D040F60A2127480DF01CFE11
:10F248002268A16B936823F480530B439360636A2D
:10F2580099060FD5E36B33F4005304D040F611211F
:10F268001D480DF009FE2268E16B936823F40053F2
:10F278000B439360636A5A061AD5236C33F48013E0
:10F2880004D040F6192114480DF0F6FD2268216CCF
:10F29800536823F480130B435360236CB3F5801F2A
:10F2A80006D12268616C536823F4C0030B43536092
:10F2B800636A1B060FD5A36C33F4002304D040F611
:10F2C800262105480DF0D8FD2268A16C536823F467
:10F2D80000230B43536010BD1E5D031010B5044698
:10F2E800002870D00268394B9A4202D1082039F0C0
:10F2F800EFFF2268364B9A4202D1092039F0E8FF25
:10F308002268344B9A4202D10A2039F0E1FF226880
:10F31800314B9A4202D10B2039F0DAFF94F8713060
:10F3280003F0FF0223B9204684F87020FFF7EAFCB7
:10F338002423226884F871301368204623F00103DF
:10F348001360FFF7A1FE636A13B12046FFF716FFAB
:10F358002268536823F4904353602268936823F02B
:10F368002A0393602268136843F0010313606168FD
:10F378001A4B2268B3FBF1F30F2B19D8184BB3FBC8
:10F38800F1F3116841F4804111602168CA6A22F0E2
:10F398000F0242F00202CA6222680020D3602023D2
:10F3A800606784F8700084F8713084F8723010BD9A
:10F3B800116821F4804111602168CA6A22F00F02A5
:10F3C80042F00602E7E70120F1E700BF00500850CD
:10F3D800006008500050004000600040006CDC02F3
:10F3E80000D8B80510B5F9F75BF90446A8B93AF0A2
:10F3F8001BF80A203AF018F820222146094839F06B
:10F40800FFFF20224FF480700649F9F7A3F920285E
:10F4180005D1FEF719F8204610BD0120FCE70220AF
:10F42800FAE700BF58BC00202DE9F0410446104619
:10F43800914A566811B90020BDE8F0810028FADD2C
:10F448008E4B1D78002DF6D0042C79D10D28F2DDD5
:10F45800546893F804C0E4B2072C874C18BF52686C
:10F468006268DFF81482D2B2072A18BF62685A7934
:10F47800120202F470624CEA020CA1F800C09D79F5
:10F488005A792D0105F0100545EA12158D80DF79AE
:10F498009A79FF0107F4786747EA52074F801C7A88
:10F4A800DA79E40004F0180444EA5214CC805A7A59
:10F4B8001E7A920102F47C6242EA96020A819E7ADE
:10F4C80093F809E0B60006F03C0646EA9E1605EBFE
:10F4D800850504EB840406EB860605EB850504EB3D
:10F4E800840406EB8606AD00A400B6008D80CC80AF
:10F4F8004E81D8F804E05FFA8EFEBEF1070F06D001
:10F50800D8F804E05FFA8EFEBEF10F0F08D193F829
:10F5180011E0CEF3C00E81F80CE05B7C1B094B7345
:10F52800BCF1000F87D0002D85D0002F83D0002C90
:10F5380081D0002A3FF47FAF002E3FF47CAF7BE7F9
:10F54800062C79D10D287FF776AF5468E4B2072CE2
:10F55800494C18BF52686268D2B2072A03D0626861
:10F56800D2B20F2A03D1C6F30722042A1CD0424C78
:10F578006268D2B2072A00D0626805F007050D70EC
:10F588001A78C2F3C0044C705C78120904F00F05B5
:10F5980024098A70CD700C715C7B24090C739C7BE8
:10F5A80004F00F044C7315E01A7D02F007020A708C
:10F5B8001A7DC2F3C0024A701A7D12098A705C7DF6
:10F5C80004F00F04CC705C7D24090C711C7FC4F31B
:10F5D800C3040C73284D6C68E4B2072C0FD06C6818
:10F5E800E4B20F2C0BD09C7824098C71DC7804F0E1
:10F5F8000F05CD71C4F30215E4090D724C721E4C4F
:10F608006568EDB2072D03D06568EDB20F2D07D1FF
:10F618006568EDB2072D03D06468E4B20F2C03D1FE
:10F628009B7803F00F034B71002A3FF404AF0B7B68
:10F63800002B3FF400AFFFE6152C7FF4FCAE072843
:10F648007FF7F9AE9A7A12090A70DA7A02F03F0265
:10F658004A701A7BDC7A920002F01C0242EA941289
:10F668008A701A7BD208CA709A7BDB7B1B0143EA3B
:10F6780012130B71E0E600BF00B0005058BC002028
:10F68800F0B505460138C0B2FD2808D800240B4F54
:10F6980057F8040B067826B90134062CF8D1002057
:10F6A8000BE0AE4205D14678964202D186788E426A
:10F6B80001D00830EEE703B11C70F0BD30B603107E
:10F6C80007B50DF10703FFF7DBFF30B14FF4057203
:10F6D8009DF80730024802FB030003B05DF804FB05
:10F6E80048B803104FF0FF307047000008B5FFF727
:10F6F800F9FF031EA5BF4FF405720248002002FB64
:10F70800030008BD48B8031008B50023FFF7B8FF89
:10F7180008B1406808BD4FF08060FBE708B50023DA
:10F72800FFF7AEFF10B1C078C0F3400008BD08B5C0
:10F738000023FFF7A5FF10B1C078C0F3810008BD12
:10F7480008B50023FFF79CFF08B1C078000908BD81
:10F758002DE9F34704460025DFF8B080254FD8F897
:10F768000030043B9D4203DB002002B0BDE8F08777
:10F77800218B628B002932D0002A32D01E4B1B68A5
:10F78800994201D2934207D93B680BB11B4898476D
:10F79800B7211B480DF070FB264605F10109D8F882
:10F7A8000030043B994502DB01350434D7E7F28B7E
:10F7B800002AF9D0638B9A420DD1D7F800A0BAF18C
:10F7C800000F04D00092B38B218B0E48D047C32181
:10F7D8000B480DF051FB09F101090436DFE7002A57
:10F7E800C2D03B680BB108489847D32104480DF0B4
:10F7F80043FBD9E778BC00208CBC0020DE5D0310F9
:10F808007C5D0310FB5D0310485E031088BC00207C
:10F818004FF0FF3210B5074C0144884201D1D04364
:10F8280010BD10F8013B5340DBB254F8233083EA93
:10F838001222F2E7C0C40310014B1860704700BFE2
:10F8480078BC0020F8B5174B01461E68B04225D297
:10F8580080B1154B00221C68144B043C1D46944291
:10F8680008DD1F8B8F4212D105EB82056C8BA642F7
:10F8780001DC2046F8BD0E4B1B6813B122460D482B
:10F88800984740F2D7310C480DF0F6FAF1E717B96E
:10F898005F8B002FEED001320433E0E74FF0FF30EA
:10F8A800E8E700BF8CBC002088BC002090BC00208A
:10F8B80078BC0020665E03107C5D03102DE9F04FD4
:10F8C8000746884687B000294BD10025284607B04F
:10F8D800BDE8F08F0022CDE90122264E009138467E
:10F8E8002146336806F052FD002832DD326813687D
:10F8F8005B4523D15668C6F31E06AE4215DD104699
:10F9080010210592FFF784FF059A1369834213D1EA
:10F91800C8F8004035460134DAF80010D9F800304C
:10F92800B3FBF1F3A342D5D8D0E7134B1B681BB147
:10F9380032462946114898472E46EBE75A1CC5D04F
:10F948000D4A1568002DC0D0224639460C48A847F4
:10F95800BBE7094B1B68002BEED022463946094805
:10F96800E9E70024DFF820A02546DFF82090DFF83B
:10F9780020B0D1E77CBC002078BC0020855E031055
:10F98800B25E0310E35E031054AE002058AE0020B0
:10F998004D4266532DE9F04F01280746DFF874A160
:10F9A80087B00ADDDAF800301BB9002007B0BDE8DF
:10F9B800F08F01464C489847F7E7DFF85C8100284C
:10F9C80068D1B8F80050B8F80260002D67D0284612
:10F9D80004A9FFF773FF8146002E62D0304605A9BF
:10F9E800FFF76CFF0446DAF800B0BBF1000F05D052
:10F9F80023462A4649463D480096D847A145D4D0D3
:10FA08004FF0000298BF354607F1080394BF28F865
:10FA1800136028F81350CDE90122354B88BFDDF873
:10FA280010B01B6898BFDDF814B0DFF8F0800093C1
:10FA380059462846D8F8003088BF4C4606F0A6FC40
:10FA48000028DAF8006046DDD8F80080294BD8F89D
:10FA580000209A4237D110214046FFF7D9FED8F846
:10FA680010200146824228D1D8F80410C1F31E01A3
:10FA7800A14218D14FF402721F48414602FB070009
:10FA88001BF03EFCDAF8003013B121461B489847BA
:10FA980020468BE7B8F80450B8F8066095E7A94601
:10FAA8009AE734469FE716B122461548B04740F218
:10FAB800AE2114480DF0E0F9E4E70EB11248B04762
:10FAC8004FF42D71F5E71EB15A4629460F48B04745
:10FAD80040F2BA21EDE7002E3FF467AF5A462946B7
:10FAE8000B48B04761E700BF015F0310155F0310C3
:10FAF80054AE00204D42665390BC0020F85F0310BE
:10FB08003B5F03107C5D0310855F0310975F031054
:10FB1800CC5F031078BC0020A0C000207CBC002073
:10FB28002DE9F04305460024134F144EDFF85080AA
:10FB380085B039683368B3FBF1F3A34202D84FF0BC
:10FB4800FF3415E00022CDE90122DFF8389000915A
:10FB580028462146D9F8003006F018FC20B1D9F81B
:10FB680000301B68434501D10134E2E70133FBD182
:10FB7800204605B0BDE8F08354AE002058AE002002
:10FB88004D4266537CBC0020F0B5044685B080B277
:10FB98001F460D461646FFF755FE431C08D10A4B73
:10FBA8001B6813B1214609489847002005B0F0BDED
:10FBB8000C9B324602930B9B294601930A9B0093A8
:10FBC8003B4606F0E3FBF1E778BC00200B6003102E
:10FBD800F7B5044608460E46FFF7A2FF051E25DBCB
:10FBE800134B1A68134B1B68B3FBF2F39D421DDAE3
:10FBF800114FFF21386839F003FC64420F4904F4BF
:10FC080002744FF40272386821441BF079FB38689B
:10FC180060B102680A4B9A4208D1FFF799FD0023A8
:10FC28000093294630463A6806F048FC03B0F0BD18
:10FC380054AE002058AE00207CBC002090BC0020B0
:10FC48004D4266532DE9FF47854C864B2268864F07
:10FC58009A42864E00F08180D4F808229A427CD0DD
:10FC680023600123636000232381814B1B68043BCD
:10FC780063813B68013BA3813368E3813568DFF822
:10FC8800F4813B68AB4273DC0025A846DFF8E491B9
:10FC98003368AB4200F3868063894BB9754B1B68A8
:10FCA8000BB1754898474FF44B7174480DF0E4F860
:10FCB80010216B48FFF7ACFD6D4B20611968704847
:10FCC80004398900FFF7A4FD4FF4027264496061AA
:10FCD80088181BF015FB94F80F32102143F08003AD
:10FCE80084F80F326748FFF793FDC4F81802002420
:10FCF8003568DFF8B491DFF8B4813B689D42C0F203
:10FD08008380032C0ADC5B4B1B6813B121465E48D9
:10FD180098474FF4567159480DF0AEF800255B4CE2
:10FD280000202189FFF754FF23890120618923805E
:10FD380023822581FFF74CFF63896581A380638255
:10FD4800A3896380E389E3804A4B1B680BB1504861
:10FD58009847002004B0BDE8F087464B1B680BB1FC
:10FD68004C48984740F2DE2144480DF085F885E775
:10FD7800284606F03DFC70B9284606F0D5FB40B190
:10FD8800D8F8003013B12946434898476389013BA6
:10FD98006381013575E7D8F80030002BF6D0294685
:10FDA8003E48F2E7284606F023FC58B3D9F800305D
:10FDB80013B129463A489847A08906F019FCA38947
:10FDC8008246013BA3816389013B9BB2638108B1F1
:10FDD800002BF1D1D9F800301BB1424629463148F1
:10FDE8009847BAF1000F08D1A28908F1060324F850
:10FDF8002350013204EB83035A80238908F1010858
:10FE080001332381013543E7284606F0F1FB064616
:10FE180018BBD9F800A0FF215246D8F8000039F0E5
:10FE2800EFFACDE90166CDF800A0D8F800303246E7
:10FE38003146284606F0AAFAD9F80030834209D19B
:10FE4800D8F800301B68013301BF104B221D23F87E
:10FE580012500134032C3FF761AF01354DE700BF65
:10FE680090BC00204D42665384BC00208CBC00200E
:10FE780088BC002078BC0020B46003107C5D0310AF
:10FE8800A8BC002098BE0020CE600310A0C00020AF
:10FE9800F56003102E6003104260031064600310C5
:10FEA80081600310A060031054AE00207CBC0020C9
:10FEB8002DE9F04F04460D4687B0002900F039813E
:10FEC8009D4B1A68012A08D19C4B1B680BB19C48B2
:10FED8009847002007B0BDE8F08F0122994E1A60BC
:10FEE800336823B94FF4627197480CF0C5FFDFF807
:10FEF80098A2DAF8003023B940F2893192480CF020
:10FF0800BBFF33684FF00008B4FBF3F48F4ADFF807
:10FF18007CB263091360CBF80040DFF87492E41AEE
:10FF28008B4B182200218B481C60C9F8005039F00F
:10FF380067FA4FF482620021874839F061FA474630
:10FF48004646DBF800309C4202DB4FF0FF3564E0A8
:10FF5800204606F04DFB054638B1784B1B6813B1B7
:10FF68007E48611C98470134EBE7DAF80020FF214E
:10FF7800D9F80000059239F043FA059ACDE9015500
:10FF88000092D9F800302A462946204606F0FEF9A4
:10FF9800DAF8003098422ED1D9F8001070480B6872
:10FFA800A2B283426B4B1FD191F907100029B5BF4C
:10FFB80003EB470123F816208A800136B8BF0137C2
:10FFC80006EB08023A44032ACDDD002E00F08180BA
:10FFD800002F7ED0012E01D0012F1ED119881A8939
:10FFE80081B91A805A8913E008F1040123F8112015
:08FFF80008F10108E4E7514B98
:020000041001E9
:100000001B68002BB3D05948611CAFE7598809B968
:100010005A80EBE7002AE9D09988002958D19A80C4
:100020000225DFF82091D9F8004024B143463A4632
:1000300031464F48A047D9F8003013B129464D4802
:10004000984735F0020069D1FFF7A8FC054601206A
:10005000FFF7A4FCD9F8006004463EB13F4A2946A8
:10006000538A0093128A03464348B047A5423C4C4A
:1000700035DD4FF402722146A0181BF045F994F8C3
:100080000F32102143F0800384F80F3204F5027020
:10009000FFF7C2FBC4F818020120304B598AFFF762
:1000A0009BFD2268304B9A422DD12D48FFF754FB1F
:1000B000D9F800402CB1314B28493148A3F50272E0
:1000C000A047D9F80030002B3FF407AF2D4803E7D5
:1000D000D9880029A4D1DA80A2E70125A1E7E0DAD6
:1000E0004FF402722046A1181BF00EF9E37910219B
:1000F00023F08003E3712046FFF78EFB174B20614E
:10010000198A0020CBE7D9F800300BB11E48984778
:1001100040F2B1310E480CF0B3FEC9E7012D02D117
:10012000FFF794FDC4E7D9F800301BB14FF0FF3161
:10013000164898474FF46F71ECE74FF0FF30CDE66B
:1001400080BC002078BC00201161031058AE002054
:100150007C5D031088BC00208CBC0020A0C0002067
:1001600090BC00203F6103104D4266534B61031069
:100170006A610310896103109B61031098BE00201F
:10018000F66103101A620310BF610310D5610310FA
:1001900054AE002084BC00207CBC0020014B1860C1
:1001A000704700BF54AE0020014B1860704700BF7D
:1001B00058AE002070477047B0F1C04F70B536D3CD
:1001C000B1F5804F21D900231A49C1F88430BFF31B
:1001D0004F8F43F6E074D1F88030C3F3C900C3F306
:1001E0004E335B01024603EA040646EA8275013A91
:1001F000C1F86052F9D2203B13F1200FF2D1BFF3C6
:100200004F8FBFF36F8F012070BD81B100F01F03CE
:100210000B44BFF34F8F07490344C1F85C02203001
:100220001A1A002AF9DCBFF34F8FBFF36F8F00203B
:10023000EAE700BF00ED00E00022914B70B5C3F883
:100240008420BFF34F8F5A6922F480325A61BFF382
:100250004F8F43F6E074D3F88020C2F3C900C2F395
:100260004E325201014602EA040646EA817501391E
:10027000C3F87452F9D2203A12F1200FF2D1BFF331
:100280004F8FBFF36F8FBFF34F8FBFF36F8F5A69DD
:1002900022F400325A610022C3F85022BFF34F8F7C
:1002A000BFF36F8FBFF35F8F596A21F480315962BA
:1002B000D3F8941021F00101C3F89410BFF34F8FCD
:1002C000BFF36F8F114610466D4BC3F89820013273
:1002D0000C2AC3F8A000F8D1D3F8C020694822F056
:1002E000FF0242F02202C3F8C020D3F8C02022F45B
:1002F0007F4242F48842C3F8C020D3F8C02022F4E1
:100300007F02C3F8C020D3F8C02022F07F4242F021
:10031000EE42C3F8C020D3F8C42022F0FF0242F01E
:100320003302C3F8C420C3F898104FF6E1720721D6
:10033000C3F89C10C3F8A0200122C3F8982002F152
:100340000112C3F89C20504AC3F8A0200222C3F82F
:1003500098204E4AC3F89C204D4AC3F8A02003229F
:10036000C3F89820C3F89C004A48C3F8A0000420B2
:10037000C3F898004848C3F89C004848C3F8A00058
:100380000520C3F898004648C3F89C004548C3F8C8
:10039000A0000620C3F898004348C3F89C004348D7
:1003A000C3F8A000C3F898104149C3F89C1001F5A8
:1003B000432101F6E171C3F8A0100821C3F8981099
:1003C0003C49C3F89C1001F57F2101F6DF71C3F8A9
:1003D000A0100921C3F898103749C3F89C10374979
:1003E000C3F8A010BFF35F8FC3F894205A6A42F499
:1003F00080325A62BFF34F8FBFF36F8F5A6912F486
:10040000803224D1C3F88420BFF34F8F43F6E074C9
:10041000D3F880301A49C3F3C900C3F34E335B01EC
:10042000024603EA040646EA8275013AC1F86052C0
:10043000F9D2203B13F1200FF2D1BFF34F8F4B695C
:1004400043F480334B61BFF34F8FBFF36F8F0C4B7F
:100450005A6912F4003211D1BFF34F8FBFF36F8F7F
:10046000C3F85022BFF34F8FBFF36F8F5A6942F426
:1004700000325A61BFF34F8FBFF36F8F70BD00BF63
:1004800000ED00E002000020E3FF02000600001083
:10049000E1FFFF1FE3FF272003000040E5FFFF5FB0
:1004A00002000060E9FFFF6102C03F20E3FF4F2030
:1004B00002C0BF200200802006000062E3FFFF6F41
:1004C00070B5204B5A6912F4003211D1BFF34F8F2F
:1004D000BFF36F8FC3F85022BFF34F8FBFF36F8FFF
:1004E0005A6942F400325A61BFF34F8FBFF36F8FE6
:1004F000144A536913F4803323D1C2F88430BFF314
:100500004F8F43F6E074D2F88030C3F3C900C3F3D1
:100510004E335B01014603EA040646EA8175013960
:10052000C2F86052F9D2203B13F1200FF2D1BFF391
:100530004F8F536943F480335361BFF34F8FBFF341
:100540006F8F70BD00ED00E07047000008B5104AE5
:10055000104B9A60D3F8882042F03F02C3F88820FD
:10056000D3F8882042F47002C3F88820FFF723FEF6
:10057000FFF762FE084B1B68DB0701D4FFF71AFE8A
:10058000FFF79EFFFFF7E0FF044B054A1A6008BD26
:100590000000001000ED00E000B000505CAE002054
:1005A00040787D0130B502460024104B1D78184676
:1005B000954202D19D888D4217D00134092C03F158
:1005C0000603F3D10A4B5B68DBB2062B0CD9062479
:1005D000084B1D781846954202D19D888D4204D063
:1005E000013C03F10603F4D1002030BDE4C8031040
:1005F00000B00050C0C8031038B50446084619467C
:100600001546FFF7CFFF38B1438882882946E018A6
:100610001AF07AFE002038BD0120FCE738B5054607
:10062000084619881446FFF7BDFF38B14188828813
:10063000294420461AF068FE002038BD0120FCE75E
:10064000034B5B68DBB2062B8CBFCC20402070478D
:1006500000B0005008B5F82209490A481AF054FEC3
:10066000FBF7ACFF4FF400520021074838F0CCFEF6
:100670004FF4FD52054904481AF046FE08BD00BF7C
:10068000BCE80310007F4020006040201CC903101C
:1006900010B50E4A86B00E4C03AB07CA83E80700BC
:1006A00004F10C0384E80700184642F6F4720021B6
:1006B000019338F0A9FE40F21C52064901981AF045
:1006C00023FE06B0BDE81040FBF778BF40EF0310F3
:1006D00000504020B4E90310044B054A5B6805480C
:1006E000DBB2062B88BF1046704700BF00B0005039
:1006F000D0EE0310007F40200023F0B500F18044CD
:10070000490804F50224971C37F8236032F8235077
:10071000013305EB064544F8045BDDB2A942F3D88A
:100720000139C9B2043000EB810080B2F0BD2DE97F
:10073000F0414FF0000E9DF81C809C46DDE90863F7
:100740003244002513E031F815400788A7428BBFDB
:100750003F1BE41BBCB2A4B20DB1A64506D9A64608
:100760001CF805703770069F7F5D1F700135ECB275
:10077000A045E8D80136964203F1010300F10200DA
:10078000DFD1BDE8F081000010B50E4C042038F038
:100790004FFE63690A2023F004036361636923F059
:1007A00002036361636943F002036361636943F0B9
:1007B0000403636138F03CFE6369DB07FCD5A06984
:1007C000000C10BD0028084010B5354B354C1A6898
:1007D000002042F010021A605A68462142F08062FE
:1007E0005A60D3F8FC206FF30902C3F8FC20A26D15
:1007F00022F48072A265226E42F480622266E26870
:1008000022F40042E260D3F8EC2022F02002C3F888
:10081000EC20D3F8EC2042F02002C3F8EC2043F6A1
:10082000FC72636F13436367A36F1343A367636F24
:100830001D4A23F080436367C4F88C00FFF75CFF18
:10084000D4F88C30043003EB0043C4F88C303621EC
:10085000164AFFF751FF04303021154AC4F89000C2
:10086000FFF74AFFD4F89030043003EB0043C4F89C
:1008700090304E210F4AFFF73FFF043060210E4AAF
:10088000C4F89400FFF738FFD4F89430043003EB39
:1008900000435E21094AC4F89430FFF72DFF10BDD4
:1008A00000400840002808407CF2031010F20310BA
:1008B000B0F1031014F1031054F0031098EF03107B
:1008C0002DE9F04F2DED028BBFB00590782018F088
:1008D000DBFC0490782018F0D7FC83464FF4F070CE
:1008E00018F0D2FC08904FF49E7018F0CDFC0690E2
:1008F000A02018F0C9FC0B90A02018F0C5FC0C90AB
:100900004FF49E7018F0C0FC09904FF49E7018F0E0
:10091000BBFC0790A02018F0B7FC0D90A02018F0A9
:10092000B3FC0E904FF49E7018F0AEFCAF4C0A90E2
:10093000636F002623F003036367A36F4FF0FF3A52
:1009400023F00303A367E368B14643F0006343F079
:100950000303E36023694FF0010843F4E0232361BC
:100960006368802523F0FF036360636843F031030D
:100970006360236843F4805343F00103236063689A
:1009800043F4002343F480736360236A43F4804399
:100990002362974BD3F8182122F07C62C3F8182108
:1009A000D3F8182142F0E072C3F81821A26822F4AB
:1009B000FE42A260A26842F48042A260626922F014
:1009C00030026261626942F4815242F0080262615F
:1009D000626842F400226260A2696FF30F02A261B2
:1009E000A26942F4F052A261D3F81C216FF30A020B
:1009F000C3F81C21D3F81C2142F01002C3F81C21BB
:100A0000A26822F0FF02A260A26842F08002A26007
:100A1000D3F8182122F07E62C3F81821D3F81821E8
:100A200042F0E072C3F81821236843F00103236009
:100A3000636943F080036361636923F0800363614A
:100A4000636923F002036361636943F00203636136
:100A5000E36843F04403E360E36943F40023E361A4
:100A6000A36823F4FE43A360A36843F48043A36018
:100A7000CDE9116A10960F96A368042023F4FE4373
:100A8000A360A368402743F48043A36038F0D0FC00
:100A90000121636843F4807363606068400118D586
:100AA0006068820100F19080402343FA01F03B1A14
:100AB000DFB21591A06820F4FE40A060A06840EA73
:100AC0000720A060012038F0B3FC159901310729F7
:100AD000E3D1616821F480716160FFF755FE8021E8
:100AE00048F2484C41FA08F16045C9B275D9A0F501
:100AF000044A2944CDE91075AAF1480ACDB20F90F5
:100B0000636908F1010823F004036361A368B8F185
:100B1000090F23F0FF03A360A36843EA0503A36062
:100B2000AAD1129B5345049B28BFDDE910691E70B2
:100B30004FF00006089B34BFBDF85070BDF83C7004
:100B40008BF800901F80A36823F0FF03A360A368C5
:100B50001D43A560636923F004036361049B9BF854
:100B600000801D784FF00009CA464A46A368771CEA
:100B700023F0FF03A360A368FEB258FA87F7FFB221
:100B80003B43A360636843F480736360236A43F468
:100B9000804323620F92A368042023F4FE43A360E2
:100BA000A36843EA0523A36038F042FC6368580158
:100BB00037D563680F9A13F0007354D1D5B1013D56
:100BC0004FF00009EDB219E0606883017FF571AF65
:100BD000402343FA01F03B186AE7ACEB0003691AC3
:100BE000A9463E461293CDB2149089E700280840EA
:100BF0000040084009F101095FFA89F942B1139AEE
:100C000093420EBF4FF0000A0AF1010A5FFA8AFA16
:100C1000BAF1040F4FF00102139302D0B9F1020FA1
:100C2000B8D1636823F480736360A36823F4FE4340
:100C3000A360A36843EA0523A360FFF7A5FD47F27D
:100C40001063984281461BD9772E04D940F62E11A5
:100C50000A480CF015F9049B0BF806709D55089B8B
:100C600023F816907EE73E2D01D80135A8E709F15B
:100C700001093F255FFA89F9C0E700BF2D62031023
:100C80006368282223F4002363600E9B0899039372
:100C90000C9BB348CDE90163CDF800B0049BFFF78E
:100CA00046FD0D9B282203930B9BAE48CDE90163C3
:100CB000CDF800B0049BFFF73AFD0A9B4F22039347
:100CC000099BA948CDE90163CDF800B0049BFFF76B
:100CD0002EFD079B4F220393069BA448CDE9016399
:100CE000CDF800B0049BFFF722FD6368A04D43F4EC
:100CF00000236360A36916AF6FF30F03A361A369B9
:100D0000B7EE008A43F48743A361D5F81C316FF333
:100D10000A03C5F81C31D5F81C3143F01003C5F89F
:100D20001C31069BDA7C079BDB7C43EA0223A36031
:100D3000D5F8183123F07E63C5F81831D5F818318D
:100D4000C5F81831FFF720FD6369064623F0040358
:100D50006361D5F8183123F07C63C5F81831D5F8F4
:100D6000183143F07C63C5F81831FFF70DFD636956
:100D7000801B23F00403636163683A4623F4002375
:100D800063604FF4D823B3FBF0F307EE903A0025ED
:100D9000F8EEE76A9FED776A744931F8023BB0EEEE
:100DA000487AA3F5F443493B03EB430307EE903A3B
:100DB000F8EEE77AA7EEC67A66EE877AFCEEE77A77
:100DC00017EE903A0135EDB2282D22F8023BE4D11E
:100DD0006368674E43F400236360A3696FF30F03F6
:100DE000A361A36943F48743A361D6F81C316FF371
:100DF0000A03C6F81C31D6F81C3143F01003C6F8BC
:100E00001C31069B93F83B20079B93F83B3043EA49
:100E10000223A360D6F8183123F07E63C6F8183198
:100E2000D6F81831C6F81831FFF7AEFC6369804672
:100E300023F004036361D6F8183123F07C63C6F80D
:100E40001831D6F8183143F07C63C6F81831FFF733
:100E50009BFC6369A0EB080023F0040363614FF47B
:100E6000D823B3FBF0F307EE903A9FED436AF8EE18
:100E7000E76A3E4916AA31F81530B0EE487AA3F574
:100E80000043893B03EB430307EE903AF8EEE77A21
:100E9000A7EEC67A66EE877AFCEEE77A17EE903A0E
:100EA00022F8153001354F2DE5D1E36923F40023F5
:100EB000E3610023C4F89830059AC4F89820059A95
:100EC00002F1804101F502210B9A0D98D25CC05CC1
:100ED00000EB02200E9AD25C02EB00420C98C05C40
:100EE000013302EB0022282B41F8042BECD1059AA8
:100EF000D4F89830A03203EB0243C4F89830059B35
:100F00001E49099A19440023551C0A9A501C15F8C9
:100F1000132010F8136006EB02260A9A12F8132029
:100F200002EB0642099E16F81360013302EB06221B
:100F3000282B41F8042BEAD10022059BC4F89C2001
:100F400003F5A073C4F89C30069B0D4A591E079BFD
:100F5000581E059B1A44069B03F14E0512E000BF84
:100F600032F50310E2F40310A6F3031008F30310A4
:100F7000004008407F512D370B802A37A0200840C1
:100F80004021084037F8023B11F8016F1B0403EBC6
:100F9000062310F8016F8D42334442F8043BF1D12F
:100FA000059B142003F51F75636B23F4F013636333
:100FB000636B43F4E0136363236943F48073236139
:100FC000A36B43F47E33A363636B43F483036363D4
:100FD000D4F8883043F44073C4F8883038F028FAE5
:100FE000636B022023F40073636338F021FA636BB0
:100FF000022043F40073636338F01AFAD4F888309F
:1010000023F00103C4F88830D4F8883043F001039A
:10101000C4F88830D4F888309907FBD5636B23F483
:10102000F8436363D4F88820D4F88830C2F3C3024D
:10103000C3F38003616B9B0343EA82230B43636327
:10104000D4F8883023F00103C4F88830636B23F4AC
:1010500081036363D4F8883023F40073C4F88830C4
:10106000236923F480732361E36823F0006323F092
:101070004303E360636F43F003036367A36F43F0CD
:101080000303A367236A23F480432362636823F482
:10109000002363608B4BD3F81C2142F00102C3F89C
:1010A0001C21D3F8182142F40012C3F81821236838
:1010B00023F001032360636B43F001036363A36BBD
:1010C00043F48063A363636943F002036361236EA7
:1010D00043F480632366236823F4805323606369A9
:1010E00023F480536361A36C43F40053A364A36DA2
:1010F00043F02003A365E36843F08803E360236EB5
:1011000043F4401343F404732366E36C43F0006339
:1011100043F0C003E364E36C23F48053E364A36D02
:1011200043F0C003A365E36F43F00C03E367E36F91
:1011300023F00203E367E36F43F00103E367D4F8AE
:101140008030DA07FBD5636DD4F880201B0A22F4C7
:10115000FE42C4F88020D4F8802003F4FE431343F9
:10116000C4F88030636DD4F880209B0D22F0FE021D
:10117000C4F88020D4F8802003F0FE031343C4F8A1
:101180008030E36C142623F0006323F0C003E36493
:10119000E36C43F48053E364A36D23F0C003A365C1
:1011A000236E23F4401323F404732366E36F43F0A8
:1011B0000203E367E36F23F00103E367E36823F0CF
:1011C0008003E360A36C43F40053A364A36D43F472
:1011D000004343F02003A365A36D23F48043A3657C
:1011E000D4F8843023F07073C4F88430A36D43F4D2
:1011F0008033A365A36D23F48073A365A36D43F4CB
:101200008073A365D4F8843043F40013C4F88430A9
:10121000D4F88430DB0201D4002E4CD1D4F88430D1
:10122000A26D5B0C22F47852A265A26D03F4785390
:10123000134343F48043A365D4F8843023F40013AC
:10124000C4F88430A36D23F4803323F02003A36516
:10125000A36C23F40053A364236923F4C023236104
:10126000636943F080036361049818F015F85846E9
:1012700018F012F8089818F00FF8069818F00CF803
:101280000B9818F009F80C9818F006F8099818F05F
:1012900003F8079818F000F80D9817F0FDFF0E9866
:1012A00017F0FAFF0A9817F0F7FF28463FB0BDEC99
:1012B000028BBDE8F08F0120013E38F0B9F8F6B29C
:1012C000A6E700BF004008402DE9F04FBDB00D90EB
:1012D000962017F0D9FF0590962017F0D5FF0690BD
:1012E0004FF4167017F0D0FF07904FF49E7017F070
:1012F000CBFF08904FF49E7017F0C6FFAF4D0990DA
:10130000D5F8EC30AE4A23F40063C5F8EC30D5F8DC
:10131000EC30AC4C43F00C03C5F8EC30536F642058
:1013200043F4C003536738F083F8636F002623F05B
:101330000303636723694FF0FF3943F4E02323611C
:101340006368B34623F4FD4323F07F03636063685F
:101350004FF0010A43F4A84343F075036360236828
:10136000B04623F4706323602368324643F420635D
:1013700023602368402143F400532360636843F4EF
:10138000002343F480736360236A43F48043236241
:10139000636923F038036361636943F4805343F066
:1013A00010036361636843F400236360A3696FF310
:1013B0000F03A361A36943F43453A361D5F81C312F
:1013C0006FF34A03C5F81C31D5F81C3143F0100304
:1013D000C5F81C31D5F81C3123F00103C5F81C31C8
:1013E000636A802523F0FF036362636A43F080032E
:1013F0006362636943F080036361636923F0800380
:101400006361636923F002036361636943F002036C
:101410006361E36843F4C003E360E36943F40023DA
:10142000E361636A23F4FE436362636A43F48043C7
:1014300063623346CDF82890606A402720F4FE406E
:101440006062606A40F480406062606840F480706E
:1014500060600120D4F804C01CF4800F19D0D4F8C7
:1014600004C01CF4001F40F0958041FA00FCA7EB7B
:101470000C07FFB2D4F824C001302CF4FE4CC4F8A1
:1014800024C0D4F824C007284CEA072CC4F824C090
:10149000E0D1CDE90E23606820F480706060FFF732
:1014A00073F9802348F2863E43FA0AFC70454FF0F8
:1014B0004001DDE90E235FFA8CFC75D980462B468E
:1014C0003A46A0F50349A9F18609AC4460695FFA80
:1014D0008CF520F004006061606A0AF1010A20F0D6
:1014E000FF006062606ABAF1090F40EA05006062BD
:1014F000A2D10A99494524BF16469B46059B38BF91
:10150000BDF830801E70069B28BF1FFA88F883F84C
:1015100000B0079BA3F800804FF00008636A23F037
:10152000FF036362636A1D436562636923F004031A
:101530006361069B1F78059B1D78636A08F10106AD
:1015400023F0FF036362636A5FFA86F857FA86F650
:10155000F6B233436362636843F480736360236A63
:1015600043F480432362002319461846626A22F43A
:10157000FE426262626A42EA052262626268520266
:1015800032D5626812F4001253D1EDB1013D00234F
:10159000EDB21BE0D4F804C01CF4001F3FF46AAFA6
:1015A00041FA00FC674464E7AEEB00060A96AB46DE
:1015B0003E46A5EB0C0C0C9088E700BF00400840AD
:1015C00000000940002808400133DBB228B10B9825
:1015D00082420EBF00210131C9B204294FF001003F
:1015E0000B9201D0022BC1D1636823F48073636036
:1015F000636A23F4FE436362636A43EA052363621A
:10160000FFF7C2F847F24273984281461CD9B8F1FD
:10161000950F04D940F6BE410A480BF031FC059BFA
:1016200003F80850069B03F80860079B23F81890FE
:1016300083E73E2D01D80135A9E701333F25DBB211
:10164000C4E700BF2D62031063684F2223F4002318
:1016500063606369BD4823F004036361099B0799D4
:101660000393089BCDE90183069B0093059BFFF73D
:101670005EF8236823F400532360236923F4803346
:101680002361236923F400332361236923F4802336
:101690002361D4F89C309BB2C4F89C30D4F89C30C1
:1016A0000D9A03EB0243C4F89C30089B03F1FF380A
:1016B000099B4246013B0C930D9B0C9803F180471C
:1016C00007F502273946089B4E330E9312F8015F47
:1016D00010F8013F03EB052303F1817303F5803319
:1016E00043F0C04341F8043B0E9B9342EED1984D2A
:1016F00032206B6FDFF868B223F400136B6737F0AA
:1017000097FE6B6F934A23F480036B67236A022072
:1017100023F480432362D2F81C314FF0000943F0D8
:101720000103C2F81C31236943F4C023236137F05D
:101730007FFE2368884943F400532360236923F420
:1017400080332361E36943F40023E361636943F475
:1017500080536361A36A43F40063A362236943F087
:1017600001032361A36A43F00203A362A36A43F067
:101770000803A362636A23F0F8736362636A43F049
:1017800080736362DBF800300F93DBF8383010931E
:10179000DBF83C301193D1F8882014AB42F0010201
:1017A000C1F88820DBF8002042F4002242F08402D5
:1017B000CBF80020DBF8382022F4F012CBF83820E8
:1017C000DBF8382042F46022CBF83820634ACBF8AB
:1017D0003C20DBF8042042F00102CBF80420DBF8C7
:1017E000082022F00102CBF808200B9328AB1E46FC
:1017F000DDF82CA00A936A6F282022F07E526A67D7
:101800006A6F42EA090242F0804242F4C0026A670B
:1018100037F00EFE002211460AF8012B1391606A80
:1018200020F4E0206062606A129240EA0240606246
:10183000282037F0FDFDDBF8380040F00200CBF83F
:101840003800DDE91221DBF844004007FBD5DBF866
:101850002400DBF84430C0F30B00884243F001035E
:10186000CBF8443088BF0AF8012C02F1010288BF8E
:101870000146082AD2D1102112923170616A21F4F6
:10188000E0216162616A1AF8010C41EA004161627B
:10189000616A21F0F8716162616A307841EA005151
:1018A00061626169282041F080016161616921F014
:1018B0008001616137F0BCFD0521129AA36A30787E
:1018C000DB074CBF801A8018C0B2520813913070E9
:1018D0001292606A20F0F8706062606A96F800C048
:1018E00040EA0C506062042037F0A2FD1399129A6E
:1018F000013911F0FF01E1D16A6F322022F40012A8
:101900006A6709F5000937F093FDB9F11E5F06F12A
:1019100001067FF470AFE3680E4E23F4800323F0DA
:101920000303E360636F142043F001036367636F95
:1019300043F002036367236923F4C02323F0010308
:101940002361236823F4005323600BE044F4031065
:10195000000009400040084000B00050EF0000FCCB
:1019600000700850236923F480332361636823F4F3
:1019700080736360636823F400236360236A23F445
:1019800080432362A36A23F40063A362D6F81C3168
:1019900043F00103C6F81C31636923F4815323F03B
:1019A00010036361636943F0A8036361E36923F48F
:1019B0000023E3616B6F23F400136B6737F038FD8E
:1019C0006B6F23F0804323F480036B67D6F8EC3011
:1019D00023F00C03C6F8EC30A36A23F00803A362DB
:1019E0000F9A234B1A60109A9A63119ADA63214A6C
:1019F0000B9B0A9913F8010B0C9D0B9311F8013BFB
:101A000018F8014F0A9115F8011F01EB042112F893
:101A1000014B01EB0041600801EB035100F00203B0
:101A2000C4F340049B0400F01C0043EAC43341F0BB
:101A3000C04143EAC0530B4347F8043B0E9B0C954F
:101A40004345D5D1059817F027FC069817F024FCDC
:101A5000079817F021FC089817F01EFC099817F05A
:101A60001BFC0D9B03F59E703DB0BDE8F08F00BFE1
:101A70000070085061AE00202DE9F04190B084461E
:101A80006C46364B03F12005224618685968083326
:101A900003C2AB421446F7D1314B08AC03F1200529
:101AA000224618685968083303C2AB421446F7D17E
:101AB0004FF400722B4BC3F898201A689200FCD5A3
:101AC000002400255A68264642F000525A602F46EC
:101AD00000232549DFF894E010A800EB430063449D
:101AE00051F8042BDBB230F9408C102B30F9200C6C
:101AF000C2F3090208BF00237145C2FB8867C2FB1D
:101B00008045E9D1002F30463B4604DA40F2FF130E
:101B1000F01847F10003400A002D40EAC3504FEA95
:101B200063212A46234604DA40F2FF12A31845F146
:101B3000000200FB01F4A0FB00015B0A43EAC25370
:101B400052125A4301EB4401A3FB0334C01804EBC7
:101B5000420241EB020110B0BDE8F08182F50310B2
:101B6000A2F50310001000400080402000884020B3
:101B700000207047F0B587B007460E461546F6F7C9
:101B800093FD0446A0B914224FF4807001A9F6F722
:101B9000E5FD20469DF81330C3F340129B093A70CF
:101BA00033709DF8143003F003032B7007B0F0BDC1
:101BB0000120FBE7F0B587B007460D461646F6F75D
:101BC00073FD0446C0B901A914224FF48070F6F7E2
:101BD000C5FD20469DF81410C1F380033B70C1F38E
:101BE000C30333609DF815305B0003F00E0343EA36
:101BF000D1132B6007B0F0BD0120FBE70020704738
:101C00002DE9F04FADF5017D4FF49E7201900391E7
:101C100031A8002137F0F8FB0022714905AB0868B4
:101C200049680DF1110403C36E490DF112050868EE
:101C300049680DF1130603C38DF8102020468DF876
:101C4000112031462A46FFF795FF9DF81130664C6A
:101C50008BB1636E9DF8122023F4404343EA823334
:101C600063669DF81330012B40F0A9805F4B07930A
:101C70001F238DF820304FF080464FF0FF327369FC
:101C80005B4D114603F03F030220029337F06CFBDB
:101C9000D5F8EC30574A43F01C03C5F8EC30564BEE
:101CA0002820596F28AF0A4042F0534242F40042C4
:101CB0005A67D3F8B020514942F48072C3F8B0207B
:101CC000D3F8B02022F0FC02C3F8B020D5F82C21C4
:101CD00042F48012C5F82C212A6822F010022A60F2
:101CE000E26922F4F04242F40052E261226A22F4F4
:101CF000675222F03F022262226A42F4855242F089
:101D00000C022262226C22F478722264226C42F469
:101D1000CF7242F001022264E26C22F03E0242F0F5
:101D20001802E264D4F8A42042F00402C4F8A4200B
:101D3000226D22F470722265E26842F08802E2604D
:101D4000D5F82C2142F48012C5F82C212A6842F0E3
:101D500088022A602A4AC2F89C102A49C2F8A010B8
:101D60004FF42861C2F89410D2F8941041F48041E5
:101D700041F00301C2F894105A6F42F4C0025A674E
:101D800037F056FB336943F001033361736923F085
:101D90003F0343F00203736100261FAB0093039BD4
:101DA0003341DA0740F19781B3B29A1E042A12D860
:101DB000DFE812F04B032A0031033B034103032BFE
:101DC0007FF459AF04238DF81D3040F60C03ADF8B5
:101DD0001E3018234DE760224FF6FF731AE000BF54
:101DE0007862031081620310002808400607100C77
:101DF00000400840FF3F7F000000094000000C4009
:101E000000100040008040207022236C23F060030B
:101E10002364102305A9705C0DF11C0CD4F8AC10E0
:101E200016F80CC021F4784141EACC21C4F8AC107A
:101E3000C5F83421D4F8A8204FF4FC6822F0704291
:101E400042EA0072C4F8A8204FF6FF724FF0FF3943
:101E50006FF0004A93421FBFE26C22F03E0242EA5A
:101E60004303E364AB6CC74A6FF3090343F04003D9
:101E7000AB64D36A43F46063D362D4F8A83003F050
:101E80007043C4F8A830D4F8A83043F08063C4F895
:101E9000A830D4F8AC3003F0F823C4F8AC30BA4B17
:101EA000D4F8AC20C8F30A0B1A4042EA0B42C4F83B
:101EB000AC200120FFF7E0FD484571EB0A02B8BFF6
:101EC000009A08F101081FFA88F8BEBF81468A46C9
:101ED000C2F800B0B8F5026FAB4BE1D14FF4FC682B
:101EE0004FF0FF396FF0004A009AD4F8AC30126816
:101EF0006FF31A4343EA0243C4F8AC30A34BD4F85F
:101F0000AC20C8F30A0B1A4042EA0B02C4F8AC201A
:101F10000120FFF7B1FD08F10108484571EB0A0205
:101F20001FFA88F8BEBF81468A46C7F800B0B8F5E8
:101F3000026F964BE3D14FF4FC684FF0FF396FF01E
:101F4000004AD4F8AC303A686FF30A031343C4F87C
:101F5000AC308D4BD4F8AC20C8F30A0B1A4042EADF
:101F60000B42C4F8AC200120FFF786FD484571EB19
:101F70000A02B8BF009A08F101081FFA88F8BEBF2C
:101F800081468A46C2F800B0B8F5026F7E4BE1D1B7
:101F90004FF4FC684FF0FF396FF0004A009AD4F814
:101FA000AC3012686FF31A4343EA0243C4F8AC3012
:101FB000764BD4F8AC20C8F30A0B1A4042EA0B0265
:101FC000C4F8AC200120FFF757FD08F1010848458F
:101FD00071EB0A021FFA88F8BEBF81468A46C7F82D
:101FE00000B0B8F5026F694BE3D14FF440584FF0A1
:101FF000FF396FF0004AD4F8AC303A686FF30A0347
:102000001343604AC4F8AC30D36A23F4606343F4EA
:102010000063D362AB6C6FF3090343F08003AB64DE
:10202000D4F8A8306FF39B3343F08063C4F8A83032
:10203000574BD4F8A810C8F30D0B194041EA0B0117
:102040000220C4F8A810FFF717FD484571EB0A0CF1
:102050000DAA08F11008BEBF81468A4642F826B094
:10206000B8F5A04F4A4BE4D14FF47C684FF0FF39EC
:102070006FF0004AD4F8A8300DAA52F826206FF36A
:102080000D031343C4F8A830424B0DF1580BD4F89C
:10209000A82002201A4042EA8832C4F8A820FFF79C
:1020A000EBFC484571EB0A02B8BF4BF8268008F1FB
:1020B0000108BCBF81468A46B8F5825F354BE6D140
:1020C000D4F8A83016AA52F826206FF39B3343EABF
:1020D0008233C4F8A830009B01360433072E07F181
:1020E000040700937FF45BAE302263682A4923F42F
:1020F000FD4323F07F036360636843F4A84343F028
:1021000075036360236823F4706343F420632360E2
:10211000D4F8AC3023F47843C4F8AC30D4F8AC3005
:1021200043F46053C4F8AC301C4BC3F83421D4F8EA
:10213000A8301B4A23F0704343F0E043C4F8A830B2
:10214000E36C23F03E03E364236C23F06003236419
:10215000E36B23F4F023E363124B52F8040B43F8D0
:10216000040B8B42F9D1FFF749FD04AD20B128469D
:102170007FAA31A9FFF71EFD2D78002D00F0808188
:1021800012E000BF00A00C50FFFF00F800F8FFFFB6
:1021900000C0FFFFFF3F00F0B4410840004008408E
:1021A0004CEF031068410840272731AE3546262101
:1021B000319B589AA2EB030C07FB03C3B3FBF7F068
:1021C00007FB103E0139BEF1130F88BF013089B201
:1021D0006860634404350029F0D1272026257F9FBD
:1021E00059A9A7EB020C00FB02C2B2FBF0F300FB03
:1021F000132EBEF1130F88BF01330B606B1E9DB20F
:1022000062440431002DF0D1636A0A2023F0704348
:1022100043EA0773636237F00BF90E272B466FF022
:102220004D0C8B490878002B00F0C18107FB03F2AD
:1022300092FBFCF20244CA5401334F2BF3D105B197
:1022400008705E27D4F89C3082481B0C03F1804153
:102250007F4D814A01F50221184415F8018B56F88B
:10226000049BB8F15E0F84BF4FF05E0805F8017C57
:102270000B684FEA580C1340C8F3400843EA09734F
:102280000CF0020E43EAC8330CF01C0C43EA8E43F8
:1022900043EACC5341F8043B8842DED163686F4A7D
:1022A00023F0FF03636063686D4D43F031036360A7
:1022B000D2F894306B4E23F00103C2F89430D5F875
:1022C0002C31142023F48013C5F82C31736F0DF1D9
:1022D000580823F0C0237367736F1FAF23F40013F4
:1022E000736737F0A5F8736F142023F480037367C6
:1022F00037F09EF84FF04432D5F8EC305A4943F4A9
:102300000063C5F8EC30D5F8EC3007A823F00C03D7
:10231000C5F8EC30D6F8B0300DF1340E23F48073EC
:10232000C6F8B030514B0DF1A00CC5F8043103F1E3
:102330006843C5F80C314E4BC5F81021C5F814316F
:10234000C5F82421C5F828310022AB6C6FF30903CE
:1023500043F04003AB64236D43F420732365D4F84A
:10236000A43023F00403C4F8A430E36823F0880306
:10237000E360D5F82C3123F48013C5F82C312B6899
:1023800023F008032B60019B05ADC4F8A030019B2E
:1023900019445FFA82F9042A84BF09F1FF395FFA10
:1023A00089F915F801AB5EF8293058F8296043EA3D
:1023B0000A7343EA863341F8043C10F8013B5CF8A9
:1023C0002960DB0243EA0A73334357F8296001327C
:1023D00043EA0643082A41F8083BDAD1642037F083
:1023E00027F8D4F894202349234B94B213FA82F3AC
:1023F00011FA82F2214943F8041B9A42FBD14FF0B3
:10240000FF320298114636F0AFFF04F128000DF5B7
:10241000017DBDE8F08FE36B502223F4F023E363EA
:10242000236C23F060032364F3E4E36C302223F095
:102430003E03E364D0E4226C22F478722264226CBE
:1024400042F0800222641822E4E460220423E1E4E2
:1024500061AE00203C210840FF7FF70100100040E2
:1024600000400840000009400420084055555580B0
:1024700044505050A820084080200840015001508E
:1024800031AE30224C4BC3F8342103F540435A6F30
:1024900022F07E525A675A6F002D7BD15A67D4F8CA
:1024A0009C301B0C002D7CD103F1804303F50223EB
:1024B0001B684FF01E084FF4806B6362636928202D
:1024C00043F080036361636909AF23F080036361B4
:1024D00036F0AEFFD4F8A830102203F07043C4F8F1
:1024E000A830D4F8A830002143F08063C4F8A830A5
:1024F000D4F8AC30384603F0F823C4F8AC3036F0EA
:1025000083FF2E484FF0000E0F21F246636A23F03E
:10251000704343EA01736362C0F898B003689B009C
:10252000FCD5002294464368DFF8A09043F00053A6
:10253000436059F8043BC3F309039B181A46204B28
:102540004CF1000C9945F4D196457AEB0C03B8BFD9
:10255000316001F1FF31BCBF9646E2460229D5D178
:102560003268B8F10108BB5C03F10103BB54C9D167
:102570000F2333603268F95CBA5C914288BF3360E4
:10258000013B022BF6D10135032D06F19C067FF4A9
:1025900078AF09E6012D0CBF42F09C5242F01C526C
:1025A0007CE7012D0CBF074A074A9B5881E70123AE
:1025B0005E201D463AE600BF004008400010004083
:1025C000009040209C200840382108400080402096
:1025D00073B5214B6C46B3F84420186C93F8463021
:1025E000ADF804208DF8063000900AF012FC054684
:1025F0000AF00DFC06460AF00EFC86421BDB0AF0D0
:1026000006FC0623E256AA4218DD013BFAD200235B
:10261000002214F9011B814212DA0132072AF8D193
:10262000002200200124014693420BDD0B4B88B9A8
:10263000187002B070BD0AF0EEFBE2E75BB2E7E7AC
:10264000D2B2EEE704FA03F0014301330120C9B22C
:102650005BB2E9E71970ECE782F5031060AE002089
:1026600010B5D24AD24C536B23F006035363536B1D
:1026700023F001035363936B23F478439363936BC9
:1026800023F480639363536B43F002035363536BF0
:1026900043F001035363936B43F400639363936BC1
:1026A0009363936C6FF39D339364936C43F008537F
:1026B00043F408139364D36C23F4C043D364D36C02
:1026C00043F4C043D364536D6FF30F035365536DED
:1026D00043F42A4343F0AA035365D36D23F0986370
:1026E000D365D36D43F09863D365B24B196841F05D
:1026F00010011960596841F080615960D3F8FC00FD
:10270000AD490840C3F8FC00106E40F480601066CC
:10271000D06820F40040D0604FF04430D3F8EC2073
:1027200022F02002C3F8EC20D3F8EC2042F0200283
:10273000C3F8EC20A14AC3F8042102F16842C3F8AF
:102740000C219F4AC3F81001C3F81421C3F82401D7
:10275000C3F828219A6C9B480A409A649A6CA1F5A8
:10276000FE316FF393229A649A6C42F4003242F085
:10277000A6029A64D3F838210A40C3F83821D3F866
:102780003C210A40C3F83C21D3F8382142F4D53229
:1027900042F0E102C3F83821D3F83C2142F4C032C0
:1027A000C3F83C215A6D02F000425A65596D864AC1
:1027B0000A435A651A6F02F000421A67196F834A7A
:1027C0000A431A67D3F8902042F00102C3F8902020
:1027D00043F224525A641A6D6FF30D021A651A6D92
:1027E00042F4A0621A65D3F8F42002F07842C3F8EC
:1027F000F420D3F8F42042F4F732C3F8F420D3F8ED
:10280000F42042F0FD02C3F8F420D3F8F42042F0A3
:102810002A72C3F8F420D3F8F82002F07842C3F803
:10282000F820D3F8F8106A4A0A430021C3F8F820C8
:102830009A686FF39B329A609A6842F040629A609D
:102840001A6A19621A6A42F480421A62DA6AD96212
:10285000DA6AA1F5801142F48042DA621A6C22F041
:1028600080021A641A6C42F080021A64D3F8D820ED
:1028700022F08062C3F8D820D3F8D82042F08062DA
:10288000C3F8D820D3F8E0200A40C3F8E020D3F8FA
:10289000E02042F4803242F48072C3F8E020D3F8A2
:1028A000E4200A40C3F8E420D3F8E420494942F484
:1028B000803242F4A072C3F8E420D3F890206FF382
:1028C0004A02C3F89020D3F8902042F05002C3F897
:1028D0009020D3F8E82022F0F002C3F8E820D3F8E3
:1028E000E82042F08002C3F8E820D3F8E82022F084
:1028F0000F02C3F8E820D3F8E82042F00402C3F83E
:10290000E820D3F8E82022F47042C3F8E820D3F896
:10291000E82042F40042C3F8E820D3F8E82022F48B
:102920007062C3F8E820D3F8E82042F48062C3F86C
:10293000E8201A6842F080621A60D3F8B4210A4095
:10294000C3F8B421D3F8B42142F00802C3F8B4218B
:10295000D3F8B4212240C3F8B421D3F8B42142F40F
:102960008062C3F8B421D3F8B4210240C3F8B42183
:10297000D3F8B42142F0F86242F48022C3F8B421C3
:10298000D3F8B8210A40C3F8B821D3F8B82142F4EB
:10299000EF7242F00102C3F8B821D3F8B821224007
:1029A000C3F8B821D3F8B82116E000BF00280840CA
:1029B000FF01FCFF0040084000FCFFFF555555801B
:1029C00044505050FFFF03F86889000B2041000578
:1029D000FFFEB90200FEFFFF42F46E3242F40072C5
:1029E000C3F8B821D3F8B8210240C3F8B821D3F80E
:1029F000B82142F0FF62C3F8B821D3F8BC210A40E5
:102A0000C3F8BC21D3F8BC2142F04302C3F8BC2177
:102A1000D3F8BC212240C3F8BC21D3F8BC2142F436
:102A20009B32C3F8BC21D3F8BC2102404FF4800094
:102A3000C3F8BC21D3F8BC2142F06572C3F8BC21B5
:102A4000D3F8C0210A40C3F8C021D3F8C021A1F5B2
:102A5000FC4142F0FF02C3F8C021D8615A6A0A4023
:102A60005A625A6A42F040025A6298621A6B0A40ED
:102A70001A631A6B42F040021A6310BD37B5FFF7B4
:102A800077F808B9FFF7A4FD1C4C36F0FDFBE36BAB
:102A900023F40063E363FDF797FEFDF711FFFEF7F4
:102AA00013FC4FF080431A6922F001021A611A697F
:102AB00042F001021A61124B1978FFF7A1F8FFF7F3
:102AC000CFFD4FF4C0232367FFF752F805460AF005
:102AD000A2F904040AF09DF944EA056405460AF0E7
:102AE00096F9042240EA040343EA05230DEB0201B0
:102AF00006200193F9F75EF803B030BD00280840C6
:102B000060AE002070B5044602200D4636F078FC19
:102B1000654AD2F8EC3023F40063C2F8EC30002CA4
:102B200040F0998002F54042D2F8B030002D43F4D5
:102B30008073C2F8B03009DD042D61DD0A2D61DD3E
:102B40000D2D61DD102DCCBF05240424574B5649B3
:102B50001A570A2A5ADCD1F8EC30EDB223F00C03F4
:102B6000C1F8EC30524B0A2D5A6B22F006025A6320
:102B70005A6B22F001025A639A6B22F478429A63EC
:102B80009A6B22F480629A635A6B42F004025A6391
:102B90005A6B5A639A6B42F478429A639A6B42F486
:102BA00080629A6379D8434B595DFF2975D0424BB7
:102BB000D3F8B02022F0FC02C3F8B020D3F8B02044
:102BC00042EA8102C3F8B0200024EFF3108601230B
:102BD00083F31088394D2B7823B940F223113848FC
:102BE0000AF04EF92B78013BDBB22B7023B9354A42
:102BF000D36A23F00103D36286F31088204670BDA8
:102C00000124A3E70224A1E703249FE72A4B0C2A0F
:102C1000D3F8B00040F48050C3F8B000D1F8EC0015
:102C200040F00C00C1F8EC0039DD102A0FD0132A57
:102C30000FD00D2A35D10421D3F8B02022F46062E0
:102C4000C3F8B020D3F8B02042EA4122BAE7062107
:102C5000F2E70721F0E7012CB6D1174B002DD3F88E
:102C6000B02042F48052C3F8B02012DD032D05DD00
:102C7000062D10DD0B2DB4BF03240424D3F8B0209F
:102C800022F46062C3F8B020D3F8B02042EA4422B4
:102C900098E70024F2E70224F0E70C2495E70324E8
:102CA00093E7022491E700BF00400840D4F50310E9
:102CB00000280840C9F5031000000940408C00209E
:102CC0008A62031000000C507047704710B5334BF8
:102CD00096B05C680023FF228DF805300A23CDE909
:102CE00002234FF40043ADF806302D4B01229B68C0
:102CF0000020D9075CBF01238DF805309DF8053011
:102D000001A9C3F101038DF80430F8F753FF042241
:102D100002A91046F8F74EFF042203A90320F8F792
:102D200049FF02220DF106010520F8F743FFE4B246
:102D3000012207200DF10501F8F73CFF062C2AD9E6
:102D4000184B1422002106A8049336F05DFB40F2D4
:102D50004443059303238DF81D309DF8043004226D
:102D600004A90E208DF82130F8F724FF182205A9B8
:102D70000B20F8F71FFF282200210CA836F044FB97
:102D800006232C228DF8543040230C200DEB020139
:102D90000B93F8F70FFF16B010BD00BF00B0005046
:102DA00000B00C5000FE0720FFF790BF70470000F6
:102DB00038B5022036F024FB002036F079FAFFF710
:102DC000F5FFFFF7F1FF022036F026FB2C4CA04266
:102DD0000DD905220121022036F0C6FA022036F074
:102DE0001BFBA04203D98A2126480AF049F8264C49
:102DF0006368DBB2062B01D8FFF767FF4FF0015085
:102E0000F8F76AFF6368DBB2062B2ED8FDF722FCC9
:102E10001E4B1B780BB9FFF731FEFFF755FF4FF440
:102E2000A04200211A4836F0EFFA36F0B5FAEFF377
:102E30001085012383F31088164C23781BB9962143
:102E400010480AF01DF82378013BDBB2237023B948
:102E5000114AD36A23F00103D36285F3108841F24B
:102E6000883036F0E5FA002038BD4FF4A06200212A
:102E70004FF0015036F0C8FAFDF70AFCC8E700BF72
:102E800000366E01D862031000B00050B8C00020B8
:102E900000804020408C002000000C5008B500202D
:102EA00036F006FA002008BD7047000010B5154B3B
:102EB0001C691A6EDA695A6A003C18BF012412F0C4
:102EC000020009D048F2FF11596119624FF4006104
:102ED0000D4BC3F8801101E0D106F3D40B4B5B7EA0
:102EE00033B112F0120F01D0FFF7DEFF204610BD04
:102EF0000028FBD0064B1B78002BF7D000F00CF815
:102F0000F4E700BF0000094000E100E0BCC0002081
:102F1000E0C00020FFF7CABF4FF00043154910B5CD
:102F2000C1F80031D1F80031002BFBDB42F6010083
:102F3000D1F80031104A23F070431468043340EA9A
:102F40000340206010681B0C436013680B489860B6
:102F500013680B48D8600B4813680068C3F8A002D8
:102F60001368094A1268C3F8A4224FF00043C1F85D
:102F7000103110BD00000940B0AE0020800002807A
:102F800002040004DCC00020D8C00020DFF848D0D4
:102F9000124880F30A88FDF7D9FA114C114DAC4262
:102FA00009DA21686268A368043BA2BFC858D05000
:102FB000FAE70C34F3E70C4B0C4CA34208DA19681F
:102FC0005A680020043AA4BF8850FBE70833F4E7AE
:102FD0000AF0F7FDFEE7FEE70020002000000020D9
:102FE000A0980410C4980410C4980410D498041035
:102FF00008B50BF097FEF5F7F5FABDE808400BF0C1
:10300000A7BE08B50BF08EFEF5F7F2FABDE8084052
:103010000BF09EBE08B50BF085FEF5F7EFFABDE8A4
:1030200008400BF095BE08B50BF07CFEF5F7ECFA06
:10303000BDE808400BF08CBE08B50BF073FEF5F749
:10304000E9FABDE808400BF083BE08B50BF06AFE54
:10305000F5F7E6FABDE808400BF07ABE08B50BF0CC
:1030600061FEF5F7E3FABDE808400BF071BE08B564
:103070000BF058FEF5F7E0FABDE808400BF068BE2B
:1030800008B50BF04FFEF5F7DDFABDE808400BF090
:103090005FBE08B50BF046FEF5F7DAFABDE808406A
:1030A0000BF056BE08B50BF03DFEF5F7D7FABDE8BC
:1030B00008400BF04DBE08B50BF034FEF5F7D4FA1E
:1030C000BDE808400BF044BE08B50BF02BFEF5F749
:1030D000D1FABDE808400BF03BBE08B50BF022FE6C
:1030E000F5F7CEFABDE808400BF032BE08B50BF09C
:1030F00019FEF5F7CBFABDE808400BF029BE08B57C
:103100000BF010FEF5F7C8FABDE808400BF020BE42
:103110002DE9F84FDDF828800E469A46144636F021
:103120001BF90C2705460023DFF8C890DFF8C8B06C
:10313000B9F80010994235DC202905D140F2B112CE
:10314000284929480CF0C0FC0C23B9F800707B43D7
:103150003BF90330013305D040F2B3122149234833
:103160000CF0B2FC0C235F430BEB07022BF807605B
:103170005388C4F30D046FF30E039F2E44EA030437
:10318000B9F80030C2F804A05480C2F80880C8BF63
:10319000174A03F10103A9F80030C2BF13880133B5
:1031A000138014E007FB03F00BEB00023BF9000077
:1031B000B04201D00133BDE7536853450CD1538869
:1031C000C3F30D03A34207D19368434504D12846B6
:1031D00036F0D6F8002003E0284636F0D1F8072074
:1031E000BDE8F88F22F60310246303104863031030
:1031F00048C100204AC10020B4AE0020F8B50C46FA
:1032000036F0AAF8002105460C221D4E1D4F3388CA
:103210008B4204DC284636F0B3F80020F8BD02FBF0
:1032200001F000EB070C385EA04201D00131EFE75E
:10323000013B8B421EBF02FB037207CA8CE80700EA
:103240000C225343FA58F91802F000426FEA124276
:103250006FEA0242FA5000239F2CC1E901330BDDD3
:10326000094C23882BB94FF4F272084908480CF036
:103270002BFC2388013B23803388013B3380C9E743
:103280004AC10020B4AE002048C1002037F6031028
:103290005863031010B5044605480CF04DFB214659
:1032A00004480CF049FBBDE8104003480CF044BB57
:1032B000706303107F630310628303102DE9F043F2
:1032C0005F2805466C4C87B01FFA80F929DC012382
:1032D000DFF8F4810E3005AA0DF1160136F08CF8F6
:1032E0009DF814300646052B96BF644A644F52F889
:1032F0002370A04540F081805FFA89F840460DF1C7
:10330000150136F021F808B35E480CF015FB49466C
:103310005D480CF011FB5D480CF00EFB07B0BDE8FA
:10332000F0839F28D2BFA9F16009A9F1A009A046A6
:103330004FF00003DDBFDFF8948123381FFA89F9CD
:10334000A5F15F00C8BF1FFA89F9C4E79DF81530E1
:10335000002B50D14FF00C0C4D4A14884D4A9C4222
:1033600001D8002411E00CFB03F18818515EA9423A
:1033700001D00133F3E74488C4F30D04042C33D89F
:10338000240504F1805404F58814404635F0D4FF38
:10339000414B81469C424DD041D8112C4DD036D85E
:1033A000002C4DD03D4A3E4B012C14BF9046984610
:1033B00000240C22364B37491B88A34249DC4FD0EE
:1033C00030480CF0B9FA0C22324B294602FB043388
:1033D0009A68344803925B683246CDE901830097CE
:1033E0004B460CF0A9FA96E740F213422E492F48BB
:1033F0000CF06AFBB5E70124C7E74946404635F0C3
:1034000037FF49460446404635F0A2FFC0E7284A48
:103410002249284B944214BF88469846C8E7264B59
:103420009C4210D003F580139C420FD0234A1B49C5
:10343000234BEFE7DFF89880BAE7DFF89880B7E72B
:10344000DFF89480B4E7DFF89480B1E7DFF890808C
:10345000AEE702FB04F0085EA842B1D00134ACE74D
:1034600008480CF069FA4B4632462946CDE9007807
:1034700014480CF061FA4EE75CB00C50DCF5031018
:1034800044640310706303104B64031062830310E1
:103490004AC10020B4AE0020000021103A6403109D
:1034A000A163031064640310F4F50310D3920310B6
:1034B00000001110C663031000004110000031101D
:1034C000EF6303109764031000000A5000000840E7
:1034D000DA630310B2630310916303100B640310EB
:1034E0002364031002282DE9F34107460C4600F33C
:1034F0008C80A5480CF020FAA4480CF01DFAA448D2
:103500000CF01AFAA0480CF017FAA2480CF014FAC2
:103510009F480CF011FA9C480CF00EFA9E480CF0F3
:103520000BFA9B480CF008FA97480CF005FA9B48F8
:103530000CF002FA96480CF0FFF993480CF0FCF9F5
:1035400097480CF0F9F992480CF0F6F98E480CF017
:10355000F3F994480CF0F0F98D480CF0EDF98A4835
:103560000CF0EAF990480CF0E7F989480CF0E4F91E
:1035700085480CF0E1F98D480CF0DEF984480CF038
:10358000DBF981480CF0D8F989480CF0D5F980486E
:103590000CF0D2F97C480CF0CFF986480CF0CCF94D
:1035A0007B480CF0C9F978480CF0C6F982480CF059
:1035B000C3F977480CF0C0F973480CF0BDF97F48A7
:1035C0000CF0BAF972480CF0B7F96F480CF0B4F986
:1035D0007B480CF0B1F96E480CF0AEF96A480CF07B
:1035E000ABF978480CF0A8F969480CF0A5F96648E1
:1035F0000CF0A2F974480CF09FF965480CF09CF9A6
:103600006FF0090002B0BDE8F08170480AF008FBD5
:10361000054658B95C480CF08FF96D480CF08CF9F0
:103620005B480CF089F96FF00700EBE703210AF023
:103630006BFB032F66686DD03046664917F01CFDA2
:10364000074618BBA06815F013FEADF80400E0684B
:1036500015F00EFE39468DF8060001AA28460AF03C
:1036600051FC9DF80640012C0BD1BDF8043002211D
:103670001846594A13F048F82146BDF8040013F0E3
:1036800089F828460AF09CFB0020BBE730465349E6
:1036900017F0F2FC074688B9A06815F0E9FDADF80F
:1036A0000400E06815F0E4FD0423ADF80600394697
:1036B00028460DEB03020AF0EDFBE2E730464849ED
:1036C00017F0DAFC0746F0B9A06815F0D1FDE46800
:1036D0005F28D4BF00F10E08A0F123080646414937
:1036E0002046D8BF012717F0C7FC18B93046FFF7AE
:1036F000E5FDC6E7204615F0BBFD3A4601464046CB
:1037000035F06EFEBDE720480CF016F936480CF097
:1037100013F919E03046354917F0AEFC0746B8B941
:10372000A06815F0A5FD04233946ADF804000DEBA3
:10373000030228460AF076FB13480CF0FDF8BDF8AA
:1037400006102B480CF0F8F811480CF0F5F898E743
:103750003046284917F090FC88B9A66826493046BB
:1037600017F08AFC044630B920460134FFF7A6FD65
:10377000A42CF9D185E7304615F07AFDB7E7024869
:103780000CF0DAF81D48C2E770630310C864031038
:1037900062830310FD6403102D6503105D65031043
:1037A00084650310AB650310D2650310F96503103F
:1037B00020660310476603106D66031094660310BD
:1037C000BB660310E266031009670310306703103D
:1037D000346703105F640310953201104A670310C9
:1037E0005067031054670310566703105298031074
:1037F00062670310D96703106C67031070670310CA
:103800002DE9FF470D461446002800F0DB80C36C0D
:10381000002B00F0D7805F2919DC0026DFF8D89153
:103820000191012C40F0A28035F096FD4FF0000A86
:1038300007460C20644BDFF8B88119888A451DDBE8
:10384000384635F09DFD062004B0BDE8F0879F297D
:1038500006DCA1F160030026DFF8A0910193E0E708
:1038600001F16006F6B2032E05D940F20E22574947
:1038700057480CF029F94FF00009D2E700FB0AF392
:1038800003EB080238F903309D4202D00AF1010A25
:10389000D4E753880022C3F30D03042B08D8DFE8D4
:1038A00003F003272B2E310002230393494B02938D
:1038B000B9F1000F35D0484601A935F081FD5F2DE3
:1038C0004FF000024FF005014FF054001DDCF4F7FB
:1038D00035F95420F4F774F90C2303FB0A83DA78E2
:1038E00042F04002DA70384635F04AFD0020ABE77E
:1038F00001230393384BDAE7384B0392D7E7384B71
:103900000392D4E7374B0392D1E7F4F717F9542029
:10391000F4F756F9142000220521F4F70FF91420CA
:10392000D8E7304635F008FD041E05DA40F256228D
:1039300026492D480CF0C8F82C4B04F001029A558A
:103940000C2303FB0A8898F80330E40103F03F03DB
:1039500044F040041C4300220521542088F8034011
:10396000F4F7ECF85420F4F72BF9BCE73CBB35F046
:10397000F3FC224607460C24134BB3F800C01C4B43
:10398000624507DBB9F1000F11D04846019935F0C7
:1039900063FCA8E704FB02F0C118185E854201D061
:1039A0000132EDE7CB7823F04003CB70EAE7012248
:1039B0001049B2400B6823EA02030B6093E76FF0F3
:1039C000050041E701203FE74AC100204DF6031002
:1039D0008367031000001110000021100000311057
:1039E00000004110000051109A67031044C10020EC
:1039F000B4AE002040C1002000000A500000084082
:103A000010B538B1C46CCCB15F2905DC0C4889B263
:103A100035F09EFC044611E09F2903DC603909481B
:103A200089B2F5E76031C8B235F086FC041E05DACC
:103A30004FF4A072044905480CF046F8204610BD2A
:103A400000000A500000084013F60310A967031095
:103A50000B46A0B1C16C91B15F2BD2B203DC084818
:103A600099B235F0DDBB9F2B03DC603B054899B272
:103A7000F7E703F160001146C0B235F0A5BC70470E
:103A800000000A500000084030B50C4685B058B31D
:103A9000C36C4BB35F29D4BF0B46A1F16003019304
:103AA0004FF001014FF00003D8BF1E48CDE90213CB
:103AB000C8BF1D48042A19D8DFE802F03103080BFB
:103AC0000F00029300219F2C13DC0AE0CDE90231A4
:103AD000F8E7029302230393F4E711239F2C029348
:103AE00015DC01A935F06CFC05B030BD9F2CF8DD6C
:103AF000002104F16000C0B235F03EFC0028F3D094
:103B00004FF4C67209490A480BF0DEFFECE707499B
:103B10004FF4C57207480BF0D7FF0121E9E70121F7
:103B2000D1E700BF00000A500000084004F603106F
:103B3000CF670310B46703102DE9F84F494B1B887A
:103B4000002B00F08D8035F007FC00268046B14642
:103B5000454DDFF83CA1454FBAF800304B4509D838
:103B6000404635F00DFC002E7AD0BDE8F84F5420C9
:103B7000F4F766B86B68002B57D0B5F900409F2C5E
:103B800053DDEB78590650D56034E4B2032C04D9E8
:103B9000A622374937480BF097FF204635F0CCFB7B
:103BA000B0F1000B04DAA822314933480BF08CFF46
:103BB0006B88C3F30D03042B50D8DFE803F0033AFE
:103BC00040464B003B5D002B08BFBBF1010F0CBF13
:103BD00001230023EA786BF3C712EA7007F804B0F8
:103BE0001BB32146254835F003FB002806DB0123E3
:103BF0000830234A834043F0004393621F2C04D9CA
:103C0000DD221B491F480BF05FFF01231E4AA34022
:103C100011681F2E43EA0103136004D9DF221449FF
:103C20001A480BF051FF0136F6B209F101090C35C3
:103C300092E73B5D012B08BFBBF1000FC7E73B5D7F
:103C4000B3EB0B0318BF0123C4E70BF1FF32534260
:103C50005341BFE7BBFA8BF35B09BBE70023B9E72E
:103C6000BDE8F88F48C10020B4AE002044C1002058
:103C70007CF6031083670310E06703105CB00C5000
:103C800000000C50E967031040C10020F6670310E4
:103C90004AC10020234B2DE9F041984207460E46C9
:103CA0001AD0214B98420AD101F1600800250C225C
:103CB0001E4B1F4C1B88AB4210DCBDE8F0811D4B36
:103CC000984202D101F1A008F0E74FF42B721A4993
:103CD0001A480BF0F9FEE9E78846E7E702FB05F131
:103CE000615E414501D00135E5E7124B9F4211D19C
:103CF000F0B235F021FB061E05DA4FF42E720E49A4
:103D00000F480BF0E1FE0C2303FB0543DA7866F362
:103D1000C712DA700C2303FB0544D4E90130BDE877
:103D2000F041184700000A50000008404AC1002036
:103D3000B4AE00205CB00C5070F60310D3920310A8
:103D4000E067031038B5054635F006FB044615B1AB
:103D50005420F3F775FF2046BDE8384035F010BB1E
:103D600070B500240AF0DEFF0C4A0D4D13680D4EAD
:103D7000013313602B88A34203D8BDE870400AF0DA
:103D8000E7BF0C236343F15E603989B23F2902D853
:103D9000054835F029FB0134ECE700BF38C10020AD
:103DA0004AC10020B4AE002000000840024A034986
:103DB000034812F07FBC00BF00000A50A8F60310B1
:103DC000306703102DE9F84305460E4635F0C4FA76
:103DD000134C144A2368A91ADFF84C804A424A411E
:103DE00008EBC3039A802368074608EBC303DE8011
:103DF000D4F8009035F078FA48F83900236828465E
:103E00000133092B8CBF00232368314698BF01334F
:103E10002360FFF73FFF3846BDE8F84335F0B0BAFE
:103E2000E4C0002000000A50E8C0002073B535F05F
:103E300093FA294A0026546A24F0604323F0FF03D2
:103E400043F00043936235F09BFAC4F3142464B347
:103E5000E20725D5F5B228460DF1050135F048FAFF
:103E6000F0B99DF80530012B1AD928460DF106014D
:103E700035F0CAF9054658B94FF443721749184846
:103E80000BF022FE2846BDF8061035F041FA02E09C
:103E9000144B9842F6D12846BDF80610FFF792FF62
:103EA0000136152E4FEA5404D1D1002435F054FACE
:103EB0000D4B1D681C6035F063FA55B1EB0703D557
:103EC0000848A1B2FFF77EFF0134042C4FEA5505E4
:103ED000F3D102B070BD00BF00000C5062F60310B9
:103EE0001A6803105CB00C5040C1002008B50AF0FD
:103EF00019FF064A136801331360FFF797FF044860
:103F000035F05AFABDE808400AF022BF3CC1002053
:103F100000000A5010B5044628B940F213120A49AD
:103F20000A480BF0D1FDE46C2CB940F21512064999
:103F300007480BF0C9FD2368DA6992064ABF586A40
:103F40004FF0FF30C0B210BDF1F6031054680310FB
:103F50006668031037B50D46044620B9FC221249A5
:103F600012480BF0B1FDE46C23689A6B0192019A40
:103F7000D20715D435F0F0F9402223681A6223687D
:103F80009D622268D3695906FCD535F0F9F9019B89
:103F90000120DB075EBF012223689A6303B030BDB6
:103FA000019AD006E1D4E5E7E6F603105468031061
:103FB000F8B50E4617461D46044628B94FF49372CD
:103FC000214922480BF080FDE46C2CB94FF4947227
:103FD0001D491F480BF078FD012DA06F24D104F17D
:103FE0007C03E366C4F8AC40C36822681B682946BA
:103FF000E367C368DB68C4F88030136843F01003DC
:104000001360A36F002293F90800F3F797FDA36FE5
:1040100093F90800F3F7D4FD00233A4631462046D1
:10402000FAF702FF0020F8BD04F1E803A366C4F824
:10403000184103691B68C4F8E8300369DB68C4F8F9
:10404000EC301023E9E700BFFCF6031054680310BE
:104050006668031038B50D46044620B96822324917
:1040600032480BF031FD25B969222F4930480BF059
:104070002BFDE46C24B96B222B492E480BF024FD58
:10408000A36F5B6823602B686360EB79C3F38103E4
:104090001B02A3610C2363610023E3612B793F2B97
:1040A00007D903F00F02082A9EBF013262F303030F
:1040B0002B712B7903F00F03063B032B23D8DFE88A
:1040C00003F0280222254FF00063A3602B79C3F38D
:1040D0000113022B1FD0032B20D0591E4B424B4102
:1040E0005B03E3602B799B09012B1AD09A1E534284
:1040F00053419B0220462361FBF7F4F8003818BFB8
:104100000120404238BD4FF08053DEE74FF0C053EE
:10411000DBE70023D9E74FF48053E2E74FF4405345
:10412000DFE74FF4C063E5E7C8F6031054680310F7
:10413000E3A0031066680310F8B50F46164605465F
:1041400020B9BA223A493B480BF0BEFCEC6C24B9CA
:10415000BC22374938480BF0B7FC102F3CD0112F48
:1041600008D0032F4FD0284605F15401FFF772FF06
:104170000020F8BDA36F93F90830002B0DDB01215F
:104180005A0903F01F03994002F120032B4A42F819
:104190002310BFF34F8FBFF36F8F2268B6F5007FF8
:1041A000136823F0200313600FD100232046C4F8C6
:1041B000E430FAF71DFF2268136823F01003136040
:1041C00040F2244223681A62CDE7B6F5006FCAD1E7
:1041D0002046FAF7D9FEC6E7B6F5807FC3D1A36FB4
:1041E00093F90830002B08DB0122590903F01F0363
:1041F00002FA03F3114A42F821302268136843F0AF
:1042000020031360AFE7B6F5007FACD122682846E3
:10421000936943F008039361D5E9162101230968E6
:10422000C2F38F22FFF7C4FE0023C4F8E4309AE7FC
:10423000D8F60310546803106668031000E100E02C
:10424000032838B50D461CD91849686816F014FFC4
:1042500058BBA86815F00CF80446E86815F008F893
:104260004FF4DE736343124AD118C1F8AC0103F571
:10427000D67103F5AC73D0181144BDE83840FFF790
:10428000E9BE0C480BF058FB0B480BF055FB0B48F4
:104290000BF052FB07480BF04FFB09480BF04CFBAF
:1042A000BDE8384005480BF047BB38BDCE8D031044
:1042B0004CC10020766803108568031062830310E8
:1042C000A868031070B5064628B940F25F1242494B
:1042D00042480BF0F9FBF46C2CB94FF4B1723E4933
:1042E0003F480BF0F1FB2368DA69920608D51A689B
:1042F000950605D501213046BDE8704014F0E2B9BD
:1043000094F85421FAB1DA69D0061CD51A68D1069E
:1043100019D510221A6235F01FF8E36FB26D5B6891
:10432000D4F8E450C2F38F22D31A9D4286BF521BA9
:10433000D5185D1BC4F8E43035F022F8D5B1290258
:1043400041F00301D7E794F85521A2B1DA6952068A
:1043500011D51A6855060ED540221A622023042171
:1043600084F87130304614F0ADF92268136823F0F8
:104370004003136070BDDA69100744BF08221A6257
:104380002368DA69510744BF04221A622368DA6994
:10439000920744BF02221A622368DA69D60744BF33
:1043A00001221A622368DA69550544BF4FF480621E
:1043B0001A622368DA69100644BF80221A622368F1
:1043C000DA69510644BF40221A622368DA6992060C
:1043D00044BF20221A62CDE754F70310546803103B
:1043E0006668031038B5054628B94FF4DC721149E8
:1043F00011480BF069FB34F0AFFFEB6FD5F8B0213B
:104400005B68D5F8E440C2F38F22D31A9C4286BF82
:10441000121BD4181C1BC5F8E43034F0B1FF44B1B2
:10442000210205F5AC7041F00301BDE8384014F0FD
:1044300049B938BD38F70310BE680310FFF7D2BF83
:1044400008B50AF06FFC0348FFF73CFFBDE80840E1
:104450000AF07EBCA4C2002028B940F2DB22024947
:1044600002480BF031BB704721F70310BE68031000
:104470002DE9F74F00250446E9462E469A46204B83
:10448000884693E80300CDE90001DFF880B004F529
:10449000AC7402EB8207BD4203D1304603B0BDE8E5
:1044A000F08F08EB850244F8E02CCDF800A004F171
:1044B000540299E80300C4F850B082E8030040F2C7
:1044C000035140F2037214F8040CA4F5AC730028F5
:1044D00008BF0A4614F8031C09B142F400622046E2
:1044E00058F8251014F0B6F8064628B140F24732C5
:1044F000044905480BF0E8FA053504F5DE74CAE70F
:104500008CF703100FF70310CC68031078F7031033
:104510000122054B054983F85421054B0248CB6025
:104520004FF4E133FFF7A4BF4CC1002044B000209A
:1045300034B0002010B5044628B94FF4C6720449BF
:1045400004480BF0C1FAE36C1B68586A10BD00BF49
:1045500004F80310E368031070B50E4614460546D0
:1045600028B940F25912194919480BF0ADFA2CB983
:104570004FF4AD72154917480BF0A6FA1F2EED6CDB
:104580001ED1012195F83500246834F0A9FE2B686E
:10459000114A934212D01149114A8B4208BF10466A
:1045A000B0FBF4F0B0F5803F0DD2013898620020E6
:1045B0002A68536943F00103536170BD0848EFE76F
:1045C0006FF00500F9E76FF00900F6E716F8031041
:1045D000E3680310F468031000000B5000100B5048
:1045E00000366E0110B5044628B94FF4A372044991
:1045F00004480BF069FAE06CBDE81040F9F7AEBA78
:10460000F9F70310E368031070B50C46164605462B
:1046100028B94FF48E72104910480BF055FAE86C27
:10462000012E0368DC620368C4601A680CBF42F0A4
:10463000080222F008021A60F9F75AFA50B1084845
:104640000BF07AF907480BF077F907480BF074F98B
:104650004FF0FF3070BD00BFEDF70310E3680310AB
:10466000036903101469031062830310F0B50D464B
:104670001646044689B028B940F222223149324810
:104680000BF022FA2EB940F223222E492F480BF0CC
:104690001BFA1F2DE76C51D17B681BB16FF009002D
:1046A00009B0F0BD3B69002BF8D1294B34689D68F7
:1046B00015F001050ED1032034F0C2FD2B46024651
:1046C0000221244820F05AFD30604FF6FF739C42CF
:1046D00016D1E3E76D46204EB4F5004F0FCE0FC55F
:1046E00096E80F0085E80F0025D84FF40042B2FB92
:1046F000F4F204FB02F3D3F500430CD04FF6FF7540
:104700003A680020D36823F46063D3603A68D368C2
:104710002B43D360C4E70121D2B201FA03F08242F5
:1047200005D108AA02EB830353F8205CE8E70133C4
:10473000082BF2D1E2E74FF6FF75C6E76FF00500F0
:10474000AEE700BFD4F70310E3680310F46803106A
:1047500000B00C500060343C6CF8031010B50446F7
:1047600028B940F26322084908480BF0ADF9E46C1F
:1047700094F83230012B02D12046F7F72FFC204667
:10478000BDE81040F7F70ABCBFF70310E368031059
:1047900010B5044628B940F2F112044904480BF060
:1047A00093F9E06CBDE81040F7F7C8BBB1F7031010
:1047B000E368031038B50D46044620B9DE222949C6
:1047C00029480BF081F9002D4AD0E56C012194F8BD
:1047D000BD0034F085FD2B68244A93422CD0244937
:1047E000244A8B4208BF10464FF47A73B0FBF3F0B3
:1047F00042F20F7301386860EB6094F8BD302846D0
:1048000085F83530636D1B7B013B18BF01231B010D
:10481000AB6000232B61F9F793FC024670B1164898
:104820000BF08AF8D4F8C01014480BF085F8BDE8F6
:10483000384013480BF080B80E48D5E7032194F9AF
:10484000BC00F3F77BF994F9BC00F3F7B9F96FF00A
:1048500001022B681A612A68136843F0040313608D
:1048600038BD00BFE2F70310E368031000000B50EF
:1048700000100B5000366E01036903102669031007
:104880006283031070B50E461446054628B94FF4EE
:10489000E9720D490D480BF017F9013C18BF0124CE
:1048A000E86C314680F83240F7F7E4FA50B1084836
:1048B0000BF042F807480BF03FF807480BF03CF8C4
:1048C0004FF0FF3070BD00BFA2F70310E368031084
:1048D00003690310356903106283031038B50D4670
:1048E000044628B94FF4D672134914480BF0ECF87B
:1048F00005B3E56C2846F7F7F9F92846F7F70AFA01
:10490000024660B10E480BF017F8D4F8B0100D480D
:104910000BF012F8BDE838400B480BF00DB894F9D5
:10492000AC000321F3F70AF994F9AC00BDE8384074
:10493000F3F746B938BD00BF94F70310E3680310DE
:1049400003690310266903106283031008B50AF097
:10495000E9F90348FAF75CF8BDE808400AF0F8B94D
:1049600084B1002008B50AF0DDF90348F7F736FBFB
:10497000BDE808400AF0ECB9D0B000200268034B53
:104980009A4202D1024812F02FBC70470020095011
:104990000CB10020044B01689A6F914202D1184675
:1049A00012F022BC704700BF58B000202DE9F84338
:1049B00000250E4604462F46DFF85080DFF8509061
:1049C000AE4202DC3846BDE8F8832046C4E91498BC
:1049D000D4F8C01004F1780212F032FC60B108483B
:1049E0000AF0AAFFD4F8C01006480AF0A5FF06484E
:1049F0000AF0A2FF4FF0FF370135C434E0E700BFF3
:104A00000369031048690310628303105CF8031004
:104A100048F803102DE9F84300250E4604462F46BA
:104A2000DFF85080DFF85090AE4202DC3846BDE837
:104A3000F8832046C4E91498D4F8B01004F1780241
:104A400012F0FEFB60B108480AF076FFD4F8B0100F
:104A500006480AF071FF06480AF06EFF4FF0FF3774
:104A60000135B434E0E700BF03690310486903105F
:104A70006283031038F8031024F8031008B50121ED
:104A80000448FFF793FFBDE8084001210248FFF703
:104A9000C1BF00BF0CB1002058B000202DE9F04389
:104AA0000027514C3E46A0463D4685B010220021CD
:104AB000684604F1540934F0A7FC4846C4E9165589
:104AC0002566F9F73DFB08B348480AF035FFB423E3
:104AD00003FB06834648D3F89C100AF02DFF454897
:104AE0000AF02AFF41480AF027FFB42303FB06839C
:104AF0004148D3F89C100AF01FFF3E480AF01CFF03
:104B00004FF0FF37384605B0BDE8F0834FF48053CF
:104B1000694648460093F9F7A5F848B133480AF0CA
:104B20000BFFB42303FB06833448D3F89C10D4E76F
:104B30004846F9F793FB48B12C480AF0FDFEB42330
:104B400003FB06832E48D3F89C10C6E710214FF0D4
:104B5000800C626D136843F00403136004F19C033E
:104B600053F8042F4AB191601A68D5601A68C2F8E8
:104B700010C01A68D5611A681562013080B2042825
:104B8000EED1D4F8B03073B110229A608022D4F8FC
:104B9000B030DD60D4F8B0301A61D4F8B030DD61E7
:104BA000D4F8B0301D62542101200BF0A1F9234646
:104BB000144AD4F89C1011F07DFF60B10B480AF044
:104BC000BBFED4F89C1010480AF0B6FE09480AF063
:104BD000B3FE4FF0FF37731C022B4FF0010604F1B8
:104BE000B4048FD062E700BFD4B10020686903101D
:104BF0007569031062830310266903108E69031020
:104C0000A3690310D0B10020486903102DE9F047D3
:104C10004B1E012B0E4614468CB003D80A200CB054
:104C2000BDE8F0871388C56C2BB94FF48962B2498F
:104C3000B2480AF049FF803E052EEFD8DFE816F0B3
:104C400006006E009D0022017201A2012388227DD0
:104C50005F1EBF0005F154081AB3273355F82360CF
:104C60001822002101A834F0CFFB4FF4C0030093B9
:104C70006B6DBA08343353F8223069463A464046E1
:104C80000193F9F777FB78B19D480AF055FE41464C
:104C900022889C480AF050FE9B480AF04DFE0120F5
:104CA000BDE7D5F8B060DBE79EB396F86C90B9F13C
:104CB000000F16D13046F3F789F9B6F86A304A4644
:104CC00005EB8303DE66316A96F96800C6F830802A
:104CD000F2F734FF96F96800F2F772FF012386F8C5
:104CE0006C30E26942B1238C33B1B6F86A1059B91D
:104CF00039464046F9F74CFDA3781BB1394640468A
:104D0000F9F770FF00208AE739464046F9F79EFC24
:104D1000F2E739464046F9F70DFCEDE72388227D9E
:104D20005E1EB60005F15407E2B1273355F8235053
:104D3000F5B1002385F86C30B5F86A303146384655
:104D40009BB9F9F70DFE95F96800F2F74DFF28467B
:104D5000F3F7C4F9A378002BD4D031463846F9F7DD
:104D60007FFFCFE7D5F8B050E2E7F9F785FDEAE736
:104D700031463846F9F718FCECE7B4F800A06B6D43
:104D8000624A0AF1FF3A93424FEA8A0A05F154094E
:104D90004BD002F52C2293424FF6FF7848D00121E8
:104DA00095F8890034F09CFA594F4FF47A72B0FBB1
:104DB000F7F760680023A0FB070120F0DFF9B0FBE4
:104DC000F8F303F10108B0FBF8F6032E38BF032611
:104DD0006A6D93626A6D731ED3622B66A068424649
:104DE0000023A0FB070120F0C9F94FF47A720023D9
:104DF00020F0C4F9F0B1864200D8701C6B6D4FEA08
:104E00009A0A3433013843F82A0094F822303BB12F
:104E10000025DFF80CA1238C9D420DD33D4A136081
:104E200001214846F8F7DCFE6CE74FF0FF38B6E7A3
:104E30003948B9E70120E1E7A369424653F8250064
:104E40000023A0FB070120F099F900234FF47A72A8
:104E500020F094F9013861F1000150EA01030ED00D
:104E6000B04271F1000C32464FF0000301D202460D
:104E70000B46CAE9002301350AF1080ACBE70122F3
:104E80000023F6E726886A6D244B013E9A424FEADA
:104E900086062ED0012195F8890034F021FA0023EE
:104EA0001B4A002120F06AF94FF47A7881466B6D35
:104EB0000F46DA6A986A0B46013002FB00000021B7
:104EC0004A4608FB00F020F059F960606B6DB608A7
:104ED00003F1340252F826209D6A0021013502FBBD
:104EE00005553B464A4608FB05F020F047F9A0600F
:104EF00008E70948D3E700BFA3F80310B669031019
:104F000068690310D16903106283031000400050E8
:104F100040420F0008C3002000366E0100000B5015
:104F200010C300206B6D514A05F15407934224D001
:104F300002F52C2293424FF6FF7621D0012195F8FD
:104F4000890034F0CDF94A4B6168B0FBF3F04FF4BF
:104F50007A720023A1FB000120F010F9B0FBF6F6F5
:104F60000136B0FBF6F0032838BF03206B6D013823
:104F7000D86201212866384654E74FF0FF36DDE756
:104F80003C48E0E730220021684634F03DFA6A6D83
:104F9000394B05F154079A4220D0012195F8890038
:104FA00034F09EF9324E637BB0FBF6F620691B07A6
:104FB000A0FB060114D54FF47A52002320F0DEF84E
:104FC000451EB5F5806F4AD32C480AF0B5FC4FF466
:104FD0007A022B49B2FBF6F22A485BE62548E1E764
:104FE0004FF47A72002320F0C9F8451EB5F5806FA2
:104FF00035D322480AF0A0FC4FF47A222148B2FBB4
:10500000F6F21F490AF098FC1F480AF095FC627BF3
:105010003846C2F380130A93A37B039503F00F0174
:105020001B090993E37B00240691C2F3401105910B
:10503000C2F300110491C3F340010891C2F3C0020E
:1050400003F0010107910B926946C3F38012DB095B
:10505000029401920093F9F705FE2046DFE5002D4A
:10506000D5D1A589C5F30905D1E700BF004000509F
:1050700040420F0000366E0100000B5068690310BB
:105080008CF80310ED690310628303100020704751
:105090000020704700207047002300BF0133984272
:1050A000FBD1704708B5A02200210D4834F0F0F87C
:1050B00009230B4A0B4913750B4B094853620B4BE1
:1050C000D3640B4B13650B4BC2F89830C2F8883091
:1050D000072208F0D7FD0EF037F9002008BD00BF09
:1050E00070C30020346A03109552011010C40020D0
:1050F000F4F803103CB3002008B513460A460146F5
:105100000248F8F770F8002008BD00BF10C4002066
:1051100008B5002303481A461946F7F761FF002037
:1051200008BD00BF10C4002010B5144613460A463F
:1051300001460248F7F754FF204610BD10C4002076
:1051400038B505460C4621B9BE22054905480AF086
:10515000BBFC22462946BDE838400348F7F7B0BEFD
:10516000CAF80310396A031010C4002010B51446A1
:1051700013460A4601460248F7F7F8FE204610BDDE
:1051800010C4002010B5044620B9B52208490948CA
:105190000AF09AFCA36823B9B622054906480AF02A
:1051A00093FCA36805489978F7F73AFE002010BDF4
:1051B000BEF803104B6A0310596A031010C4002094
:1051C00010B5044620B9AA22124913480AF07CFC03
:1051D000A36823B9AB220F4910480AF075FC1048A8
:1051E0000AF0AAFBA1680F48CB788A8889780AF070
:1051F000A3FB0D480AF0A0FBA1680C48CB788A8875
:105200008978F7F78DFD10220121094834F0FCF868
:10521000002010BDB3F803104B6A0310596A031045
:10522000706A03107E6A03106283031010C40020AA
:1052300060C3002008B501460248F7F78EFF002042
:1052400008BD00BF10C4002008B501460248F7F7AA
:1052500045FF002008BD00BF10C4002010B5044663
:1052600008480AF069FB2246214607480AF064FB19
:1052700006480AF061FB21460548F7F741FD00208A
:1052800010BD00BF706A0310976A03106283031099
:1052900010C4002038B5C46C10252046114B0021E5
:1052A0002A4640F8143B34F0AFF802230822C4E940
:1052B0000353C4E901232046F7F7A0F92046F7F786
:1052C0008DFD2268002092F8703343F00C0382F8C1
:1052D0007033FE23226882F84033226882F842331A
:1052E00038BD00BF0070045038B56D4B1A6C42F0E9
:1052F00020021A641A6C42F040021A641A6C42F0DE
:1053000001021A644FF0A042D36843F04003D36017
:10531000644B9A6F22F010029A67DA6F22F0100243
:10532000DA67614A1369002BFCDA4FF0A0445F4A48
:105330005F48936E43F0200393660AF0FDFA5D48E0
:105340000AF0FAFA5C480AF0F7FA554BD3F89420C1
:1053500042F00202C3F89420D3F8942042F00102F4
:10536000C3F89420E36A23F03C0343F02403E36290
:10537000E36A43F40053E362E36A43F00103E36248
:10538000E36A002BFCDA236A494843F003032362F3
:10539000636A23F0FF0343F0010363620AF0CCFA6F
:1053A00046480AF0C9FA44480AF0C6FA236B23F0CB
:1053B0003C0343F024032363236B23F40053236350
:1053C000236B43F0010323634FF0A044236B002BB6
:1053D000FCDA37480AF0B0FA39480AF0ADFA364834
:1053E0000AF0AAFA236A4FF47A7023F40043236286
:1053F0000223A362FFF750FE4FF08052314B9A60B8
:105400002B480AF099FA30480AF096FA2A480AF02E
:1054100093FA20232D4A2E4DD37392F860302D4CF1
:1054200043F0010382F860300823D3730023136232
:1054300013624FF0AA3315621362274B4FF0A0415D
:1054400013624FF0EE331362244B44F62060136274
:105450004FF0FF3313621362214B1362214B13622F
:10546000146213627E2382F8203002235382FFF7F6
:1054700013FE4B68322043F040034B60FFF70CFEF5
:1054800028204B6823F040034B60FFF705FED073E4
:1054900092F8603043F0010382F86030C6E700BF45
:1054A00000B000500030005000000C5000A00C5024
:1054B000706A0310AE6A031062830310BB6A0310A4
:1054C000C86A031000E100E0EA6A031000700450AB
:1054D00000AAAAAAFC7EBFDFAAEEEEEEEEFEFFFF58
:1054E000FF7FBFDFEFF7FBFD0020704708B509F035
:1054F00019FC0348F7F7E0F8BDE8084009F028BCBC
:1055000010C4002010B50446142340220021F7F7F0
:1055100007FC2046142340228021F7F701FCBDE858
:10552000104001480DF082BE70C3002000F5F671F6
:1055300001480DF0F9BD00BF70C3002011B9064845
:105540000DF0ECB91C2303FB010041F08001026C5B
:1055500001480DF033BE00BF70C3002001480DF0BC
:105560007DBE00BF70C3002001480DF08FBE00BF9C
:1055700070C3002019B1002203480DF03BBED0F8E3
:10558000201101480DF000BE70C300200023984296
:1055900002D1044B185C70470133102BF7D1002067
:1055A000704700BF60C300200020704770B50546FB
:1055B00009F0B8FB4FF4D2736B430F4CE218D2F8EA
:1055C000B06026B1002288331146E018B0474FF48E
:1055D000D27303FB054494F8BF30212B08D094F814
:1055E000BF30222B04D0054B53F8250008F00CFFE8
:1055F000BDE8704009F0ACBB40C6002034C60020B6
:105600002DE9F04F0D469046064685B0E8B940F2C8
:1056100072329A499A480AF057FA4FF0FF394FF020
:10562000000AD6F88820DFF878B2136843F0040344
:105630001360C2451DD14046D6F88820136823F078
:105640000403136005B0BDE8F08F8E4B98420AD07A
:1056500003F5D272904209D003F552739842DCD11F
:105660004FF00209DBE74FF00009D8E74FF00109DE
:10567000D5E7002201215BF8290008F0FFFE28B1E0
:105680004FF460727D4980480AF01EFAEA88308B38
:1056900012F0800F02F0010306F1880700F0878006
:1056A000AA88082A8CBF02240124002B57D0830526
:1056B0003ED506F1D000F2F789FC2989E868FAF7AF
:1056C0007BFD2B8938460193EB6800936A8823465B
:1056D0002988F4F7ABFA0446002840F0AE8038463B
:1056E000F4F764FC202817D0A02814D02138C0B2C9
:1056F000012800F29980F16F5BF8290008F0C8FDDD
:105700000230ECD161480AF017F961480AF014F947
:1057100060480AF011F90324D6F8C430002B40F099
:1057200085801035002C40F088800AF1010A80E75E
:10573000C0056A882988EB68B5F808E006D5CDE988
:10574000003E38462346F4F725FAC4E7F06F00938D
:10575000CDE901E023463846F4F7D4F9BBE7030569
:105760000ED506F59C70F2F731FC2B893846019373
:10577000EB6800936A8823462988F4F731FAAAE790
:1057800040056A882988EB68B5F808E006D5CDE9B8
:10579000003E38462346F4F7D7F99CE7F06F0093B4
:1057A000CDE901E023463846F4F78AF993E7FBB1E7
:1057B00084050ED506F1D000F2F708FC2989E868C7
:1057C000FAF7FAFC38462B89EA682988F4F769F970
:1057D00081E7C0052988EA682B8903D53846F4F7A4
:1057E00042F978E7F06F00903846F4F722F972E753
:1057F00004050AD506F59C70F2F7E8FB38462B89BC
:10580000EA682988F4F73EF965E740052988EA68DF
:105810002B8903D53846F4F717F95CE7F06F009051
:105820003846F4F7FBF856E7012475E7B8F1000FA6
:1058300003D114B94FF00008FDE614480AF07CF8D3
:105840003846F4F7B3FBD6F8C43052462146CDE9CA
:105850000003434610480AF06FF80E480AF06CF84F
:105860003846F4F7B1FB09480AF066F80B480AF02D
:1058700063F808480AF060F8DCE700BF3AF9031063
:105880000E6B031040C600201D6B0310306B03101D
:105890003D6B0310628303104E6B0310826B031089
:1058A00034C60020002807DB01234109034A00F029
:1058B0001F00834042F82130704700BF00E100E044
:1058C00000280CDB01220649430900F01F0082403A
:1058D000203341F82320BFF34F8FBFF36F8F704702
:1058E00000E100E070B50E461546044628B940F2C6
:1058F0002542234923480AF0E7F8102E18D0112E2C
:1059000003D0022E37D0002070BD15F4A06F05D053
:10591000D4F8CC3093F90800FFF7D2FF15F4206FCC
:10592000F1D0D4F8CC3093F90800FFF7C9FFEAE7CB
:1059300015F4A06F0DD0D4F8CC30002293F90800F4
:105940000121F2F7FBF8D4F8CC3093F90800FFF707
:10595000A9FF15F4206FD6D0D4F8CC30002293F9EB
:1059600008000121F2F7EAF8D4F8CC3093F90800E6
:10597000FFF798FFC7E704F18800F4F71BF8C2E7C8
:1059800046F903100E6B031038B50D460446002887
:105990003BD140F26942344934480AF095F84FF05F
:1059A000FF320C21324B01FB0233002D08BF1D4694
:1059B0006A68E2672A88520738D50222C4F898201C
:1059C0006A88C2F30E02C4F89420AA68C4F88C2036
:1059D0000022C4F89C20D4F8CC20527A84F8BD2050
:1059E000102284F8C02028686968224A03C3A86886
:1059F0001860D4F8883093421FD12D2033F06CFC0E
:105A000004F18800F3F71AFF38BD1B4B984209D008
:105A100003F5D272904207D003F552739842BED17B
:105A20000222BEE70022BCE70122BAE70122C4F845
:105A300098206A88520092B2C5E7104A934201D179
:105A40002E20DBE70E4A934201D12F20D6E70D4AE4
:105A5000934201D13020D1E740F29C4202490A48EA
:105A60000AF032F8CCE700BF28F903100E6B0310E0
:105A70007CB3002000C0095040C6002000D009506F
:105A800000E0095000F00950D39203100020FFF706
:105A90008DBD0120FFF78ABD0220FFF787BD000002
:105AA0002DE9F84F17461E4682460C46002540F267
:105AB00003584FF00C0BDFF8B090B54202D1002034
:105AC000BDE8F88F244BCAF8CC40CAF84C40CAF85D
:105AD00050306268CAF888209AF8A0219AB10AF179
:105AE000D002CAF8B8200AF188000AF59C72CAF8F8
:105AF0000001CAF8B420CAF86801D4E90312F3F728
:105B000069FE40F60378DAF8CC1042460968504640
:105B100011F03CF850460BFB0571FFF735FF28B13B
:105B200040F296520D490E4809F0CEFF0022DAF8F5
:105B3000CC001146006808F031FB49F8040B28B985
:105B400040F299520549074809F0BEFF01350AF5B0
:105B5000D27A1434B1E700BF68F9031056F9031084
:105B6000986B0310A66B031034C6002008B5044AD6
:105B7000032304490448FFF793FF002008BD00BF3A
:105B80007CB30020A0B3002040C6002030B50446FE
:105B90000846DDE90351002D3DD000293BD0002C03
:105BA00039D0B8B384428CBF201A001B07EE900A8C
:105BB000F8EE677AF5EE407A9A428CBFD31A9B1AB8
:105BC000F1EE10FA27D007EE103ADFED146AB8EEC6
:105BD000477A27EE267AC7EE276A114B07EE904ADE
:105BE000C3ED006A4FF47A735A4307EE102AB8EEF9
:105BF000477AF8EE677A87EE266A77EEC67A094B1F
:105C0000C1ED006AC3ED007AC5ED007AFDEEE77ADA
:105C100017EE900A30BD0020FCE700BF00007A4478
:105C2000E4B30020E8B3002000B5002389B00122CE
:105C30002A492B4808F08CFA0E22002104A833F0E0
:105C400027FB0E22042004A9F9F7F2FB00283AD022
:105C5000BDF81000002832D0BDF8121000292ED057
:105C60000122204BC0F30E001A6040F6E4421E4BA6
:105C7000C1F30E011A6003AB019302ABBDF814200F
:105C80000093BDF81630ADF81000ADF81210FFF714
:105C90007DFF164A5368DBB2072B03D05368DBB293
:105CA0000F2B0CD1124B1B684BB19DF81C2032B14D
:105CB0001A689DF81D10136861F3D2331360002039
:105CC00009B05DF804FB0B4809F036FE0A4809F0FC
:105CD00033FE0A4809F030FEF1E700BFC16B031044
:105CE0002CCB0020E0B30020DCB3002000B000503B
:105CF0004CCB0020C76B0310D46B031062830310DE
:105D000070B5064692B04FF47A700D46144607F00F
:105D1000E9FE0146534808F02FFC20B139225249D0
:105D2000524809F0D1FE2EB94FF4C772504951487C
:105D300009F0CAFEA5F11001062908D8DFE801F034
:105D400004140707074D520007F008F820600024EC
:105D5000444808F0E7FC20B141224749434809F094
:105D6000B3FE204612B070BD2368002418222146DD
:105D700009A8CDE9023433F047FB02A801940BF0E7
:105D800031FF036822468DF82630436809A98DF853
:105D9000253083688DF82430C3688DF80630036998
:105DA00001338DF8053043698DF807308369334836
:105DB000A34208BF07238DF80430F7F783FC02469F
:105DC00010B14FF0FF34C3E72C4801A9F7F7E7FC07
:105DD0000028F6D12A4B9B68B9E721462748F7F7F8
:105DE000A0FBB4E71822002102A833F00DFB00222B
:105DF000019202A92148F7F727FD00221F4801A9B7
:105E0000F7F756FD01282BD09DF80A309DF90720A1
:105E100009939DF8093009A80A939DF808300B935F
:105E20009DF806300C939DF80530013B0D939DF8CD
:105E30000430072B08BF00230F939DF80730002A7A
:105E4000B4BF23F0800364330E93039B636014F0AC
:105E500011FC40F64272636820605343636076E74A
:105E60000022C6E750CB002098F903105F550310BD
:105E7000ABF90310EC6B031086F9031074CB002010
:105E800000B00C507047000010B5042033F0D8F972
:105E90000C4B002814BF04461C460B4809F04CFD6F
:105EA0000A4900232246B1FBF4F1094809F044FDF8
:105EB000084809F041FD2146012033F075FA2046DB
:105EC00010BD00BF804F1200FB6B0310007C9200DE
:105ED000086C0310628303104FF4807310B50361E4
:105EE0000F4B04461A6900234A43500848F60D71C7
:105EF00000F1C0501FF042F9830BC0F30D00A36006
:105F0000E060084809F018FDD4E90323A1680648B9
:105F100009F012FDBDE81040044809F00DBD00BFB6
:105F200074CB0020FB6B0310306C031062830310F2
:105F300037B500224B494C4808F0D0FA28B140F25E
:105F400021224A494A4809F0BFFD4A4B4A4C4B4876
:105F500023601D6909F0F0FCC5F309032946484890
:105F600000932A0EC5F38D2309F0E6FC454809F09D
:105F7000E3FCF7F7ABF970B1404809F0DDFC4248AB
:105F800009F0DAFC3F4809F0D7FC4FF482723F4930
:105F90003F4809F099FD00238022C4E902234FF411
:105FA00080732361334CA368D9074CD5334809F07B
:105FB000C3FC3848A16809F0BFFC324809F0BCFCBA
:105FC00033F0B2F9002848D1022033F039F9041E29
:105FD00018BF0124294809F0AFFC21462E4809F0DA
:105FE000ABFC284809F0A8FC21462348F7F7DCFA67
:105FF0000446002833D129491F48F7F7C4FC012182
:10600000022033F0D1F92648264B0322836305236F
:106010001449C0E90944C0E90B44C0E9074444639A
:10602000C464037507F02EFE044648B11E4809F00B
:1060300083FC1E48214609F07FFC124809F07CFCD5
:10604000204603B030BDFFF71FFF044606F0CEFE2A
:1060500021460948FFF740FFB2E70124BAE74FF0B5
:10606000FF34E3E74F6C031050CB0020BAF9031064
:10607000536C031000B00C5074CB0020FB6B03106A
:10608000646C031062830310866C031078F90310AC
:10609000D3920310A96C0310C26C0310855E01102B
:1060A00090CB0020015D0110D76C0310E46C03104D
:1060B00008B508F037FE0348F7F71DFCBDE80840B7
:1060C00008F046BE74CB002008B5084B1B6863B1CE
:1060D0004FF0FF31064808F0DBF830B1BDE808406A
:1060E00061220449044809F0EFBC08BD8CCC0020B3
:1060F00090CC0020F9F90310FE6C031008B5074B93
:106100001B6853B1064808F07FF930B1BDE808407C
:106110006B220449044809F0D7BC08BD8CCC002090
:1061200090CC0020EAF90310FE6C031002460648EA
:10613000816B914205D8C36B1944914238BF00204E
:1061400070470020704700BF18CD00202DE9F043B4
:106150009846234B0F461B681646002B85B00CDB78
:10616000204B1D68AA4203D81F4B93F826204AB93A
:10617000F8221E491E4809F0A7FC0024204605B05D
:10618000BDE8F0831B69834298BFC01A194B1C6895
:10619000B0FBF5F3B0FBF4F9B4FBF5F4B9F5005F2F
:1061A00004F1FF3405F1FF3504EA030405EA0005B4
:1061B00005DB40F205120D490D4809F085FCFFF79B
:1061C00083FF0C9B2146CDE901832A463B46484686
:1061D0000096F9F7DDFC0446FFF790FFCEE700BF1D
:1061E000F8B30020F4B3002018CD0020D8F9031034
:1061F000D3920310F0B300202DE9F0474A4D94B03C
:1062000044220021284633F0FFF800224FF0FF39E6
:10621000464B474C0DF13C081A600FCCA8E80F0024
:10622000444E54F8043B06AFC8F80030C6F800905E
:1062300094E80F0087E80F0033F046F80AAC0DF140
:106240003C0C8246BCE80F000FC4D8F80030236035
:1062500002AC97E80F0084E80F00022333604FF090
:10626000C4430122514606200C9333F019F823460B
:10627000A861314A2846CDF800A00AA932F0C8FF2B
:1062800000284ED1296B2D4809F056FB284632F0E4
:10629000B7FF2B4EDFF8BC803060284632F0E0FFBD
:1062A000284FC8F80000386860B93068803009F0BD
:1062B00023FD386030B9244809F03EFB002014B0BB
:1062C000BDE8F0870121DFF89090E861164885F875
:1062D000261032F0B1FFD9F800308BB93068803029
:1062E00009F00AFD0446C9F8000048B9174809F04A
:1062F00023FB38680028E1D012F0CEFF3C60DDE7D8
:106300001348F9F79DFA3068F9F748FFD8F800000C
:10631000F9F74AFFD9F80010E86BF9F7CDFD012035
:10632000CDE7C6F80090C9E718CD00208CCC00203E
:1063300008FA0310F8B30020B0CC00200A6D031057
:10634000F4B3002084CC0020186D0310376D0310C7
:1063500039F90110F0B3002088CC002010B5FFF708
:106360004BFF0128044607D1002302460349044895
:1063700007F0EEFE034B1C60204610BD556D031068
:1063800090CC00208CCC002008B5FFF7E7FF002060
:1063900008BD00002DE9F74F894615463E4C1E46C4
:1063A00022683E4B02FB095B1968804601FB00BB7B
:1063B0003B49DDF830A0096800290DDA394809F0B9
:1063C000BBFA4FF470723849384809F07DFB00245D
:1063D000204603B0BDE8F08F05EB0A018A420BD2DC
:1063E00052462946324809F0A7FA4FF472722E49F4
:1063F0002E4809F069FB294B20682E4F8030002879
:1064000012DD3A6902F01F010144BFF34F8FDFF83C
:10641000A8C01144CCF85C222032881A0028F9DC8C
:10642000BFF34F8FBFF36F8F1B681BEA030F1AD0A8
:1064300097F82730BBB123688033002B13DD3C690C
:1064400004F5805204F01F041C44BFF34F8F1A4B15
:10645000203C002CC3F85C2202F12002F8DCBFF3E0
:106460004F8FBFF36F8F0E9B324601930D9B5946A2
:1064700000931048534632F0D3FF041EA8DCCDE948
:10648000005A4B46796842460C4809F055FA3146A5
:106490000B4809F051FA9BE7F4B30020F0B3002059
:1064A000F8B300205E6D0310C9F90310D3920310F6
:1064B0007D6D031018CD002000ED00E0AE6D0310DF
:1064C000EE6D0310F7B51C46134B1B68002B1DDB4C
:1064D000124B134D1B682E685943089F114D06FB44
:1064E0000011CDE90047284632F086FE002807DC7F
:1064F0006968082906D10C4809F01EFA6FF00200FD
:1065000003B0F0BD0B0403D50848F5E70020F7E71A
:106510004FF0FF30F4E700BFF8B30020F4B30020E1
:10652000F0B3002018CD0020F96D0310166E031093
:10653000F8B52B4B2B4F1B683C68002B014600FB2A
:1065400004F43EDB284E294D30688030002812DDEF
:106550002B6903F01F020244BFF34F8FDFF890C096
:106560001A44CCF85C322033D01A0028F9DCBFF38F
:106570004F8FBFF36F8F3B681C421AD095F82730BE
:10658000BBB132688032002A13DD2B6903F58050DD
:1065900003F01F031344BFF34F8F154A203B002B1A
:1065A000C2F85C0200F12000F8DCBFF34F8FBFF3AC
:1065B0006F8F0E4832F060FE214628B10D4809F079
:1065C000BBF94FF0FF30F8BD084832F0E9FE002873
:1065D000F9D06B68042BF4D16FF00300F3E700BF30
:1065E000F8B30020F0B30020F4B3002018CD002051
:1065F00000ED00E03B6E031030B4214B01461B68F8
:10660000002B39DB1F4C20688030002812DD1E4B28
:106610001B6903F01F020244BFF34F8F1B4D1A4446
:10662000C5F85C322033D01A0028F9DCBFF34F8F55
:10663000BFF36F8FCB071BD5134B93F82720BAB14D
:1066400022688032002A13DD1B6903F5805003F0B5
:106650001F031344BFF34F8F0C4A203B002BC2F89B
:106660005C0200F12000F8DCBFF34F8FBFF36F8FA7
:1066700030BC054832F000BE4FF0FF3030BC7047F0
:10668000F8B30020F4B3002018CD002000ED00E0A6
:106690002DE9F04F85B091460391824632F018FE05
:1066A0000646FFF743FD044638B931463C4809F039
:1066B00043F9002005B0BDE8F08F32F0D1FD05466A
:1066C000204632F09DFD074612F0DEFD044610B96B
:1066D00039463448EBE74FF0000B06EB4506014620
:1066E0005B463A463046CDF800B0FFF72FFD8742B3
:1066F000804608D03A4601462B4809F01DF920464D
:1067000012F0CAFDD5E72168284A914201D02848F5
:10671000F3E795FBF7F53946013D05FB0766002DCC
:1067200004DC414514D042462248E6E721460023D6
:1067300042463046CDF800B0FFF708FD80450146DF
:10674000F1D12378A6EB0806FF2B01D1013DE6E746
:106750002378FF2B12D1184809F0EEF8CFE7631821
:106760005D784B1902339F4206D9524508D0023555
:106770002944625CFF2AF2D100250BE00021F8E7F2
:1067800045B14D45A8BF4D4602312A4603982144E4
:1067900014F0BAFD204612F07FFDE8B28AE700BF90
:1067A000676E03109A6E0310C16E031017064553EF
:1067B000EC6E0310136F0310356F031007B504223E
:1067C00003200DEB0201FFF763FF68B1019858B198
:1067D00040F2FF33984207D0054B9B6EC3F3095339
:1067E000984201D032F058FD002003B05DF804FB60
:1067F00000A00C5010B5084C226852B9012107487E
:1068000007F0CCFC206020B91C220549054809F09E
:106810005BF9002010BD00BF5CCD00205F6F03104E
:106820002CFA03104B6F031008B508F07BFA0348ED
:10683000F2F701F9BDE8084008F08ABA60CD0020FF
:106840000020704701207047F8B504461D460E46EB
:1068500011B390F87C71032F05D94FF4DD62134911
:10686000134809F031F9B4F83831AB4205D240F29F
:10687000E9620E490F4809F027F904EB8707D7F8BA
:106880005C0158B12A46314614F03EFD94F87E3141
:1068900013B1FF2384F87C312846F8BD40F2F5623D
:1068A0000249054809F010F9F6E700BFC5FA0310E0
:1068B000686F0310836F03109E6F03102DE9F0477C
:1068C0004FF4803155480EF057F8051E06DA4FF4A4
:1068D000803153480EF050F8051E5FDB4FF4E67030
:1068E00009F00AFA044620B991224E494E4809F0AF
:1068F000EBF84FF4E672214628460EF08AF8B0F520
:10690000E67FDFF874A1DFF87491DFF87481474FF8
:10691000474E46D0474809F00FF828460EF05EF87B
:10692000204609F0F3FA9AF90010434809F004F8F8
:1069300099F80010414808F0FFFF98F8001040480F
:1069400008F0FAFF97F900103E4808F0F5FF96F9B5
:1069500000103D4808F0F0FF00243C4D214615F999
:10696000012B3B48013408F0E7FF102CF6D1394BDE
:10697000394893F9001008F0DFFF384B384893F995
:10698000001008F0D9FF0024364D214615F9012BDF
:106990003548013408F0D0FF102CF6D10020BDE8B6
:1069A000F08794F8A631C8228AF8003094F8A43110
:1069B00004F1140189F8003094F8A5312B4888F8C7
:1069C000003014F0A1FCC82204F1DC01284814F0C6
:1069D0009BFC94F8A9311D4A3B7094F8AA3104F548
:1069E000E670337004F5DE73194653F804CB834226
:1069F00042F804CBF9D194F8A721164B1A7094F8F9
:106A0000A821164B1A70174A04F5D67353F8040BD5
:106A10008B4242F8040BF9D116487CE7A46F0310AF
:106A2000B66F0310D5FA0310B26F0310A2B50020A1
:106A300048CF0020BE6F0310E56F0310F76F0310FF
:106A40000A7003101D7003103270031092B50020FD
:106A50004D700310B3B500206170031049CF0020C2
:106A600074700310A3B500208D700310C8B400200B
:106A700000B40020D36F03104ACF002091B500204E
:106A800090B5002010B54FF4D67200210A4832F0BC
:106A9000BBFC4FF05023084A0849C2F89830084B15
:106AA000054813650023032210F052FE04460248F5
:106AB00007F006F9204610BD98CD0020A170031004
:106AC00024FB03102DE9F84F8C46044600F198068C
:106AD00000201F46504B53F8301003EBC0058A428C
:106AE00039D1EB88A4F8A030A4F8A2302B7984F82F
:106AF000A43094F8A410D4F8983081BB596821F4DC
:106B000000715960B4F8A000B4F8A230D4F898101D
:106B100043EA004362454FF000058B6023D14FF0FC
:106B200080723E4BC4E93055C4E92A35C4E92D23AF
:106B3000C4E93255C4F8D450C4F8B050A4F8BC50DD
:106B400084F8D050002F4BD0304604F1C401F0F748
:106B500083FD002050E001300928BCD1C9E7596805
:106B600041F40071CDE72E48038863453ED1438848
:106B700093423BD12B4808F0DFFE29462A4808F013
:106B8000DBFE2A4808F0D8FE294A2901505A083A63
:106B90000A44D188938892F809B092F808A092F834
:106BA000079092F8068092F805E092F804C0957A72
:106BB00040BAD26849BA5BBA07BB032384F8AFB0C6
:106BC00084F8B0A084F8B19084F8B28084F8B3E07F
:106BD00084F8B4C084F8BD50C4F8C02084F8B5303F
:106BE000304604F1A801F0F79EFCB2E70135482DCC
:106BF00000F11000B8D10120BDE8F88FA4F8C8302A
:106C00000323A4F8C400A4F8C61084F8D050C4F834
:106C1000D42084F8CA3097E750FB03100005010523
:106C200098FB0310A8700310B87003106283031060
:106C3000A0FB0310222970B50546144605DC1B296C
:106C400006DC01296DD0022964D04FF0FF3017E037
:106C50001C390629F9D801A353F821F0836C0110DF
:106C6000D56C0110016D0110116D01104B6C0110FC
:106C70004B6C0110796C01105400A0F838410020D1
:106C800070BD012AA5F84C2109D0022A0FD0B2B953
:106C9000D0F89820136D23F040531365EFE7D0F838
:106CA0009820136D23F0405343F08053F5E7D0F85C
:106CB0009820136D23F0405343F00053EDE71D4837
:106CC00008F03AFE21461C4808F036FE1B4808F042
:106CD00033FED4E73AB1012A0CD0164808F02CFE56
:106CE00021461748F0E7D0F89820136E23F480333C
:106CF0001366C4E7D0F89820136E43F48033F7E7A7
:106D0000002328462289A188BDE87040FFF7DABE3B
:106D10000123F6E79830F0F71BFB0020EFF77AFD30
:106D2000ADE7502032F0D8FA05F19800F0F7B6FC44
:106D3000A5E700BFCF700310DF700310628303105C
:106D4000FB70031010B50446D0F8F80020B112F023
:106D5000A3FA0023C4F8F830D4F8080120B112F0E7
:106D60009BFA0023C4F80831002010BD2DE9F84338
:106D70005FFA81F808F1FF39B9F1010F9CBF0122D8
:106D8000904B044698BF1A7001290E4600F19807EF
:106D900004D8B0F84E51002D00F085808A4808F0E4
:106DA000CBFD3146894808F0C7FD894808F0C4FD8D
:106DB00016F0FD0308D194F8A8210AB184F8A8318F
:106DC000B9F1010F75D102E0B9F1010F6ED816F4D7
:106DD00080550AD004213846F0F71CFE0546B4F869
:106DE0004E3123F01003A4F84E31B2040AD5052128
:106DF0003846F0F70FFE0546B4F84E3123F0200375
:106E0000A4F84E3173040AD506213846F0F702FE85
:106E10000546B4F84E3123F04003A4F84E31B8F1E2
:106E2000020F47D0B4F84E816748B8F1000F40F028
:106E30009B8008F081FD674808F07EFD644808F0FB
:106E40007BFDD4F898203846536823F00103536043
:106E5000F0F71BFBD4F8982084F8CB80536843F0FC
:106E600002035360D4F89820536823F00203536060
:106E70000123554884F83D3184F83E3184F83F3190
:106E800084F8403184F8413184F8423184F8433148
:106E900084F8443108F050FD4F48314608F04CFD6D
:106EA0004B4808F049FD2846BDE8F883B8F1000FCB
:106EB00058D10025F00512D500213846F0F7AAFD7B
:106EC000B4F84E310546D4F8F80023F00103A4F8D5
:106ED0004E3120B112F0E0F90023C4F8F830B105CA
:106EE00012D501213846F0F795FDB4F84E3105462C
:106EF000D4F8FC0023F00203A4F84E3120B112F0C4
:106F0000CBF90023C4F8FC30720512D502213846B3
:106F1000F0F780FDB4F84E310546D4F8000123F0B7
:106F20000403A4F84E3120B112F0B6F90023C4F8DE
:106F3000003133057FF576AF03213846F0F76AFD5F
:106F4000B4F84E310546D4F8040123F00803A4F840
:106F50004E3100283FF466AF12F09EF90023C4F8CA
:106F600004315FE700255DE718F0CF090DD108F087
:106F7000E3FC1A4808F0E0FC154808F0DDFC384650
:106F8000F0F796FA84F8CB9072E718F030080DD13C
:106F900008F0D2FC124808F0CFFC0D4808F0CCFCF9
:106FA0003846F0F794FA84F8CB8061E708F0C4FC27
:106FB000B4F84E110B4808F0BFFC054808F0BCFCC3
:106FC00056E700BF94CD0020A8700310197103107C
:106FD000628303102E710310547103104371031068
:106FE0006E7103107F71031038B53B493B480DF0BB
:106FF000C3FC051E04DAC12239493A4808F064FD91
:107000004FF4E67008F078FE044620B9C3223449F4
:10701000354808F059FD2246344B1B7884F8A631D8
:10702000334B1B7884F8A431324B1B7884F8A5319C
:10703000314B03F1140153F8040B8B4242F8040B5B
:10704000F9D14123C82284F8AB312C4904F1140052
:1070500014F05AF9C8222A4904F1DC0014F054F95A
:10706000284B04F5DE721B7884F8A931264B1B7877
:1070700084F8AA31254B03F1100153F8040B8B421D
:1070800042F8040BF9D1224B04F5D6721B7884F830
:10709000A731204B1B7884F8A8311F4B03F1100156
:1070A00053F8040B8B4242F8040BF9D14FF4E6720B
:1070B000214628460DF0CAFCB0F5E67F04D0D22266
:1070C0000749164808F000FD28460DF087FC2046C9
:1070D000BDE8384008F01ABF02060100A46F031093
:1070E00039FA031095710310B26F03104ACF0020D4
:1070F00091B5002090B500201E000410C8B40020F7
:1071000000B40020A2B5002048CF002092B5002096
:10711000B3B5002049CF0020A3B500209D71031016
:1071200002287FB505460C4607DCAA4808F004FC97
:107130002946A94808F000FC50E04A681378732BF0
:107140002ED153786D2B1ED1886812F091F8A34C84
:107150002070A04808F0F0FB2178A14808F0ECFB73
:10716000A04808F0E9FB23780A2B5CD9994808F07D
:10717000E3FB9D4808F0E0FB9A4808F0DDFB4FF088
:10718000FF3004B070BD762BF0D1886812F070F833
:10719000964C20708F4808F0CFFB21789448DDE7AB
:1071A000042877D1772B40F02C8253786D2B45D172
:1071B00000250A222946A068ADF80C508DF80E5023
:1071C00012F038FA0646E06814F014F9282809D0BD
:1071D000804808F0B1FB874808F0AEFB814808F012
:1071E000ABFBC3E7092E05D97A4808F0A5FBA168D7
:1071F00081489FE7814B06EB860603EB8606E36832
:1072000000215A5D2B448DF80C205B78102203A8D6
:107210008DF80D3012F00EFA0235282D06F8010F08
:10722000EDD101F00BFC6B4808F086FB744808F0C8
:1072300083FB6C4808F080FB0020A2E7762B95D1F9
:1072400000250A222946A068ADF80C508DF80E5092
:1072500012F0F0F90646E06814F0CCF82828B7D10F
:10726000092EC1D8674B06EB860603EB8606E3685A
:1072700000215A5D2B448DF80C205B78102203A866
:107280008DF80D3012F0D6F90235282D06F8010FD1
:10729000EDD1C6E7742B5AD017D8652B00F0F380D8
:1072A000722B1ED0032D40F0B681612B00F0B5810A
:1072B0006D2B7FF45BAFA3681B78722B7FF456AF06
:1072C000444808F039FB504B6BE0762BEAD1A368B9
:1072D0001B78722B40F086813E4808F02DFB4B4B0B
:1072E0005FE053786D2B22D100210A22A06812F0B2
:1072F000A1F90446374808F01FFB454904EB840018
:10730000041D51F82440831C0194C41C51F82440EE
:10731000421C009451F8233051F8222051F82010DB
:107320003C4808F009FB2F4808F006FB7BE7762B6A
:107330007FF41CAF00210A22A06812F07BF90446FA
:10734000244808F0F9FA344904EB8400D8E705280A
:107350007FF40CAF8B681B786D2B26D1CB681B7824
:10736000772B7FF403AF086911F082FF2B4B187065
:10737000C0B206283FF6FAAE164808F0DDFA2848F3
:1073800008F0DAFACFE7A3681B786D2B7FF4EEAE36
:10739000E3681B78722B7FF4E9AE0E4808F0CCFA54
:1073A0001E4B93F900101F4876E06C2B55D1D1E9A4
:1073B00003050378722B39D1284611F059FF0F28A5
:1073C00004463FF6D3AE034808F0B6FA164B1957F9
:1073D000E9E700BFA8700310B971031091B5002050
:1073E000CF71031062830310B372031090B50020B5
:1073F000E0710310F171031003720310C7B4002091
:10740000C0720310FFB30020A2B50020B3B5002066
:10741000C8B400201972031000B4002049CF002026
:10742000427203105B720310A3B5002011F020FF1D
:107430000F2804463FF69AAE284611F019FF7D4DFD
:1074400028557D4808F078FA21462A577B4808F0ED
:1074500073FA7B4808F070FA8EE7642B7FF486AEEF
:10746000D1E9030511F004FF0022764B0F280446F2
:107470001A703FF67BAE744B1870284611F0F8FE78
:107480006C4B185578E7A3681B78762B07D16A48B0
:1074900008F052FA6D496E4808F04EFA43E7732B34
:1074A00003D101226B4B1A70BDE6652B7FF45EAEF3
:1074B000FFF79AFD0022674BF5E70024664D674E03
:1074C00028705D4808F038FA654808F035FA5C48DD
:1074D00008F032FA2246214606F19800A6F8CE407E
:1074E000F0F795F82246012106F19800F0F78FF8A1
:1074F00001F0A4FA214695F90020EFF7EFFD01F025
:107500009DFA012195F90020EFF7E8FD8BE66D2B40
:107510007FF42CAEE3681B78722B7FF427AE4648CD
:1075200008F00AFA4F4B3CE7052D7FF41FAEA36825
:107530001B786D2B09D1E3681B78772B7FF416AE8F
:10754000206911F095FE474B11E76C2B1BD1D4E954
:1075500003050378722B0BD1284611F089FE0F2802
:1075600004463FF603AE344808F0E6F93E4B2EE7FA
:1075700011F07EFE0F2804463FF6F8AD284611F0C4
:1075800077FE394B7DE7642B7FF4F0ADD4E903053A
:1075900011F06EFE01222B4B0F2804461A703FF6A5
:1075A000E5AD294B1870E9E76D2B7FF4DFAD042DB5
:1075B000BAD1A3681B78772BA9D1E06811F058FEE7
:1075C0002A4B19E0032D3FF4D1AD772B7FF4CEADDC
:1075D000E06811F04DFE00F13C035A2B7FF66DAFD1
:1075E0002348FCE5032D3FF4C1AD772B7FF4BEADFE
:1075F000E06811F03DFE1F4B18704830C0B2B4284F
:10760000B8E6742B3FF4BFAE10D8652B3FF43BAF08
:10761000722B3FF466AE612BC6D1A3681B78722B28
:10762000D0D1054808F088F90B4BBAE6762B3FF429
:107630004EAEF0E7A3B50020A87003106E720310E1
:107640006283031046CF0020FDB300201800041011
:107650008272031047CF00204ACF002098CD00202F
:107660004272031048CF002092B50020A2B500203E
:1076700099720310B3B5002001207047F8B5044695
:1076800000F19807502031F027FE682011F0FCFD32
:107690000546C4F8D80008B90520F8BD60220021CD
:1076A000083031F0B1FE33233548C5E900036820C6
:1076B00011F0EAFD0546C4F8E8000028ECD060228D
:1076C0000021083031F0A0FE35232E4A0321C5E900
:1076D00000234FF001130025C4E927132A4B202271
:1076E000C4F838312946C4F8585104F5AE7031F069
:1076F0008BFE142011F0C8FD0646C4F8A00114202A
:1077000011F0C2FD1022C4F8A40104F5C071304686
:1077100011F06CFB04F5C8711022D4F8A40111F02B
:1077200065FB4FF08072194B3846C4E92D23C4E93C
:107730002A35C4E93055C4E93255C4F8D450C4F8E8
:10774000B050A4F8BC5084F8D050EFF7A7FF06461D
:107750000F4808F0F1F8D4F898300E48196E08F088
:10776000EBF80D4808F0E8F8094808F0E5F831466C
:107770000A4808F0E1F8084808F0DEF828468CE7E7
:1077800008100850441008508002800200050105CE
:10779000A8700310D072031062830310EC72031000
:1077A0000020704710B5FFF7FBFF28B1074808F02D
:1077B000C3F86FF0030010BD054C064894F90010A3
:1077C00008F0BAF894F90000F5E700BF047303105D
:1077D0004ACF002022730310F7B50D460446002857
:1077E00000F01481002900F011810B6800F1980766
:1077F000082B0ADC002B0BDD013B072B08D8DFE848
:1078000003F00A6807A4070707D3202B00F0F580D0
:107810004FF0FF361EE04E6836B1013E022E4FF0AB
:10782000FF3698BF002615E0D0F80801B4F83A21D9
:1078300098B91146012011F01FFDC4F8080178B96C
:1078400040F206327249734808F03EF9D4F8083124
:1078500033B90426304603B0F0BD314631F0D4FDD3
:10786000012200238DF80720EA688DF80430102AE1
:1078700014BF01221A468DF8062003D1AB68013BE4
:1078800018BF01230022384611468DF80530EFF766
:10789000BEFE002201213846EFF7B9FE01F0CEF816
:1078A0000546FFF77FFF002102462846EFF716FC4A
:1078B00001F0C4F80546FFF775FF0121024628468E
:1078C000EFF70CFC019BC4F85031042384F87D31A0
:1078D000C0E74E68002EA0D1D0F8F80008B111F032
:1078E000DBFC0120B4F8381111F0C6FCC4F8F80034
:1078F00028B940F295324649474808F0E5F8D4F8EF
:10790000F830002BA5D00122C4F85C3100238DF89B
:107910000720EA688DF80430102A14BF01221A46A5
:107920008DF8062003D1AB68013B18BF01232A69FB
:107930008DF80530394B00211A80384601AAEFF73F
:1079400033FD002384F87C3184E74B68012B10D190
:10795000032380F8A93040F20123A4F8AA300023C1
:1079600084F8AC30384604F1A801EFF7DCFD0026BE
:1079700070E7022B05D1052380F8A93040F20153AE
:10798000EBE78B68C3F3033380F8A9308B68C3F34C
:10799000032380F8AA308B68C3F3031380F8AB305D
:1079A0008B6803F00F03DBE74B68012B0AD103233D
:1079B00080F8B93040F20123A4F8BA30002384F8EB
:1079C000BC30CFE7022B05D1052380F8B93040F257
:1079D0000153F1E78B68C3F3033380F8B9308B6848
:1079E000C3F3032380F8BA308B68C3F3031380F822
:1079F000BB308B6803F00F03E1E7012300F1C40102
:107A000080F8CB303846EFF727FEB0E7012621E7B4
:107A1000B1FA03103A7303105A73031044CF0020D5
:107A200037B50446B4F8B42004EB8103022A18BF2A
:107A3000B4F8A0200D46196EA0F1980018BF01EB14
:107A40005201C3F8C4100FF0BDFE94F8E63093B1B4
:107A50000122D4F8080145F010050DF107018DF859
:107A6000075011F0FDF9012805D040F24272034998
:107A7000034808F029F803B030BD00BF97FA03109F
:107A80007A73031037B5044600EB81030D46196E77
:107A90009838C3F8C4100FF095FE94F8E63083B11F
:107AA0000122D4F808010DF107018DF8075011F0FB
:107AB000D7F9012805D040F256720349034808F06F
:107AC00003F803B030BD00BF79FA03107A730310D6
:107AD00073B51E4B05461B780C462BBBB5F8B4207E
:107AE00005EB8103022A196EB5F8A260A0F1980097
:107AF0001CD13246C3F8C4100FF074FE95F8E7307D
:107B000093B10122D5F80C0144F010040DF10701E6
:107B10008DF8074011F0A4F9012805D040F28572D4
:107B20000B490C4807F0D0FF02B070BD01EB5601C5
:107B3000C3F8C410084B72081B68002BDCD0201F50
:107B4000C0B202B0BDE87040184700BF94CD00201D
:107B50005FFA03107A73031090CD002037B5174BEE
:107B600004461B780D463BBB00EB8103196EC3F83E
:107B7000C410134BB0F8A2201B6852082BB1281F69
:107B8000C0B203B0BDE83040184798380FF02AFE65
:107B900094F8E73083B10122D4F80C010DF107010C
:107BA0008DF8075011F05CF9012805D040F2A4725D
:107BB0000449054807F088FF03B030BD94CD00208C
:107BC00090CD002041FA03107A7303104AF6444224
:107BD00070B5314E04463388934240D12F4B304824
:107BE0001D7807F0A9FE31882E4807F0A5FE2E4823
:107BF00007F0A2FE2D492E4B1B78002B2ED0002D16
:107C00002CD02268536823F4807353602268536D2C
:107C100043F40023536523685A6D5203FCD55A6D13
:107C200022F400225A652268536D65F3913353653F
:107C3000226805EB8505536D43F4405353650023DB
:107C40002268703251F823000133AB4242F8040B32
:107C5000F8DB2268536843F48073536070BDB3F55A
:107C60007A5F0DD1134B0E481D7807F065FE318801
:107C7000114807F061FE0C4807F05EFE0F49BAE7B5
:107C8000074807F059FE31880D4807F055FEBDE85A
:107C90007040054807F050BE44CF002091B5002049
:107CA000A87003108773031062830310C8B4002008
:107CB000FCB3002090B50020A973031000B400208D
:107CC000CB73031011F0FD0F2DE9F04104460F4670
:107CD00000F19808CDB208D190F8A8312BB94046F0
:107CE000FFF774FF012384F8A8316B1E012B4FF0BE
:107CF000000100F2CA806B4B17F48056197016D041
:107D000004F5A8724046EFF799FB04234046B4F807
:107D10003A21D4F80811EFF707FE0423012684F86E
:107D20007D31B4F84E3143F01003A4F84E31BB045A
:107D300018D5012104F5AA724046EFF77FFB052311
:107D40004046B4F83A21D4F80C11EFF7EDFD0523C5
:107D500084F87D31B4F84E31013643F02003F6B299
:107D6000A4F84E31780412D506234046B4F83A21DF
:107D7000D4F81011EFF7D8FD062384F87D31B4F85C
:107D80004E31013643F04003F6B2A4F84E31022DD5
:107D900040F0848017F480751DD0434807F0CCFD77
:107DA000B4F838114148490807F0C6FD404807F0CB
:107DB000C3FD00234046B4F83821D4F8F810EFF79B
:107DC00043FD0023012584F87C31B4F84E3143F0A3
:107DD0000103A4F84E31B90512D501234046B4F889
:107DE0003821D4F8FC10EFF72FFD012384F87C3103
:107DF000B4F84E31013543F00203EDB2A4F84E3130
:107E00007A0512D502234046B4F83821D4F800117F
:107E1000EFF71AFD022384F87C31B4F84E310135B6
:107E200043F00403EDB2A4F84E313B0512D5032311
:107E30004046B4F83821D4F80411EFF705FD0323C8
:107E400084F87C31B4F84E31013543F00803EDB2CB
:107E5000A4F84E31012D21D90123D4F8A00184F8D2
:107E60007E3111F0CBF8012E12D90123D4F8A401F0
:107E700084F87F3111F0C2F8D4F8982000205368BC
:107E800043F001035360BDE8F0812DB184F87E1109
:107E9000002384F87F31EFE72E467BE7002384F848
:107EA0007E31E0E794CD0020A8700310E773031043
:107EB0006283031010B50446024600210448EFF720
:107EC0000DFB2246BDE8104001210148EFF706BB3B
:107ED00030CE002000F13C03DBB25A2B014610B536
:107EE00005D9194807F028FD4FF0FF3010BD174C99
:107EF0002070174807F020FD002216481146EFF7C2
:107F000086FB002201211348EFF781FB00F096FD6C
:107F1000002194F90020EFF7E1F800F08FFD94F9CB
:107F200000200121EFF7DAF80B4B0C48D3F898301A
:107F3000196E07F001FD00F081FD03680848196A19
:107F400007F0FAFC0020D1E7997203104ACF002015
:107F5000FD73031030CE002098CD00201474031060
:107F600029740310012808B515DCFFF71BFC014636
:107F70000D4807F0E1FC0D4B0D48D3F89830196E11
:107F800007F0DAFC00F05AFD03680A48196A07F0A6
:107F9000D3FC002008BD486811F06AF9064B40B2D6
:107FA0001870FFF797FFF4E73C74031098CD00209A
:107FB00014740310297403104ACF00200020704766
:107FC00000207047012070472DE9F74F01206F4CCA
:107FD000F5F760F94E2031F07FF94F2031F07CF950
:107FE000EEF788FDD4F884304FF0020B43F0200305
:107FF000C4F88430D4F88C30DFF89C8143F48023BB
:10800000C4F88C304FF0FA63C4F8A430042008217F
:108010001025D8F80860D4F8843023F47813C4F815
:108020008430D4F8843043EA4543C4F88430D4F82B
:10803000A43043F00103C4F8A430D4F8A4309F075F
:10804000FBD5D4F8A820D4F8A870B6EB124F00974F
:10805000D4F8A4704FEA12438CBF6D186D1A27F044
:1080600001078CBFA6EB030AA3EB060A0138C4F88C
:10807000A4704FEA5101CED10193D4F8881044483E
:1080800007F05AFC019B002D76D01F2D76D005F10C
:10809000FF396F1CD4F884103E4821F47811C4F8DD
:1080A0008410D4F8841041EA4941C4F88410D4F80B
:1080B000A41041F00101C4F8A410BDF80020294625
:1080C00007F03AFCD4F8A4309A07FBD5D4F8A810EE
:1080D000D4F8A4300A0C23F00103C4F8A430D4F877
:1080E0008430B6EB114F23F47813C4F88430D4F8FD
:1080F000843088BFB21A43EA4743C4F88430D4F8C6
:10810000A43098BF921B43F00103C4F8A430D4F804
:10811000A4309B07FBD5D4F8A800D4F8A410B6EB84
:10812000104F4FEA104321F001018CBFF31A9B1B43
:108130009245C4F8A41025D39A4298BF4F46BBF18C
:10814000010FC8F8047008F10C0812D10F4BD3F8D6
:108150008C2022F48022C3F88C20D3F8842022F0D3
:108160002002C3F88420EEF7FFFB002003B0BDE837
:10817000F08F4FF0010B49E7A9468AE72F464FF0F1
:108180001E0987E79A4538BF2F46D8E70080085078
:108190004C74031060740310B4B5002010B54FF494
:1081A000B27200210A4831F02FF9094A094B0A49F5
:1081B000C2F89830094B06481365002303220FF0DC
:1081C000C7FA0446024805F07BFD204610BD00BFFB
:1081D0004CCF00200080085079740310A4000410D4
:1081E0002129F8B506460D46144600F1980705DC2E
:1081F0001B2906DC012970D0022967D04FF0FF301F
:1082000016E0A1F11C05052DF8D801A353F825F0BF
:10821000298201103B820110FD810110FD810110B6
:108220004B820110A98201101AB980F8A020002009
:10823000F8BD012380F8A030F9E712B980F8A82032
:10824000F5E7012380F8A830F1E76C2A29DC12F168
:108250006C0F04DB12F1480F03DB002508E06FF020
:108260006B0404EBD474641004F124056FF047042C
:10827000224807F061FB22462946214807F05CFBB3
:10828000204807F059FB224600213846EEF7E8FE69
:10829000224601213846EEF7E3FE2846FFF70AFEA4
:1082A000C5E700256C24E3E772B101213846EEF7FB
:1082B00057FF124807F040FB2146134807F03CFBEC
:1082C000104807F039FBB2E71146EFE73846EEF702
:1082D000FAFD0020EEF79EFAA9E73846EEF76AFDB0
:1082E0002846F4F7D7FF4E2030F0F6FF4F2030F04D
:1082F000F3FF002386F8403199E700BF8274031032
:108300009474031062830310B574031001292DE9DE
:10831000F84304460D4600F1980704D8B0F81E61F2
:10832000002E00F08F80554807F006FB5FFA85F8B5
:108330002946534807F000FB08F1FF39514807F080
:10834000FBFAB9F1010F6FD815F480660DD0022148
:108350003846EEF79DFFB4F81E31064623F00403BD
:10836000A4F81E31012384F82331280508D5B4F878
:108370001E3123F00803A4F81E31012384F82431B0
:10838000B8F1020F35D1E90508D5B4F81E3123F054
:108390000103A4F81E31012384F82131AA0508D570
:1083A000B4F81E3123F00203A4F81E31012384F82F
:1083B0002231B4F81E3131489B0748D107F0BCFA8E
:1083C000314807F0B9FA2F4807F0B6FA01213846CC
:1083D000EEF7A4FEEEF70AFBD4F8982001215368CB
:1083E000384623F002035360EEF700FEB9F1010FA7
:1083F0001ED1B4F81E31214803F00C0393BB07F0E3
:108400009BFA224807F098FA1E4807F095FAD4F82C
:108410009820536823F001035360EEF7B1FC02216A
:108420003846EEF7E3FD03E0B8F1000F0DD000266B
:10843000124807F081FA1648294607F07DFA1148DC
:1084400007F07AFA3046BDE8F88346469BE707F026
:1084500073FAB4F81E110F4807F06EFA094807F0D6
:108460006BFAC3E707F068FAB4F81E11094807F081
:1084700063FA044807F060FADAE700BF8274031079
:108480001971031062830310CC740310F774031086
:1084900054710310DF740310F8B54FF420730025F6
:1084A0000127A0F81C310446C0E94B55C0E94D55E1
:1084B000A0F89C5080F8A07080F8A870142010F0EC
:1084C000E3FE0646C4F85C01142010F0DDFE04F55E
:1084D000A471C4F860010A22304610F087FC0A2219
:1084E00004F5A971D4F8600110F080FC3846F4F767
:1084F000D1FE4E2030F0F0FE4F2030F0EDFE04F1C2
:108500009800EEF757FC0446054807F015FA214697
:10851000044807F011FA044807F00EFA2846F8BD9F
:10852000827403100A75031062830310F8B50D46B8
:108530000446002857D0002955D00B68012B04D0E1
:10854000022B23D04FF0FF30F8BD00230C26086922
:10855000264A06FB03F18F18515888420ED184F841
:108560009E30C4F8AC706B68580744BF022384F88F
:108570003D316B68190705D40020E5E70133092B6D
:10858000E7D1F0E7032384F83D31F5E70023142613
:108590000869174A06FB03F18F18515888421ED10B
:1085A00084F89E30C4F8A4706B6804F19806DA076A
:1085B00008D50021304604F1A002EEF7BFFC0023ED
:1085C00084F83C316B689B07D6D50121304604F115
:1085D000A002EEF7B3FC012384F83C31CCE7013371
:1085E000092BD7D1E0E70120AEE700BFD00004108F
:1085F0003C010410F8B504461D460E46C1B190F882
:108600003C71012F05D940F205620E490E4807F072
:108610005BFA04EB8707D7F82C0158B12A4631469C
:1086200012F072FE94F83E3113B1FF2384F83C310E
:108630002846F8BD40F211620249044807F044FAA6
:10864000F6E700BF83000410247503109E6F03102B
:108650000120704770B50646324C3220D4F88C3079
:1086600043F48073C4F88C3030F0E2FE032E45D81A
:10867000DFE806F0023E40422B4BC4F89030D4F8BD
:108680009030322043F00073C4F89030D4F890302A
:1086900023F08063C4F89030D4F88C3023F48073D6
:1086A000C4F88C3030F0C4FED4F88C30322043F45F
:1086B0008073C4F88C3030F0BBFED4F888303220A0
:1086C00043F44043C4F8883030F0B2FED4F8883028
:1086D000314623F48043C4F88830D4F8A05015F014
:1086E000010511D0114807F027F94FF0FF3070BD98
:1086F0000F4BC2E70F4BC0E70F4BBEE7B8220F4945
:108700000F4807F0E1F9BAE70E4807F015F9D4F879
:108710008830304623F40043C4F88830EEF780F800
:108720002846E4E7008008506F1253444275031056
:10873000226C4844000050449A9945449300041028
:10874000D39203105F75031038B505461A480C46DE
:1087500007F0F2F84AF6444364009D42E4B207D0C1
:1087600045F222639D4203D042F611339D4221D14E
:1087700001250134E4B2EEF7BDF90C200F4B10498E
:10878000D3F8842000FB051122F47812C3F884206A
:10879000D3F8842049680B4842EA4142C3F8842058
:1087A000224607F0C9F82046FFF754FF10F0FF00FB
:1087B000F9D138BD0025DEE7777503100080085039
:1087C000B4B500208475031038B54AF644434C0014
:1087D0009842E4B207D045F22263984203D042F6B1
:1087E000113398421FD101200134E4B20C250F4B04
:1087F0000F49D3F8842005FB001122F47812C3F846
:108800008420D3F8842049680A4842EA4142C3F8E8
:108810008420224607F090F82046FFF71BFF10F057
:10882000FF00F9D138BD0020E0E700BF008008500C
:10883000B4B50020847503102DE9F84311F0FF074B
:1088400004460D4690F89E6000F1980811D0022F62
:1088500027D10C2214237243704973438A587049FC
:10886000CB589A4205D040F251426E496E4807F00B
:108870002BF9142373436A4994F84021C8180079EE
:1088800040B1CE584FF0020901213046EAB9FFF756
:108890005BFF1CE0FAB9EEF72DF9012384F84031B3
:1088A00019E0012F40F0A5800C214E435B4A90F85F
:1088B000403191190979002900F0978096594FF0BD
:1088C000020939463046002BE1D0FFF77DFF84F8DE
:1088D0004091C4F84461554807F02EF8D4F844217B
:1088E00094F84011524807F027F807F1FF39514832
:1088F00007F022F8B9F1010F00F2828015F48066CA
:1089000017D0002104F1A8024046EEF74DFB0223E8
:108910004046B4F81C21D4F80411EEF753FC0223AE
:10892000012684F83D31B4F81E3143F00403A4F865
:108930001E31290510D50121404604F1A802EEF7A9
:1089400033FB032384F83D31B4F81E31013643F084
:108950000803F6B2A4F81E31022F5BD115F4807320
:108960001FBFB4F81E3143F00103A4F81E310123E8
:10897000AA054FD5012284F83C21B4F81E2142F00B
:108980000202A4F81E21002B44D0D4F85C0184F824
:108990003E3110F033FB022E36D10123D4F86001B2
:1089A00084F83F3110F02AFB15F0FD0F0DD1D4F8FB
:1089B000982001215368404643F002035360EEF7CC
:1089C000ADFBD4F8A400EDF731FFB9F1010F09D8E0
:1089D000D4F8AC00EEF7DCF8D4F89820536843F0F4
:1089E000010353600020BDE8F883002B7FF473AFD0
:1089F00051E74FF491620B490F4807F065F86AE7B9
:108A000037B1002384F83E31002384F83F31CBE7AF
:108A10003E46A3E7002384F83E31BCE7D0000410B3
:108A20003C0104106E000410A97503108274031039
:108A3000D475031062830310D3920310004870476B
:108A4000E4CF002037B5044600EB8103B0F8842062
:108A50000D46596E983801EB5201C3F89410520834
:108A60000EF0C0FE94F8A73093B10122D4F8C800EC
:108A700045F010050DF107018DF8075010F0F0F9E1
:108A8000012805D04FF4D0620249034807F01CF8D2
:108A900003B030BD520004107A73031037B504469A
:108AA00000EB81030D46596E9838C3F89410B0F866
:108AB0001C2152080EF096FE94F8A73083B10122D3
:108AC000D4F8C8000DF107018DF8075010F0C8F96F
:108AD000012805D040F292620249034806F0F4FFF3
:108AE00003B030BD320004107A73031010B506F0E5
:108AF00019F902F06DF9044620B92B220D490E48F0
:108B000006F0E2FF2046F2F75FFED4F8CC306BB1FE
:108B10000A4806F011FFD4F8CC10094806F00CFF03
:108B2000084806F009FF0023C4F8CC30BDE8104027
:108B300006F00EB925020410F9750310465503100E
:108B4000097603106283031008B50F2819D8DFE8EF
:108B500000F01D121808181F180A0C0E181018180B
:108B60001416012008BD0320FCE70420FAE70520C5
:108B7000F8E70620F6E70720F4E70820F2E70920E7
:108B8000F0E79D220349044806F09EFF0020E9E734
:108B90000220E7E705020410D3920310F0B5222962
:108BA00005460E46144685B00BDC1A2912DDA1F1EC
:108BB0001B03072B0ED8DFE803F03C0D4C0D1E2CD9
:108BC000253340F2EA33994200F08980B1F57B7F8A
:108BD00000F08E805F4806F0AFFE31465E4806F03A
:108BE000ABFE5E4806F0A8FE40F217125C495D48F5
:108BF00006F06AFF03E014B1237880F83A310020D0
:108C000005B0F0BD002CFAD021785030F2F720FAF0
:108C1000F5E7002CF3D021785030F2F70FFAEEE7A9
:108C2000002CECD0E378A27861785030F2F71AFA91
:108C3000E5E7002CE3D0208895F83A41A5F8380103
:108C4000FFF782FF2146024605F15000F2F7FCF8DB
:108C5000D5E7002CD3D000F1500690F83A112278D5
:108C60003046F2F7ADF8608895F83A71A5F838010A
:108C7000FFF76AFF394602463046F2F7E5F86088AA
:108C8000FFF762FF09281BD13046626895F83A1158
:108C9000F2F748F9227F95F83A113046F2F786F953
:108CA000A38A30460393638A0293238A0193E3895C
:108CB0000093A389A26995F83A11F2F7E5F89EE7C7
:108CC0006088FFF741FF0828E4D1A37A304600937B
:108CD000637A227A95F83A11F2F7F4F8DAE7002A83
:108CE0008DD090F83A1112785030F2F769F886E793
:108CF000002A84D000F1500690F83A1112783046DC
:108D0000F2F75EF8608895F83A71A5F83801FFF738
:108D10001BFF394602463046F2F796F86088FFF7A7
:108D200013FF092806D13046626895F83A11F2F728
:108D3000F9F864E76088FFF707FF08287FF45FAF62
:108D4000A37A30460093637A227A95F83A11F2F7C3
:108D5000B9F854E7465503101C76031062830310DC
:108D6000F0010410D39203107047000008B55022A0
:108D70000021074830F048FB054A064B06491363BB
:108D8000064B03485363BDE808400B2204F07ABF4A
:108D9000B8D00020ED9501102A760310CD94011073
:108DA00010B5164C4FF419720021204630F02CFB00
:108DB000134B0B22236507232375124B2046636256
:108DC000114B1249A362124BE362124BA363124B85
:108DD000E36404F057FF94F8AA31002023F00D0358
:108DE00043F0050384F8AA31032384F89C0184F836
:108DF000A801A4F8B80184F8B03110BD0CD100204E
:108E000000800050558E0110759D0110BA8003102E
:108E10004D9D0110259801103403041070B50D46C6
:108E2000044628B94FF480620849094806F04CFE10
:108E3000D4F84C320133C4F84C32236A23B12946AA
:108E40002046BDE87040184770BD00BF880204107E
:108E5000337603101FB53223204C0122204984F8B9
:108E60009D3104F59E70002305F072F90023042261
:108E700038211B4805F080FDC4F8400228B940F2B3
:108E800037221849184806F01FFE0C230A22CDE9A4
:108E900002324FF400630193144B154A0093D4F847
:108EA00040321449144807F01DFF28B14FF41072E6
:108EB0000C49124806F008FE0F4807F017FE002381
:108EC0000F491A460F4805F043F900230E491A4688
:108ED0000E4805F03DF9002004B010BD0CD1002073
:108EE0003C760310F002041044760310508C0020EE
:108EF00089A601104F760310C8D2002058760310BF
:108F00006676031068D200206F76031088D20020A6
:108F100010B5044642F2107004F0E4FD014604F579
:108F20009E70BDE8104005F0B3B9000010B5503098
:108F3000F2F780FD044658B1064806F0FDFC2146D4
:108F4000054806F0F9FCBDE81040044806F0F4BC02
:108F500010BD00BF465503107776031062830310DF
:108F600008B5D0F8F8310133C0F8F831D0F89430B2
:108F70007BB1002300F5867040F8783C05F044FA98
:108F800038B1BDE808404FF4E4720249024806F0E7
:108F90009BBD08BDC80204105F55031010B5044600
:108FA00028B94FF4AD720D490D4806F08DFDB4F8A7
:108FB00058312BB140F25B1208490A4806F084FD93
:108FC00004F59E7005F020FA38B1BDE8104040F27B
:108FD0005D120249044806F077BD10BD9D020410E1
:108FE00033760310917603105F55031010B590F897
:108FF000AA31DB0710D55030F2F7DCFC044658B13B
:10900000064806F099FC2146054806F095FCBDE8A7
:109010001040044806F090BC10BD00BF4655031038
:10902000AA760310628303102DE9F0434FF0000885
:1090300085B0032881460E46CDF80C800CDC4D48E7
:1090400006F07AFC4C4806F077FC4C4806F074FCBD
:10905000002005B0BDE8F08310224146706810F092
:10906000E9FA0A2241460546B06810F0E3FA0A22FE
:1090700004464146F06810F0DDFAB9F1040F0746E6
:109080000DD030690A22414610F0D4FA0646631E1C
:10909000032B06D9374806F04FFC3948D3E7394E41
:1090A000F5E7E30035FA03F3324807D006F044FC55
:1090B00022462946344806F03FFCC6E706F03CFC51
:1090C0003B462A462146314806F036FC2B4806F03E
:1090D00033FC2F48FFF71CFF28B140F677322D49AB
:1090E0002D4806F0F1FCDFF8A8804046FFF71EFF90
:1090F00098F85430DA1E092A01D9012B2AD81D48C4
:1091000006F01AFC3146254806F016FC1B4806F00E
:1091100013FC31462248D8F85880F1F7E4FD224686
:1091200029461F48009703ABF1F7C8FF41460446A4
:109130001B48F1F7D8FD1648FFF758FF1448FFF712
:109140002DFF0C4884B906F0F7FB0399154806F08B
:10915000F3FB7AE722462946009703AB08F150005B
:10916000F1F7ACFF0446E6E706F0E6FB21460E48C1
:10917000EDE700BF46550310C57603106283031068
:10918000F376031080841E000977031046770310DE
:109190000CD10020650204105F7703107077031074
:1091A0005CD10020827703108F7703102DE9F34103
:1091B000384D1C4695F89C310746072B0E469046C5
:1091C00065D0D5F83431002B61D09B691B69002B29
:1091D0005DD02846FFF7AAFE95F8AA31DB0616D522
:1091E0002D4806F0A9FB04F061FC4FF47A71D5F824
:1091F000A4313A46C01A48434346B0FBF1F1CDE9E9
:109200000064264806F098FB254806F095FBB5F863
:10921000B831B42B06D1D5F83431DB8B013B1A1BA6
:109220009C1B1646474501DCA64205DD40F229722B
:109230001C491D4806F048FCD5F83421A8EB07036B
:10924000928B934205DB40F22A721649174806F0CA
:109250003BFCD5F83421A31BD28B934205DB40F2B3
:109260002B721049124806F02FFCD5F83431A4B205
:109270009B6900941C690F481FFA88F3B2B2B9B217
:10928000A047044802B0BDE8F041FFF7AFBE02B00E
:10929000BDE8F0810CD1002099770310A27703106C
:1092A00062830310BD020410D0770310F977031016
:1092B000377803105CD1002038B5164C054694F879
:1092C0009C31072B25D0D4F8343113B3124806F063
:1092D00033FB2946114806F02FFB114806F02CFB02
:1092E0002046FFF723FED4F834319B691B6B1BB17A
:1092F000294604F15000984794F83A11EAB2094817
:10930000F1F754FEA4F8B8510248BDE83840FFF721
:109310006DBE38BD0CD1002099770310747803100E
:10932000628303105CD1002037B5504C504806F0E2
:1093300003FBB4F85821D4F834114E4806F0FCFA77
:109340004D4806F0F9FA236D002B00F08D8030F0C7
:1093500003F8054630F014F8454806F0EDFA2946C2
:10936000464806F0E9FA444806F0E6FA404806F0B6
:10937000E3FA3F20EEF792FC05463F20EEF774FC3F
:109380003F4B0246D3F804312946DB0F3D4806F037
:10939000D3FA394806F0D0FA354806F0CDFAD4F8B9
:1093A0001C1194F8172194F81831374806F0C4FAC4
:1093B000314806F0C1FA2E4806F0BEFA236D334854
:1093C0005968D3F8A02006F0B7FA2B4806F0B4FA93
:1093D000274806F0B1FAD4E94B23D4F828112C48D9
:1093E00006F0AAFA244806F0A7FA214806F0A4FAE3
:1093F000D4E99223D4F84412264806F09DFA1E4878
:1094000006F09AFA1A4806F097FA206D0169426947
:10941000C36880680090204806F08EFA164806F06F
:109420008BFA134806F088FA206DC169026A436A14
:10943000C56A406BCDE90050184806F07DFA0E4829
:1094400006F07AFA0A4806F077FA206D016E426E4D
:10945000836E006F0090124806F06EFA064803B063
:10946000BDE8304006F068BA03B030BD0CD1002032
:10947000465503108578031062830310A978031002
:1094800000E100E0B3780310DA780310FE780310EF
:10949000137903102A790310417903106B790310B3
:1094A0009879031008B5064806F046FA054806F014
:1094B00043FA054806F040FABDE80840FFF734BF1C
:1094C00046550310BE7903106283031070B58AB34A
:1094D00016781948642E354628BF642504F0A0FB91
:1094E000044648B940F60D321449154806F0ECFA26
:1094F0000120144B1D7070BD134806F01DFA29465B
:10950000124806F019FA124806F016FA642342F2DD
:109510001072042120466B430DF01BFB26B9042179
:1095200020460DF000FBE3E70022042120460DF069
:10953000E1FADDE71046DEE72F6A03107B02041034
:10954000D3920310B4D0002099770310D27903107E
:109550006283031030B51D4D8BB02B7803701C480F
:1095600004F05EFB044690B940F6EA2219491A4815
:1095700006F0AAFA194806F0DFF92978184806F02B
:10958000DBF9184806F0D8F901200BB030BD2222D3
:1095900000210DF106002FF037FF04238321204620
:1095A0000DEB0302ADF8043004F0ACFC0028E1D16F
:1095B0000A4806F0C1F9DDE90223BDF804100A48A3
:1095C00006F0BAF9074806F0B7F9D3E7B4D000209F
:1095D0002F6A03106E020410D392031099770310C0
:1095E000077A031062830310E3790310104608B56D
:1095F00012B1FFF7AFFF012008BD000007B50DF164
:109600000700FFF7A7FF074806F096F99DF8071037
:10961000054806F091F9054806F08EF9002003B0E0
:109620005DF804FB99770310FA7C03106283031042
:109630002DE9F043022804460F4685B006DC3A487F
:1096400006F07AF9394806F077F953E01022002144
:1096500078680FF0EFFF0A2206460021B8680FF085
:10966000E9FF431E032B054604D92F4806F064F991
:109670002F48E8E7C30036FA03F333D14FF003086D
:109680000DF10C09A0453CD32748033C06F054F9E2
:10969000234632462946274806F04EF9264806F06A
:1096A0004BF92648FFF734FC28B140F6C83224496C
:1096B000244806F009FA2148FFF738FC2A463146CB
:1096C00003AB00942048F1F7BFFD04461B48FFF7A9
:1096D0008DFC1A48FFF762FC1348ECB906F02CF930
:1096E0001A48B0E7104806F027F92A4631461848CC
:1096F00006F022F9104806F01FF9002005B0BDE879
:10970000F08357F82800102200210FF093FF08F192
:10971000010809F8010BB5E706F00EF921460D48DE
:1097200006F00AF9E6E700BF46550310187A031061
:10973000F3760310577A0310628303100CD10020D4
:109740005C0204105F7703105CD10020737A031071
:10975000097703108F770310F7B5294A294D13684D
:109760000446591C8360116001463822D5F8400236
:1097700005F054F90646002830D0234806F0DCF8FE
:10978000D5F84032324621799B8C204806F0D4F837
:109790001F4806F0D1F8D5F840620025B46AB38CB2
:1097A0009D4200D244B94FF4C5721A491A4803B019
:1097B000BDE8F04006F088B91348276806F0BCF809
:1097C0006368227A00932946E368144806F0B4F8E7
:1097D0000F4806F0B1F83C460135E0E723790B3B32
:1097E0000A2B0BD84FF0FF3105F5BE7004F050FD89
:1097F00020B14FF4C97207490948D8E703B0F0BD5A
:10980000B0D000200CD10020465503107A7A031006
:10981000628303100F030410D39203109F7A031086
:109820005F55031070B55C4D144695F89C318EB0B1
:1098300053B11C291ED13AB105F59E7004F0E0FD2C
:10984000831C04D10123237000200EB070BD50B9D9
:1098500005F59E7004F0D8FDD5F840329B8C003B96
:1098600018BF0123EFE740F263424C494C4806F031
:109870002BF9E9E740F2F233994212D195F8A93178
:109880001370002BE0D0474806F056F82178464880
:1098900006F052F8454806F04FF8002385F8A93144
:1098A000D2E7012910D1D5F8343153B105F1500078
:1098B000F2F7F2F828B14FF4906238493C4806F0CC
:1098C00003F903F001F9BFE702290AD103F054F9C3
:1098D00095F81831022BB7D140F28E422F49354806
:1098E000C5E724294BD00ADCA1F11503052B10D8BC
:1098F000052B0ED8DFE803F02D350D450D3740F26E
:10990000F13399423FD00BDC282933D0B1F57C7F6D
:109910003FD00B23CDE903018DF8043005941BE003
:10992000B1F5FA6FF5D1D5F8443202F128060133CA
:10993000C5F8443208238DF8043003AB1A4620687A
:109940006168083403C2B4421346F7D1206810603E
:1099500002E003238DF8043068460095FFF7FCFE13
:1099600072E70D23F6E713238DF8043023788DF882
:109970000C30F1E7072303928DF80430ECE706235F
:10998000F2E70E23F0E715238DF804308DF80C4034
:10999000E2E71423F8E700BF0CD1002024030410F1
:1099A000D392031099770310B97A031062830310DE
:1099B000C67A0310D47A031010B510248EB08DF837
:1099C0000440054CCDE903016846CDE90523009428
:1099D000FFF7C2FE0EB010BD0CD1002030B50B4C0D
:1099E0008FB0D4F84452CDE905230135C4F8445270
:1099F0000425129BCDE9030168468DF804500094BC
:109A00000793FFF7A9FE0FB030BD00BF0CD10020B7
:109A100010B50F248EB0CDE905238DF80440109BBE
:109A2000044CCDE90301684600940793FFF794FEC8
:109A30000EB010BD0CD1002010B58EB098B10B4BFC
:109A400093F89C41072C0ED0D3F834415CB112241A
:109A5000039068468DF804400093ADF81010ADF8FF
:109A60001220FFF779FE0EB010BD00BF0CD1002010
:109A700010B50B4B8EB093F89C41072C0ED0D3F849
:109A800034415CB11124039068468DF80440009382
:109A9000ADF81010ADF81220FFF75EFE0EB010BD4D
:109AA0000CD1002038B5154C054694F89C31072B95
:109AB00022D0D4F83431FBB1114805F03DFF2946DE
:109AC000104805F039FF104805F036FFD4F834315E
:109AD00083B19B695B6A6BB12046FFF727FAD4F824
:109AE000343104F150009B6929465B6A984720464F
:109AF000FFF77CFA84F89D5138BD00BF0CD10020DF
:109B000099770310FF7A03106283031008B50C489D
:109B100005F012FF0B4805F00FFF0B4805F00CFF96
:109B20000A48F1F757FD2FF093FB054805F004FFB5
:109B3000074805F001FFBDE80840034805F0FCBEFA
:109B400099770310117B0310628303105CD100200E
:109B50001A7B0310F8B54C4805F0EEFE4B4E4C480E
:109B600005F0EAFE4B4805F0E7FE2FF089FBD6F83A
:109B70003431002B5DD1484C484FBC420AD1484893
:109B800005F0DAFE474805F0D7FE424805F0D4FE5E
:109B9000002448E03C4805F0CFFE434805F0CCFEE9
:109BA0003C4805F0C9FE96F8AA319B0719D53648FE
:109BB00005F0C2FE3D4805F0BFFE364805F0BCFE8C
:109BC000374805F0B9FE3A48DDE705F0B5FE3948FB
:109BD0002A462146236905F0AFFE2E4805F0ACFE6B
:109BE0002834BC42ECD2A369002BF9D06269002A68
:109BF000F6D05A68002AF3D01B680BB12E4898475C
:109C0000A3692D485B689847054623691E489D4215
:109C1000DBD105F091FE29482A46214605F08CFE4D
:109C20001C4805F089FEC6F83441D6F83431DBB162
:109C30000FE0154805F080FED6F83411204805F0F5
:109C40007BFE144805F078FED6F834319B691B681A
:109C5000ABB90E48FFF7CAF93F2000220621EDF705
:109C60006DFF3F20EDF7ACFF074805F065FE154896
:109C700005F062FEBDE8F840064805F05DBE06F15D
:109C800050009847D1E700BF997703100CD100200E
:109C9000297B031062830310E097041008980410D6
:109CA000317B03103A7B0310547B0310717B03104C
:109CB000BC7B0310987B03105CD10020847B0310D5
:109CC000C87B0310D47B0310F8B504462FF044FB87
:109CD000164F064697F89C31A34224D0072B05D196
:109CE0004FF485721249134805F0EEFE97F89C5127
:109CF00087F89C4130462FF043FBA54215D00E4813
:109D000005F01AFE0D4B082D98BF53F8251053F897
:109D100024200B4888BF0B4905F00EFEBDE8F84033
:109D2000094805F009BE2546E4E7F8BD0CD100203E
:109D3000FD020410E97B0310997703103802041028
:109D4000167C0310E27B03106283031000B505202C
:109D50008FB0FFF7B9FF0C238DF80430044B684631
:109D60000093FFF7F9FC00200FB05DF804FB00BF83
:109D70000CD1002000B501208FB0FFF7A5FF022312
:109D80008DF80430044B68460093FFF7E5FC002093
:109D90000FB05DF804FB00BF0CD1002001282DE9B5
:109DA000F34107460E4612DCAE4805F0C5FDAE484D
:109DB00005F0C2FDAD4805F0BFFDAA4805F0BCFDA9
:109DC000AB4805F0B9FDA94805F0B6FD1AE0A94D6C
:109DD000D5F8343143B9A34805F0AEFDA64805F0E7
:109DE000ABFDA24805F0A8FD7468A449204611F017
:109DF00043F9804650B99F48FFF72CF841469D48EB
:109E0000FFF7B8FF002002B0BDE8F08120469C4972
:109E100011F032F918B99748FFF798FFF2E720469A
:109E2000984911F029F9024608B9152106E02046A3
:109E3000954911F021F9024620B916218D48FFF706
:109E4000F1FCDFE72046914911F016F9804630B960
:109E5000024616218748FFF7E5FC4246E5E7204623
:109E60008B4911F009F98046002842D1022F08D011
:109E700001460A22B0680FF0DDFB1A21019001AA09
:109E8000DCE7844803F0CCFE044640B3012103F034
:109E90003BFF01234146204601AA03F0C3FF0128EE
:109EA00016D17D4805F048FD9DF804107B4805F06B
:109EB00043FD6E4805F040FD204603F081FF7648E3
:109EC00005F03AFD95F89D11754805F035FD7AE7E6
:109ED000644805F031FD734805F02EFDE9E76E4852
:109EE00005F02AFD704805F027FD604805F024FDC7
:109EF000E5E720466D4911F0BFF8804690B9022F82
:109F00000BD001460A22B0680FF094FB80B2B4284F
:109F10007FF478AF4246252190E7524805F00CFDCA
:109F200063484EE76349204611F0A6F80146C0B9E0
:109F3000022F0DD00A22B0680FF07CFB80B20038EF
:109F400018BF012095F8AA3160F3041385F8AA31EF
:109F5000444805F0F1FC95F8AA115748C1F30011E7
:109F6000B3E72046554911F087F880B9022F08D091
:109F700000210A22B0680FF05DFB01465048F0F75F
:109F8000B2FE384805F0D8FCA96D4E489DE7204642
:109F90004D4911F071F8A0B9022F3FF433AF0A22F6
:109FA0000021B0680FF046FB0446011E18BF0121D6
:109FB0004348F1F763F82B4805F0BEFC21464348BF
:109FC00083E74349204611F057F8014698B9022F1C
:109FD0003FF418AF0A22B0680FF02CFB044695F846
:109FE000AA3160F383031F4885F8AA3105F0A4FC69
:109FF0002146384869E73849204611F03DF80146C6
:10A0000098B9022F3FF4FEAE0A22B0680FF012FB9F
:10A01000044695F8AA3160F34513124885F8AA3131
:10A0200005F08AFC21462D484FE72D49204611F0C6
:10A0300023F8014600287FF4E5AE022F3FF4E2AE9C
:10A040000A22B0680FF0F6FA044695F8AA3160F3D8
:10A050008613044885F8AA3105F06EFC2146214894
:10A0600033E700BF46550310237C031062830310BF
:10A070003E7C03100CD10020547C03102C7B031079
:10A08000147B0310457F03105D7F03106A7C03106F
:10A09000CE8D03102A76031099770310717C03107C
:10A0A000E07C0310977C0310C47C0310037D031035
:10A0B0000A7D03101F7D0310237D03102B7D0310E9
:10A0C0005CD10020307D0310D1750310397D031061
:10A0D000417D0310487D0310547D0310587D03100B
:10A0E000657D03106D7D031010B5184C94F89C31FC
:10A0F000072B29D0D4F8343133B3154805F01CFCB4
:10A10000144805F019FC144805F016FC2046FEF72B
:10A110000DFFD4F834319B695B6A1BB1002104F157
:10A1200050009847D4F834319B69DB680BB10B4879
:10A1300098470648FEF75AFF0848F1F74BFABDE882
:10A1400010400620FFF7C0BD10BD00BF0CD100209D
:10A1500099770310817D0310628303105CD1002086
:10A1600010B5124C94F89C31072B1ED0D4F8343122
:10A17000DBB10F4805F0E0FB0E4805F0DDFB0E48B3
:10A1800005F0DAFB2046FEF7D1FED4F834319B69A6
:10A190009B6813B104F1500098470448FEF726FF6E
:10A1A000BDE810400420FFF78FBD10BD0CD100208A
:10A1B000997703108D7D0310628303102DE9F04F12
:10A1C00085B00446DDE90E9715469A46029129B9F5
:10A1D00040F2DD52A749A84805F076FC4D4501DC68
:10A1E000BA4505DD40F2DE52A249A44805F06CFCF8
:10A1F00094F8A8312BB14FF4BC629E49A04805F0F9
:10A2000063FC01239F4984F8A83191F89C21072A17
:10A2100000F0FA81D1F83421002A00F0F58194F899
:10A22000AA21500600F1F081D4F834219269926994
:10A23000002A00F0EB812046FEF778FEB4F8B83132
:10A24000B42B40F0E480D4F834314D45B3F81EB05F
:10A250000BF1FF3BABEB0708ABEB0A0601DCBA45A1
:10A2600005DD4FF4C3628349874805F02DFC002DBE
:10A27000ACBF00236B42B8F1000F80F2C981A7EB9D
:10A280000B0B002B40F0C981BBF1000F00F3C5811F
:10A29000D4F8343104F1500B9B69DB6B002B00F0D8
:10A2A000BB8003F003FCD4F8B4318246C31A40F6F5
:10A2B000B830039303F016FC039B984280F0AC8007
:10A2C000D4F8343158469B69DB6B9847002800F07E
:10A2D000A1806FF0010503906C4805F02DFB0399F8
:10A2E0006B4805F029FB6B4805F026FBC4F8B4A1C8
:10A2F000D4F85C320133C4F85C32002D40F0DA80CF
:10A30000032384F8B03103F0D1FB94F8AA31C4F8E8
:10A31000A401D9060CD5604805F00EFBD4E96832DB
:10A320005E480299D21A05F007FB5A4805F004FB73
:10A3300094F89C31032B14D1D4F83431DB8B013BDE
:10A34000BB420EDC544805F0F7FA554805F0F4FA24
:10A35000504805F0F1FA94F89D01FFF7A3FBFFF7D1
:10A36000FFFED4E968239B1AD4F854229342D4F810
:10A37000582288BFC4F85432934201D2C4F85832EC
:10A3800000252046FEF732FE03F090FBD4F8503251
:10A39000C01AB0F5FA6F33D994F8AA319B0622D5CA
:10A3A00003F084FBD4F85032C01AB0F57A7F23BF93
:10A3B0004FF47A73B0FBF3F0D4F85C62002624BF4C
:10A3C00006EB5006B6FBF0F6334805F0B5FAD4F8C4
:10A3D0006032344800933146D4E9953205F0ACFA46
:10A3E0002C4805F0A9FA0023C4F85C32C4F85432B2
:10A3F0004FF0FF33C4F8583203F058FBC4F8500252
:10A400000023284684F8A83105B0BDE8F08F3E4609
:10A41000D0463DE7C4F8B4A1234BB6B2C4F8E4304B
:10A42000224BC4F8E830D4F828310133C4F828317D
:10A430001F4BC4F8EC3003F039FBD4F83431C4F8C6
:10A44000A0019B691FFA89F200920196AAB25846B0
:10A450009E6902991FFA88F3B0474FF4FA7104F528
:10A46000AE7003F015FF00230546C4E93933C4F884
:10A47000EC303DE7DD020410987D0310A77D03104A
:10A48000C07D03100CD10020D07703104655031077
:10A49000D97D03106283031099770310E67D0310C2
:10A4A0000F7E0310037F0310618F0110A59401102C
:10A4B000698D0110AA1C40F0A480664805F03CFAA2
:10A4C000654805F039FA654805F036FA00220121A1
:10A4D00004F5AE7003F0D2FF28B140F291626049FA
:10A4E000604805F0F1FA012384F8A931D4F860320C
:10A4F0000133C4F86032FEF717FF1E2006F0ABFAF6
:10A50000FEF712FFD4F834319B695B6B0BB15846F0
:10A51000984794F8AA3103F00C03042B1FD10720AD
:10A52000FFF7D2FB3F20EDF75FFB00234E4A0720E9
:10A53000C2F83431FFF7C8FB464805F0FDF940F298
:10A54000A2624749494805F0F7F9444805F0F4F993
:10A5500040F2A3624249464805F0B6FA11E7082BDB
:10A5600002D094F9B03193B93A4805F0E5F9414881
:10A5700005F0E2F9394805F0DFF90023C4F8343179
:10A580000323022084F8B031FFF79EFBF8E6D4F8ED
:10A5900034312BB940F2B1623149374805F094FAB1
:10A5A000D4F834319B699B6B2BB940F2B2622C49D1
:10A5B000324805F089FA274805F0BEF994F9B01140
:10A5C0002F4805F0B9F9254805F0B6F9D4F834312B
:10A5D00058469B699B6B98470320FFF775FB1D4806
:10A5E00005F0AAF9274805F0A7F91C4805F0A4F9D9
:10A5F00094F9B031002B7FF7C3AE013B84F8B03142
:10A60000BEE640F2C262A5E70025F9E61D46F7E680
:10A61000002B3FF43DAE4FF0000BB4F80C211D446D
:10A6200012FA83F2A4F80C21B4F80E21D84412FADD
:10A630008BF2A4F80E21B4F81021994412FA83F297
:10A64000A4F81021B4F812215E4412FA8BF2A4F897
:10A6500012211DE646550310257E03106283031068
:10A66000DD020410377E03100CD10020467E03105B
:10A67000D39203105F7E03106F7E03108B7E031056
:10A68000BC7E0310E27E03102DE9F0410746B14C79
:10A6900090B04FF0FF333822384602A904F02CFA6C
:10A6A00028B140F2EF72AC49AC4805F00DFA029EB9
:10A6B00003F0FCF93046FEF72BFC002840F04D83F8
:10A6C0009DF80C30023B132B00F24283DFE813F0BD
:10A6D00014007000210140032C0200028801400395
:10A6E00040035B025C009500A9006A01E8010802D2
:10A6F0003502F901F2000D01994805F01DF999485C
:10A7000005F01AF9984805F017F902F0DDF9FFF79E
:10A7100021FA0023954819461A46F0F7A3FC0021B8
:10A720009248F0F717FBD4F8343103B30320FFF756
:10A73000CBFA8B4805F000F98D4805F0FDF88A4802
:10A7400005F0FAF83046FEF729FC9DF80C300B3B7B
:10A750000A2B9ED806F5BE7003F056FE002898D04E
:10A7600040F661127C497D4805F0AEF991E77C48DE
:10A7700005F0E2F87F4805F0DFF87B4805F0DCF8EB
:10A78000FFF7C4F90220D2E7754805F0D5F87A48FA
:10A7900005F0D2F8744805F0CFF802F0EDF9FFF7B4
:10A7A000A3FCFFF7B3F96E4805F0C6F87348C4E799
:10A7B0006B4805F0C1F8724805F0BEF86A4805F02C
:10A7C000BBF802F081F9FFF7C5F9D6F834313BB197
:10A7D0000320FFF779FA624805F0AEF86948ACE764
:10A7E0005F4805F0A9F8634805F0A6F85E4805F053
:10A7F000A3F8FFF78BF90220EBE7594805F09CF826
:10A80000614805F099F8584805F096F802F0B4F957
:10A81000FFF76AFCFFF77AF9514805F08DF85B48BD
:10A820008BE74F4805F088F89DF81410584805F05C
:10A8300083F84D4805F080F89DF8145094F89C3149
:10A84000EDB1072B3FF47EAFD4F83431002B3FF449
:10A8500079AF9B699B6A73B12046FEF767FBD4F81A
:10A86000343142489B699B6A98472046FEF7BEFBFD
:10A870000122484B1A700820FFF726FA62E7072BDF
:10A880003FF460AFD4F83431002B3FF45BAF9B69E9
:10A89000DB6A6BB12046FEF749FBD4F8343133480C
:10A8A0009B69DB6A98472046FEF7A0FB394B1D7079
:10A8B0000420E1E72A4805F03FF89DF814103648D7
:10A8C00005F03AF8284805F037F89DF8143094F868
:10A8D000AA21B3FA83F35B0963F341020023022048
:10A8E00084F8AA21C4F83431C6E71D4805F024F8DD
:10A8F0009DF81410294805F01FF81B4805F01CF8B6
:10A9000094F8AA319DF8142062F3830384F8AA31E5
:10A9100018E794F89C31062B05D140F66F020E49DA
:10A920001F4805F0D1F8099B30460193089B059913
:10A930000093DDE90623FFF741FC28B140F67802D9
:10A940000549064805F0C0F805993046FEF766FA55
:10A95000F8E600BF0CD10020E70204105F55031099
:10A96000997703102C7B0310628303105CD10020C5
:10A97000D77B0310277F0310147B03101D7B03106C
:10A980003F7F0310487F0310577F0310617F031040
:10A99000707F031008D10020807F0310937F031085
:10A9A000A97F031094F89C31062B05D14FF408625F
:10A9B0009B499C4805F088F8099B30460193089B09
:10A9C00005990093DDE90623FFF7F8FB00283FF423
:10A9D000B9AE40F689029249934805F075F8B1E6A0
:10A9E00094F89C31062B05D140F6C7028C498D485E
:10A9F00005F06AF89DF81430EBB10E9A0A9B9A4262
:10AA000019DDD6F834118B8CD518013D5B421D4001
:10AA1000013DAA420EDA8B8BAB420BDD834804F07A
:10AA20008BFF834829460E9B0A9A04F085FF8148D4
:10AA300004F082FF0A95DDE90A23DDE9080106F149
:10AA40005005FEF7B3FB9DF8142096F83A112846FE
:10AA5000F0F7B6F9BDF81C0096F83A81A6F838016F
:10AA6000FEF772F8414602462846F0F7EDF90F9BD3
:10AA7000304601930E9B06990093DDE90C23FFF706
:10AA80009DFB28B140F6EF026549674805F01CF8C8
:10AA900096F83A1100222846F0F792F9069954E701
:10AAA00094F89C31062B05D140F6FC025C495D48C8
:10AAB00005F00AF8DDE90723DDE90501FEF776FB7D
:10AAC00040E69DF81400FEF7EDFFFFF749FB39E67D
:10AAD000059B002B3FF436AE96F89D211A7031E6A7
:10AAE00094F89C31062B05D140F61A124C494D487A
:10AAF00004F0EAFFD6F834319B695B69002B3FF420
:10AB000021AE3046FEF712FAD6F8343106F1500085
:10AB10009B69BDF81A205D69BDF81810059BA84710
:10AB20003046FEF763FA0DE69DF8141042480039EE
:10AB300018BF0121F0F79EFA04E694F89C31062B29
:10AB400005D140F631123649364804F0BDFFD6F83B
:10AB500034319B69DB69002B3FF4F4AD3046FEF7DE
:10AB6000E5F9D6F83431BDF81A209B69BDF8181004
:10AB7000DB6906F15000984705463046FEF736FA85
:10AB8000059B1D60DEE5DDE9061527291CDC222971
:10AB900009DC14293FF4D6AD172923D02A462046D4
:10ABA000FDF7FCFFCEE5A1F12303042BF6D801A2AB
:10ABB00052F823F0D7AC01109DAB0110EDAC0110A1
:10ABC000FFAC011007AD011040F2E933994200F0EB
:10ABD000A08040F2EF339942E0D1002D3FF4B2ADB6
:10ABE000002381E02DB940F2DA421449144804F000
:10ABF0006BFF4FF010080021424628462EF004FC5F
:10AC0000D4F83431002B5FD0D3F8148098F8083092
:10AC1000013B032B19D8DFE803F0153C3F4200BF8E
:10AC2000E7020410A97F03105F5503104655031077
:10AC3000B87F0310628303105CD10020A8020410C7
:10AC4000C8B1031040F603032B80D4F834319B8B3A
:10AC5000AB80D4F83431DB8BEB80D4F8343193F80B
:10AC60002430AB702BB940F205524F494F4804F0E5
:10AC70002BFF98F80030122B24D8DFE803F01F1FB9
:10AC80002313171B231F2313171B232323232323E0
:10AC9000130041F20503D7E741F20723D4E741F659
:10ACA0000803D1E7D8F80430EB604BE5D8F804305E
:10ACB0005B00F9E7D8F804309B00F5E7D8F80430DA
:10ACC000DB00F1E70023EFE70223AB70384B85F898
:10ACD00001806B6036E52DB940F25A523249354851
:10ACE00004F0F2FE94F89C312B702BE5B4F8B831E7
:10ACF0001BB9B420FEF7E0FA24E50020FAE72B8820
:10AD0000A4F8F0301EE5002D3FF41CAD94F89D3101
:10AD1000EAE7002D3FF416AD94F89C31072B3FF481
:10AD200011ADD4F83431002B3FF40CAD9B691B6A94
:10AD3000002B3FF407AD20462D88FEF7F7F8D4F836
:10AD400034311D489B6929461B6A98472046E8E62E
:10AD500040F64A1219491A483FE6FEF7E5FA3F2045
:10AD6000ECF742FF00230720C4F83431FEF7ACFFB4
:10AD7000144804F0E1FD40F652121049124804F064
:10AD8000DBFD124804F0D8FD40F652120B490C4886
:10AD900004F09AFE9DF80C30042B7FF4D6AC3046BC
:10ADA0000599FEF73BF8D0E4A8020410CB7F03100E
:10ADB0008601C201E07F03105CD10020E70204108D
:10ADC000D392031046550310467E0310628303108E
:10ADD000004870475CD1002010B5044600220221D3
:10ADE00003F090F810202EF03FFA2046BDE8104006
:10ADF0000022012103F086B837B50321054602F091
:10AE000083FF044608B1C31D13D10EF055FA332356
:10AE1000B0FBF3F202FB13031A21323328460DF183
:10AE200007028DF8073003F06DF814B9284602F0D8
:10AE3000C7FF03B030BD000008B5054B1B6803B168
:10AE40009847044B186808B103F0DEFA002008BDEB
:10AE500074D3002078D3002010B505F001FC044B1A
:10AE60001C680CB1621E1A6005F008FC204610BD7B
:10AE700070D300202DE9FF47064674480D4602F0C6
:10AE8000CFFE012E044609DC714804F055FD7148DF
:10AE900004F052FD704804F04FFD92E0002800F0ED
:10AEA000CF80032102F030FF0A220021804668682B
:10AEB0000EF0C0FBDFF808920A220021C9F800005A
:10AEC000A8680EF0B7FBDFF8FCA1236A002201217D
:10AED00006466248CAF8003003F060F9604F614DE1
:10AEE00061493860204603F053F82A46172120466E
:10AEF00003F008F858B95D4804F01EFD5C486B7813
:10AF0000EA88A98804F018FD534804F015FD6B7811
:10AF1000102B10D10523ADF80E301B2120460DF16A
:10AF20000E0202F0EFFF052E00F28180DFE806F04E
:10AF30000E4D57616B75182B01D10823EBE74FF4C9
:10AF4000CF724C494C4804F0BFFDE6E713250126BB
:10AF50004FF4806322464949CDE90056484805F040
:10AF60009DFE05F0C3FD4FF4806322464549CDE9BF
:10AF70000056454805F092FE05F0B8FD4FF4806399
:10AF80002246CDE900564149414805F087FE05F0CB
:10AF9000ADFDD9F80030002B4ED14FF47A7005F09A
:10AFA0005AFD2046DAF8001002F0F2FFB8F1000F67
:10AFB00002D1204602F004FF386803F023F9002391
:10AFC0003B60002004B0BDE8F08713230126224631
:10AFD000CDE900362F494FF480632F48D5E713237E
:10AFE00001252246CDE900352C494FF480632C48D9
:10AFF000CBE7132301202246CDE9003029494FF445
:10B0000080632948C1E7132301212246CDE900319D
:10B0100026484FF480632649B7E7132301222549C8
:10B02000CDE9003224484FF480632246ADE7FFF7B4
:10B0300013FF0028FBD1ACE7642005F00CFDA8E766
:10B040000A4804F079FC1D4822E700BFBA800310CB
:10B0500046550310238003106283031048800310B9
:10B0600078D300207CD3002039AE011099770310EB
:10B070004F800310F3030410D3920310C9B00110E2
:10B080007780031085B501107E80031059B501103B
:10B0900085800310F1B401108C800310A3B401105B
:10B0A000938003104FB401109A800310A180031005
:10B0B0001DB40110F9B10110A8800310AF80031076
:10B0C00070D3002074D3002038B504465525FFF70F
:10B0D000C3FE00B938BD2046FFF78EFE0EF0ECF837
:10B0E000B0FBF5F303FB1500103005F0B4FCEEE700
:10B0F0002DE9F74FDFF8FC9005460E461746B9F8E4
:10B100000440002A6BD099F80220A41A0EF0D4F85B
:10B11000631CB0FBF3F202FB1308B9F8063099F890
:10B1200002209C1A0EF0C8F8631CB0FBF3F299F8E9
:10B1300002A002FB1307B9F804400EF0BDF8A4EB1F
:10B140000804CAF101032344B0FBF3F202FB13032A
:10B15000B9F806B003EB0A0499F802A00EF0ACF8B7
:10B16000ABEB070BCAF101035B44B0FBF3F202FB4C
:10B17000130099F802205044524202EA080817408E
:10B180001440024044B33AB308EB04035C1E3A4453
:10B19000EB6C02F1FF394046D3F81CA022464B4627
:10B1A0003946D0472846FFF727FEE6B1104E3068F3
:10B1B00040B10122114603F061F94FF0FF313068D0
:10B1C00003F066F8EB6CCDF800909D6923463A4693
:10B1D00041464FF00050A84703B0BDE8F08FB84695
:10B1E000B9F80620CEE7EB6CCDF800905D69EDE78D
:10B1F00078D300207CD3002073B504461C21204660
:10B200000DF1060202F07EFE9DF80630002BF5D10E
:10B210000523ADF80630FFF71FFE002840F0E78059
:10B2200002B070BD734804F087FB734804F084FBE0
:10B23000714804F081FB6F4804F07EFB6F4829469B
:10B2400004F07AFB6C4804F077FB002D40F0A980F5
:10B25000204602F0B5FD4FF47C712A46204602F0EC
:10B2600051FE0321204602F04FFD28B140F23F126B
:10B270006349644804F028FC1B2120460DF10602B6
:10B2800002F040FE5B4804F057FB5B4804F054FBBF
:10B29000594804F051FB574804F04EFB29465A48E0
:10B2A00004F04AFB544804F047FB2046FFF7A4FD96
:10B2B000002220461146FFF71BFF4FF47A7005F07D
:10B2C000CAFB4C4804F038FB4B4804F035FB4A48B5
:10B2D00004F032FB474804F02FFB29464B4804F0AA
:10B2E0002BFB454804F028FB0122002D63D14FF4CD
:10B2F0007C71204602F006FE3E4804F01DFB3E48ED
:10B3000004F01AFB3C4804F017FB3A48002E5BD1CE
:10B3100004F012FB3E4804F00FFB374804F00CFB2E
:10B32000204602F04DFD0321204602F0EDFC28B13D
:10B330004FF4B1723249334804F0C6FB1B210DF1C2
:10B340000602204602F0DEFD2A4804F0F5FA2A48FB
:10B3500004F0F2FA284804F0EFFA264804F0ECFA78
:10B36000324629462B4804F0E7FA234804F0E4FA71
:10B370002046FFF741FD002220461146FFF7B8FEA8
:10B380004FF47A7005F067FB731C022B4FF0010637
:10B390007FF448AFAB19022B35463FF43CAF002693
:10B3A00040E7002240F2F131204602F0ABFD0020E0
:10B3B0002DF0AAFF66E740F2F131204602F0A2FD2F
:10B3C00001202DF0A1FF97E704F0B6FA124804F02F
:10B3D000B3FA094804F0B0FA00221621204602F020
:10B3E00091FD2046FFF7F8FC00221521A9E7002572
:10B3F000D5E700BF9977031062830310BE80031066
:10B40000DE030410D8800310138103103E81031063
:10B4100057810310908103107681031013B5044601
:10B42000FFF71AFD08B902B010BD1C2120460DF12E
:10B43000070202F067FD9DF8073013B92046FFF7B9
:10B44000CBFC012200212046FFF752FEE8E773B54E
:10B4500004460126FFF700FD08B902B070BD1C21AB
:10B4600020460DF1060202F04DFD9DF8065095B9FB
:10B4700018210DF1070220468DF8076002F042FD09
:10B480002046FFF7A9FC182120460DF107028DF890
:10B49000075002F037FD012200212046FFF728FE69
:10B4A000D8E737B50446FFF7D7FC08B903B030BD7D
:10B4B0001C2120460DF1070202F024FD9DF80750E3
:10B4C00065B92A461621204602F01CFD2046FFF7EA
:10B4D00083FC2A461521204602F014FD2046012255
:10B4E0000021FFF705FE1E2005F0B5FADBE700009E
:10B4F00013B50446FFF7B0FC08B902B010BD1C211B
:10B5000020460DF1050202F0FDFC9DF80530ABB9B7
:10B51000204602F055FC0321204602F0F5FB20B145
:10B52000B9220B490B4804F0CFFA05231B21204612
:10B530000DF10602ADF8063002F0E4FC20460122CF
:10B540000021FFF7D5FD1E2005F085FAD2E700BFE8
:10B55000C9030410D880031038B504465525FFF7F9
:10B560007BFC00B938BD012220461146FFF7C0FD23
:10B570000DF0A2FEB0FBF5F303FB1500103005F053
:10B580006AFAECE738B504465525FFF765FC00B9C3
:10B5900038BD012200212046FFF7AAFD0DF08CFEE8
:10B5A000B0FBF5F303FB1500103005F054FAECE79F
:10B5B000144B10B5C3E9003307231349134A0B7525
:10B5C00000234A62124AC1E907338A62114ACB64F6
:10B5D000CA62114A0C48C1E90C23104A8A63092245
:10B5E0000F4902F04FFB044648B10E4804F0A4F99D
:10B5F0000D48214604F0A0F90C4804F09DF9002004
:10B6000010BD00BF90D3002098D4002055B9011080
:10B61000F1BE01108DBE011025B7011031B6011029
:10B62000C1810310C7810310D7810310F281031079
:10B6300037B5304B1B68002B5AD0162947D00BDC8E
:10B64000022905DC0029CCBF0020012003B030BD59
:10B65000152924D00120F9E72529FBD1002AF9D0AA
:10B66000254C1368254D23605368254863602B786B
:10B6700083F001032B7004F05FF96388E18822886E
:10B68000194401390191A1881E48114401390091E2
:10B69000297804F051F91C4804F04EF915E00C2308
:10B6A0000A210022CDE9003118484FF4805318498F
:10B6B00005F0F4FA044628B940F23232154916482A
:10B6C00004F002FA204605F011FA0020BEE70C2330
:10B6D0000A221249CDE9003211484FF4805300226A
:10B6E00005F0DCFA04460028ECD14FF45072E5E78F
:10B6F0000420ABE794D4002098D30020A0D30020EE
:10B700001782031027820310F2810310F8810310BF
:10B7100039BE011062040410FE810310B9C001108B
:10B72000108203102DE9F347DFF8A8804FF0FF31B6
:10B73000D8F800001446204F02F01EFF1F4B97F967
:10B74000009093F900304B450FD11D4B1A792271AF
:10B750001A885B88228063800024D8F8000002F0F9
:10B76000E1FF204602B0BDE8F087062505FB09F59C
:10B77000DFF864A00AEB0506337923713AF8053047
:10B780002380738863800F4B1B7873B10E4804F0DD
:10B79000D3F871883AF8053032790C48009149465F
:10B7A00004F0CAF80A4804F0C7F83B7801240133D2
:10B7B00003F00F033B70D0E7A3D30020A2D30020F7
:10B7C000CCB50020A1D30020178203104E820310B5
:10B7D000F281031004D40020A4D300202DE9F04FFF
:10B7E0004D4B06461B780D46144685B0C3B14B4BF6
:10B7F0001888884214D899884218954210DA5A88D5
:10B80000A2420DD8DB88D718BC4209DA0139013BC6
:10B8100001EB400103EB4203491B1B1B8DB29CB2A1
:10B82000DFF8208198F80430B34207D1B8F800302F
:10B83000AB4203D1B8F80230A3426AD0DFF80891D6
:10B84000374F4FF0FF31D9F8000002F095FEDFF8D6
:10B85000FCA097F900309AF90020013303F00F03A0
:10B860009342DFF8ECB044D12E4A13780133DBB2B7
:10B87000012B137015D12C4804F05EF8062397F9BC
:10B8800000202A485A430BEB02014B883BF8022068
:10B890000979CDE90154009604F04EF8244804F0EB
:10B8A0004BF8062297F90030D9F800005A430BEB09
:10B8B00002014C800E712BF802505BF8022001331C
:10B8C000C8F800208A8803F00F03A8F804209AF92A
:10B8D0000020934216BF012400243B7002F022FF97
:10B8E000BCB11448C369A3B1012105B0BDE8F04F54
:10B8F0001847114B1B78002BD3D0104804F01CF8CC
:10B9000000942B46324697F900100D4804F014F8C5
:10B91000C4E705B0BDE8F08FA0D3002098D3002085
:10B92000A2D300208CD300206F8203107F820310EB
:10B93000F281031098D40020A1D3002017820310B5
:10B94000B3820310CCB5002004D40020A3D3002080
:10B95000A4D3002030B50021194885B002F0DEFDE7
:10B96000184B186028B94FF423721749174804F090
:10B97000ABF800220121164802F010FC154B1860AC
:10B9800028B940F28E221049134804F09DF8002493
:10B99000124B134D1C600A231248134A2860CDE94C
:10B9A00002334FF480630193104B114900932346F7
:10B9B00005F098F908B105202C6005B030BD00BF36
:10B9C000D382031004D400203D040410D982031054
:10B9D000F082031008D40020F882031094D40020D1
:10B9E0000CD4002010D4002065BF0110509400201A
:10B9F0000983031038B5144D0C462B685BB113480E
:10BA000003F09AFF2B681248D3E9041203F094FF65
:10BA1000104803F091FF0D4803F08EFF0E490F48C8
:10BA20004B880A88097903F087FF0A4803F084FFEE
:10BA30000B4960680FF020FBB0FA80F0094B400919
:10BA40001870002038BD00BF94D400201782031066
:10BA500010830310F2810310CCB50020298303105A
:10BA600085730310A1D3002001282DE9F743064672
:10BA70000C463CDC874803F05FFF874803F05CFF1F
:10BA8000864803F059FF834803F056FF844803F0CB
:10BA900053FF824803F050FF7E4803F04DFF81487A
:10BAA00003F04AFF7D4803F047FF7A4803F044FF64
:10BAB0007D4803F041FF794803F03EFF754803F0ED
:10BAC0003BFF7A4803F038FF744803F035FF7148B4
:10BAD00003F032FF764803F02FFF704803F02CFF8D
:10BAE0006C4803F029FF734803F026FF4EE0724FC5
:10BAF0003B6843B9674803F01FFF704803F01CFF21
:10BB0000664803F019FF65686D4928460FF0B4FADE
:10BB1000024638B915216B48FFF78AFD002003B0B3
:10BB2000BDE8F083284668490FF0A6FA024608B936
:10BB30001621F0E7284665490FF09EFA50BB3B6896
:10BB40005BB1544803F0F8FE3B686148D3E9041246
:10BB500003F0F2FE514803F0EFFE4E4803F0ECFE16
:10BB60005C495D4C4B880A885C48097903F0E4FE27
:10BB70004A4803F0E1FE2378464883F0010323702E
:10BB800003F0DAFE2178564803F0D6FE434803F06E
:10BB9000D3FEC3E7284653490FF06EFA074668BB49
:10BBA000032E04DC3B4803F0C7FE4F489CE70146E8
:10BBB0000A22A0680DF092FC394686B20A22E0689B
:10BBC0000DF08CFC87B2334803F0B6FE3A4631469E
:10BBD000464803F0B1FE314803F0AEFE3A46314626
:10BBE0000220FFF7FBFD642001F07CFF04F02EFF34
:10BBF0003A4631460120FFF7F1FD8FE728463C49E0
:10BC00000FF03AFA0546002888D1052E04DC2148B9
:10BC100003F092FE374867E701460A22A0680DF05C
:10BC20005DFC294606460A22E0680DF057FC2946CD
:10BC300007460A2220690DF051FC29461FFA80F8B8
:10BC40000A2260690DF04AFC85B2124803F074FEC6
:10BC50004346BAB2B1B22848009503F06DFE0F48D2
:10BC600003F06AFEBAB2B1B20220FFF7B7FD64205A
:10BC700001F038FF04F0EAFE2A4641460220FFF7B1
:10BC8000ADFD642001F02EFF04F0E0FE2A4641469F
:10BC9000B0E700BF1782031049830310F28103103D
:10BCA000648303106E83031091830310B583031024
:10BCB000D78303101C84031094D4002068840310DD
:10BCC000457F031098D400205D7F03101F7D031073
:10BCD00010830310CCB50020A1D3002029830310CA
:10BCE00080840310958403109B840310C684031082
:10BCF000D7840310DD8403101485031008B5074BA7
:10BD00004FF0FF31186802F0C3FA30B1BDE80840C7
:10BD10009F220349034803F0D7BE08BD08D4002082
:10BD2000530404105F55031008B5064B186802F061
:10BD30006BFB30B1BDE80840A5220349034803F07E
:10BD4000C3BE08BD08D40020420404105F55031090
:10BD50002DE9F0412C4C0646FFF7D0FF2368002B5D
:10BD600042D12A4803F0E8FD294F2A4803F0E4FDB8
:10BD7000294803F0E1FD3D68BD420ED0D5F80880AA
:10BD8000224803F0D9FD4146244803F0D5FD22485E
:10BD900003F0D2FDC04790B1256023688BB92048DD
:10BDA00003F0CAFD1F4803F0C7FD1B4803F0C4FDA4
:10BDB000FFF7BAFF3046BDE8F04102F025BB2D6821
:10BDC000DAE7DB682BB94FF4F0721749174803F034
:10BDD0007BFE0E4803F0B0FD21681548CA6803F0E9
:10BDE000ABFD0D4803F0A8FD23681B695B682BB908
:10BDF0004FF4F4720C490F4803F066FE23681B6988
:10BE00005B689847D4E700BF94D4002017820310E2
:10BE100090D3002031850310F28103104D8503106B
:10BE2000C781031056850310200404107C8503107D
:10BE300094850310B685031008B5FFF75FFF0E4821
:10BE400003F07AFD0D4803F077FD0D4803F074FD13
:10BE50002DF0AEFA0B4B1B681B695B6898470648D0
:10BE600003F06AFD084803F067FD054803F064FD30
:10BE7000BDE80840FFF758BF17820310D0850310B4
:10BE8000F281031094D40020D985031008B512481C
:10BE900003F052FD114803F04FFD114803F04CFD33
:10BEA000104B186808B104F0F1FCFFF727FF0E4BA8
:10BEB0001B6813B11B699B6898472DF031FAFFF797
:10BEC00033FF054803F038FD084803F035FD04480A
:10BED00003F032FD002008BD17820310E88503102F
:10BEE000F28103100CD4002094D40020EE850310BE
:10BEF00010B5164803F020FD154C164803F01CFD44
:10BF0000154803F019FD2DF053FA206828B190F878
:10BF100034301B070CD104F0E9FD0C4803F00CFD94
:10BF20000E4803F009FD0C4803F006FD002010BD8B
:10BF3000FFF7E4FE0A4B1B6813B11B695B68984767
:10BF4000FFF7F2FE206804F08DFDE6E7178203108C
:10BF50000CD40020F6850310F2810310FB8503103A
:10BF600094D40020002230B51146304885B002F04C
:10BF700015F9044628B940F2F5122D492D4803F071
:10BF8000A3FD0C230A222C49CDE9003227484FF4A7
:10BF90008053224604F082FE054628B94FF4FF7212
:10BFA0002349264803F090FD284604F09FFD4FF0FA
:10BFB000FF31204602F06CF92046214C02F022F9B4
:10BFC00023685BB91F4803F0B7FC1F4803F0B4FCBB
:10BFD0001E4805B0BDE8304003F0AEBC23684FF00A
:10BFE000FF31D86802F054F90028F7D1FFF786FE38
:10BFF000236802A81B691B6898470546FFF794FE53
:10C000009DF80C30013B012B09D801F04FFDBDF824
:10C010000A20BDF808109DF80C00FFF7DFFB082090
:10C0200004F014FD002DE1D0D8E700BF0386031013
:10C03000350404100B86031051BD0110FE8103105E
:10C0400094D40020C781031020860310F2810310CE
:10C0500010B50446084803F06FFCA168074803F0D8
:10C060006BFC074803F068FC064B5A6814605A687A
:10C0700062605C60236010BD178203102E8603107F
:10C08000F281031090D3002070B5164604460D4689
:10C09000092001210AF0BCFA33462A46214609202C
:10C0A0000AF032FB002070BD09200AF055BB0146A2
:10C0B00009200AF06FBB000008B5FFF71FFE10480B
:10C0C00003F03AFC0F4803F037FC0F4803F034FC50
:10C0D0000020FFF7ECFF0D4B1B681B699B6898471E
:10C0E0002DF01EF9064803F027FC094803F024FC54
:10C0F000054803F021FCBDE80840FFF715BE00BF6E
:10C1000017820310577F0310F281031094D400208C
:10C11000548603101FB504460D4803F00DFC94F936
:10C1200003300C48039394F902300293B4F90630BB
:10C130000193B4F904300093B4F90010D4E9022358
:10C1400003F0FAFB044804B0BDE8104003F0F4BB70
:10C1500046550310648603106283031030B50C4605
:10C16000054689B01B4803F0E7FB638AB4F90C204D
:10C17000B4F90E100693238A1748059363890B447C
:10C18000013B0493238901921344013BCDE902133F
:10C19000A38A29460093D4E9003203F0CDFB0F486F
:10C1A00003F0CAFB0B4803F0C7FB236A0C48039358
:10C1B000E3690293A37E0193637E0093237EE27D75
:10C1C000A17D03F0B9FB054809B0BDE8304003F09C
:10C1D000B3BB00BF465503109D8603106283031056
:10C1E000E786031010B50C46FFF7B8FF04F13C00DA
:10C1F000FFF790FF064803F09FFB94F838100548BE
:10C2000003F09AFBBDE81040034803F095BB00BF64
:10C2100046550310268703106283031008B5074BA9
:10C22000B3F88C302BB14FF4DE720549054803F0AA
:10C230004BFCBDE80840044802F0E6B8ECD400200E
:10C24000E3040410328703105CD5002038B5124D8A
:10C250002C78E4B94FF44762214610482DF0D4F809
:10C260000E4A0F4B1046C2F88C320E49234601226B
:10C27000703001F06DFF28B141F29C620A490B4811
:10C2800003F022FC4FF6FF73044AA2F8243C01237A
:10C290002B70002038BD00BFE8D40020ECD4002073
:10C2A0000060005047870310B90404105F55031065
:10C2B000012808B511DC0A4803F03EFB094803F0E9
:10C2C0003BFB094803F038FB054803F035FB074802
:10C2D00003F032FB044803F02FFB002008BD00BF31
:10C2E000997703104C870310628303106A87031049
:10C2F00008B502F017FD0348ECF791FBBDE80840D4
:10C3000002F026BDECD4002008B502F00BFD034876
:10C31000ECF70AFCBDE8084002F01ABD78D700200F
:10C320000120704770B5234CD4F8540C2DF008F858
:10C33000D4F8540C2CF0F0FF0546D4F8580C2CF02F
:10C34000EBFF854203D0D4F8580C2CF0F9FFD4F859
:10C35000540C2CF0E1FF0546D4F85C0C2CF0DCFF0B
:10C3600085420ED0D4F8580C2CF0D6FF0546D4F8F0
:10C370005C0C2CF0D1FF854203D0D4F85C0C2CF07F
:10C38000DFFFD4F8605CD4F8646C28463146FFF7D0
:10C39000C7FF18B131462846F3F70EFF0023C4F853
:10C3A000543CC4F8583CC4F85C3CC4F8603CC4F845
:10C3B000643C70BDECD400202DE9F04788B0044601
:10C3C00001F074FB054601F091FB204601F08AFB69
:10C3D00001468A4801F05CFF894C0646D4F8683C67
:10C3E00099060DD5874803F0A7FA01F05FFB40F2EC
:10C3F000A111421B844803F09FFA844803F09CFA81
:10C40000002E00F0CB817F4803F096FA804803F0BD
:10C4100093FA7E4803F090FAD4F86C3C7D4D0133DA
:10C42000C4F86C3C2B682BB940F261427A497B48D6
:10C4300003F04AFB2B6873481A7D012A04D11B685C
:10C440005B68DA0740F1D38003F076FA2B68744812
:10C450001A68197D52689B6902F0010203F06CFAB8
:10C460006A4803F069FA2B681A68134653F80419EE
:10C4700002F5AC72934204D1624803F05DFA694858
:10C48000B8E053F8040F8142F4D05E4803F054FA48
:10C490002B6865481B689968DA6801F0011102F0A1
:10C4A000010203F049FA594803F046FA2B681B6869
:10C4B000DB695B0015D5534803F03EFA2B6818681A
:10C4C000016B026A036A446A406AA4B2000C0190DC
:10C4D000009456481B0C92B203F02EFA4B4803F01E
:10C4E0002BFA00272B681C68503404EB4714236890
:10C4F0005B0017D5434803F01FFA2269D4F804C043
:10C500006168A068A36880B21B0C090C02930190BB
:10C510000091474839461FFA8CF303F00DFA3B4867
:10C5200003F00AFA7B1C022B4FF00107DDD12B68C8
:10C530001C68D4F89030580018D5324803F0FCF944
:10C54000D4F8A010D4F89420D4F89430D4F89800FB
:10C55000D4F8984080B2240C0090019435481B0C0C
:10C5600092B203F0E9F9294803F0E6F92B681B6859
:10C57000D3F8D030D9070ED5224803F0DDF92B6867
:10C580002D481B68D3F8D010C1F3410103F0D4F952
:10C590001E4803F0D1F92B689C682CB940F2BC42CC
:10C5A0001D49264803F090FA237A1648012B04D13E
:10C5B00023681B68DA0740F1988003F0BDF923680F
:10C5C000217A1A681E48E36802F0010203F0B4F908
:10C5D0000E4803F0B1F92268134653F804199C324F
:10C5E0009A4233D1074803F0A7F9164880E003F0D8
:10C5F000A3F9154803F0A0F9CAE700BF5CD50020F5
:10C60000ECD4002046550310768703106283031094
:10C610008C8703105CE10020F4040410A187031050
:10C62000AE870310DA8A0310C68A0310DB87031073
:10C63000FC8703101E8803103F8803106D880310C9
:10C640007B8803102E8A03105F88031053F8040FB1
:10C650008142C5D0A84803F06FF92068416842695B
:10C660004369876980693F0C80B29BB2120C0190CC
:10C670000097A24803F060F9A14803F05DF99E48D5
:10C6800003F05AF923689F48596FDA6EDB6E120C7B
:10C690009BB2090E03F050F9994803F04DF9964802
:10C6A00003F04AF923689848196F03F045F9944854
:10C6B00003F042F9904803F03FF923689348996FDB
:10C6C000C1F3402103F038F98D4803F035F98A4869
:10C6D00003F032F923688E48D96FDA6F090C92B2F1
:10C6E000013A013903F028F904E003F025F98948FB
:10C6F00003F022F94FF4F274814803F01DF97E48EB
:10C7000003F01AF92B688448DB6D197803F014F9EB
:10C710007B4803F011F92B687748DB6D1F7803F035
:10C720000BF939467D4803F007F9754803F004F921
:10C730002B68DD6D04FB07531B79082B2ED8DFE82F
:10C7400013F0090031004E0074008F00C5004B014A
:10C750002D000B017C43684803F0EEF82B1993F889
:10C76000D4106F4803F0E8F8654803F0E5F804F1E9
:10C770002C016C482944FFF7F1FC04F164016A487C
:10C780002944FFF7EBFC04F19C0168482944FFF7BA
:10C79000E5FC04F10C002844FFF7BCFC304608B06F
:10C7A000BDE8F0877C43544803F0C6F82B1993F892
:10C7B000B4105F4803F0C0F8514803F0BDF804F12D
:10C7C0000C0158482944FFF7C9FC04F144012944ED
:10C7D00055487C34FFF7C2FC291954485BE04648B1
:10C7E00003F0AAF8534803F0A7F8454803F0A4F86B
:10C7F000414803F0A1F84FF4F27101FB07510A7FA1
:10C800000B8B0592CA7E4C4804928A7E03924A7F23
:10C810000292CA8A01928A8A0092D1E9032103F026
:10C820008BF8374803F088F8B8E7334803F084F80A
:10C83000424803F081F8324803F07EF82E4803F0B6
:10C840007BF84FF4F27101FB0751CA8A0B8B0192FE
:10C850008A8A3B480092D1E9032103F06DF8E0E7B2
:10C860007C4325482F1903F067F8397B354803F0DE
:10C8700063F8234803F060F84FF00008DFF8D49025
:10C880000DF11C0A3A7B5FFA88F39A4206D804F548
:10C89000C07429192C48FFF761FC7FE799F8022042
:10C8A000B9F800108AF8022003F13002AAF800104B
:10C8B0008DF81D205C2204F1100102FB031150468B
:10C8C0002944FFF78FFC08F10108DBE74FF4F2740D
:10C8D0007C43094803F030F81C4803F02DF8084861
:10C8E00003F02AF804F10C0129441948FFF736FC3B
:10C8F00004F14401294470E7465503103C8A0310B3
:10C9000062830310648A0310948A0310A18A0310BF
:10C91000B28A0310A8880310B6880310CD880310CC
:10C92000D6880310F2880310F5880310F8880310E6
:10C93000FC880310188903102889031060890310EC
:10C940007189031097890310BA890310C1890310F4
:10C95000CE890310E88A031067432D48EC1902F0D2
:10C96000EBFF217B2B4802F0E7FF2B4802F0E4FFAE
:10C97000274802F0E1FFD4E97823D4F8DC112748F6
:10C9800002F0DAFF244802F0D7FF4FF00008DFF88A
:10C990009C900DF11C0A227B5FFA88F39A4203D81F
:10C9A00007F5C077E91975E799F80220B9F8001082
:10C9B0008AF8022003F13002AAF800108DF81D2039
:10C9C0005C2207F1100102FB031150462944FFF7D6
:10C9D00009FC08F10108DEE70D4802F0ADFF104840
:10C9E00002F0AAFF0C4802F0A7FF4FF4F2735F4376
:10C9F00007F10C010B482944FFF7B0FB07F1680170
:10CA000029440948C437FFF7A9FBE919E5E600BF47
:10CA100046550310D289031062830310F389031073
:10CA2000188A0310F2880310F5880310E88A0310AF
:10CA3000FFF7F4BB08B50648EBF7CCFF18B9FFF7D2
:10CA400071FCFFF7F5FF0022014B83F8482C08BD6D
:10CA5000ECD4002038B50F4B054693F8483C0BB199
:10CA6000FFF7E8FF2846FFF7A7FC044680B10A4815
:10CA700002F062FF2146094802F05EFF084802F01A
:10CA80005BFF4FF445720749074803F01DF8E9E7DB
:10CA900038BD00BFECD4002046550310EB8A0310CC
:10CAA00062830310D5040410D392031008B5054B1C
:10CAB000B3F88C301BB9FFF7CDFFFFF7AFFB0020B9
:10CAC00008BD00BFECD4002038B5224D2B68002BE8
:10CAD0003ED1214B1B780BB9FFF7B8FB1F4C00224E
:10CAE00003213E202C60EBF729F83E20EBF768F895
:10CAF0002B681B4A03211A6004F190021A6204F5A4
:10CB00002C72DA6559200022EBF718F85920EBF760
:10CB100057F82B6804F523729A60124A1249C4F838
:10CB20008C229A6804F5F67451619A689461986849
:10CB3000EBF7DCFF2868EBF730FF0C4802F0FCFE57
:10CB40000B4802F0F9FEBDE838400A4802F0F4BE96
:10CB500038BD00BF5CE10020E8D40020ECD4002008
:10CB60000070005000600050D12D00209977031014
:10CB70000D8B03106283031010B51D4C2368002B2E
:10CB800034D01C4B1B78012B05D040F27F321A4960
:10CB90001A4802F099FF4FF4FA70FFF787FF2368F5
:10CBA0001B7D022B05D140F281321349144802F05B
:10CBB0008BFF23689B6863B11B7A022B05D140F27F
:10CBC00085320D490F4802F07FFF23689868EBF724
:10CBD000A0FF00230C48236002F0AEFE0B4802F0D9
:10CBE000ABFEBDE810400A4802F0A6BE10BD00BF73
:10CBF0005CE10020E8D40020C70404101D8B031062
:10CC0000328B0310558B0310997703107F8B031021
:10CC10006283031008B502F085F8074B93F8602093
:10CC2000520706D59A7AD2B29A72BDE8084002F04D
:10CC30008FB8F8F75BFCF8E70070045010B50A4CA9
:10CC4000236823B925220949094802F03DFF2068DD
:10CC500001F0DAFB30B1BDE8104029220349054854
:10CC600002F032BF10BD00BF64E100203C0504109B
:10CC70008F8B03105F55031010B5084C226852B912
:10CC80000121074801F08AFA206020B9972205495E
:10CC9000054802F019FF002010BD00BF64E100202C
:10CCA000A08B0310330504108F8B031008B502F01E
:10CCB00039F80B4B1B78022B0DD1E9F78BFDE9F707
:10CCC00099FD084B1B689B8B0BB9FFF7B7FFBDE8BD
:10CCD000084002F03DB8E9F759FDE9F769FDF0E7D2
:10CCE00060E1002064E1002008B502210D202CF055
:10CCF0001FFBC8202CF09CFB4FF0A042536A4FF45E
:10CD0000487023F47C1343F470135362EAF784FFF2
:10CD10000020EAF7DDFFBDE8084000224FF0FF30B9
:10CD20001146EAF70BBF000008B501F0FBFF0A4B04
:10CD3000586A20F0604020F0FF0010B1000AF7F7B9
:10CD400001F8F6F7F9FEE9F701FD00F0B5FEBDE8E0
:10CD5000084001F0FDBF00BF00000C5010B50024DA
:10CD600098B01822002102A82CF04EFB1822214670
:10CD700009A801942CF048FB1B4B0893002202A940
:10CD800008A8F0F761FD002201A908A8F0F790FDBE
:10CD90000128F3D0039A9DF80A300FA8802A88BF93
:10CDA00001330F939DF809309DF9072010939DF8EA
:10CDB000083011939DF8063012939DF80530013B21
:10CDC00013939DF80430072B08BF002315939DF89B
:10CDD0000730002AB4BF23F08003643314930DF0AE
:10CDE00049FC18B010BD00BF00B00C50034B044A02
:10CDF0001860044BB3FBF0F3138070476CE1002024
:10CE000068E10020007C92000020704770470A20F3
:10CE100070470020704700207047000010B504469E
:10CE200028B94FF4FE720B490B4802F04DFE012069
:10CE30002CF0FAFA206001202CF0EEFA012160605B
:10CE400008462CF04DFA0021A06001202CF048FA91
:10CE5000E06010BD79050410A88B031010B50446DE
:10CE600028B94FF406720449044802F02DFE00234D
:10CE7000C4E9003310BD00BF54050410A88B031093
:10CE8000002307B50A4601460748019302F054FD06
:10CE900040F22F220549064802F016FE019B002BA6
:10CEA000FCD003B05DF804FBB48B03104305041001
:10CEB000D392031038B5044628B940F20622194926
:10CEC000194802F001FE02202CF09AFA02202CF000
:10CED000ABFA206002202CF09FFA01216060022052
:10CEE0002CF0FEF90021A06002202CF0F9F9E0609E
:10CEF000EFF31085012383F310880C4C237823B9BA
:10CF000040F212210A48FFF7BBFF2378013BDBB256
:10CF1000237023B9074AD36A23F00103D36285F350
:10CF2000108838BD67050410A88B0310408C0020C2
:10CF3000E68B031000000C507047000037B5FFF778
:10CF4000FBFF1C4C2CF074F92CF0AEF9FFF7CCFE73
:10CF500019491A4802F070FE194DF6F727FFF7F746
:10CF6000D7FA184802F0CAFC6168626863686068B2
:10CF7000AD68C0B20090C3F3072313480195C2F314
:10CF80000742090E02F0D8FC636813F0FC0F0CD0C6
:10CF90006368DBB2072B08D06368DBB20F2B04D0C9
:10CFA00040F2A2210948FFF76BFF03B0BDE8304013
:10CFB00000F0AABD00B0005000FC0720E8FA0020F5
:10CFC00000A00C50DD680310378C0310E68B0310B3
:10CFD00008B52CF0C1F9BDE808402CF0D5B9FFF731
:10CFE000F7BF08B508202CF067F909202CF064F988
:10CFF00024202CF061F925202CF05EF92F202CF054
:10D000005BF921202CF058F946202CF055F912201C
:10D010002CF052F940202CF04FF9BDE808402B20AD
:10D020002CF04AB908B50E4802F086FC0D4802F013
:10D0300083FC0D4802F080FC094802F07DFC0B489F
:10D0400002F07AFC084802F077FC054802F074FC14
:10D05000074802F071FCBDE80840034802F06CBCD0
:10D060006A8C0310738C031062830310A68C031068
:10D07000D98C031040F29B120149024802F024BDF2
:10D08000A6050410D392031038B548680CF0F0F8E8
:10D0900005460F4C0F48D4E91F12EDB202F04CFCCC
:10D0A0005DB10D4802F048FC40F2D223C4E91F33C1
:10D0B0000A48BDE8384008F097BD094802F03CFC3A
:10D0C0004FF43D724FF42D730648C4E91F23F0E777
:10D0D000003000501E8D0310598D03106C8D03100D
:10D0E000738D0310DD68031008B504490DF0C4FF0B
:10D0F000003818BF0120404208BD00BF898D0310D1
:10D100000228F8B50E4603DCBDE8F840FFF78ABFF9
:10D110008868EBF7E8FD77680546434938460DF027
:10D12000ABFF0446E8B9414B1B6823B94048BDE852
:10D13000F84002F001BCF068EBF7D5FD0646A642C8
:10D1400003D1B3072BD03B48F1E755F824103A48F8
:10D15000013402F0F1FBA207F1D1364802F0ECFBFA
:10D16000EDE7364938460DF087FF0146E8B92F4B09
:10D170001B68002BDAD0102231482CF045F94022F0
:10D180002F49F068EBF7CDFD4028034628BF402328
:10D19000033323F003032A4A2B449D4200D1F8BDF8
:10D1A00052F8041B45F8041BF7E7264938460DF0F2
:10D1B00063FF014648B91D4B1B68002BB6D01022F7
:10D1C000F0680CF037FA2860E9E738461E490DF0A0
:10D1D00053FF0446A8B903463022542110202CF0F6
:10D1E00017F923463022552111202CF011F9552131
:10D1F0005420EBF7DDFCBDE8F84005211348EBF7C0
:10D2000065BD384612490DF037FF00287FF47CAF2A
:10D210000421B068FFF768FF0028C0D10122034B4A
:10D220000C481A6083E700BF52980310B0E1002059
:10D230008E8D031062830310988D03104A670310CC
:10D2400070E100209E8D0310A68D0310AC8D03109D
:10D25000B28D0310B98D031038B50D4611496868B9
:10D260000DF00AFFE8B9E8680CF002F8AD6844B2C6
:10D270000D4928460DF000FF48B92146F5F742FC5C
:10D2800002462146BDE83840084802F055BB284612
:10D2900007490DF0F1FE10B921460120EEE7FF220B
:10D2A000EFE738BDC38D0310CB8D0310D58D031070
:10D2B000D18D031002280B4610B505D00D4802F0A1
:10D2C0003BFB4FF0FF3010BD58680A2200210CF0E4
:10D2D00005F904460146084802F02EFB631E032BA5
:10D2E00003D8064B1C600020EDE7054802F024FB44
:10D2F000F9E700BFED8D0310018E0310D8B50020B3
:10D300001E8E031007B52C2918BF0902009308BF11
:10D310000549134618BF41F000710422EDF794FF50
:10D3200003B05DF804FB00BF002C003230B50025CF
:10D33000044685B06A460123FE218DF80050FFF7B0
:10D34000E1FF2B462A4638212046FFF7DBFF05B0D8
:10D3500030BD30B50025044685B06A460123FE2164
:10D360008DF80050FFF7CEFF2B462A463921204684
:10D37000FFF7C8FF05B030BD642307B5C1EB01213D
:10D38000B1FBF3F10DF107028DF8071001235121D4
:10D39000FFF7B8FF03B05DF804FB002328211A460D
:10D3A000FFF7B0BF002329211A46FFF7ABBF0000EB
:10D3B000052937B5044613D008290FD1F7220423D5
:10D3C000094D3A2120468DF804202B7201AA012331
:10D3D000FFF798FF2046297AEDF77AFC03B030BDBD
:10D3E000D5220223ECE700BF80E300207FB504468E
:10D3F000BDF82050BDF824600093CDE901561346D6
:10D400000A460021EDF726FD04222046024904B019
:10D41000BDE87040EEF74EB8002C00322DE9FF4118
:10D4200007460E461D461446BDF8288076BACDF84C
:10D430000080EDF77DFC6DBA384603AA04232A214B
:10D44000ADF80C60ADF80E5064BAFFF75BFF98FAC8
:10D4500098F804232B21384603AAADF80C40ADF808
:10D460000E80FFF74FFF04B0BDE8F08137B50446EA
:10D470001D4600920B46FFF7D1FF02232A462C21BE
:10D48000204603B0BDE83040FFF73CBF0023F0B5B5
:10D49000104E85B0039333780546033B092B0C46A9
:10D4A000174602D80C49EDF71EFC210203AB0422FB
:10D4B0002846009741F04071EDF700FE3378033BBA
:10D4C000092B03D828467168EDF70DFC039805B0C9
:10D4D000F0BD00BF80E3002080841E0010B5032251
:10D4E0000421FFF7D3FF04460146084802F024FA5E
:10D4F000074B9C4208D1074802F01EFA064802F08A
:10D500001BFA064802F018FA204610BD358E0310AB
:10D51000001133004B8E0310578E031062830310EB
:10D520007FB504465022584958480DF0EDFE502270
:10D530005649201D0DF0E8FE2046EDF7ABFB01201B
:10D540002BF0E2FE0A2003F081FA00202BF0DCFE33
:10D550000A2003F07BFA01202BF0D6FE322003F0E4
:10D5600075FA2046FFF7BAFF494B984240F08A808F
:10D57000202601236A46FE2120468DF80060FFF731
:10D58000C1FE5A236A46F42120468DF8003001235B
:10D59000FFF7B8FE5923A5256A46F52120468DF8E8
:10D5A00000300123FFF7AEFE01236A46FE2120462C
:10D5B0008DF80060FFF7A6FE01236A46F42120469D
:10D5C0008DF80050FFF79EFE8DF8005000250123D6
:10D5D0006A46F5212046FFF795FE01236A46FE21A3
:10D5E00020468DF80050FFF78DFE80236A46C42147
:10D5F00020468DF800300123FFF784FE55236A464C
:10D600003A2120468DF800300123FFF77BFE0123ED
:10D610006A46352120468DF80050FFF773FE01233E
:10D620006A46532120468DF80060FFF76BFEFF230A
:10D630006A46632120468DF800300123FFF762FE21
:10D64000144B6A462A21204600930423FFF75AFE12
:10D65000114B6A462B21204600930423FFF752FE0C
:10D660002B462A4611212046FFF74CFE782003F076
:10D67000EDF920462B462A462921FFF743FE462096
:10D6800003F0E4F904B070BDB806041080E3002094
:10D690000011330000000185000001C12DE9F341B4
:10D6A0000E4614460546264802F046F92246314603
:10D6B000244802F041F9244802F03EF9334622465C
:10D6C000314628460094FFF7A9FE04222E21284661
:10D6D000FFF7DCFE05461A4802F02EF929461B48E2
:10D6E00002F02AF9184802F027F92E0A14482C0CE7
:10D6F000EFB202F021F93B461548F2B2E1B202F076
:10D700001BF9114802F018F9124B1B7A022B08D0B2
:10D71000042B12D04FF4E9720F49104802F0D4F9EB
:10D7200007E0E002760180B206F4FC66304340EA8E
:10D73000D708404602B0BDE8F08125F07F48F8E701
:10D740004B8E0310728E0310628303108B8E0310B6
:10D75000998E031080E3002068060410D392031012
:10D7600038B50024084D094B2246AB60084B2146D2
:10D7700008482B616C6100F011FDE8602846FEF757
:10D7800067FC204638BD00BFD8E30020D9D801107F
:10D79000DCB50020AC8E0310002300B58BB0ADF8D3
:10D7A0000E300DF10703059301238DF80700382093
:10D7B000ADF81030ADF81E30094BADF80800ADF8EB
:10D7C00018000992ADF820100222186802A909F089
:10D7D000D1FA023818BF4FF0FF300BB05DF804FBF0
:10D7E000F0E300202DE9F043044685B00120FEF768
:10D7F0005EFC0E22002168462BF006FE6A460E21D2
:10D800000120FFF7C9FF013026D09DF8010000F08C
:10D810000F00022820D898B99DF802209DF8033007
:10D82000120202F470621A449DF804309DF805104B
:10D830001B0203F470630B44012122802171638079
:10D8400000276B46BC46DFF88CE09EF80050604530
:10D8500006DC0FB18EF80050042005B0BDE8F0835F
:10D860009E78DA78310201F4706111441A7993F8E4
:10D870000580120202F47062012D424408D12F4645
:10D8800025710025218062800CF1010C0633DEE752
:10D890004FEA9618C6F3801976060AD42180012132
:10D8A00002266280094A26711170094A82F80090A6
:10D8B000EAE7B8F1010FE7D1218000216280034A35
:10D8C00084F804801170024A1170DDE7D2E3002071
:10D8D000D1E30020D0E300201FB50D4800F0A0F9EF
:10D8E000037D0C4C082B20600FD140F2035100F057
:10D8F0000BFA094A01AB07CA83E8070019462068FA
:10D9000009F016FA012004B010BD00202060FAE7EB
:10D91000B26B0310F0E300203807041008B50020B4
:10D92000FEF7C5FB064BD86800F06EFD30B1BDE8D0
:10D930000840DD220349044802F0C6B808BD00BF14
:10D94000D8E30020220704105876031010B40D4CC1
:10D950000D4A217801290ED113780133DBB2012B56
:10D9600013700CD90020094B2070107019705DF8ED
:10D97000044BFFF7D3BF00231370044A13705DF804
:10D98000044B7047D2E30020D1E30020D0E3002015
:10D9900010B5094C206808B103F02CFB206818B1C1
:10D9A00003F070FA002323600020FEF780FBFEF7EF
:10D9B0007BFB002010BD00BFD4E3002030B5002069
:10D9C00085B02BF0D5FC052003F045F801202BF0A5
:10D9D000CFFC502003F03FF800230121A32003AA2D
:10D9E000ADF80C30FFF7D8FE50B9204801F0A4FF85
:10D9F0001F489DF80C1001F09FFF1E4801F09CFF8E
:10DA000001219F200DF10D02FFF7C6FE50B9174806
:10DA100001F092FF18489DF80D1001F08DFF154898
:10DA200001F08AFF002215490120154CFEF72CFB5E
:10DA30000120FEF73CFB25688DB9642000F052F808
:10DA40000622034600920F492A460F4803F0E0F9E8
:10DA5000206020B9FD220D490D4802F035F82068FC
:10DA600008B103F047FA002005B030BDB38E0310B3
:10DA7000C38E031062830310D28E03101DD90110D0
:10DA8000D4E300204DD90110E18E031008070410E3
:10DA9000EE8E031008B5044801F04EFF4FF47A7083
:10DAA00002F0D9FFF7E700BF088F0310014B186899
:10DAB000704700BFF4E3002008B5094A136801333A
:10DAC000136002F069FE836C013B83641BB9436CF5
:10DAD000836402F0ABFEBDE8084003F0F7BA00BF74
:10DAE000F4E3002040EAE07070470000014B186842
:10DAF000704700BFF4E3002000207047002070470B
:10DB0000002070470020704738B5044C044DAC42EB
:10DB100000D338BD54F8043B9847F8E70C9804103C
:10DB20004098041038B5054C054DAC4200D338BDC3
:10DB300054F8043B002BF8D09847F6E740980410BF
:10DB40008898041008B5FFF7EDFFBDE80840FFF71F
:10DB5000A1BF70470A23142213B50B49CDE9003247
:10DB60000A484FF40063002203F098F8044628B9ED
:10DB70004FF4B3720649074801F0A6FF204602B0F1
:10DB8000BDE8104002F0B2BF45DB0110168F031054
:10DB9000440704101B8F031008B52BF0DDFBFFF7C3
:10DBA000CDF901F0F5FE03F07DFB02F075FCFFF707
:10DBB000D1FF03F07DFB00F06DFA02F091FC002034
:10DBC00008BD08B5FFF7C5FFFFF7E6FF002008BD59
:10DBD00010B5044620B952220D490E4801F074FFD9
:10DBE000204602F017FC092804D0532208490A48AD
:10DBF00001F06AFF204602F0FBFB20B954220449E1
:10DC0000064801F061FF204602F048FB002010BDED
:10DC1000FA070410EC6B03102A8F0310658F0310B2
:10DC2000F8B5074602F0B8FD08B102F019FD092069
:10DC300002F0DAFA044620B97C221049104801F0BB
:10DC400043FF54F8045FA54204D102F0A5FD90B94A
:10DC500000260CE0A5F10C0608223946304601F0FA
:10DC6000EEFA30B902F098FD08B102F007FD304637
:10DC7000F8BD2D68E7E702F001FDE9E7EB070410C6
:10DC80008D8F0310F8B50E461746044610B94FF0B5
:10DC9000FF30F8BD0846FFF7C3FF05460028F6D160
:10DCA00020463246092102F0AFFA04F14403284627
:10DCB000C4E90F55C4E91133E782A5762583E8E767
:10DCC00038B5044620B9D1220C490D4801F0FCFEBC
:10DCD000636A8BB1E28AD2060ED420469847054685
:10DCE00030B102462146074801F026FE284638BDDD
:10DCF000E38A43F01003E3820025F7E7DC07041012
:10DD0000EC6B0310A48F031070B50E46044620B9C7
:10DD1000F4222649264801F0D7FE204602F07AFB7D
:10DD2000092804D0F5222149224801F0CDFEE38ADA
:10DD3000D80610D4636A53B120469847054630B1DF
:10DD4000024621461C4801F0F7FD284670BDE38AD3
:10DD500043F01003E382190702D5238B1A0721D45D
:10DD6000A36AB3B13146204698470546B8B90025A5
:10DD7000238B43F008032383A37E0133DBB2A37616
:10DD8000002BE2D140F2231208490C4801F09CFE1E
:10DD9000DBE726F4704121F0F0012183E7E7831DE2
:10DDA000D3D1E5E76FF00605CFE700BFCD0704103C
:10DDB000EC6B03102A8F0310A48F0310DA8F03106B
:10DDC00010B5044628B940F235121349134801F042
:10DDD0007BFE204602F01EFB092805D04FF49B7203
:10DDE0000D490F4801F070FEA37E83B1013BDBB209
:10DDF000A3767BB9E36A1BB900200023238305E0E7
:10DE0000204698470028F7D0831DF6D010BD4FF06C
:10DE1000FF30FBE70020F9E7BD070410EC6B0310AF
:10DE20002A8F03102DE9F0410D4616461F46044681
:10DE300028B940F25F121449144801F045FE20460B
:10DE400002F0E8FA092805D04FF4B0720E491048E4
:10DE500001F03AFEA37E33B94FF0FF3001F058F9DC
:10DE60000020BDE8F081D4F830E0BEF1000F07D00B
:10DE70003B46324629462046F446BDE8F04160471D
:10DE80006FF00500EAE700BFAE070410EC6B03106B
:10DE90002A8F03102DE9F0410D4616461F46044611
:10DEA00028B94FF4C3721449144801F00DFE2046FE
:10DEB00002F0B0FA092805D040F287120E49104846
:10DEC00001F002FEA37E33B94FF0FF3001F020F9DC
:10DED0000020BDE8F081D4F834E0BEF1000F07D097
:10DEE0003B46324629462046F446BDE8F0416047AD
:10DEF0006FF00500EAE700BF9E070410EC6B03100B
:10DF00002A8F031070B50D461646044628B940F214
:10DF1000A7120D490D4801F0D7FD204602F07AFA0C
:10DF2000092805D04FF4D4720749094801F0CCFD07
:10DF3000A36B2BB1324629462046BDE870401847F6
:10DF40006FF0050070BD00BF8C070410EC6B031070
:10DF50002A8F031038B50D46044628B940F2C11285
:10DF60000849094801F0B0FD204602F053FA09289B
:10DF700005D04FF4E1720349044801F0A5FDE561C5
:10DF8000002038BD72070410EC6B03102A8F0310B9
:10DF900038B50D46044628B940F2D7120849094859
:10DFA00001F092FD204602F035FA092805D04FF421
:10DFB000EC720349044801F087FD2562002038BD5A
:10DFC00058070410EC6B03102A8F0310F8B5244E89
:10DFD0003368B34200D1F8BD2BF0BEF9044600F01F
:10DFE000D9FE40B11F49204801F0A6FC99221D49E5
:10DFF0001E4801F069FD20462BF0C2F92BF0ACF968
:10E0000033680746B3421AD034682546636855F82A
:10E010001429536022681A60C4E9004402F020FB0E
:10E02000A36E0BB128469847284602F0E1F9012873
:10E0300009D1284602F032F902F020FB3846BDE84B
:10E04000F8402BF09DB902F019FB38462BF098F9F7
:10E05000606901F05BFF284602F096F9B8E700BF5F
:10E0600090E700200F080410EE8F0310D3920310E6
:10E0700038B50024064D55F8043B03B198470134E8
:10E08000042CF8D1FFF7A2FF2BF036F9F1E700BF1F
:10E09000F8E300201FB51F232022CDE902324FF400
:10E0A00000730193064B074A009307490023074872
:10E0B00002F018FE054805B05DF804EB02F016BD4D
:10E0C00008E4002071E001101590031008E600201C
:10E0D00070B504464FF0FF3623689C4200D170BDF6
:10E0E0002BF03AF905462068C661143802F0BAFCF4
:10E0F00028462BF045F9EFE7143802F0B3BC70B5B1
:10E100001646054608460C4602F0C0FB2EB1012E0D
:10E1100000D070BD2B689D4208D16A6804F11403D9
:10E1200013606A68A2616B606561F2E794F835106C
:10E1300093F82120914208D2596804F114020A6030
:10E140005968A1615A606361E3E71B68E3E7000077
:10E15000F8B50F4615461E46044620B9CA220C499A
:10E160000C4801F0B1FCB5F5803F04D3CB2208493F
:10E17000094801F0A9FC20463A46022102F044F881
:10E1800004F11403C4E90533A58366720020F8BDC9
:10E19000E30804101B9003102A900310F8B50646FC
:10E1A0000C4615462BF0D8F8074600F0F3FD48B1B1
:10E1B0001049114801F0C0FB40F207120D490F4809
:10E1C00001F082FC38462BF0DBF8B4F5803F05D334
:10E1D0004FF4847207490A4801F076FC3146022068
:10E1E00002F082F828B100F11403C0E905338483FA
:10E1F0004572F8BDD5080410EE8F0310D3920310BA
:10E200002A90031038B504462BF0A6F8054600F016
:10E21000C1FD48B11849194801F08EFB40F22712A0
:10E220001549174801F050FC28462BF0A9F82CB9E5
:10E230004FF495721049134801F046FC204602F055
:10E24000E9F8022805D040F22B120B490E4801F0E4
:10E250003BFC204602F0CCF828B14FF496720649F8
:10E260000A4801F031FC04F11400FFF731FF2046A9
:10E2700002F08AF8002038BDC7080410EE8F0310A2
:10E28000D39203101B9003103B900310AF90031028
:10E290002DE9F3410446019128B94FF4A4724E4987
:10E2A0004E4801F011FC204602F0B4F8022805D0D7
:10E2B00040F2491248494A4801F006FC494B1B68A4
:10E2C0000BB1204698472BF047F8A38B07464BB17C
:10E2D000013BA3832BF054F8434B1B68002B78D1F0
:10E2E000002005E0019B33B92BF04AF86FF00100E4
:10E2F00002B0BDE8F0812BF02FF8054602F04CFA91
:10E3000048B93549394801F017FB40F269123249E2
:10E31000374801F0D9FB2BF01FF8064602F0CCF984
:10E3200048B12D49334801F007FB40F269122A49F0
:10E330002F4801F0C9FB30462BF022F82BF00CF8E7
:10E34000064600F027FD48B123492B4801F0F4FAB6
:10E3500040F269122049264801F0B6FB30462BF006
:10E360000FF828462BF00CF84FF0000802F014FAD2
:10E37000C0F8308001460546627A04F11400FFF7C8
:10E38000BEFE019B434509DD05F14C064146304682
:10E3900001AA02F065FE304602F0ACFD38462AF0D4
:10E3A000EFFF2AF0D9FF0128064609D10A49134890
:10E3B00001F0C2FA40F28B1207490D4801F084FBCC
:10E3C00030462AF0DDFF02F0A3F8286B002883D046
:10E3D0008EE72046984783E7BB0804101B90031084
:10E3E0003B90031080E700207CE70020EA900310B8
:10E3F000D392031021910310EE8F03104D9103105F
:10E400000021FFF745BF000038B5044628B94FF496
:10E41000DB721649164801F057FB204601F0FAFF5F
:10E42000022805D040F2B7121049124801F04CFB07
:10E43000114B1B680BB1204698472AF08DFF2346ED
:10E44000054653F8140F98420AD0FFF755FE0124F1
:10E4500028462AF095FF0CB102F05AF8002038BD8A
:10E46000A38B0133A3830024F2E700BFAC080410A0
:10E470001B9003103B90031078E7002070B50D4609
:10E480001646044628B940F2E7121149114801F036
:10E490001BFB204601F0BEFF022805D04FF4F472AA
:10E4A0000B490D4801F010FB012D0ED12AF054FF4D
:10E4B000054604F11400FFF70BFE2846A6832AF058
:10E4C0005FFF02F025F8002070BD4FF0FF30FBE742
:10E4D0009D0804101B9003103B90031070B50E466E
:10E4E0001546044628B94FF405720949094801F058
:10E4F000EBFA20463246032101F086FE002004F1AB
:10E500001403C4E90533044B6572C4E9073070BDD8
:10E510008F080410899103100100FF0070B50546B3
:10E520000C462AF019FF064600F034FC48B10E49AB
:10E530000E4801F001FA40F251220B490C4801F05B
:10E54000C3FA30462AF01CFF2946032001F0CCFE16
:10E5500040B100F11403C0E905330023054A4472B9
:10E56000C0E9072370BD00BF7F080410EE8F0310C1
:10E57000D39203100100FF00F7B5044601912AF081
:10E58000EBFE054602F008F948B95C495C4801F029
:10E59000D3F940F2932259495A4801F095FA2AF0EA
:10E5A000DBFE064602F088F848B15449564801F0AF
:10E5B000C3F940F293225149524801F085FA30469E
:10E5C0002AF0DEFE2AF0C8FE064600F0E3FB48B162
:10E5D0004A494E4801F0B0F940F293224749494870
:10E5E00001F072FA30462AF0CBFE28462AF0C8FE27
:10E5F0002CB940F296224149454801F065FA20467F
:10E6000001F008FF032805D040F297223B4941481A
:10E6100001F05AFA02F0C0F805462AF09DFE3E4B82
:10E6200006461B680BB12046984700232B63236ADC
:10E63000AB4252D1E37F0133DBB2E37730462AF0BD
:10E640009FFE364B1B68002B55D1002008E0019B34
:10E6500043B96FF0010430462C632AF091FE204646
:10E6600003B0F0BD206A95F8352090F835309A4215
:10E6700004D2022105F1350202F074FA2946627AC9
:10E6800004F11400FFF73BFD019B002B09DD05F1B0
:10E690004C070021384601AA02F0E2FC384602F09D
:10E6A00029FC30462AF06CFE2AF056FE0128074667
:10E6B00009D112491A4801F03FF94FF43C720F4951
:10E6C000104801F001FA38462AF05AFE01F020FF06
:10E6D000286B60B110F1090FC2D1A38B002BB6D00B
:10E6E000013BA383256295F83530A377A2E72AF092
:10E6F00033FE0646A2E720469847A6E771080410B5
:10E70000EA900310D392031021910310EE8F0310AF
:10E71000899103109A91031080E700207CE7002084
:10E720004D91031070B5044628B940F21D32484996
:10E73000484801F0C9F9204601F06CFE032805D0D5
:10E7400040F21E324249444801F0BEF92AF004FE6C
:10E75000054602F021F848B93D49404801F0ECF87F
:10E7600040F223323A493E4801F0AEF92AF0F4FD76
:10E77000064601F0A1FF48B135493A4801F0DCF8FE
:10E7800040F223323249364801F09EF930462AF0F1
:10E79000F7FD2AF0E1FD064600F0FCFA48B12C49ED
:10E7A000314801F0C9F840F2233229492C4801F0E0
:10E7B0008BF930462AF0E4FD28462AF0E1FD01F00D
:10E7C000EBFF05462AF0C8FD284B06461B680BB137
:10E7D00020469847236AAB4207D04FF0FF343046BB
:10E7E0002C632AF0CDFD204670BDE37F013BDBB2F8
:10E7F000E37743BBA27F95F835309A4205D00221DA
:10E80000284604F11E0202F0ADF9234653F8140F16
:10E81000984211D0A0F11403236290F82130A3771D
:10E82000E37F0133E377FFF767FC012430462AF0EA
:10E83000A7FD54B90020D7E7A38B0133A38300239E
:10E840002362FF23A3770024F0E701F061FEF1E7E4
:10E8500060080410899103109A910310EA90031044
:10E86000D392031021910310EE8F031078E700205C
:10E87000F8B50F4616461D46044628B940F2037205
:10E880001649174801F020F93A460621204601F0C2
:10E89000BBFC9DF81C30069A637204F11403C4E9B2
:10E8A0000533EB1C23F003039BB223840433B2FB38
:10E8B000F3F200231946C4E90A33E6616284628CEC
:10E8C00023638A4202DC0020A084F8BD228CE06928
:10E8D00004324A43013183508318F0E7550804108D
:10E8E0000E92031038B504462AF036FD054600F0B6
:10E8F00051FA48B11A491B4801F01EF84FF4F26270
:10E900001749194801F0E0F828462AF039FD2CB9DA
:10E9100040F293721249154801F0D6F8204601F0F2
:10E9200079FD062805D040F294720D49104801F097
:10E93000CBF8204601F05CFD28B140F29572084901
:10E940000C4801F0C1F804F11400FFF7C1FBE069C5
:10E9500001F0DCFA204601F017FD002038BD00BFB1
:10E960003B080410EE8F0310D39203100E92031095
:10E970001C920310919203102DE9F04104460D46BC
:10E9800016461F462AF0E8FC804600F003FA48B11C
:10E990001F49204800F0D0FF40F256721C491E4823
:10E9A00001F092F840462AF0EBFC2146062001F0E7
:10E9B0009BFC0446A0B100F11403C0E90533477283
:10E9C000E81C20F0030080B2208466840430B6B2D4
:10E9D000704301F091F9E06130B92046FFF782FF02
:10E9E00000242046BDE8F08100231946C4E90A331B
:10E9F000628C23638A4202DC0023A384F1E7228C29
:10EA0000E06904324A43013183508318F0E700BFC4
:10EA100048080410EE8F0310D3920310F8B50F4688
:10EA20001646044628B940F2B5722D492D4801F02A
:10EA30004BF8204601F0EEFC062805D040F2B672F5
:10EA40002749294801F040F82FB940F2B77224490C
:10EA5000264801F039F89EB94FF4F762204924485E
:10EA600001F032F8234B1B680BB1204698472AF07F
:10EA700073FC256B55B92AF083FC6FF00200F8BDDA
:10EA8000238CB342EED24FF0FF30F8E72B682363BC
:10EA90002AF076FC00232846324640F8043B3946EB
:10EAA00000F054FB2AF058FCE36A064603B11D60EF
:10EAB000A36AE56203B9A562A38C0133A38454F869
:10EAC000140FA04208D0FFF717FB30462AF058FC7D
:10EAD00001F01EFD0020D2E730462AF051FCF9E794
:10EAE000300804100E9203101C920310396A0310B0
:10EAF000CB92031078E700202DE9F74F8846914626
:10EB00000446019328B940F669027949794800F032
:10EB1000DBFF204601F07EFC062805D040F66A02A5
:10EB20007349754800F0D0FFB8F1000F05D140F6E9
:10EB30006B026F49714800F0C7FFB9F1000F05D1B2
:10EB400040F66C026A496E4800F0BEFF01F024FEF8
:10EB50006C4B07461B680BB1204698472AF0FCFB1C
:10EB6000A58C0646002D40F0BD80019B002B40F097
:10EB700092802AF005FC6FF00100B0E02AF0ECFB77
:10EB8000824601F009FE48B959495F4800F0D4FEB9
:10EB900040F6820256495D4800F096FF2AF0DCFB01
:10EBA000834601F089FD48B15149594800F0C4FE3F
:10EBB00040F682024E49554800F086FF58462AF03A
:10EBC000DFFB2AF0C9FB834600F0E4F848B148496E
:10EBD000504800F0B1FE40F6820245494B4800F033
:10EBE00073FF58464FF0000B2AF0CAFB50462AF03C
:10EBF000C7FB019BC7F830B033B930462AF0C0FBE1
:10EC00006FF001033B63B6E73946627A04F1140002
:10EC1000FFF775FA019B002B0CDDFEF747FF07F1AC
:10EC20004C0A05465946504601AA02F019FA5046C8
:10EC300002F060F93B6B2BB140F6A7022C49364835
:10EC400000F042FF30462AF09BFB2AF085FB0128AA
:10EC5000064609D12649314800F06EFE40F6AD0265
:10EC600023492A4800F030FF30462AF089FB01F0A2
:10EC70004FFC386B002832D12AF06EFB019B064610
:10EC8000002B08DDFEF712FF019B2B441B1A23EA21
:10EC9000E373451B0193A38C002B3FF46FAFA56A70
:10ECA000013B2A683046A262E26AA384AA4204BFFA
:10ECB0000022E2622AF064FB228C291D4A4528BF0B
:10ECC0004A46404600F042FA2AF046FB236B2B608E
:10ECD00025632AF055FB124B1B682BB9002003B0AB
:10ECE000BDE8F08F0025D6E720469847F6E700BF3D
:10ECF000250804100E9203101C920310396A0310A9
:10ED0000CB92031080E70020EA900310D392031007
:10ED100021910310EE8F0310D59203104D91031033
:10ED20007CE7002010B52AF017FB074A0446137849
:10ED30000133DBB21370054B1B6803B198472046C3
:10ED4000BDE810402AF01CBB8CE6002094E60020B1
:10ED500038B52AF001FB0B4D04462B7823B962220B
:10ED600009490A4800F0B0FE2B78013BDBB22B705A
:10ED7000074B1B6803B198472046BDE838402AF08E
:10ED8000FFBA00BF8CE60020EF080410ED920310DC
:10ED900090E60020014B1878704700BF8CE60020F9
:10EDA0002DE9F04F584E594C85B0DDE90F7515F03F
:10EDB000400F0CBFB046A04615F0100E1FD04FF00C
:10EDC000200C25F0010515F0020427D0002A1EDAD8
:10EDD0002D245242E94600260A2B03BFB2FBF3FB67
:10EDE00003FB1B2A5A4602F00F0A18F80AA018BFA4
:10EDF0001209013609F801AB002AEDD114E015F033
:10EE0000010F0CBF4FF0200C4FF0300CDBE76C070C
:10EE10004FBF2B24C5F3C0046401E4B2002AD9D14A
:10EE2000302301268DF80030BE423246B8BF3A4644
:10EE30000E9B15F0110FA3EB020318D114B1002B98
:10EE400000DD013B05464FF0200A00EB030904E01A
:10EE50008D4238BF85F800A00135A9EB0508B8F14F
:10EE6000000FF5DC23EAE375013B5B1B284424B16A
:10EE7000884238BF0470013B0130BEF1000F14D04E
:10EE800004464FF0300E00EB020C17E08C4238BF06
:10EE900084F800C00134AEEB0405002DF6DC23EA53
:10EEA000E374013B1B1B2044EAE7044600EB030E1E
:10EEB000F1E78C4238BF84F800E00134ACEB040584
:10EEC000AE42F6DB921B10446A46013E0BD202466C
:10EED00020261D18AC1A002C10DC002BA8BFC0186F
:10EEE00005B0BDE8F08F002FF1D0884238BFB45C88
:10EEF00000F1010038BF00F8014CE6E78A4238BF54
:10EF000016700132E6E700BF02090410130904106D
:10EF10004E282DE9F04FA8BF4E2057EC106B8B46C2
:10EF200015469A4687B020EAE07400220023304656
:10EF3000394616F06DF818B107F100431F4601205D
:10EF4000286047EC106B02A80AF018F9DDE902010D
:10EF5000002200238DED000B16F050F80546002826
:10EF600055D10AF15008C146DDE9026700220023AD
:10EF70003046394616F042F818B34B460AF1FF32D4
:10EF800043453FD30AF15003A3EB0908994588BFD5
:10EF90004FF00008D044109B544403B92C4454450E
:10EFA000CBF8005057D300264D4F0AF15005A0452D
:10EFB00001D8A84556D3AC4269D300238AF84F3014
:10EFC0004CE0502DD9D00022454B3046394615F043
:10EFD000D7FE41EC100B02A80AF0D0F83EA3D3E90B
:10EFE000002351EC100B8DED040B15F0E9FB002212
:10EFF0003B4B15F09BFD16F049F8303009F8010D38
:10F000000135B1E713F8011B02F8011FB8E7002230
:10F01000DDE90001002316F019F80546A8B9D0462D
:10F02000B9E7CDE90067013D4246DDE900014B4605
:10F0300015F07CFD00222B4B06460F4615F0E8FF2D
:10F040000028EED1CDE90467E9E700254FF000087C
:10F05000DFF88C90E8E700238AF80030504607B0CC
:10F06000BDE8F08F3246DDE900013B4615F05EFD5C
:10F0700041EC100B04A80AF081F8DDE904018DEDE4
:10F08000000B16F003F8303008F8010B8FE72378F7
:10F09000302105332370312023461A78392A02D8CB
:10F0A00000232370DAE75345197005D913F8012CB2
:10F0B000013B01321A70F0E71870DBF800200132D2
:10F0C000CBF80020109A002AE7D1544588BF217060
:10F0D0000134E2E7AFF30080B81E85EB51B89E3FE4
:10F0E000000024400000F03F30B5013911F8014F15
:10F0F0000346154600F8014B013A34B92B449842B7
:10F1000000D130BD00F8014BF9E7002AEED1F8E755
:10F1100010B50446FFF73EFE10B1044B1C6010BD55
:10F1200001F03AFB0028F8D00463F8E728E7002054
:10F1300008B5FFF72FFE08B1034808BD01F02CFB0E
:10F140000028F9D03030F8E728E700200F2AF0B582
:10F1500005D80346013B0A4491423CD1F0BD41EA47
:10F1600000039B07F5D1154601F1100400F11003CF
:10F1700054F8106C103D43F8106C54F80C6C0F2DC3
:10F1800043F80C6C54F8086C03F1100343F8186C46
:10F1900054F8046C04F1100443F8146CE8D8A2F19C
:10F1A000100323F00F03CD180344103302F00F02B5
:10F1B0001C4616461035091A032E07D86FF00301B6
:10F1C00094084C432244291B1B1BC3E76758043E89
:10F1D00027600434F0E711F8014B03F8014FBBE757
:10F1E000884210B501EB020402D98442234607D8B5
:10F1F000431EA14207D011F8012B03F8012FF8E7B5
:10F200000244824200D110BD13F8011D02F8011D15
:10F21000F7E7034610B501390244934201D10020BB
:10F2200010BD187811F8014F001BF9D10133F4E734
:10F2300010B504460AB1FFF757FF204610BD10B5C0
:10F24000431E0A44914201D1002008E013F8014F07
:10F2500011F8010B201A40B208B9002CF2D110BDF0
:10F2600010B50346044622461278E01A01340AB16A
:10F270008142F8D810BD03461A461178013300299F
:10F28000FAD1101A70472DE9F041044608460F469E
:10F29000FFF7F1FF064698B12046FFF7ECFF054661
:10F2A00004EB0008B542A8EB050401DA002407E0EE
:10F2B000324639462046013DFFF7ABFF0028F1D129
:10F2C0002046BDE8F08170B50646FFF7D4FF451C27
:10F2D000284600F011FD044618B12A463146FFF7D2
:10F2E00035FF204670BD13B500240094FFF710FED3
:10F2F00002B010BD2DE9F04F10EB0109B9B01E4668
:10F3000007900A9103D3C3434FF0FF390A93079C38
:10F3100008E0252B15D017464C4538BF2370601CDC
:10F3200004467A1C1378002BF3D10A9A22B14C457B
:10F3300034BF237009F8013C079BE01A39B0BDE8DF
:10F34000F08F002151E02D2B4CD0302B6AD0A3F14F
:10F350003000092852D83A4600254FF00A0C1746CB
:10F360003B780132A3F1300009285ED93B782E2B7F
:10F370006ED17A787B1CA2F13000092862D8002275
:10F380004FF00A0C1F4638780133A0F1300EBEF161
:10F39000090F52D922EAE2783A7802F0FB03682B8F
:10F3A00008BF013797F800B018BF0022BBF1780FF3
:10F3B0000AD8BBF1620F52D8BBF1250F00F02581AE
:10F3C000BBF1580F00F027814C453CBF252323702B
:10F3D0003B78601C002B00F07182484538BF637099
:10F3E000A01C9DE741F010013A465378571C2B2B87
:10F3F0000FD0A8D8202B0FD0232B10D02A2B19D117
:10F4000056F8045B971C002DB0DA6D4241F01001F4
:10F41000ACE741F00401E7E741F00801E4E741F01F
:10F420002001E1E741F00101DEE70CFB0533A3F128
:10F43000300594E74FF0FF3598E70CFB0200A0F190
:10F4400030029FE72A2A06D156F8042B0237A1E79B
:10F450004FF0FF38A0E71F464FF000089CE7ABF1E4
:10F460006303152BB0D801A050F823F0E5F4011088
:10F470001FF60110C9F3011027F60110C9F301109E
:10F48000C9F301101FF60110C9F30110C9F30110EF
:10F49000C9F30110C9F30110C9F30110C5F401103B
:10F4A000EBF50110C9F30110C9F301104BF5011080
:10F4B000C9F3011023F60110C9F30110C9F30110BB
:10F4C0001BF6011008236C2A06F1040A40F0F881AB
:10F4D0003268CDE90181204649460095FFF760FC7E
:10F4E00056461DE7C90615D42A462346202103E0C7
:10F4F0004B4538BF19700133013A002AF8DC002D62
:10F5000005F1FF33C5F10105D8BF00251D44D8BF63
:10F5100000231C444C4538BF336804F1010038BF58
:10F520002370321D034620262C44E11A002907DCF3
:10F53000002D05F1FF33D8BF002316461844EFE62F
:10F540004B4538BF1E700133EFE7AD4B56F804ABA7
:10F550000491BAF1000F08BF9A465046FFF78BFEA0
:10F56000B8F1000F0346049902DD4045A8BF4346A9
:10F57000CA0619D422464FF0200C601904E04A450F
:10F5800038BF82F800C00132811A8B42F7DBAB42F0
:10F59000A3EB050205F1FF31C8BF0022A5EB03056F
:10F5A000C8BF00252C44551800229A420FDB002BBF
:10F5B000A8BFE4184FF0200C22466019811A8B4234
:10F5C0000DDBE81AAB42C8BF00202044A8E6A11812
:10F5D000894584BF1AF80210A1540132E5E74A4573
:10F5E00038BF82F800C00132E8E76B1C04BF082571
:10F5F00041F00101CDE901810095102349462046E3
:10F6000056F8042BFFF7CCFB8AE64C4538BF84F84C
:10F6100000B0601C84E641F04001102353E741F044
:10F6200002010A234FE7073626F00706B6EC027BF5
:10F6300041F00203C8068DED047B06935CD523F0F0
:10F64000010306932023DDE904010B93002200232C
:10F6500015F0DEFC002855D0049BB8F1FF3F0C9359
:10F66000059B4FF02D0A03F100430D939DED0C7B9C
:10F6700005F1FF358DED047B6DD0049B4FF0FF321B
:10F680000893059B23F000430993DDE908015D4BD6
:10F6900015F0E6FC48B9DDE908014FF0FF32594B9F
:10F6A00015F0C0FC002800F09B8024AB40469DED87
:10F6B000040B0FAA0EA9FFF716FE0F9B002B4DD0CF
:10F6C0002D238DF840300DF141030278002A75D0CA
:10F6D0000E9A002A44DD4FF02E0E411E11F801CF84
:10F6E000BCF1000F51D0A1EB000B5A4508BF03F845
:10F6F00001EB03F801CBF1E711F0010F0CBF202360
:10F700003023A0E7069B59071CD54FF02B0A013D7B
:10F71000B8F1FF3FDDE904231046194608BF4FF05A
:10F72000020815F09DFC0028A7D04E2361229B46BD
:10F730008DF8403000238DF841208DF842B08DF8CF
:10F74000433024E0069B13F0080A1CBF4FF0200A48
:10F7500005F1FF35DCE74FF002088EE710ABB4E7A8
:10F7600019464FF02E0E4FF0300C01F802CB83F803
:10F7700001E0C2F1020E73448E469E4519D1891AEA
:10F78000091A0B1810F8012BB2B900221A70069B47
:10F790009A0643D5B8F1000F40D110AA13789046CD
:10F7A00093460132FBB92E2288F8013088F80020F8
:10F7B00034E00EF801CBE0E71A70E2E7302119706F
:10F7C000B8F1000F01D10133DFE72E2203F1020B64
:10F7D0005A705846424629F017FE0BEB0803D4E74F
:10F7E00049236E22A4E72E2B18D0652B01D0452B80
:10F7F000D4D14FF480714046FFF732FD404406E01B
:10F8000003930310FFFFEF7F10F801398370A0EB23
:10F810000B03002BF8DC2E2388F800304FF48071A6
:10F8200010A8FFF71DFD069B024613F0110FA5EB74
:10F83000000508D12B462021002B22DC6B1E002D59
:10F84000B4BF1D465D1BBAF1000F03D0A14588BFB0
:10F8500004F801AB069BDB0607D42B46002B16DC15
:10F860006B1E002DB4BF1D465D1B234610A9A3EBE4
:10F87000040C9445184601DA994511D81D442023FB
:10F8800015E0A14588BF04F8011B013BD4E7A14561
:10F8900088BF0B9903F1FF3388BF04F8011BDDE734
:10F8A00011F8010B03F8010BE1E700F8013B2A1AFC
:10F8B000002A7FF735AD8145F7D831E5013F2FE5C7
:10F8C000682A32687FF405AE880754BF92B212B23C
:10F8D000FFE500BF0CB407B504AB53F8042B01934C
:10F8E000FFF708FD03B05DF804EB02B070470000BD
:10F8F000014B1868704700BF24E7002070B50D4D1C
:10F900002E68FEF78DF9044690B1286808B1FEF71D
:10F9100057FAE38A40F2432113F4007F08BF4321E2
:10F920001B05204648BF41F40061FEF7EDF92C604D
:10F93000304670BD24E700200FB473B5114B1E682C
:10F940006EB9114A07AB14687F21069A0F480193DC
:10F95000FFF7D0FC03463CB90C48FDF757FA02B05C
:10F96000BDE8704004B07047258B7F2845F0400209
:10F97000228328BF7F2331462046044AFEF78AFAB5
:10F980002583ECE720E7002024E700209CE6002008
:10F9900007B50B48FFF7D0FF0A48FFF7CDFF0A4B2A
:10F9A0000222019300230949009309480423FFF729
:10F9B000C3FF084803B05DF804EBFFF7BDBF00BF0D
:10F9C0000A930310139303105F93031028930310FB
:10F9D000349303106893031008B52248FFF7ACFF77
:10F9E0002148FFF7A9FF1F48FFF7A6FF06F068F8B8
:10F9F0001C48FFF7A1FF1D48FFF79EFF1948FFF7BE
:10FA00009BFF05F029FF1748FFF796FF1848FFF7FF
:10FA100093FF1448FFF790FF05F0CCFE1148FFF765
:10FA20008BFF1448FFF788FF0E48FFF785FF05F0AE
:10FA30006BFF0C48FFF780FF0F48FFF77DFF094879
:10FA4000FFF77AFF05F0EAFF0648FFF775FF0B485E
:10FA5000FFF772FF0348FFF76FFFBDE8084000F0B3
:10FA600067B800BF4E9B03108E930310A39303103F
:10FA7000B8930310CD930310E2930310F793031090
:10FA8000C8B110F0FF020C4B02D0985C01307047F7
:10FA900010F47F4F04D0C0F30720185C0930704782
:10FAA00010F47F0F04D0C0F30740185C113070478A
:10FAB000000E185C1930704724090410014B1860BF
:10FAC000704700BF1CE700200023F7B516468DF8ED
:10FAD000073004460D4629F03FFC114B07461A68D3
:10FAE000C2B9012229461A600E4823463246FFF762
:10FAF00023FF39460C48FFF71FFFFFF76DFF0B4B45
:10FB00001B6843B929F044FC9DF80730002BFBD05B
:10FB100003B0F0BDFEE73246294620469847F1E79C
:10FB200098E6002009940310409403101CE700207D
:10FB300008B5084B08481968FFF7FEFE074B084850
:10FB40001968FFF7F9FE074B07481968BDE8084038
:10FB5000FFF7F2BE3CE700205894031038E700207E
:10FB60006A94031034E700207C94031010B5044617
:10FB700020B9DA2205490648FFF7A6FF054B2360A6
:10FB8000054B1B681033C4E9013310BD4C0A041047
:10FB9000DF940310A01E01003CE7002070B51F4E4B
:10FBA00004463368834204D9A8221D491D48FFF743
:10FBB0008BFF1D4D2B68A34204D8A92218491B486E
:10FBC000FFF782FF638823B1AA2215491848FFF77F
:10FBD0007BFF336862681A4494420ED0518861B941
:10FBE0002968914209D0134908689042526808BFB9
:10FBF0000C606260E11A1A449160A1685A1894423C
:10FC00000AD0508840B90B480568A54208BF026079
:10FC1000606803445060996070BD00BF6CE70020CD
:10FC20002C0A04109A94031068E70020B89403107B
:10FC3000E394031064E700202DE9F041C41C06465C
:10FC40000F4621F0030529F087FB24F003048046CA
:10FC5000FFF7A0F848B11D491D48FFF76DFE4FF4AE
:10FC60008B721A491B48FFF72FFF404629F088FB8B
:10FC7000202D23D9A5F12003A3421FD3164B2D1B02
:10FC8000A5F120021A604FF4F5530026134F103DE2
:10FC90002360134B60196560A66018603C60FFF735
:10FCA00065FF334601220F490F48FEF751FA0F4B0B
:10FCB0003A681A600E4B1E60BDE8F0813A46314644
:10FCC000BDE8F0410B48FFF737BE00BF5A0A0410E9
:10FCD000EE8F0310D39203103CE700206CE7002066
:10FCE00068E70020F294031040E7002064E700205A
:10FCF00060E70020F79403102DE9F74F044688B31E
:10FD000029F02AFB0546FFF745F848B167496848DE
:10FD1000FFF712FE4FF4B17264496648FFF7D4FE54
:10FD20002846654D29F02CFB03342B6824F003048E
:10FD3000A34217D30C2C38BF0C244FF0FF315F487F
:10FD4000FEF7A6FADFF8A0C15D4ADCF800301068C3
:10FD5000D5F800B0191AABEB0407B94204D35748E1
:10FD6000FEF752FB002676E045186E886A68002E82
:10FD700040F09980561AA6F1100AA245C0F093806F
:10FD8000DFF868E1DFF83C81DEF80020D8F8009069
:10FD9000019204F11C02924504F110075FD34FF465
:10FDA000F55601EB070840F808606E6800EB080A9A
:10FDB000CAE901610121C5F804806980DAF80410FC
:10FDC000019A0BF11006B14202F1100218BF091896
:10FDD000224418BFC1F808804A45CEF8002001D956
:10FDE00038490A603849394E0A68EC6022440A6092
:10FDF00031688A4288BF32604FF4F552AB42344ECC
:10FE00002A8037D0334B1A68AA424AD32B48FEF7D0
:10FE1000FBFA33682F44BB4205D24FF4F6722349F4
:10FE20002D48FFF751FEAA0705F110060DD040F24C
:10FE3000ED121E492948FFF747FEAB0705D04FF4E6
:10FE4000F7721A492648FFF73FFE264B1B6813B18D
:10FE5000214630469847304603B0BDE8F08F012177
:10FE6000019A698016444E45CEF8006088BFC8F8F4
:10FE70000060B7E700223168B3F802E0BEF1000F7E
:10FE800008D1002ABED0CCF80030BBE75B68012265
:10FE90000344F1E79942F9D1002AB3D0CCF800101D
:10FEA000B0E71D60B2E7114657E700BF420A0410F1
:10FEB000EE8F0310D39203103CE7002040E70020B0
:10FEC0006CE7002034E7002030E700202CE700201A
:10FED00068E7002060E70020319503107695031055
:10FEE000C095031074E7002064E7002038E7002085
:10FEF00038B501FB00F52846FFF7FEFE044618B1B1
:10FF00002A46002129F0C4F9204638BD70B50446C0
:10FF1000002800F0A48029F01FFA0546FEF73AFFFA
:10FF200048B14F494F48FFF707FD40F2AE224C4918
:10FF30004D48FFF7C9FD284629F022FAA30705D04E
:10FF40004FF42C7246494948FFF7BEFD484E3368CE
:10FF50009C4203D3474B1B689C4205D340F2B1221D
:10FF60003F494548FFF7B0FD444B1B680BB12046A5
:10FF7000984733689C4272D33E4B1B689C426ED2BA
:10FF80004FF0FF313E48FEF783F934F80E3CA4F100
:10FF9000100523B134F8103CB3F5F55F1ED0394895
:10FFA000FFF7CAFC34F8103C294634F80E2C3648CA
:10FFB000FFF7C2FC34F80E3C2BB94FF434722849D9
:10FFC0003248FFF781FD34F8103CB3F5F55F05D0FA
:10FFD00040F2D12222492E48FFF776FD326854F8CC
:10FFE0000C3CD35AB3F5F55F05D040F2D3221C493F
:10FFF0002848FFF769FD002324F80E3C4FF4F55321
:020000041002E8
:1000000024F8103C244B25491A68954238BF1D60DE
:100010000B6832689D4208D1002602E001269B68E9
:1000200013445888B8B106B10B601D4954F80C0C44
:100030000B68AA1A1B1A13441A4A0B60136854F867
:10004000041C28465B1A1360FFF7A8FDBDE870404A
:100050000B48FEF7D9B99342E0D10860E5E770BDDF
:10006000240A0410EE8F0310D3920310F0950310AE
:100070006CE7002068E700202196031070E700205D
:1000800040E700207D96031098960310C896031051
:10009000D2960310EB96031064E7002060E700207F
:1000A00038E7002030E700202DE9F04105460C46F6
:1000B00029F052F90646FEF76DFE48B14049414825
:1000C000FFF73AFC4FF407723D493F48FFF7FCFC4D
:1000D00030463E4E29F054F90334336824F00304CB
:1000E000A34203D334B92846FFF710FF0026304659
:1000F000BDE8F08125B92046BDE8F041FFF7FCBD21
:100100004FF0FF313248FEF7C3F8324B1B68AB4269
:1001100003D8314A1268AA4204D82D48FEF774F970
:100120002E46E4E755F80C1CA5F11007FF1A10390C
:10013000A1EB07084445F0D004F11C0242452BD244
:10014000DFF89CC0E219DCF80000511A0844CCF832
:100150000000DFF890C01032DCF8000008444FF4D3
:10016000F551995055F80C1CCCF800009818C0E9CE
:10017000011745F80C2C45F8044C316844681031DF
:100180008C421CBF1B199A60144B1A68824288BFAC
:100190001860FFF703FDC0E70D48FEF735F920466C
:1001A000FFF7AAFD06460028A1D04445224629466D
:1001B00028BF4246FEF7CAFF2846FFF7A7FE96E78C
:1001C000370A0410EE8F0310D39203103CE700208F
:1001D00040E700206CE7002068E7002064E700208B
:1001E00038E7002030E70020002302460548017868
:1001F000914205D00133092B00F11000F7D1002006
:10020000704700BFE8B500202DE9F84304460846D2
:100210000E469146FFF7E8FF054628B940F20F1257
:100220001A491B48FFF750FC2F4600F019FA57F8FF
:10023000048F47451CD166F07F0600F01FFA0822A4
:10024000494620462672FEF7F3FF124B1B680BB19E
:100250002046984729F080F86A6804F10C0353603F
:100260006A68E2606B602761BDE8F84329F088B8EE
:10027000A8F10C039C4205D140F21D120349064827
:10028000FFF722FCD8F80080D3E700BFFD0A041076
:100290008D8F031088E700202A97031010B50446BD
:1002A00028B940F249120D490D48FFF70DFC0D4BDE
:1002B0001B680BB1204698470023237229F04CF8A5
:1002C000D4E903124A60E16804F10C031160C4E947
:1002D0000333BDE8104029F053B800BFEC0A041006
:1002E0003897031084E70020F8B506460F4629F03A
:1002F00033F80446FEF74EFD48B11E491E48FFF78D
:100300001BFB4FF4B6721B491C48FFF7DDFB204670
:1003100029F036F83046FFF767FF044628B94FF456
:10032000B87214491648FFF7CFFBE068FFF7E4FC0A
:100330000546E8B10021E26828F0AAFF0023082260
:100340006B72394628462E72FEF772FF0D4B1B6802
:100350000BB12846984728F0FFFF626805F10C03AF
:1003600053606268EA6044F8043F2C6129F008F8A1
:100370002846F8BDD90A0410EE8F0310D39203105B
:100380008D8F031088E7002010B5044628B94FF47C
:10039000D57213491348FFF797FB94F90830002BE7
:1003A00005DA40F2AB120E490F48FFF78DFB0F4BF9
:1003B0001B680BB1204698470023237228F0CCFF1E
:1003C000D4E903124A60E16804F10C031160C4E946
:1003D000033328F0D5FF2046BDE81040FFF796BD57
:1003E000C80A0410389703104A97031084E70020C6
:1003F00010B5044628B94FF4E67204490448FFF7E3
:1004000063FB94F90800C00F10BD00BFAE0A0410D2
:100410003897031010B5044628B940F2DF1204499A
:100420000448FFF751FB207A00F07F0010BD00BFA9
:100430009B0A04103897031010B5044620B94B22CC
:1004400011491248FFF740FBA36A1A78232A06D104
:10045000E2699A4203D9E16A19448A4209D92146DC
:100460000B48FFF769FA05F02BFB28F075FF48B140
:10047000FEE720339A4205D82146BDE810400548E2
:10048000FFF75ABA10BD00BF400B0410739703105A
:10049000859703109F97031000230B4A13800B4A84
:1004A0000133202BC2E9002202F10802F8D11F22F9
:1004B000074B1A700023074A1360074A1360074B63
:1004C000C3E90033704700BFA4E80020A4E7002080
:1004D0009CE70020A0E7002098E7002090E700209C
:1004E00008B5084B1868FFF7CBFA074B013853F8EB
:1004F0003000064BA0F114021A600830BDE8084035
:1005000028F0FEBE98E70020A4E70020A0E7002026
:10051000F8B528F021FF1A4B0646B3F9003033BB7B
:10052000184B186818B3FFF7ABFA174B013853F89C
:100530003050164BA5F114071C68BC4217D01F6041
:10054000134B144A1B68107013B139462046984764
:100550002046FFF771FF3846FFF76EFF0E4B05F19F
:1005600008011B7804F11C0033B928F0F9FE30466D
:10057000BDE8F84028F004BF28F04EFEF7E700BFC2
:10058000A4E8002098E70020A4E70020A0E70020CE
:100590008CE700209CE700208CE6002010B5044684
:1005A00028B940F2231212491248FFF78DFA28F0B9
:1005B000D3FE94F8343094F8351023F00F0343F051
:1005C000010384F834300C4B04F1140203EBC10333
:1005D00059680A605968A1615A60084A63611168E4
:1005E000A36B0B431360BDE8104028F0C9BE00BFE9
:1005F000260B041073970310A4E7002098E700204F
:1006000010B5044628B940F2511211491148FFF7BC
:100610005BFA28F0A1FED4E905124A60616904F191
:1006200014031160C4E9053394F835200A4B03EB39
:10063000C20153F832308B4205D1084AA16B1368CE
:1006400023EA01031360BDE8104028F099BE00BF03
:100650000C0B041073970310A4E7002098E7002008
:1006600008B528F079FE044A138801331380BDE8E9
:10067000084028F085BE00BFA4E8002008B528F097
:100680006BFE0B4A1388013B1BB2002B13800ADC64
:100690000023138028F074FE064B1B683BB1BDE8B5
:1006A0000840FFF735BFBDE8084028F069BE08BD27
:1006B000A4E80020A0E70020014B1888704700BF85
:1006C000A4E8002010B5044628B940F2F1221749E9
:1006D0001748FFF7F9F994F8343003F00F03022BB1
:1006E00005D040F2F22211491248FFF7EDF92046F9
:1006F000FFF790FE012805D040F2F3220B490E4887
:10070000FFF7E2F9D4E905126FF0010323634A60B1
:10071000616904F1140320461160C4E90533FFF751
:100720003DFFBDE81040FFF7F3BE00BF5A0B0410B9
:1007300073970310DB9703101598031038B5144B0B
:100740001C6828F009FE05462046FFF759FF0423E0
:1007500004F14C0084F8343000F024FB2046FFF70D
:1007600047FE01280BD1E36F4BB92046FFF796FDFA
:10077000284628F005FEBDE83840FFF7C9BE054B06
:1007800004F1140219681A604A606161A361EFE71D
:10079000A0E7002090E70020014B1868704700BFD9
:1007A000A0E7002010B5044628B94FF4D2721A49C8
:1007B0001A48FFF789F92046FFF72CFE012805D0DB
:1007C00040F2A51214491648FFF77EF92046FFF7BC
:1007D0000FFE28B14FF4D3720F491248FFF774F996
:1007E00094F834301B0702D02046FFF709FF04F1CC
:1007F0004C0000F0D7FA042384F8343028F0ACFD24
:10080000094B04F1140219681A604A606161A3611E
:1008100028F0B6FD002010BDB10B04107397031033
:10082000159803105798031090E7002038B528F06A
:1008300093FD144B02461B6893F8341001F00F012E
:1008400001291BD1D3E90554A54217D06C605A6920
:1008500003F11401226093F83540C3E905110A4AF7
:1008600002EBC4025468216054689C6151605A6173
:1008700028F086FDFFF74CFE002038BD104628F01A
:100880007FFDF9E7A0E70020A4E7002038B5044683
:1008900028B940F296221F491F48FFF715F9204654
:1008A000FFF7B8FD012805D040F2972219491B48EF
:1008B000FFF70AF91A4B9C4205D140F29A221549DA
:1008C0001848FFF701F994F8343003F00F03012BB7
:1008D0001CD128F041FD054694F83430204623F021
:1008E0000F0343F0020384F83430FFF789FE04F16C
:1008F0004C0000F07FFB284628F042FD0A4B1B68A5
:100900000BB9002038BD20469847FAE74FF0FF307A
:10091000F8E700BF7D0B04107397031015980310C0
:1009200008E6002092980310B0E80020F7B5019087
:1009300028F012FD3C4F04463B684BB93B493C480C
:10094000FEF7FAFF40F2FB1238493A48FFF7BCF8CD
:1009500028F002FD0546FFF7AFFE48B1334936489F
:10096000FEF7EAFF40F2FB1230493248FFF7ACF8DD
:10097000284628F005FD28F0EFFC0546FEF70AFAA8
:1009800048B12A492D48FEF7D7FF40F2FB1227490C
:100990002848FFF799F8284628F0F2FC204628F06E
:1009A000EFFC28F0D9FC3C6806462CB940F2012245
:1009B0001E492348FFF788F82046FFF72BFD012842
:1009C00005D040F2022219491E48FFF77DF804F1D4
:1009D0004C052046FFF75AFF002101AA284600F0E7
:1009E0003FFB284600F086FA304628F0C9FC28F084
:1009F000B3FC0128054609D10C491348FEF79CFFBA
:100A000040F20E2209490B48FFF75EF8284628F00D
:100A1000B7FCFFF77DFD236B0020023304BF0023EA
:100A2000236303B0F0BD00BFA0E70020A10B0410BA
:100A3000EA900310D392031021910310EE8F03105C
:100A400073970310159803104D91031008B5FFF725
:100A50006DFF002008BD08B5FDF744F8FFF766FFFD
:100A6000002008BD38B5044628B94FF431721B493F
:100A70001B48FFF729F82046FFF7CCFC012805D0DA
:100A800040F2C52215491748FFF71EF894F8343094
:100A900003F00F03022B1DD128F05EFCD4E90512F0
:100AA00005464A60616904F11403116004F14C00C9
:100AB000C4E9053300F09EFA284628F061FC204680
:100AC000FFF76CFD084B1B680BB9002038BD2046B2
:100AD0009847FAE74FF0FF30F8E700BF6C0B0410BF
:100AE0007397031015980310ACE8002010B5044666
:100AF00028B94FF48A7216491648FEF7E5FF94F8B4
:100B000034301B0705D040F2151211491248FEF788
:100B1000DBFF2046FFF77EFC012805D04FF48B72E7
:100B20000B490E48FEF7D0FF012394F836202046EB
:100B30009340A363022384F8352084F83430FFF710
:100B400091FF074B1B680BB1FFF7E2FC002010BDC3
:100B5000C20B041073970310A2980310159803108A
:100B6000A0E70020F8B50D461646044628B940F225
:100B700047221E491E48FEF7A7FF2046FFF74AFC02
:100B8000012805D04FF4127218491A48FEF79CFF4D
:100B9000012D27D0022D02D005B30020F8BD28F08A
:100BA000DBFB94F83450074605F00F05012D0ED1FC
:100BB0002046FFF725FD337820469D4084F83530E8
:100BC000A563FFF7EBFC384628F0DAFBE5E70123E5
:100BD0003278934084F83520A363F4E72046FFF78A
:100BE00085FFDAE72046FFF7DDFDD6E78F0B04101F
:100BF0007397031015980310F7B504461846089B21
:100C000004F11407C4E90812C4E90A031A462321AF
:100C1000C4E905779DF824500A9E28F039FBE26A62
:100C2000A16A043A0A44184BD4E9080100F0AAFC6E
:100C3000A16AE06100F0C6FC1F2D04D99C22134973
:100C40001348FEF741FF0023C4E91166C4E91F33CE
:100C5000A363236384F8343084F8365084F8355025
:100C60002146CDE900330B4A234604F14C0000F045
:100C700075F8094B1B6823B1204603B0BDE8F0406E
:100C8000184703B0F0BD00BF3D070210D40B04109D
:100C9000D9980310C5060210A8E80020F0B50E464A
:100CA00085B00146012017461D46FFF71DFB04468F
:100CB00038B12846FFF720F8034630B92046FFF741
:100CC00063FB0024204605B0F0BD0B9A314602922A
:100CD0009DF828202046CDE900523A46FFF78CFFC8
:100CE000F0E700002DE9FF41DDF828800F461546AA
:100CF0001E46044620B9EC2210491148FEF7E4FED6
:100D0000B8F1000F04D1ED220C490E48FEF7DCFECD
:100D10003A4620460121FFF777FA0D9B20460293C1
:100D20009DF83030324601930B9B29460093434691
:100D3000FFF762FF002004B0BDE8F081E40B04106F
:100D400073970310FB980310D0E905124A604169BC
:100D500000F114031160C0E905337047F8B50F4680
:100D600016461D46044620B9DF220C490C48FEF702
:100D7000ABFE3A460A212046FFF746FA9DF81C30A2
:100D8000C4E9076523F0010363720023E362069B55
:100D9000A36204F11403C4E90533F8BD410C041047
:100DA000E368031038B5044620B9F4221449154805
:100DB000FEF78AFE2046FFF72DFB0A2804D0F52215
:100DC0000F491148FEF780FE2046FFF711FB20B9BE
:100DD000F6220B490D48FEF777FE28F0BDFA0546CE
:100DE0002046FFF7B1FF637A284623F001036372C0
:100DF00028F0C6FA2046FFF751FA002038BD00BFA0
:100E0000310C0410E3680310129903104E9903107B
:100E10002DE9E847DFF868A00F46DAF800108146B0
:100E2000514515461E4605D0D0461439D8F8003035
:100E3000534514D149460A20FFF756FA68B19DF888
:100E40002030C0E9077523F0010343720023C0E995
:100E50000A6300F11403C0E90533BDE8E8870B6AB3
:100E6000AB4205D108224846FEF7E9F900B9FEE792
:100E7000D8F80080D8F800108845DBD01439D5E7C1
:100E80004CE9002038B5044628B94FF4A272154940
:100E90001548FEF719FE2046FFF7BCFA0A2805D0D0
:100EA00040F245120F491148FEF70EFE2046FFF7AB
:100EB0009FFA28B14FF4A3720A490D48FEF704FEC9
:100EC00028F04AFA05462046FFF73EFF637A284697
:100ED00023F00103637228F053FA2046FFF754FA17
:100EE000002038BD210C0410E36803101299031090
:100EF00078990310F8B5044628B94FF4B572334910
:100F00003348FEF7E1FD2046FFF784FA0A2805D0B2
:100F100040F26B122D492F48FEF7D6FD28F01CFA3F
:100F200006462046FFF710FF637A23F00103637241
:100F3000294B1B6803B198476FF00043A26A9A429D
:100F400005D34FF4BD7221492448FEF7BDFDFCF7DF
:100F5000ADFDA36A2249C218637A6FF0004713F00F
:100F6000040F204B18BF0B46E262586819468842AE
:100F70001B6805D09D69AA42F8D0AD1ABD42F5D2D2
:100F8000194802680132026004F114025A600B68C9
:100F9000304663610A60637AA16143F001036372C2
:100FA00028F0EEF9637A5B070ED5104B1B78012B06
:100FB0000AD10F4890F8343003F00F03022B03D10D
:100FC000FFF750FDFFF7A4FA0020F8BD120C041043
:100FD000E3680310129903107CE70020AE99031018
:100FE00044E900204CE90020B4E8002078B6002055
:100FF000C0E8002038B5044628B94FF4F07214490F
:101000001448FEF761FD2046FFF704FA0A2805D0D0
:1010100040F2E1120E491048FEF756FD637ADB07F5
:1010200013D50E4B1B680BB12046984728F094F956
:1010300005462046FFF788FE637A284623F0010321
:10104000637228F09DF9002038BD4FF0FF30FBE7B8
:10105000040C0410E36803101299031078E70020D1
:1010600070B50E461546044628B94FF4017214496E
:101070001448FEF729FD2046FFF7CCF90A2805D0D1
:1010800040F205220E491048FEF71EFD28F064F9D3
:10109000032E05D8DFE806F008020B10A36A2B60C8
:1010A00028F06EF9002070BD2B68A362F8E7637A20
:1010B00023F002036372F3E7637A43F00203F9E774
:1010C000F30B0410E3680310129903102DE9F74F96
:1010D0006E46CDE90066FCF7E9FC054628F03CF9D0
:1010E0008046DFF8A090DFF8A0A0DFF8A0B0D9F824
:1010F00000404C4507D06FF00042A369A4F11407EB
:10110000EB1A934205D3404628F03AF903B0BDE804
:10111000F08FDAF800300BB1384698473846FFF7C1
:1011200013FE14F80B3C9A075CBF23F0010304F88C
:101130000B3C009B5C6023606660D4E90230009445
:101140009847FCF7B3FCDBF8003005460BB1384696
:101150009847009BB342CAD0D4E900235360226869
:101160001A6014F80B3CC4E9004403F00302032A9C
:10117000BDD123F00103384604F80B3CFFF7BAFE5B
:10118000B5E700BF4CE90020BCE80020B8E800202B
:101190002DE9F7436E46CDE9006628F0DDF80546F7
:1011A000DFF8B490294FD9F800404C4509D0FCF73E
:1011B0007DFCA369A4F11408C01A6FF000439842A3
:1011C00005D3284628F0DCF803B0BDE8F083204BB7
:1011D0001B680BB1404698474046FFF7B5FD14F831
:1011E0000B3C28469A075CBF23F0010304F80B3C34
:1011F000009B5C602360002366603B70009428F0D5
:10120000BFF8D4E902309847124B1B680BB1404637
:10121000984728F0A1F801233B70009B0546B34294
:10122000C1D0D4E90023536022681A6014F80B3C43
:10123000C4E9004403F00302032AB4D123F00103FC
:10124000404604F80B3CFFF755FEACE778B60020AB
:10125000BCE80020B8E8002044E9002070B56FF039
:1012600000460F4D28F078F82B68AB420CBF4FF0CA
:10127000FF349C6928F084F8631C08D1FFF78CFACE
:10128000FFF704FBFFF744F9FFF782FFEAE7FCF7FB
:101290000DFC201AB042F7D2FFF7D8FBF4E700BFED
:1012A00044E90020014BC3E9003370474CE90020BA
:1012B0001FB50C4B0A22C3E900330423CDE90232E7
:1012C0004FF480630193084B084A009308490023B8
:1012D0000848FFF707FD074805B05DF804EBFFF786
:1012E00005BC00BF44E90020509800205D120210A8
:1012F000D1990310C0E8002010B51C4C1C48FEF723
:101300001BFB94F828101B48FEF716FB94F82830B6
:10131000DB0702D51848FEF70FFB94F82830980732
:1013200002D51648FEF708FB104C94F82830190730
:1013300002D51348FEF700FB94F82830DA0602D5F0
:101340001048FEF7F9FA094B93F828301B0608D528
:10135000BDE810404FF0E0230B48D3F8341DFEF7F2
:10136000EBBA0A48BDE81040FEF7E6BA00ED00E02F
:10137000D7990310EA990310009A03100A9A0310F0
:10138000149A03101F9A0310289A03106283031003
:1013900070B504465D4B011DDA6A5D4B00F12C050A
:1013A0001A605C48482209F0AFFF2368A16CD80698
:1013B000594A4CBF04F14C0304F1940389051360AE
:1013C00044BF043313600522544B1A704FF0E022DF
:1013D000534BD2F8281D1960D2F82C1D5960D2F851
:1013E000341D9960D2F8381DD960D2F8242D1A61C5
:1013F0004C4B1B68002B4BD14B4804F19401FEF77A
:101400009BFAA16C4948FEF797FAE16A4848FEF753
:1014100093FA216B4748FEF78FFA616B4648FEF757
:101420008BFAA16B4548FEF787FAE1684448FEF75E
:1014300083FA21694348FEF77FFA61694248FEF763
:101440007BFAA1694148FEF777FAE1694048FEF767
:1014500073FA216A3F48FEF76FFA616A3E48FEF769
:101460006BFAA16A3D48FEF767FAE16B3C48FEF76C
:1014700063FA216C3B48FEF75FFA616C3A48FEF76D
:101480005BFA23685A0708D43848FEF755FA0AE091
:10149000284698470028AFD170BDFFF77DF9014677
:1014A0003348FEF749FA3348FEF746FAEFF309816D
:1014B000EFF308823048FEF73FFAFEF78DFA236813
:1014C000DB0602D42D48FEF737FA00232C49C1F879
:1014D0008430BFF34F8F43F6E074D1F88030C3F30C
:1014E000C900C3F34E335B01024603EA040646EA31
:1014F0008275013AC1F86C52F9D2203B13F1200FEA
:10150000F2D1BFF34F8FBFF36F8FC5E700000C50D0
:1015100054E9002074E9002070E900206CE9002003
:1015200058E90020BCE90020389A0310459A0310BE
:10153000529A03105F9A03106C9A0310799A031061
:10154000869A0310939A0310A09A0310AD9A031081
:10155000BA9A0310C79A0310D49A0310E19A0310A1
:10156000EE9A0310FB9A0310089B0310329B0310A2
:10157000159B03104C9B0310639B0310799B031076
:1015800000ED00E0043222F0070270B50446A2F13B
:10159000480005460A4E45F8046BAA42FBD142F8C2
:1015A000201C002142E903344FF0807342E9071107
:1015B00042E9051142E9121142F8043C70BD00BF36
:1015C000EFBEADDE41607047014B1860704700BF51
:1015D000BCE900204FF0E02408B5FFF7D9FED4F8AD
:1015E0002C3D9B0702D54A48FEF7A6F9D4F82C3DBE
:1015F0005C007FD5474C94F82930002B38D0464802
:10160000FEF79AF9454894F82910FEF795F994F8F1
:101610002930D80702D54248FEF78EF93D4C94F8A0
:101620002930990702D53F48FEF786F994F829300A
:101630005A0702D53C48FEF77FF9364C94F829301A
:101640001B0702D53948FEF777F994F82930D806F8
:1016500002D53748FEF770F92E4B93F8293019065A
:1016600052D54FF0E0233348D3F8381DFEF764F924
:10167000284C94F828300BB1FFF73EFE638D9BB2E7
:10168000002B37D02C48FEF757F9618D2B4889B2D3
:10169000FEF752F9638DDA0702D52948FEF74CF9B7
:1016A0001C4C638D9B0702D52648FEF745F9638DD8
:1016B0005C0702D52448FEF73FF9164C638D1807E6
:1016C00002D52248FEF738F9638DD90602D52048A5
:1016D000FEF732F90F4C638DDA0502D51D48FEF78F
:1016E0002BF9638D9B0502D51B48FEF725F91B4896
:1016F000FEF722F94FF0E023D3F82C3D002B02DA5D
:101700001748FEF719F9FEE71448FEF715F9AFE799
:10171000879B031000ED00E09C9B0310A89B031027
:10172000BE9B0310C99B0310C79B0310159A03109F
:10173000209A0310D49B0310E49B0310F29B031028
:10174000089C0310149C03101E9C0310259C03107E
:101750002B9C0310329C03103D9C031062830310EA
:10176000489C031008B5FFF713FEFFF7C5FDFEE721
:1017700070B5394B04461A78002A45D10122374DFD
:1017800001461A7000F14C03482235482B6009F0DD
:10179000BBFD3448FEF7D0F8EFF30981EFF3088280
:1017A0003148FEF7C9F82F48FEF7C6F829682F48D8
:1017B000FEF7C2F8616C2E48FEF7BEF8A16A2D480C
:1017C000FEF7BAF8E16A2C48FEF7B6F8216B2B4811
:1017D000FEF7B2F8616B2A48FEF7AEF8A16B294814
:1017E000FEF7AAF8E16B2848FEF7A6F8216C274817
:1017F000FEF7A2F81B48FEF79FF8FDF7CBFA20B1E1
:101800002348FEF799F806E0FEE7FEF7C5FF01461C
:101810002048FEF791F800231F49C1F88430BFF338
:101820004F8F43F6E074D1F88030C3F3C900C3F39F
:101830004E335B01024603EA040646EA8275013A2A
:10184000C1F86C52F9D2203B13F1200FF2D1BFF353
:101850004F8FBFF36F8F70BD6CE9002070E90020DF
:1018600074E900204C9B0310639B0310389A03100B
:10187000459A0310529A03105F9A03106C9A031052
:10188000799A0310EE9A0310FB9A0310089B031039
:10189000709C0310559C031000ED00E008B5FEF7A6
:1018A00027F810B1022100F00DF8044809F0D0FD2E
:1018B000034809F0CDFD002008BD00BF849C031043
:1018C0008E9C031070B588B003460C4668461F21F5
:1018D0001A4A08F0B9F80023022C8DF81F301BD0EB
:1018E0001749184B012C08BF1946684608F0BEFA84
:1018F000154E0546C0B100230222194607F0D2FF5B
:10190000306808B107F002FF022C104B356005D19A
:101910005D60C3E9025507E00D49E6E700225A6021
:10192000002CF6D1C3E90244306818B108F0D4F8AD
:1019300008B070BD4FF0FF30FAE700BFA29C031063
:101940009F9C03109C9C0310CCE9002048B8002009
:10195000999C0310034B186808B108F0BDB84FF00C
:10196000FF307047CCE90020FDF7E2BB084603F0EA
:1019700035B8862303604FF0FF307047022983BFDC
:10198000862303604FF0FF30012070470846114660
:101990001A4603F078B8084611461A4602F0ECBF22
:1019A000084611461A4603F034B8084611461A464E
:1019B00003F04CB810B504460846FEF79DF908B987
:1019C0000C23236010BD10B5044608461146FEF7EF
:1019D0006BFB08B90C23236010BD10B50446084604
:1019E0001146FEF785FA08B90C23236010BD08469E
:1019F000FEF78CBA08B5FEF7CFFE60B1FEF7CCFE5D
:101A00000446024608210448FDF796FF2046FEF7EB
:101A10003DFFFEF77DFDFEE7AA9C031037B50023CE
:101A200000220F4D04462868CDE9002320B90D4857
:101A3000FCF7F6F8286058B10021FCF765F938B9D1
:101A40006A4610212868FCF75DFA2868FCF7B8F9A7
:101A5000DDE900010CB1C4E9000103B030BD00BFF5
:101A6000D0E900204F6C031083070FD1642290FB54
:101A7000F2F302FB13035BB94FF4C87390FBF3F26C
:101A800003FB1200B0FA80F0400970470020704755
:101A900001207047F8B5334A0D460446D0E90001ED
:101AA000002313F01BFB104619463C22002313F0C1
:101AB00015FB00232A603C2213F010FBC5E901202E
:101AC0000023D4E90001274A13F008FB0446043040
:101AD0000E464FF007024FF0000341F1000113F0F2
:101AE000FDFA40F2B271AA610846FFF7BDFF00F2AD
:101AF0006D13DA179C4276EB020705DBE31A66EBFF
:101B000002061C460131EFE70123A1F26C71696105
:101B1000EC61EB6060B13B2C76F1000308DBA4F1D3
:101B20003B03334308BF0220013CE86066F1000636
:101B30000B2300210C4F37F91320D017944276EB7A
:101B4000000006DB2B61EB68284623449B1AEB6000
:101B5000F8BD013B61F1000153EA0102EBD1002223
:101B6000F0E700BF805101005C0C041070B50C461A
:101B7000064670B10A48FCF753F8054620B98B2297
:101B800008490948FDF7A0FF324616212846FCF710
:101B9000B9F91CB1054B03CB20606160002070BD1A
:101BA0004F6C03104F0C0410C7A20310F8E900207B
:101BB00030B50446002085B00D4602A9CDE90200EB
:101BC000FFF7D4FF3C23029A68465A43D4E9003118
:101BD0009B1841EBE2722946CDE90032FFF75AFF2C
:101BE00005B030BD0149FFF7E3BF00BFD4E90020D5
:101BF0002DE9F0410D4616461F46044628B94FF41C
:101C0000B5720C490C48FDF75FFF236D2BB940F20C
:101C10006B1208490948FDF757FF236D9C6934B1E1
:101C20003A46314628462346BDE8F041184720464B
:101C3000BDE8F0818D0E04103D9F0310C09C031081
:101C40002DE9F0410D4616461F46044628B940F2DC
:101C500089120E490E48FDF737FF236D2BB94FF45B
:101C6000C5720A490B48FDF72FFF236D1B6A2BB97C
:101C700040F28B1205490848FDF726FF236D3A46CE
:101C800031462846BDE8F0411B6A18476F0E041024
:101C90003D9F0310C09C0310D49C031070B50D46EB
:101CA000044628B940F29B120D490E48FDF70CFF7F
:101CB000236D2BB94FF4CE7209490B48FDF704FF91
:101CC000236D9B682BB940F29D1205490748FDF72B
:101CD000FBFE236D2846BDE870409B68184700BF97
:101CE0004A0E04103D9F0310C09C0310F29C031089
:101CF00070B50D46044628B94FF4D2720D490E480E
:101D0000FDF7E2FE236D2BB940F2A51209490B48FD
:101D1000FDF7DAFE236DDB682BB94FF4D37205496A
:101D20000748FDF7D1FE236D2846BDE87040DB680B
:101D3000184700BF130E04103D9F0310C09C0310F2
:101D4000149D031070B50D461646044628B940F29E
:101D500079120B490B48FDF7B7FE236D2BB94FF4F1
:101D6000BD7207490848FDF7AFFE236DDB6923B15B
:101D700031462846BDE870401847184670BD00BF80
:101D8000D70D04103D9F0310C09C031070B505468D
:101D90000026436BD3F814416B6B03F58A739C42A6
:101DA00000D170BDA3685A6832B1A269012A03D17B
:101DB000A66120465B6898472468EDE710B50446A5
:101DC00028B94FF4C9720D490D48FDF77DFE236D0A
:101DD0002BB940F2931209490A48FDF775FE236DAD
:101DE0005B6A2BB94FF4CA7204490748FDF76CFED1
:101DF000236DBDE810405B6A184700BF960C0410C5
:101E00003D9F0310C09C0310389D031070B50D4614
:101E1000044628B94FF4B0720D490E48FDF754FE40
:101E2000236D2BB940F2611209490B48FDF74CFEB6
:101E3000236D5B692BB94FF4B17205490748FDF773
:101E400043FE236D2846BDE870405B69184700BF1C
:101E5000B80C04103D9F0310C09C03105D9D03103F
:101E600070B50D46044628B940F257120D490E4888
:101E7000FDF72AFE236D2BB94FF4AC7209490B48CC
:101E8000FDF722FE236D1B692BB940F2591205495B
:101E90000748FDF719FE236D2846BDE870401B6911
:101EA000184700BFAA0C04103D9F0310C09C0310EC
:101EB0007D9D031010B54020FDF71EFF044620B99C
:101EC0000A48FDF739FD204610BD4022002127F0C9
:101ED000DFF904F12C03C4E90B33054B5A68146095
:101EE0005A6862605C602360EDE700BF9C9D031050
:101EF000C0F3002038B50D46044628B940F216421A
:101F000006490748FDF7E0FD2DB940F217420349A5
:101F10000448FDF7D9FD6562002038BD4311041067
:101F2000C7A20310B19D031038B50C46054628B969
:101F300040F2224208490948FDF7C6FD2CB940F29B
:101F4000234205490648FDF7BFFD04F110032C624A
:101F5000C4E90433002038BD20110410C7A20310C7
:101F6000C49D031038B50D46044628B940F22E42F0
:101F700006490748FDF7A8FD2DB940F22F42034955
:101F80000448FDF7A1FDE561002038BD03110410F0
:101F9000C7A20310DF9D031038B50D46044628B9CB
:101FA00040F2414206490748FDF78EFD2DB940F247
:101FB000424203490448FDF787FDE563002038BD30
:101FC000E5100410C7A203103D9F031038B50D465D
:101FD000044628B940F2554209490A48FDF774FD04
:101FE0002DB940F2564206490748FDF76DFD122211
:101FF000294604F10800FDF7A9F8002038BD00BF0C
:10200000C7100410C7A20310F49D031010B54FF4BD
:102010008E70FDF771FE044620B90A48FDF78CFC6E
:10202000204610BD4FF48E72002127F031F9064B87
:10203000A360C023E3733223237404F58A73C4E9D5
:102040004533EDE79C9D03100902090070B50E466B
:10205000054628B94FF492620D490E48FDF734FD4C
:102060001C20FDF749FE044620B90B48FDF764FC2F
:10207000204670BD95F838300372013385F838304A
:102080000023C36000F11003C0E904338661EFE769
:10209000B1100410C7A203109C9D031038B505466B
:1020A00028B940F2B34211491148FDF70DFD1C203B
:1020B000FDF722FE044628B90E48FDF73DFC00243A
:1020C000204638BD2846FDF717FEE06030B90A48C3
:1020D000FDF732FC2046FDF719FFF0E70023A3606F
:1020E00004F11403C4E905332561E9E79A100410EB
:1020F000089E03109C9D0310169E031070B50E469B
:102100001546044628B940F2D9420B490B48FDF761
:10211000DBFCE3682BB940F2DA4207490848FDF7D7
:10212000D3FC31462269E068FDF710F8E36800202F
:102130002B44A36070BD00BF75100410309E0310C7
:10214000439E0310F8B50E461746054628B940F2DF
:10215000F3420F490F48FDF7B7FC2EB940F2F442A5
:102160000B490D48FDF7B0FC2420FDF7C5FD0446E2
:1021700020B90A48FDF7E0FB2046F8BD0023836143
:1021800000F11C03C0E90275C0E907330661F3E7FB
:1021900060100410C7A20310F49D03109C9D03104F
:1021A00070B50E46054628B940F217520B490C4847
:1021B000FDF78AFC4020FDF79FFD044620B9094841
:1021C000FDF7BAFB204670BD0023C0E90B3300F1D8
:1021D0000C03C0E9033385608663F3E74B100410FA
:1021E0005D6A03109C9D031010B5044628B940F2A7
:1021F000365209490948FDF767FC094B18689842AF
:1022000004D10848FDF798FB002010BDC26BA24224
:10221000FBD00068F3E700BF371004103D9F0310A8
:10222000C0F300205C9E031038B50D46044628B963
:1022300040F253520D490E48FDF746FC637EAB4217
:1022400005D240F2545209490A48FDF73DFC54F8C2
:102250002C0FA04205D108482946FDF76DFB002050
:1022600038BD437BAB42FBD00068F2E7231004107B
:10227000C7A203106F9E03109C9E031070B50C46FE
:102280001646054628B940F2755215491548FDF71E
:102290001BFC95F83830A34205D840F2765210491D
:1022A0001148FDF711FC696BD1F8143101F58A7101
:1022B0008B4205D10D482146FDF73EFB00200BE087
:1022C0001A4652F81C0F904201D11B68F0E7057ABC
:1022D000A54202D106B1336070BD0068F3E700BFCC
:1022E0000C100410C7A20310B99E0310D19E031056
:1022F00038B50D46044628B940F29D520C490D48A8
:10230000FDF7E2FBE06818B18368DB78AB4208D0E8
:1023100054F8100FA04205D107482946FDF70CFBE1
:10232000002038BD8368DB78AB42FAD00068F1E763
:10233000F40F0410EA9E0310FA9E0310F8B50D4640
:102340001446064628B940F2C25214491448FDF713
:10235000BBFB726BD2F8143102F58A72934205D13D
:1023600010482146FDF7E8FA002014E01E4656F812
:102370001C1FB14201D11B68F0E7D1F80CC05CF81A
:10238000140F604501D10968F3E78768BF78A74259
:1023900002D105B12B60F8BD0068F2E7DE0F041032
:1023A000C7A203101B9F03102DE9F8430D460446F6
:1023B00028B940F2EF5248494848FDF785FB2DB94E
:1023C0004FF4BE6244494648FDF77EFB637E01330D
:1023D0006B73637E01336376D5F8148105F58A73D8
:1023E000984509D1236B2C341D60636800206B6015
:1023F00065602C60BDE8F883D8F81C7008F11C03F8
:102400009F4202D1D8F80080E8E72B7B01332B7381
:10241000FB685E69FB6803F1140296420DD1D3E9B3
:102420000312688908302844FCF790FEFB686A892B
:102430001B6913446B813F68E0E7E36B2BB940F203
:10244000567228492848FDF73FFBE36BD3F89830D4
:102450002BB940F2577223492448FDF735FB2EB9BA
:102460004FF4EB621F492248FDF72EFBB3682BB9EE
:1024700040F259721B491F48FDF726FBE36BD3F866
:1024800098C063461878FF2803D11B48FDF754FA1B
:102490001DE09A79EAB9B1685A7891F803E0964557
:1024A00017D18A7893F8029002F0800EF14510D18E
:1024B00002438A70E26BA3EB0C03D2F898201A4413
:1024C0007263E26BD2F89820134401229A71366845
:1024D000A0E70833D6E700BFC40F0410C7A203105B
:1024E000E3A00310B20F0410359F03104C9F03109C
:1024F0004B6A0310596A03106C9F031038B50D46E0
:10250000044628B940F225620A490B48FDF7DCFA77
:102510002DB940F2266207490848FDF7D5FAD4F8EC
:10252000183104F58A741D60636800206B60656073
:102530002C6038BD960F0410E3A00310839F031096
:1025400038B50D46044628B940F23C6209490A48AC
:10255000FDF7BAFA2DB940F23D6206490748FDF78A
:10256000B3FA236A1C341D60636800206B606560E9
:102570002C6038BD770F0410839F0310EA9E031070
:1025800038B50D46044628B940F252620B490C4852
:10259000FDF79AFA2DB940F2536208490948FDF750
:1025A00093FA227AAB6810349A70636800201D6039
:1025B00063686B6065602C6038BD00BF560F041007
:1025C000EA9E0310309E031038B50D46044628B924
:1025D00040F26A6209490A48FDF776FA2DB940F2DD
:1025E0006B6206490748FDF76FFAA36914341D6052
:1025F000636800206B6065602C6038BD360F041086
:10260000309E03104B6A031038B50D46044628B9B6
:1026100040F275620B490C48FDF756FA2DB940F2AD
:10262000766208490948FDF74FFA636900201D608A
:1026300063696B6004F1100365612B60237A0133D9
:10264000237238BD050F0410C49D0310939F03101F
:1026500038B50D46044628B940F28B620549064854
:10266000FDF732FA29462046FFF742FEE0600020DF
:1026700038BD00BFEE0E0410EA9E031038B50D46BB
:10268000044628B940F2A56218491948FDF71CFA1A
:10269000637EAB4205D240F2A66214491548FDF7AD
:1026A00013FA20462946FFF7BFFD6063E46B2CB99F
:1026B0004FF4A77210491148FDF706FA236D2BB9A4
:1026C00040F24F120C490E48FDF7FEF9236D5B688E
:1026D0002BB94FF4A87208490A48FDF7F5F9236DA4
:1026E00028465B689847012038BD00BFDB0E041008
:1026F000C7A203106F9E0310CC0E04103D9F031061
:10270000C09C0310B39F03102DE9F0410C46154601
:10271000064628B940F2C16240494148FDF7D4F964
:102720002DB940F2C2623D493E48FDF7CDF9236B19
:10273000002B6AD12B7A012B06D9022B2FD03A48D5
:10274000FDF7FAF8002756E0636AA362D5E903753E
:102750002EB94FF4797235493148FDF7B5F9F36B6D
:102760002BB940F2E53231493148FDF7ADF92FB9C7
:1027700040F2E7322D492F48FDF7A6F9A3682BB99F
:102780004FF47A7229492C48FDF79EF9A1682B462F
:102790003A46F06B8978BDE8F041FFF729BA636AE1
:1027A000A362D5E903872EB940F2C73223491C48FA
:1027B000FDF78AF9F36B2BB94FF472721F491C486D
:1027C000FDF782F9FDF74CFFA268A56A9388F06BCC
:1027D0009D42917812D3B5FBF3F5ADB25D43226A09
:1027E0002B46FFF72DFAA36A5B1BA362236A2B44D7
:1027F0002362FDF743FF3846BDE8F0813B46424681
:10280000FFF71EFA0023A362F3E723690C341D606F
:1028100063686B6065602C6094E700BFB90E0410BC
:10282000C7A20310D39F0310E29F0310A10E041050
:10283000359F0310396A0310596A03107C0E041087
:1028400070B50E461446054628B940F2F4621749A1
:102850001748FDF739F9012E04D02EB9E86BE1B223
:10286000FFF71CFA002070BD022EFBD1ED6B2DB9D5
:102870004FF4ED720F491048FDF726F92B6D1B6BD5
:102880002BB940F2DB120B490C48FDF71DF9E3B2FE
:102890002BB14FF4EE7207490948FDF715F92B6D7E
:1028A000352220461B6B07499847DBE75B0E041077
:1028B000C7A203103C0E04103D9F0310F89F0310A5
:1028C00017A003105D11041070B50E46154604469E
:1028D00028B940F2127205490548FDF7F5F81EB90E
:1028E000E06BE9B2FFF704FA002070BD260E041079
:1028F000C7A2031010B5044628B940F22372054957
:102900000548FDF7E1F8E06B0021BDE81040FFF756
:10291000C5B900BFFD0D0410C7A2031010B50446D1
:1029200028B940F29B7216491648FDF7CDF894F885
:102930009430042B11D1D4F88830E26F9988531A5F
:10294000002BE3670BDD8B42A8BF0B46626F0A4486
:10295000626780212046FFF773F9002010BD04D183
:10296000A26F12B11A46A367F3E7032384F89430E9
:10297000002320461A461946FFF73AF9EDE700BF53
:10298000C00D04103D9F031070B50E461546044659
:1029900028B940F6260217491748FDF795F8E36B6A
:1029A0002BB940F6270213491448FDF78DF82EB9CC
:1029B00040F628020F491248FDF786F82DB940F677
:1029C00029020C490F48FDF77FF80420E26BC2E9A9
:1029D0001D65D2F88830D5679B88E16BAB4281F8E2
:1029E000940028BF2B46E06B8021BDE87040526FF9
:1029F000FFF726B9200D0410C7A20310359F03105E
:102A0000396A03100D9E031038B504460D4621B9EE
:102A1000472208490848FDF757F8616BEA884B8957
:102A200020469A4228BF1A46BDE838400831FFF7D1
:102A3000ABBF00BFD30C04102FA00310F8B50E4697
:102A400015461F46044628B940F642021449154867
:102A5000FDF73AF8E36B2BB940F6430210491248F0
:102A6000FDF732F82EB940F644020D490F48FDF744
:102A70002BF80521E26BD2F888305667D567C2F88B
:102A800090709B88E26BAB4282F8941028BF2B4673
:102A900032460021E06BFFF7ABF82846F8BD00BFD7
:102AA0000F0D0410C7A20310359F0310396A0310DD
:102AB0002DE9F04F97B04FF0FF3310229C4801A949
:102AC000FCF71AF80028F6D10298FFF78DFB0446B0
:102AD00018B99848FCF730FFEDE79DF80410072976
:102AE00000F2F982DFE811F069001700BC02F7027A
:102AF0000800E602EF02F102436BD3F81451636B56
:102B000003F58A739D42D6D0AB689B680BB128460B
:102B100098472D68F3E790F82830072BCBD19DF824
:102B2000102005A9FFF70AFC054608B98248D1E73D
:102B30008268AB6A92F902609178002E039819DAE4
:102B400092889A420ED81346E06B2A6AFFF778F80B
:102B5000AA68AB6A91885B1AAB6292882B6A1344AD
:102B60002B62A8E7B3B12A6AE06BFFF769F800238C
:102B7000AB62A0E7002B9ED018B92A6AE06BFFF782
:102B8000E1F8A96A2A6A2B7F091A0244012BA9627B
:102B90002A6204D10146AB6B059898478BE711B9BF
:102BA000AB6B696AF8E7A86883888B4228BF0B463D
:102BB0008178E06BFFF71CF87DE79DF80C3003F09F
:102BC0006002202A00F0BE81402A00F0E081002A45
:102BD00040F0448203F01F06C56BADF80220032EBF
:102BE00000F2AE81DFE816F0040015015601AA01DB
:102BF0009DF80D10092900F20A81DFE811F060014B
:102C00000A0008011200080119003E00C900B200C4
:102C1000C400BDF81020BDF80E10FFF755FE284681
:102C2000CCE0BDF81020BDF80E10FFF709FE42E71A
:102C30009DF80E602DB940F2451240494048FCF71E
:102C400043FF2B6D2BB94FF4A3723C493D48FCF771
:102C50003BFF2B6D1B682BB940F2471237493A48AE
:102C6000FCF732FF2B6D30461B689847E06BFFF78F
:102C7000A5F8062384F828301DE7802B6FD1BDF816
:102C80000E301A0A013A062A67D8DFE802F004611A
:102C90000F6666496100BDF8122004F10801122A8E
:102CA00028BF12222046FFF76FFE04E70322DBB2A3
:102CB000EE2B8DF8152014D0062B03D92348FCF7F2
:102CC0003BFE65E073B9042240F209438DF81420FD
:102CD000ADF81630BDF812309A4228BF1A4605A941
:102CE000E0E70B46626A9D0052F82300FCF7C3FA46
:102CF00000210E46421C5200D2B28DF81420CBB2F5
:102D0000984201F10101E5D9676A0DF1580C7F592C
:102D1000FF5C0CEB430303F8427C03F8416CEEE7E5
:102D200095F89C30002B33D0E16989B30A22B9E7CA
:102D30008CF3002040A0031054A00310EA0C0410F0
:102D40003D9F0310C09C031066A0031087A00310D2
:102D5000204603A9FFF758FEADE6A048AFE7A0481C
:102D6000ADE7436B2BB94FF4A2729E499E48FCF726
:102D7000ABFE94F82830072B04BF636B5E7B8DF8A5
:102D800014600122ABE7BDF80E10437E8B4203D2E4
:102D90002046FFF7AFFD8EE6002936D04FF0010B3D
:102DA000C9B2FFF76BFC676BD7F8145107F58A7748
:102DB000BD4206D10723E06B84F82830FEF7FEFF02
:102DC00079E6A94659F81C8FC8450BD1AB681B683A
:102DD00033B1AA6922B92846984708B9C5F818B08E
:102DE0002D68E5E7D8F80CA05AF8146F564502D1C3
:102DF000D8F80080E8E73146E06BFFF707F8314686
:102E0000E06BFFF72DF83668F0E70623D3E7774845
:102E100055E79DF80D300A2B10D00B2B1DD09DF8D7
:102E2000101005AAFFF72AFA30B1836903A90598A3
:102E3000984700283FF43FAE6D4840E790F82830AF
:102E4000072BA5D100229DF81010FFF717FAC368D1
:102E50009B68DB788DF8143093E790F82830072BC7
:102E600096D100229DF81010FFF708FA05469DF84C
:102E70000E10FFF7EDFBEE6856F8145FB542E06BFD
:102E80009CD02946FEF7C2FF2946E06BFEF7E8FF1B
:102E90002D68F3E79DF80D1003293CD004D839B113
:102EA000012910D053480AE70C293FF404AEF9E792
:102EB0009DF81020FFF742FA036BADF802300222B2
:102EC0000DEB0201EEE600219DF81020FFF736FA27
:102ED000BDF80E700646002F7FF4EDAD036B012B9D
:102EE0007FF4E9AD3946BDF810202046FFF7ECFC31
:102EF0002846FEF763FF3763374657F80C5FBD423D
:102F000002D1C6E90355D6E52A4631462046FFF7E9
:102F1000FBFB2D68F3E7BDF80E1000297FF4CBAD65
:102F20009DF81020FFF70AFA0123BDF81020036373
:102F3000BDF80E102046FFF783FC70E62E48BEE673
:102F40002E48BCE6A12BBDF8101009D1B1F5807F49
:102F500006D905AA090AFFF791F9836903A91BE6B7
:102F6000626B127B8A42FFF413AF03F01F03012B45
:102F700004D0022B3FF49FAD2148A0E6204605AACD
:102F8000C9B2FFF77BF90028E7D11E4897E69DF804
:102F90000D30412B7FF48FADBDF81030042B0AD0DB
:102FA000052B7FF488AD9DF80E1005AAFFF766F992
:102FB0000028D2D17FE5036A002010331A46126838
:102FC000934209D100283FF4E3AE0F4E3368EBB1D2
:102FD000BDF81220316865E60130F0E79DA00310CE
:102FE000BDA00310C70C0410D6A00310F2A003105C
:102FF0000AA1031025A103103FA103105BA1031038
:103000008CA1031071A1031004EA00201823584377
:10301000334D10302860FCF76FFE306028B940F265
:10302000C22230493048FCF74FFD2A68236A3568D0
:103030001A6028461022216AFCF788F8236A1035A6
:103040001F69236A10339F42C2D0284607F1080146
:103050001822FCF77BF818353F68F2E723482EE684
:10306000C36B2BB940F26A3221492248FCF72CFD90
:10307000E56BEB6F002B3FF41EAD039939B9284681
:103080006A6FFEF75FFE014600283FF414ADEA6F59
:10309000686F521A0844D5F89030EA67686722B919
:1030A000002B3FF408AD204677E501462046FFF7A8
:1030B000C5FC00E590F82830063B012B01D8FEF74F
:1030C00065FE0023D6E50123D4E5002380F82830EF
:1030D000FEF75CFEEFE40848FCF72EFCEBE400BFD3
:1030E00000EA0020860C0410ABA10310C7A1031056
:1030F000760C0410359F0310E3A1031010B50446AD
:1031000028B940F6A70205490548FCF7DDFC214631
:10311000BDE8104010220348FBF780BCFA0C0410F5
:10312000F8A103108CF3002030B50C46054685B09D
:1031300028B94FF4F06211491148FCF7C5FC6CB98D
:103140002146284602AAFEF7FDFD08280CD00D48AE
:10315000FCF7F2FB4FF0FF3005B030BD08222146EE
:103160000DEB0200FBF7F2FF002468468DF80040EB
:103170000195FFF7C3FF2046EEE700BFE30D041003
:103180003D9F031007A2031030B50D46044685B0DD
:1031900028B940F2C57207490748FCF795FC02239D
:1031A0006846CDE901458DF80030FFF7A7FF002004
:1031B00005B030BDA80D04103D9F03107FB50E462D
:1031C0001546044628B940F2D37208490848FCF76E
:1031D0007BFC012368468DF8003001948DF80C606B
:1031E0000295FFF78BFF002004B070BD920D041014
:1031F0003D9F03107FB50E461546044628B940F2A0
:10320000E27208490848FCF75FFC012368468DF824
:10321000003001948DF80C600295FFF76FFF0020DD
:1032200004B070BD7B0D04103D9F03101FB5044614
:1032300028B940F2F17207490748FCF745FC05231D
:1032400068468DF800300194FFF758FF002004B065
:1032500010BD00BF650D04103D9F03101FB504464F
:1032600028B940F2FE7207490748FCF72DFC0623F7
:1032700068468DF800300194FFF740FF002004B04D
:1032800010BD00BF4D0D04103D9F03101FB5044637
:1032900028B940F60B0207490748FCF715FC07233D
:1032A00068468DF800300194FFF728FF002004B035
:1032B00010BD00BF320D04103D9F03101FB5114B10
:1032C0000024C3E900334FF410630F4ACDE9003402
:1032D0000E4920230E48FBF7CBFA08231422CDE930
:1032E00002324FF4805301930A4B0B4A0093074973
:1032F00023460A48FDF7F6FC084804B0BDE8104034
:10330000FDF7F4BBC0F3002008EA0020346A031084
:103310008CF30020509C0020B12A021008F30020FA
:10332000024B0020C3E90033704700BFC8F3002000
:10333000044B5A6810605A6842605860036000206D
:10334000704700BFC8F300202DE9F0412A4F3B68C9
:10335000BB4205D12948FCF7EFFA0120BDE8F08116
:10336000FFF7ACFFFEF7A6FD04462548FAF758FC28
:10337000054630B923482249FCF7DEFA4FF0FF300A
:10338000ECE701462046FEF707FEFEF73FFE1E492A
:1033900006462046FEF7C8FD1C491B48FFF734F9D6
:1033A000D7F80080B8451CD119492046FEF70EFE1B
:1033B00020461849FEF79EFDE36B93F89C301BB145
:1033C00020461549FEF7CEFD31462046FEF7ECFFBC
:1033D0002846FAF775FC01212046FFF74FF9002037
:1033E000BCE7D8F808302046984701463046FFF73A
:1033F00085F8D8F80080D5E7C8F3002020A2031094
:10340000346A03104AA203109CB600207CB6002048
:10341000BEB60020D0B60020B4B6002010B50446D9
:1034200028B94FF4D47209490948FCF74DFBE36809
:103430002BB940F2A91205490648FCF745FB606923
:10344000036A0BB100219847002010BDEC11041055
:10345000839F0310C1A2031070B50C46054692B0BD
:1034600028B940F2931218491848FCF72DFBEB6875
:103470002BB94FF4CA7214491548FCF725FB6E6945
:1034800074B1B36D2246D96A01A8FBF75FFE013C17
:10349000412201A906F1A4008DF84440FBF7BEFAD1
:1034A000B36DDA6A1A62B36D9A6892885A62012221
:1034B000B36D1A77B16DE86801F11402FFF724F9D2
:1034C000002012B070BD00BFDC110410839F0310F8
:1034D000C1A2031070B5044628B940F21122134965
:1034E0001348FCF7F1FAE3682BB940F212220F49B6
:1034F0001048FCF7E9FA6569AE6DF36A1BB9402024
:10350000FCF7FAFBF062AB6DDA6A1A62AB6D9A688F
:1035100092885A620122AB6D1A77A96DE06801F1B9
:103520001402FFF7F1F8002070BD00BF92110410E3
:10353000839F0310C1A2031010B5044628B940F2BE
:1035400031220B490B48FCF7BFFAE3682BB940F274
:10355000322207490848FCF7B7FA6469A36DD86AB4
:1035600020B1FCF7D3FC0022A36DDA62002010BD6D
:10357000A3110410839F0310C1A203102DE9FF4182
:10358000054628B94FF42E723C493D48FCF79CFA99
:1035900028463C49FEF7AEFC3B4A3C492846FEF72C
:1035A000D1FD0446D820FCF7A7FB0646D82200210F
:1035B00025F06EFE364928466661FEF747FD074650
:1035C0002820FEF76BFD054608223249FEF796FDDE
:1035D000EB683A7A30499A70D5F80C8008F12100EE
:1035E000FEF7DEFD2D49B06508F11A00FEF7D8FDA3
:1035F000B16D70652846FEF7E7FF716D2846FEF74E
:10360000E3FF29463846FEF7BBFF00213846FFF7A7
:103610001FF839462046FEF793FF656950220021C6
:10362000284625F035FE1E4B03226B6328461D49B4
:103630002C65FAF727FB4FF40A7300221A49CDE9EB
:10364000003205F1A4004123184AFBF711F90823C1
:103650001421CDE902314FF400730193144B154A44
:103660001049009314482B46FDF73CFB1248FDF728
:103670003DFA204604B0BDE8F08100BFFB11041004
:10368000C7A2031004B70020F8B600201CB7002022
:103690007937021018120410593402101D34021028
:1036A000CD360210D9A20310DEA20310D0F3002001
:1036B00050AC0020C9380210F8F5002008B50248C7
:1036C000FFF736FE002008BDECB6002030B50446FA
:1036D0001D46236D0846DB68114693F8283093B0E9
:1036E000072B1ED12A468DF804000DF10500FBF7CB
:1036F0002DFD636D01AA8DF844501A626B1C402B9E
:1037000028BF4023626D53620222636D1A77D4E9A9
:103710001431D86801F11402FEF7F6FF284613B001
:1037200030BD0025FAE7000010B5044628B94FF473
:10373000C9720D490D48FCF7C7F9236D2BB940F24A
:10374000931209490A48FCF7BFF9236D5B6A2BB94C
:103750004FF4CA7204490748FCF7B6F9236DBDE877
:1037600010405B6A184700BFB51104103D9F03105D
:10377000C09C0310389D031070B50D46044628B94F
:103780004FF4E57230493148FCF79EF9E3682BB9F4
:1037900040F2CB122C492E48FCF796F92DB94FF484
:1037A000E67229492B48FCF78FF9AB886669002B34
:1037B00046D16B78013B0A2B1BD8DFE803F0153CA0
:1037C000261A1A061A1A2A3C39006B881B0A222B61
:1037D00005D189222049E068FFF7D6F809E0212BBE
:1037E00007D109221D49F6E7EA8822B9E068FFF708
:1037F00081F8002070BD531E3F2B81BF4022002363
:10380000AA71EB7106F16201E5E7022206F160019F
:10381000E1E7EB88013B3F2B02D9E068FFF76AF84C
:103820000F4BEA88E06806F16201FFF707F9E0E76D
:103830006B88A6F86030E368D86BFFF775FFD8E7B0
:103840006FF00700D6E700BFC9110410839F031073
:10385000C1A203102FA0031040120410291204105B
:103860006538021008B5C06BFFF75EFF002008BD89
:1038700070B5044625460F48FCF75EF815F8011BA5
:103880000D48FCF759F894F840600024A64200D88F
:1038900070BD15F8011B09480134FCF74DF86207AB
:1038A00003D10748FCF748F8F0E7A307EED1054835
:1038B000F8E700BFE5A20310F3A2031005A303106D
:1038C000628303102B65031010B500F1A40492B0BD
:1038D0004FF0FF334122204601A9FBF70DF90028E4
:1038E000F6D101A8FFF7C4FFF2E7000038B5054C98
:1038F000054DAC4201D3002038BD54F8043B984735
:10390000F7E700BF54BB002058BB002070B5FCF7A0
:10391000A7FE2048FCF710F81F48FCF70DF800251B
:103920001E4E3368AB4203DCFCF7A8FE002070BDDE
:10393000736853F82540ECB12369DBB12946184878
:10394000FBF7FAFF6388032B1CD8DFE803F0151799
:10395000021914491448FBF7EFFFA1681348FBF75D
:10396000EBFF21881248FBF7E7FF616869B1114856
:10397000FBF7E2FF0135D4E70F49EBE70F49E9E731
:103980000F49E7E70F491048E5E71048FBF7D4FF78
:10399000F0E700BF29A3031045A3031080F6002021
:1039A00062A3031067A303106BA30310BDAB031046
:1039B00094A303104AAD031073A3031078A303105C
:1039C0007FA3031084A303108CA30310628303104E
:1039D00037B51A4D2C682CB11948FBF7ADFF002004
:1039E00003B030BD174B202221461748C3E90044DD
:1039F00025F00AFD154B224615491648C3E9004437
:103A0000FAF76CFD2146FF22134825F0FDFC2F2319
:103A1000114A02F8013C01F0DDFA234620460F4A24
:103A20000F49009400F0EAFD28B90E48FBF784FF27
:103A300001232B60D3E70C48F8E700BF7CF6002099
:103A40009BA30310CCF60020ACF6002080F60020EB
:103A5000AEA3031088F600202FB70020B5A30310F3
:103A6000BBA30310C0A30310D3A3031008B54FF0EA
:103A7000FF310748FAF780FDC31DF8D030B1BDE82B
:103A800008406E2203490448FCF71EB808BD00BF79
:103A900088F60020E3120410D39203100148FAF7CD
:103AA00041BE00BF88F60020F8B52B4DFFF7DEFFC2
:103AB0002B6800241E4668689C42274602DBA3420E
:103AC0002BD108E050F824201AB192680AB10134D1
:103AD000F2E7A3420FD10F2C0DD8261D102EA8BF40
:103AE0001026B100FCF7E0FAB8B100222B689E4224
:103AF00025DCC5E90060A6420FDD6E6856F824306B
:103B00005BB924210120FCF7F3F946F824006B6827
:103B100053F824300BB92F683C462B68BB4212D1B6
:103B20000E48FBF709FF0E48FBF706FF0D48FBF7B1
:103B300003FF6FF00304FFF7B1FFE01CF8BD40F88E
:103B400023200133D3E701226B6853F827309A60B2
:103B50004FF6FD521A80EEE780F60020E3A3031033
:103B6000ECA3031062830310022838B501D8FDF7D7
:103B7000F1FEC41E10D40D4D2B68A3420CDDFFF7DF
:103B800075FF6B6853F8244024B14FF6FD5322882B
:103B90009A4204D0FFF782FF0024204638BDA36874
:103BA0000133A360FFF77AFFF7E700BF80F600203C
:103BB00070B5054628B94FF4807210491048FBF7DC
:103BC00083FFFFF753FFAC68013CAC607CB90D4E3E
:103BD000D6E90032A3420ADD52F82410A9420AD1E4
:103BE0002846FCF793F90022736843F82420BDE8C7
:103BF0007040FFF753BF0134ECE700BFDC12041044
:103C000025A4031080F6002038B50C4607F0F2FB1F
:103C10000546204607F0EEFB854207D0635D60193C
:103C20002F2B02D0844200D0013838BD0020FCE7A1
:103C3000F7B506460D4629B940F27F12424943487E
:103C4000FBF742FF424B002E08BF1E462B782F2B5E
:103C500033D0304607F0CEFB0446284607F0CAFBB7
:103C600020440230FCF748F8044660B3304607F0C1
:103C7000C1FB0746284607F0BDFB391833462046EE
:103C8000344A00950231FBF725FE23462246197877
:103C90002E2902D15978D1B9013313F8011B1046EE
:103CA00000293ED02F2902F101022FD101701946BF
:103CB00013F8010B2F28FAD011E02846FBF703FB7D
:103CC00004460028E1D10024204603B0F0BD2F298E
:103CD00007D102331946087801332F28FAD00B4652
:103CE000D5E72E29D9D1997839B9991C531E9C4210
:103CF0000FD92046FCF70AF9E5E72F29CDD1033388
:103D00001946087801332F28FAD0EFE702F8011C92
:103D1000C3E7A3421A46E2D013F8010D2F28F8D1C9
:103D2000DDE7134603F801199C4205D012F8013C67
:103D30002F2B08BF02F8011C2378002BC4D12F229F
:103D400063702270C0E700BFC912041030A40310D2
:103D50002EB7002041A4031001462DE9F0470020B2
:103D6000FFF766FF044630B100F008FC064628B9AC
:103D70002046FCF7CBF84FF0FF352AE04068037887
:103D80002F2B01D1437873B107F034FB04EB00080B
:103D90000027FFF76BFE114BD3E9009AB94504D118
:103DA000FFF77CFEE4E7A046F2E75AF827309BB124
:103DB0001A698AB1586878B1DB68B3420CD14146C0
:103DC00007F05AF9054638B92046FCF79FF8FFF787
:103DD00065FE2846BDE8F0870137DFE780F6002062
:103DE000F8B517460446002853D00020FFF720FFFF
:103DF0000646002850D000F0C1FB054630B93046D9
:103E0000FCF784F86FF001052846F8BDE060836890
:103E10009B6823610023C4E90573C4E9073063800C
:103E200083685B68D9071AD431464068FFF7ECFE17
:103E300080B91B48FBF747FA60603046FCF766F82C
:103E400023691D686DB96068FCF760F865606FF004
:103E50005705D9E731466868FFF7D6FEEAE766609E
:103E6000EEE72046A847051E05DA6068FCF74EF825
:103E700000236360C8E7636943F080726261BA023D
:103E800001D40025C0E7022243F0407362806361E1
:103E9000F7E76FF01505B7E76FF00B05B4E700BF64
:103EA000C664031038B5054660B103695C6814B197
:103EB000A047041E04DB6868FCF728F800236B6049
:103EC000204638BD6FF00504FAE710B5044650B13E
:103ED0000369DB6853B19847002803DA636943F04C
:103EE0008063636110BD6FF01500FBE76FF0570052
:103EF000F8E7000010B50146044696B000221048CD
:103F0000FFF76EFF50B121460E4816B0BDE81040D5
:103F1000FBF712BD0C4801A9FBF70EFD5122002151
:103F200001A825F071FA5022054801A9FFF7CDFF3D
:103F30000028EFD10248FFF7B5FF16B010BD00BF53
:103F4000D8F7002047A40310B385031010B440B184
:103F50004488022C05D10369DB693BB15DF8044B51
:103F600018476FF015005DF8044B70476FF057006D
:103F7000F9E70000014670B50020FFF759FE05463D
:103F800078B300F0FBFA044610B32846FFF7E4FECE
:103F900008B3A268D3690BB352682946D20714D478
:103FA0006068FFF731FEA368DE6940B90E4920461C
:103FB000B04704462846FBF7A9FF204670BD2946B6
:103FC0006068FFF721FE0146F1E720469847F0E7D9
:103FD0006FF00104EEE76FF00F04EBE76FF05704AA
:103FE000E8E76FF01504E8E7C664031010B504466F
:103FF000FFF7C0FF002805DA2146BDE8104002485F
:10400000FBF79ABC10BD00BF57A4031018B1036999
:104010001B691BB118476FF0150070476FF0570010
:104020007047000070B506468AB04FF480500D46C8
:10403000FBF762FE044628B920480AB0BDE870408C
:10404000FBF77ABC0022314601A8FFF7C9FE40B158
:104050002046FBF75BFF31461948FBF76DFC0AB0C1
:1040600070BD40F2012229461648FFF7B9FE40B163
:104070002046FBF74BFF01A8FFF714FF2946124823
:10408000EBE74FF48052214601A8FFF71EFF051E03
:104090000ADD21462A460B48FFF7B8FF8542014654
:1040A000EFD00A48FBF748FC01A8FFF7FBFE0548E4
:1040B000FFF7F8FE2046FBF729FFD0E769A40310BD
:1040C00078A40310D8F7002088A4031099A4031043
:1040D00010B5044638B103699B693BB19847002885
:1040E00000DBE06110BD6FF01500FBE76FF05700DB
:1040F000F8E70000F8B50E4601460020FFF798FDEE
:10410000054600284FD000F039FA044680B9274808
:10411000FBF712FC29462648FBF70EFC2548FBF767
:104120000BFC2846FBF7F2FE6FF001042046F8BDB9
:104130002B782F2B0FD16B786BB944F2FF13002231
:10414000736000230024C6E90A23348034612846C2
:10415000FBF7DCFEEAE729466068FFF755FD00281B
:10416000EBD0A3681F6A77B92846FBF7CFFE0F484C
:10417000FBF7E2FB1048FBF7DFFB0E48FBF7DCFB2D
:104180006FF05704D2E75B68DB0705D53246294656
:104190002046B8470446DAE729466068FFF734FD51
:1041A00032460146F4E74FF0FF34BFE7E3A30310C4
:1041B000BBA4031062830310E9A4031070B5054685
:1041C00096B030B92948FBF77EF8044610B916B00E
:1041D00070BD04464FF4001221462548FFF700FE4B
:1041E00000283FD121462348FBF7A6FB4FF48272FB
:1041F0000021214825F008F94FF482721E491C481D
:10420000FFF7A4FE002824DD58220021684625F08F
:10421000FBF820461949FFF70BFD0646C8B1694671
:10422000FFF768FF154990B91548FBF785FB019B1F
:1042300003F47043B3F5804F07BF12491248049945
:104240001248FBF779FB3046FBF760FECEE71048DB
:10425000F7E70748FFF726FE002DB8D12046FBF709
:1042600055FEB4E70B48FBF767FBF5E72EB70020D8
:10427000D8F7002017A50310D4F60020D8F60020A8
:1042800026A503102CA5031032A5031039A5031091
:1042900041A503104FA503102DE9F041E2B00646F9
:1042A0000F464FF40012014601A8FFF799FD20B315
:1042B00031463348FBF740FB62B0BDE8F081384639
:1042C00022A9FFF7B5FC054630B92E48FBF734FBB1
:1042D0002046FBF71BFE34E00DF128085822002190
:1042E000404625F091F841462046FFF703FF01467E
:1042F00058B3254822A9FBF71FFB4FF48272002117
:1043000021A825F081F84FF4827221A901A8FFF7B6
:104310001DFE002815DD1D4922A806F0ADFE00286F
:10432000EBD01B4922A806F0A7FE0028E5D03046B6
:1043300022A9FFF77DFC04460028C0D11148FBF7F5
:10434000FBFA01A8FFF7AEFDB6E7D8F8043003F496
:104350007043B3F5804F0DD1284600F0E3FA2946AB
:104360002046FFF799FF2046FBF7D0FD2846FBF7D4
:10437000CDFDC2E729462046FFF754FEF3E700BF14
:1043800062A5031072A5031082A503106E7B0310B3
:10439000BF81031070B596B00D4669460446FFF71D
:1043A000A9FE002805DA21463148FBF7C5FA16B008
:1043B00070BD019B694603F47043B3F5804F2846F6
:1043C00014BF02260126FFF795FE002807DB019B9C
:1043D00003F47043B3F5804F13D146F00406B307DE
:1043E00006F0040124D5F1B12F21204605F000FE8E
:1043F00078B1411C2846FFF71BFC054658B91D48FB
:1044000004E046F00806092E0DD11B48FBF794FA8C
:10441000CDE72146EEE701462046FFF703FE28469A
:10442000FBF774FDC3E729462046FFF7FBFDBEE717
:10443000A9B12F21204605F0DBFD70B1411C2846B3
:10444000FFF7F6FB05460028D9D0002100F06AFAF4
:1044500029462046FFF720FFE1E72146EFE72846FF
:1044600000F060FA29462046FFF716FF9FE700BFDD
:1044700098A5031069A40310ADA503102DE9F04120
:104480000C4601460020FFF7D3FB064658B900252D
:104490006FF001043046FBF739FD2846FBF736FD87
:1044A0002046BDE8F08121460020FFF7C1FB05460C
:1044B0000028ECD0304600F061F80446284600F0B1
:1044C0005DF8844217D1A3685F6ABFB15B68DB0700
:1044D00004D52A463146B8470446DBE731466068D2
:1044E000FFF792FB294680466068FFF78DFB414647
:1044F00002462046EFE76FF01104CBE76FF0570458
:10450000C8E70000F8B506460324FFF7AFFA002518
:10451000164F013C02D1D5B12E6014E03A4657F84F
:10452000043B1BB9002D08BF1546F2E73168186837
:1045300006F0A2FD0028ECD16FF01000FAF7E8FDBC
:104540002DB14FF0FF34FFF7A9FA2046F8BD6FF008
:104550001B00FAF7DDFD0648FBF7EEF93168054868
:10456000FBF7EAF90448FBF7E7F9EAE7CCF60020A5
:10457000E3A30310D9A50310628303102DE9F047CC
:10458000074620B956221A491A48FBF79DFA002619
:10459000FFF76CFAB046184D05F1200AD5F80490E3
:1045A000B9F1000F19D0AB68BBB1484606F022FF45
:1045B000B042044611D302463946484605F0ACFCE9
:1045C00058B9012C11D9384606F014FFA0420CD975
:1045D0003B5D2F2B04BF2646A84610355545DDD13F
:1045E000FFF75CFA4046BDE8F0872646A846F4E7A8
:1045F0006E1304100EA60310ACF600202DE9F04F48
:104600008DB08A4691460646019360B1F9F708FBE2
:10461000064640B96FF01200FAF77AFD4FF0FF300E
:104620000DB0BDE8F08F504DFFF720FA2C4654F83E
:10463000083B23B14946186806F01EFD50B16B686F
:104640009BB11868494606F017FD484B1D1D002810
:1046500008BF1D46FFF722FAA542DBD02B680BB13D
:10466000DB6823B96FF05700D6E7414DF2E75146BA
:104670000020FFF7DDFA074610B96FF01300CBE713
:104680003C4906F0F9FC98B138463B4906F0F4FC89
:1046900070B14FF40012394603A8FFF7A1FB0028C0
:1046A00003DA3846FBF732FCE7E703A8FFF7FAFB2B
:1046B000FFF7DCF94FF0030B0024DFF8D080BBF1EB
:1046C000010B12D15CBB2D4B984528D16FF01B001C
:1046D000FAF71EFD2A48FBF72FF949462948FBF750
:1046E0002BF92948FBF728F913E0D8F808202AB954
:1046F000002C08BF444608F11008E0E75146D8F8FE
:10470000040006F0B9FC0028F5D16FF01500FAF7A7
:10471000FFFCFFF7C3F93846FBF7F8FB7EE72B6891
:104720006760A3602660FFF7B9F966B103212068CE
:10473000F9F7EAFA38B1FFF799F91022002120467B
:1047400024F062FEE5E72B682046DB68169A0199A3
:104750009847002805DA002EEDD02068F9F730FBE5
:10476000E9E700205CE700BFCCF60020D0F600208F
:10477000D4F60020C6640310BBA30310CCF60020BF
:10478000E3A3031013A6031062830310ACF600200A
:104790002DE9F04104460D4689B96FF01200FAF791
:1047A000B7FC2548FBF7C8F829462448FBF7C4F8AE
:1047B0002348FBF7C1F84FF0FF30BDE8F081084611
:1047C000F9F72EFA06460028E7D01E4FFFF74EF9FC
:1047D0003B68D3B12146186806F04EFC0546A0B9E7
:1047E000FFF75CF957F825305B690BBB1248FBF704
:1047F000A3F821461448FBF79FF81148FBF79CF8F3
:104800006FF05700FAF784FCD5E77B6843B1214687
:10481000186806F031FC18B9FFF740F90125E1E707
:10482000FFF73CF90448FBF787F821460748BDE746
:104830003046BDE8F0411847E3A3031045A6031036
:1048400062830310CCF600207FA603105FA603103E
:10485000FFF79EBF10B50C46FFF790FE30B183689E
:104860009B691BB12146BDE8104018474FF0FF304F
:1048700010BD0000F0B50446274B89B093E807004F
:1048800008AB03E90700204602A9FFF7E3FF04464F
:1048900038B12248FBF750F84FF0FF34204609B0FA
:1048A000F0BD029E049DA6FB05C74FEA9C2141EA8C
:1048B0008751BB12B1F5806F73F1000328DB4FEA1B
:1048C0001C5343EA07333A15B3F5806F72F10002C7
:1048D0004FF00A0011DAC1F309021946012382FBE5
:1048E0000020920ACDE9005608A800EB830353F894
:1048F0000C3C0B48FBF720F8D0E7C3F3090383FB1C
:1049000000304FEA9C719A0A41EA87010223E9E7E5
:1049100002460346E6E700BFB0130410B4A6031036
:10492000C8A6031038B50546FFF7BEF8431C06D1EC
:104930006FF00B00FAF7ECFB4FF0FF3038BDFFF7DC
:1049400013F929460B4A0446FFF74AFA051E20468A
:1049500006DAFFF72DF92046FFF72AF92846E9E79E
:10496000FFF7A0FA2046FFF723F92046FFF720F9CA
:104970000020E3E7000220000EB478B50646FFF7FA
:1049800093F8051E0ADA6FF00B00FAF7C1FB4FF03F
:10499000FF352846BDE8784003B07047FFF7E4F8DC
:1049A000044620B938220B490B48FBF78DF83146F5
:1049B0002046059AFFF714FA061E204606DAFFF78E
:1049C000F7F82046FFF7F4F83046DEE7FFF7F0F897
:1049D000DFE700BFBC1304105D7E031038B5FFF79E
:1049E000C3F8044630B96FF00800FAF791FB4FF0B6
:1049F000FF3038BDFFF756FA05462046FFF7D8F8D6
:104A0000002D01DA2846F0E72046FFF7D1F8002014
:104A1000EFE770B50C461646FFF7A6F8054638B91D
:104A20006FF00800FAF774FB4FF0FF34204670BDBA
:104A300021463246FFF749FA041E284603DAFFF7FB
:104A4000B7F82046EEE7FFF7B3F8EFE770B50C468E
:104A50001646FFF789F8054638B96FF00800FAF7EF
:104A600057FB4FF0FF34204670BD21463246FFF71A
:104A7000CDFA041E284603DAFFF79AF82046EEE73F
:104A8000FFF796F8EFE770B50C461646FFF76CF89F
:104A9000054638B96FF00800FAF73AFB4FF0FF34DB
:104AA000204670BD012E07D0022E0BD036B1FFF785
:104AB0007FF86FF01500EFE7C3691C44002C03DAA0
:104AC0002846F4E78369F8E721462846FFF700FB0C
:104AD000061E284603DAFFF76BF83046DCE7FFF7DF
:104AE00067F8DDE708B5FFF7C9FC002804DAFAF734
:104AF0000FFB4FF0FF3008BD0020FCE708B5FFF7C3
:104B000039FA002804DAFAF703FB4FF0FF3008BD4A
:104B10000020FCE770B50546FEF7C6FF431C0646BD
:104B200005D16FF00B00FAF7F3FA002518E0FFF754
:104B30001BF829464FF400120446FFF751F9051EF1
:104B400017DB4FF40370FBF7D7F8054650B9204642
:104B5000FFF7A8F92046FFF72BF82046FFF728F8C3
:104B6000284670BD4FF40372002124F04DFC2E60E6
:104B7000F3E72046FFF71CF82046FFF719F8284610
:104B8000D1E7F8B504460068FEF7EEFF054628B900
:104B90006FF00800FAF7BCFA0020F8BDD4F8042240
:104BA000261D62B940F2FF1231462846FFF7CEF9C2
:104BB000071E14DC2846FEF7FBFF3846EAE7D4F868
:104BC00008126318DB880B449A42C4F80832E9DD06
:104BD0002846FEF7EDFFD4F808023044DDE7002355
:104BE000C4F80472C4F80832F2E738B50446006825
:104BF000FEF7BAFF054628B9BDE838406FF0080057
:104C0000FAF786BA0021FFF763FA0028A4BF002351
:104C1000C4E981332846BDE83840FEF7C9BF70B506
:104C200006460068FEF7A0FF044630B96FF00800A2
:104C3000FAF76EFA4FF0FF3070BDFFF733F9054613
:104C40002046FEF7B5FF2046FEF7B2FF3046FBF7E1
:104C50005DF9002D01DA2846EAE70020ECE70000C4
:104C600010B5044648B9FEF701FF19491948FAF78B
:104C700063FEFEF713FF00200AE006F0BBFBB0F571
:104C8000807F06D96FF01300FAF742FA4FF0FF3039
:104C900010BD21460020FEF7CBFF04460028F1D0CE
:104CA000FEF7E4FE2046FFF735FF28B92046FBF764
:104CB0002DF9FEF7F3FEE9E7FFF7B1FF4FF480723D
:104CC0002146034805F062F92046FBF71FF9D0E7BB
:104CD0002EB700204AAD031038B504460D46FEF746
:104CE000C5FE2A460349204605F050F9FEF7D6FED8
:104CF000204638BD2EB700200020704700207047A6
:104D000070B50D461646044620B9252208490948C3
:104D1000FAF7DAFE246A24B9292205490648FAF787
:104D2000D3FE324629462046BDE87040F9F7EAB87E
:104D30006314041007A7031017A70310F8B50D4656
:104D40001646044620B938220A490B48FAF7BCFE39
:104D5000276A27B93C2207490848FAF7B5FE3346C7
:104D60002A463846E169F9F75DF8E3690344E361EF
:104D7000F8BD00BF5014041007A7031017A70310B5
:104D8000F8B50D461646044620B94A220A490B4892
:104D9000FAF79AFE276A27B94E2207490848FAF718
:104DA00093FE33462A463846E169F9F773F8E3691A
:104DB0000344E361F8BD00BF3C14041007A70310CF
:104DC00017A7031038B5044620B95C2210491148D2
:104DD000FAF77AFE6388256A022B0AD125B9632285
:104DE0000B490D48FAF770FE2846FBF78FF80020B4
:104DF00038BD25B96C2206490848FAF765FE2846F1
:104E0000F8F7DEFF08B92062F1E76FF00400EFE782
:104E10002814041007A7031029A7031017A70310CD
:104E200010B50B7814462F2B0CD14B7853B9138047
:104E300044F2FF1262600022236100230020C4E9D3
:104E40000A2310BD481CF8F7EBFEC0B100232380F5
:104E50004FF4DB736360027D5AB1012A0CD041F23A
:104E6000B61348F2B6110F2A18BF0B466360002331
:104E7000E1E742F2B613F9E746F2B613F6E76FF050
:104E80000100DEE72DE9F0410446406803782F2B4E
:104E90003AD14378002B37D163699B0234D5FBF7B5
:104EA000DFFB0920FBF7A0F9064620B98E2227492F
:104EB0002748FAF709FE37464FF0000857F8043F35
:104EC0009F420CD108F102008000FAF715FF054659
:104ED00048B9FBF7D3FB25620020BDE8F0811B68D1
:104EE00008F10108ECE700F1080303600023A0F8D3
:104EF0000680838072689742EBD02968A2F10C008B
:104F0000C85012680433F6E70130F8F789FE054609
:104F1000C0B1C36B73B1236120621B682BB1204603
:104F200098470028D8D00630D6D000236FF0040070
:104F30002362D2E70321F8F7E7FE0028CBD0063042
:104F4000C9D0F2E76FF01200C7E700BF15140410D4
:104F50008D8F03102DE9F047066A0C4615462EB9D1
:104F600040F2091219491A48FAF7AEFD4FF4827758
:104F7000BD42B5FBF7F825D300254FF001094FF0EE
:104F8000080A0434B388F2882B44934211D2326861
:104F9000204652F82310013504F8049C04F803ACB1
:104FA00024F8027C0822FAF743F9A84504F5827434
:104FB000E8D8B3882B44B3804FF4827303FB05F029
:104FC000BDE8F0876FF01500FAE700BFFE1304108C
:104FD00029A7031008B50248FFF794FA002008BD7E
:104FE0007814041038B5174B1B6893F8213013F070
:104FF000020303D1144A1370134838BD134B1968C8
:1050000021B18022104804F0C1FFF5E700F0EAFD6D
:10501000A8B10F490C4C0C4806F00CF92046FAF7E1
:105020002AF905462046FAF726F9C0F180016019F1
:10503000FFF752FE2046074904F04EFFDCE7064921
:10504000E8E700BF84F80020FCF7002080F800208B
:1050500040A703101285031045A7031010B504469E
:105060000648FAF769FCFFF7BDFF04F5DB7201465D
:10507000BDE810400248FAF75FBC00BF4CA7031020
:1050800052A703102DE9F041B44D2A6892F821305F
:1050900023F0010382F82130FFF7A4FFFAF74CFC5C
:1050A00004F002F9011EFBDB1B292C6803D101234C
:1050B00084F82030F4E794F82030012B2AD15B29C2
:1050C00001D10223F4E7002384F820300D2973DC9A
:1050D0000D2976D801A353F821F000BFA15002108A
:1050E000C3510210C3510210C3510210C351021028
:1050F000C3510210C3510210C35102103F5202109B
:105100003B520210C3520210C3510210C35102108D
:10511000C3520210022BD9D1002384F82030A1F110
:105120004103032BD2D8DFE803F002083527618C56
:105130000029B5D0013989B206E0A28C638C511EDA
:105140008B4216DA013399B25022618402FB01418D
:1051500004F5DB731846263106F0D6F806F04AF956
:10516000C0B284F8060284F807022046FFF776FFF3
:1051700096E7002A94D0DEE794F80732002B8FD010
:105180007748FAF7D9FB2A6892F80732013B82F890
:10519000073285E794F8073294F806229A427FF6A0
:1051A0007FAF234493F8B6116E48FAF7C5FB2A681F
:1051B00092F807320133EAE77F2940D0FF293FF414
:1051C0006FAF94F80672CEB24F2F40F2F7800023F3
:1051D00084F80632234483F8B66194F82130DB0763
:1051E00040F113815F48FAF7A7FB0EE15C48FAF73C
:1051F000A3FB01362C6894F80732B342F6DC5A4818
:10520000FAF79AFB00F0EEFC012804F5DB7402D1FA
:10521000204600F07FFEFFF7E5FE22460146534898
:10522000FAF78AFB2C6804F5DB7006F0E3F8C0B2ED
:1052300084F8060284F8070232E70026DAE794F8D9
:10524000071200293FF42CAF94F806324A1E013BA6
:10525000DBB2D2B2934284F8063284F8072225D911
:1052600002F5DB7001F5DB719A1A21442044F9F74D
:10527000B7FF00212B683E4893F806221A4482F8B3
:10528000B61193F8071201F5DB711944FAF754FBD4
:105290002B6893F807422B6893F80632A342FFF677
:1052A000FFAE2F48FAF748FB0134F4E73148FAF72C
:1052B00043FB2B6893F806221344002283F8B6219F
:1052C000EEE694F806322BB3B4F8248004F5DB77CD
:1052D000B8F1040F50D904F5B3785022394640464E
:1052E00004F0CCFDB0B104F1260630465036502211
:1052F000314606F009F8B045F7D15022002140466A
:1053000024F082F83946404694F8062205F0FCFF66
:105310000523A384A38C638400F064FC01280ED1D0
:105320002B6893F82130D90702D50F48FAF704FB10
:10533000286890F8061200F5DB7000F067FCFFF7B4
:1053400051FEFAF7F9FA2C685022002104F5DB70BF
:1053500024F05AF80023A4F80632A1E684F80020CD
:1053600063A7031057A703106283031052A703100B
:105370005AA7031061A70310B8F1000F0AD05022FA
:1053800008F1FF3002FB00403946263004F076FD7C
:105390000028BFD0502606FB0840324600212630A8
:1053A00024F032F8A08C394606FB004094F806221F
:1053B000263005F0A9FFA38C0133AAE794F8072251
:1053C0003B4697427FF606AF02F5DB7102F2B7105B
:1053D0002144BA1A2044F9F703FF296891F80732EB
:1053E000CA1882F8B66191F82120D20705D503F5D5
:1053F000DB7312481944FAF79FFA2B6893F80742B7
:105400002B6893F80632A34212DC2A6892F806321F
:1054100092F807120133DBB201314F2B82F80632CA
:1054200082F807127FF63CAE0023A2F8063237E678
:105430000348FAF781FA0134E2E700BFB3850310AD
:1054400063A7031038B5084D04462B6823B99E2284
:1054500006490748FAF738FB2B6893F8212064F3D4
:10546000410283F8212038BD84F80020C4140410C0
:1054700065A7031037B51B4B1B4A4FF402711A6026
:105480001A4B1B4A01201A601A4B1B4A1B4D1A600B
:105490001B4B1C4A1A60FAF72BFD286030B91A48DA
:1054A000FAF74AFA4FF0FF3003B030BD14230A2256
:1054B0001649CDE9003216484FF480530022FBF71D
:1054C000EDFB002304461A4612492868F8F740FE0F
:1054D0000120FFF7B7FF0CB90020E5E72046FBF7F6
:1054E00005FBF9E794F800203894041090F80020A8
:1054F000E09704108CF80020E097041084F8002056
:1055000088F80020E097041076A703108550021059
:105510008BA7031092A703100346024600201268CF
:105520009A4200D170470130F9E7000008B50248FF
:10553000FAF702FA002008BD97A7031010B5044639
:105540000248FAF7F9F9013CFAD110BDA9A70310F6
:1055500038B504460568A54200D138BD0648A5F116
:105560001401FAF7E9F92B68A34202D00348FAF7CD
:10557000E3F92D68EFE700BFB3850310C66403109D
:1055800008B5FAF705FA002008BD70B50D46F9F721
:1055900072FE0446FBF764F82E68AE4208D1FBF7B2
:1055A0006DF8082C0DDC002C08BF0824204670BDC7
:1055B000A6F10C00F9F75FFE8442B8BF04463668D6
:1055C000EBE70824F2E7000070B50C48FAF7B4F9ED
:1055D0000B4B0C4E1C683368A34201D8002070BDF1
:1055E000256802222846084904F096FC20B1294685
:1055F00062680648FAF7A0F90C34ECE7ABA7031091
:1056000094F8002090F80020BDA70310C0A7031055
:10561000F0B5092099B0FAF7E7FD58220446184979
:10562000071D02A805F070FE39461648FFF7ADFFCA
:1056300005460146134A1448FAF77EF92846FFF753
:105640007DFF1248FAF778F9114E6468A74202D13B
:10565000002019B0F0BD227AA4F10C03152A8FBFE7
:10566000324618A901EB820252F8582CA17B094856
:10567000CDE9002108222946FAF75EF92468E5E71A
:1056800010180410D5A70310DCA7031002A80310FC
:10569000CDA7031024A8031073B50A20FAF7A4FDC0
:1056A000061D044631461848FFF76FFF05460146C0
:1056B000154A1648FAF740F92846FFF73FFF144805
:1056C000FAF73AF96468A64208D1F8F7EFF901460B
:1056D0001048FAF731F9002002B070BD236A0E4875
:1056E0000193E369082229460093A4F10C03FAF719
:1056F00023F914F8033CDB074CBF08480848FAF7C5
:105700001BF92468DFE700BFD199031037A8031005
:105710005DA80310A4A8031081A8031099A8031082
:1057200097A80310F0B5082085B0FAF75DFD061DB7
:10573000044631461948FFF728FF05460146174A37
:105740001748FAF7F9F82846FFF7F8FE1548FAF770
:10575000F3F86468A64202D1002005B0F0BDA26A49
:105760002169D4E90607A4F10C03CDE90272CDE961
:1057700000106AB1082229460B48FAF7DDF804F157
:105780002000FFF7E5FE0948FAF7D6F82468E1E7BC
:10579000082229460648FAF7CFF8F7E7B9A8031018
:1057A000C1A80310E8A803100AA90310628303101C
:1057B00026A903102DE9F3410620FAF715FD071D70
:1057C000044639461E48FFF7E0FE054601461C4ADE
:1057D0001C48FAF7B1F82846FFF7B0FE1A48FAF766
:1057E000ABF86468A74203D1002002B0BDE8F081A5
:1057F000A36804F108069E423046B4F81880A4F16C
:105800000C0111D0FFF788FE0B4608222946CDE98E
:1058100000800E48FAF790F83046FFF799FE0C48E2
:10582000FAF78AF82468DDE7FFF776FE0B46CDE944
:105830000080082229460748FAF77EF8F2E700BF01
:1058400042A903104BA9031067A903107EA90310F6
:10585000628303108FA903102DE9F043052085B062
:10586000FAF7C2FC071D044639462148FFF78DFEB2
:10587000054601461E4A1F48FAF75EF82846FFF71C
:105880005DFE1D48FAF758F86468A74203D100206E
:1058900005B0BDE8F083A36804F108069E423046D7
:1058A000B4F81680B4F81490A4F10C0113D0FFF7EB
:1058B00033FE0B4608222946CDE90190CDF8008041
:1058C0000E48FAF739F83046FFF742FE0C48FAF76F
:1058D00033F82468D9E7FFF71FFE0B46CDE90190A6
:1058E000082229460748CDF80080FAF725F8F0E7A6
:1058F000A0A90310A8A90310EEA80310C9A90310BA
:1059000062830310DFA90310F0B5032085B0FAF716
:105910006BFC061D044631461448FFF736FE05466B
:1059200008270146114A1248FAF706F82846FFF7F9
:1059300005FE1048FAF700F86468A64202D100207C
:1059400005B0F0BD04F10800FFF7E6FD0390E37C2D
:10595000A4F10C01029363690822CDE900730648A3
:105960000B462946F9F7E8FF2468E6E7F5A9031096
:10597000FBA903101FAA03103EAA03102DE9F3414F
:105980000420FAF731FC071D044639461D48FFF78D
:10599000FCFD054601461B4A1B48F9F7CDFF28468A
:1059A000FFF7CCFD1948F9F7C7FF6468A74203D198
:1059B000002002B0BDE8F081A36804F108069E4211
:1059C000D4F81080A4F10C0112D03046FFF7A4FDEA
:1059D0000B4608222946CDE900800D48F9F7ACFFB7
:1059E0003046FFF7B5FD0B48F9F7A6FF2468DDE761
:1059F0000B46082229460848CDF80080F9F79CFF9D
:105A0000F4E700BF55AA03105BAA03107DAA031098
:105A10009AAA031062830310AFAA03102DE9F34181
:105A20000220FAF7E1FB071D044639461E48FFF73E
:105A3000ACFD054601461C4A1C48F9F77DFF284687
:105A4000FFF77CFD1A48F9F777FF6468A74203D196
:105A5000002002B0BDE8F081A36804F108069E4270
:105A60003046B4F81080A4F10C0111D0FFF754FDBA
:105A70000B4608222946CDE900800E48F9F75CFF65
:105A80003046FFF765FD0C48F9F756FF2468DDE75F
:105A9000FFF742FD0B46CDE9008008222946074862
:105AA000F9F74AFFF2E700BFC1AA0310CBAA03101F
:105AB000E5AA0310FAAA0310628303100AAB0310CD
:105AC000F0B5012085B0FAF78FFB071D0446394673
:105AD0002648FFF75AFD06460146244A2448F9F7AE
:105AE0002BFF3046FFF72AFD2248F9F725FF6468AF
:105AF000A74202D1002005B0F0BD94F82930082259
:105B000000933146A4F10C031B48F9F715FF94F8F4
:105B1000283003F00F03042B07D8DFE803F023033A
:105B2000210625001548F9F707FFE26913461978A1
:105B30001D46232903F10103F9D0616A236A02910A
:105B4000E16B1A4401916421551B4D43B5FBF3F5FC
:105B5000009521690A48043AF9F7EEFE2468C7E780
:105B60000848E0E70848DEE70848DCE71AAB03101E
:105B700021AB03106EAB0310B6AB0310C2AB031026
:105B8000E6AB0310CBAB0310D4AB0310DDAB0310BB
:105B900070B50E48F9F7D0FE0D4B0E4E1C683368F9
:105BA000A34204D80C48F9F7C7FE002070BD256851
:105BB00006222846094904F0AFF920B9626808486E
:105BC000A91DF9F7B9FE0C34E9E700BF20AD0310B9
:105BD00094F8002090F80020628303103BAD03107E
:105BE00042AD03100120704710B50446F9F786FE58
:105BF0002046BDE810400221FBF764BE012808B52D
:105C000002DD4868FFF7F0FF002008BD02462DE9DD
:105C1000F0478AB013789146202B164602F1010214
:105C2000F8D0092BF6D00844B0EB090535D1002097
:105C30000AB0BDE8F087013719F80730202B2ED0C5
:105C4000092B2CD0BD42F6D14F4BD3F800804F4BDF
:105C5000D3F800A0D04524D2D8F800400622204630
:105C60004B4904F059F980BB3A464946A01D04F05F
:105C700053F950BB3C44A4793CBBD8F8087087B1B9
:105C800028222146684623F0BFFBE8466A464B4679
:105C900021462046A6461C461DE00027CCE7002FE3
:105CA000D2D12946484600F03FFB0028BFD03246FB
:105CB0001378013613F0DF03F9D1364849461370E3
:105CC000F9F73AFE4FF0FF30B2E708F10C08C1E7F0
:105CD00004F801EC0131234614F801CBBCF1200F8C
:105CE00002D0BCF1090F04D18D42F1D80A2802D0AC
:105CF00023E00A2812D12848F9F71EFE002458F89C
:105D0000041B26480134F9F717FE0A2CF7D1244862
:105D1000F9F712FE20466946B84789E78D420CD94B
:105D2000BCF1220F00F101001ED1013301311360DB
:105D30001C78222C0ED08D4202D80028EBD1B0E77F
:105D40005C2C04D15C78222C04BF01330131013377
:105D50000131EDE78D42F0D901318D4203F801EBBD
:105D600002F1040297D8E8E713601C78202C06D0D3
:105D7000092C04D08D42E0D001330131F5E78D428A
:105D8000DBD9043287E700BF94F8002090F80020A8
:105D90003BAD031070AD03104EAD03106CAD03109E
:105DA000628303102DE9F8430746002800F0AB801A
:105DB0004FF48070F9F7A0FF0446002800F0A3809C
:105DC0003B782F2B17D04FF48071FEF785FF2046CC
:105DD000F9F751FA204410F8013C2F2B03D020464C
:105DE0004A4904F079F83B46002513F8012B2F2A85
:105DF00004D11D46F9E700230370F4E7002AF4D12B
:105E0000002D08BF3D4623461A4613F8011B002902
:105E1000FAD1B846531EA8450DD10026A8EB0703BA
:105E200020469E54FEF776FE814648B92046BDE8DE
:105E3000F843FAF76BB818F8011B03F8011FEAE7FB
:105E400098F800304BB94846FEF79BFE002856D024
:105E5000011D2F48F9F770FDF5E74846FEF791FE62
:105E600030B300F104082846F9F705FA4146024626
:105E7000284604F051F80028EFD13EB94046F9F722
:105E8000FAF941460646204605F0D4F9424604F1A7
:105E9000FF3C134612F8010B20B11CF8011F09B199
:105EA0008842F6D0A3EB08039E4228BF1E46D4E7E3
:105EB0002EB32046F9F7DFF9864217D24846FEF79F
:105EC00094FE4846FEF75DFE80B100F104082846C6
:105ED000F9F7D1F941460246284604F01DF800289A
:105EE000EFD141460A48F9F727FDEAE7284632464E
:105EF000214605F009FA0023ED1B37447B5548463F
:105F0000FEF78DFE92E7BDE8F88300BFC66403107C
:105F10004AAD03102DE9F0470178044621B9BDE8E8
:105F2000F0470846FFF734BEF9F7A5F92318A34256
:105F3000184606D00278013B202AF8D10130FFF73D
:105F400031FF00263546224BDFF890A0D3F80080C1
:105F5000DAF80030434507D8BEB32A46314620461A
:105F6000BDE8F047F9F764B9D8F800700622384662
:105F7000184903F0D1FFF0B9204605F03BFA07F1CC
:105F8000060902464946204603F0C6FF98B925B9DE
:105F9000484605F02FFA4E46054632460537134669
:105FA00012F8010B50B99B1B9D4249460A48A8BFF5
:105FB0001D46F9F7C1FC08F10C08C9E717F8011FE5
:105FC0000029F0D08842EAD0EDE7BDE8F08700BFB5
:105FD00094F800203BAD03104AAD031090F8002068
:105FE0000020704708B501280CBF03484868FEF739
:105FF000E5F8002008BD00BF2EB7002008B5034912
:106000000348F9F799FC002008BD00BF2EB7002017
:106010004AAD0310032873B50C4608D02948F9F798
:106020008BFC2948F9F788FC002002B070BDD1E94B
:1060300001122648F9F780FC00224FF40011A068F5
:10604000FEF79AFC00282EDBFEF7C8FC4FF48070A8
:10605000F9F752FE054628B91D48F9F76DFC6FF0B7
:106060000400E2E766683046F9F705F962683044F3
:106070009042034603D0197801382F29F8D10093B4
:10608000FF212846A368134AF9F724FC29466068D3
:10609000FEF728FD002DC7D0A368AB42C4D0284628
:1060A000F9F734FFC0E70022A0681146FEF764FC50
:1060B000002804DBFEF792FCA068FEF71FFDA56830
:1060C000E4E700BF88AD03109FAD0310D7AD031008
:1060D00069A4031041A40310022810B50C4609D18D
:1060E00049680C48FEF754FB014680B10A48F9F7AD
:1060F00023FC0CE0042807D10849606804F0BCFFC9
:1061000028B9D4E90201EDE70548F9F715FC0020AC
:1061100010BD00BFE1AD031006AE0310E5AD0310E6
:10612000E8AD0310032813B50C460CD100230F4A29
:106130000093D1E90101FEF761FA014698B10C48DC
:10614000F9F7FAFB0FE005280AD10A49606804F064
:1061500093FF034638B90090A268D4E90301EAE747
:106160000548F9F7E9FB002002B010BDE1AD0310CE
:1061700043AE0310E5AD03101EAE031008B5FFF7E4
:106180009FFC002008BD08B5F9F7D2FC002008BD2F
:10619000032808B507D00648F9F7CEFB0548F9F7FC
:1061A000CBFB002008BDD1E90101FEF7F3F8F8E7C9
:1061B0005EAE031075AE0310012870B504460E469E
:1061C0000FD10948F9F7B8FB0848F9F7B5FB0020EB
:1061D00070BD56F82500FEF791FC0135A542F8DBAD
:1061E000F5E70125FAE700BF8BAE03109EAE031062
:1061F000012870B504460E460FD10948F9F79CFBFB
:106200000848F9F799FB002070BD56F82500FDF706
:1062100071FE0135A542F8DBF5E70125FAE700BF7D
:10622000BCAE0310D2AE0310012810B50C4605D148
:1062300007490848F9F780FB002010BD0228FBD170
:106240004868FEF70DFD0028F6D061680248F1E7C6
:106250002EB700204AAD0310E7AE0310012808B5A1
:106260000B4607D10648F9F767FB0648F9F764FBC8
:10627000002008BD00215868FEF754FBF8E700BF76
:10628000FEAE03101FAF0310022810B503D00B4859
:10629000FEF7F0FA0DE04C680949204604F0ECFEE8
:1062A00020B12046074904F0E7FE20B90648F9F777
:1062B00043FB002010BD2046EAE700BFC664031080
:1062C00054AF03105BAF03105EAF0310022838B564
:1062D0000C4604D149681148F9F72EFB15E0032854
:1062E00018D1002240F20A21A068FEF745FB051EE6
:1062F0000DDB6468204605F07DF8214602462846FD
:10630000FEF7A4FB2846FEF769FB002038BDA16814
:106310000348E1E70348F9F70FFBF6E74AAD03103E
:1063200069AF03107FAF03102DE9FF410746002935
:1063300000F082800026BB5D202B03D0092B01D00A
:106340008E4268DB06F12000F9F7D6FC05460028EE
:1063500077D03946324604F0D7FF002328463E491D
:10636000AB5503F0C3FF28B928463C4903F0BEFFF4
:10637000002852D0002228461146FEF7FDFA041EDE
:106380000DDA3346364A06F11F0128460097F9F721
:10639000A1FA002228461146FEF7EEFA04462846E6
:1063A000F9F7B4FD002C47DB8020F9F7A5FC4FF08E
:1063B00000080646012220460DF10F01FEF729FBD9
:1063C0000128054640D19DF80F300A2BF2D00D2B45
:1063D000F0D0374607F8013B012220460DF10F01AE
:1063E000FEF717FB012821D19DF80F300A2B01D0B1
:1063F0000D2B15D187F80080334671191A78202AA1
:1064000001D0092A15D101338B42F7D129463046F4
:10641000FFF7FCFBCEE701368DE74FF0FF34BEE718
:106420000135802D07F8013BD6D1E5E700233B700D
:10643000E2E7232ABED0E9E74FF0FF3004B0BDE821
:10644000F0816FF00400F9E72046FEF7C7FA304606
:10645000F9F75CFD0020F1E7A0AF0310A4AF031033
:10646000A8AF031070B5094D0446D5F8D0302BB94C
:106470004FF4957206490748F9F726FBD5F8D03056
:106480002146BDE870409B680048184798F80020F6
:10649000F11A0410B2AF031070B515461C4606463B
:1064A00020B9222208490948F9F70EFB55B1042CFE
:1064B00008D1D6F8D03030469B6829889847688044
:1064C000204670BD0024FBE75B1B0410C9AF03101E
:1064D0004FF6FE73994270B504460D46164604DD2C
:1064E0006E220B490B48F9F7EFFA002304F1500232
:1064F00032F823108D4203D00133202BF8D170BD28
:10650000143304EB8304E37866F34703E370F6E7A0
:10651000651B0410D8AF031070B50D4E0446D6F8B5
:10652000D0300D462BB94FF491720A490A48F9F759
:10653000CBFA2A4621460648FFF7CAFFD6F8D030E4
:106540002A462146BDE870405B680148184700BFF5
:1065500098F80020FD1A0410B2AF031070B514466D
:106560001D46064620B931220B490C48F9F7ACFA12
:106570007CB1042D0DD1304662882188FFF7A8FF39
:10658000D6F8D03030465B68628821889847284624
:1065900070BD0025FBE700BF761B0410C9AF0310D8
:1065A0004FF6FE73994270B504460D46164604DD5B
:1065B000402214491448F9F787FAFE2E04DD4122DF
:1065C00010491248F9F780FA00234FF6FF7004F1E2
:1065D000500131F82320954205D0824203D0013387
:1065E000202BF6D170BD04EB83021433A2F8505077
:1065F00082F8526004EB8304E37823F00103E37034
:10660000F0E700BF811B0410D8AF0310EAAF0310FE
:1066100070B50D4E0446D6F8D0300D462BB94FF468
:106620008D720A490A48F9F74FFA2A462146064868
:10663000FFF7B6FFD6F8D0302A462146BDE87040B5
:106640001B680148184700BF98F800200A1B041077
:10665000B2AF031070B50E461546044620B9A0220D
:1066600012491348F9F730FA022E08D1D4F8D03085
:106670009B6913B1002120469847002070BD012E70
:1066800003D1D4F8D030DB69F3E765B12046AA78AE
:106690002988FFF785FFD4F8D03020461B68AA78F8
:1066A00029889847E9E74FF0FF30E7E78E1B041091
:1066B000C9AF031038B512240F4B104D1C750024C0
:1066C000DA644FF6FF721D630D4DC3E907445D6345
:1066D0000C4DC3E90944DC629D63C3F8D01050330C
:1066E00023F824200134202CFAD101460322024849
:1066F000F7F7C8FA002038BD98F800209964021016
:106700005D650210556602102DE9F341DFF8448003
:106710001F46D8F8D03004460D46164623B9FB2252
:106720000A490B48F9F7D0F9D8F8D030D3F80C80E3
:10673000B8F1000F08D033462A4621460548009795
:10674000C04702B0BDE8F0810620FAE7491B0410FB
:10675000B2AF031098F8002070B50B4D0446D5F881
:10676000D0302BB94FF4827208490948F9F7ACF9D7
:10677000D5F8D0301B6923B12146BDE870400248EE
:106780001847062070BD00BF98F80020371B041082
:10679000B2AF031070B51A4E0446D6F8D0300D468D
:1067A0002BB94FF4877217491748F9F78DF9D6F8C6
:1067B000D0305B6913B34FF6FE739C4204DD59225F
:1067C00012491348F9F780F90023124A32F82310CE
:1067D0008C420BD00133202BF8D1D6F8D0302A468A
:1067E0002146BDE870405B6905481847143306EB45
:1067F0008303DA7865F30002DA70EEE7062070BDF5
:1068000098F80020251B0410B2AF0310161B0410CB
:10681000D8AF0310E8F8002037B50D46044620B97C
:10682000852206490648F9F74FF9236D2946204687
:106830005B6801AA9847019803B030BD211C041081
:10684000BCA3031038B50D46044620B99022084970
:106850000848F9F739F9236D1B6833B1012229463D
:106860002046984700B9656538BD6FF00500FBE725
:10687000131C0410BCA3031038B50D46044620B900
:10688000A62209490948F9F71FF9236D1B683BB196
:10689000002229462046984708B9FF23636538BD82
:1068A0006FF00500FBE700BF041C0410BCA303103D
:1068B00001282DE9F04105460C467EDDD1F8048023
:1068C0004549404604F0D8FBA8B9032D0FD1A06874
:1068D000F7F7A6F9414B424A1860424BA1680028DD
:1068E00018BF1A464048F9F727F800200BE03F4848
:1068F000F9F722F8F9E7394E376837B93C48F9F724
:106900001BF84FF0FF30BDE8F0814046394904F0F4
:10691000B3FBC0B9032D5CD1A06802F0A9FC01460D
:106920003846FFF78FFF2F4D2D4B3668002818BFD4
:106930001D46A06802F09CFC2B46314602462E48BC
:10694000F8F7FAFFD1E740462C4904F095FBA0B9CF
:10695000032D10D1A06802F08BFC01463846FFF7EA
:106960005BFF0546A068366802F082FC2B460246B3
:1069700031462348E4E72348BAE74046224904F079
:106980007BFBC0B9032D14D1A06802F071FC014655
:106990003846FFF771FF134D114B3668002818BFBA
:1069A0001D46A06802F064FC2B460246314617489B
:1069B000C6E717489CE717489AE71748F8F7BCFF5F
:1069C0000A48F8F7B9FF0F48F8F7B6FF1048F8F78C
:1069D000B3FF12488CE700BFFEAF03106CF9002034
:1069E000F6AF03105372031004B0031012B003107B
:1069F0003EB0031069B0031070B00310529803103A
:106A0000B8B00310DEB0031016B103101EB10310AE
:106A100039B1031067B1031095B103108BB00310A7
:106A2000036D1B6803B1184718467047F0B505465B
:106A30000F468BB01646002122220DF106001C469F
:106A400022F0E2FC2B6DADF804701B6813B92046F0
:106A50000BB0F0BD8321284601AA984710B9039BCB
:106A60003360F4E70020F3E7F0B505460F468BB03E
:106A70001646002122220DF106001C4622F0C4FC1D
:106A80002B6DADF804701B6813B920460BB0F0BD38
:106A90008321284601AA984708B10020F6E7336809
:106AA000822103932B6D28461B6801AA9847002872
:106AB000EBD0F2E7F8B504460D4617460021542204
:106AC0001E4622F0A1FC084BC4E913672363074B61
:106AD00029466363064B2046A363122323750322D2
:106AE000BDE8F840F7F7CEB82D6A0210696A0210C7
:106AF000216A021070B504468AB00D461646002180
:106B0000242201A822F080FC54B18021204601AA51
:106B10008DF80660ADF80450F7F7F4F90AB070BDCF
:106B20006FF00700FAE730B504468BB00D4624221B
:106B3000002101A822F068FC44B18121204601AA6D
:106B4000ADF80450F7F7DEF90BB030BD6FF0070079
:106B5000FAE7F0B504468BB00F4616460021242212
:106B600001A81D4622F050FC54B18221204601AA02
:106B7000CDE90265ADF80470F7F7C4F90BB0F0BDCC
:106B80006FF00700FAE700207047000070B5044678
:106B90000D461646084900225830F7F79FFCE36F70
:106BA00013B94FF47A73E367324629462046BDE8AD
:106BB000704000F0B5B900BF9EB1031070B50C462F
:106BC000054620B9302222492248F8F77DFF14F407
:106BD000007302D0EA8A920537D514F4006002D01F
:106BE000EA8A160531D514F4807202D0E98AC90503
:106BF0002BD514F4806102D0EE8A760525D5E4B257
:106C00008BB14FF4007244F4007423462C8388B196
:106C100044F400642C8342F400622B6D102128465A
:106C20009B6898470FE0002AEFD04FF4807244F43D
:106C30008074EAE729B143F480632B8342F48062D5
:106C4000EBE7002AE9D1002070BD6FF00700FBE7F9
:106C5000841C0410EC6B031010B5044620B9732299
:106C600018491948F8F730FFA37E012B28D8238B49
:106C700013F480721FBF4FF4807223F480739BB2B1
:106C80002383590541BF23F480639BB2238342F4DD
:106C90008062980541BF23F400739BB2238342F4C2
:106CA000007219050AD523F40063238342F40062BD
:106CB000236D112120469B68984701E0002AF7D1F7
:106CC000002010BD771C0410EC6B031070B50D464E
:106CD0001646044620B9A62213491448F8F7F4FED4
:106CE000022D0BD0032D13D0012D0DD0236D324674
:106CF00029462046BDE870409B681847E38A43F068
:106D00002003E382002070BDE38A23F02003F8E72C
:106D1000002EF7D0A37E002BF4D0236D2046BDE8D3
:106D200070400021DB681847681C0410EC6B0310EE
:106D3000F8B50E46054620B9E3220C490C48F8F791
:106D4000C3FE05F158074FF0FF313846F7F714FC42
:106D5000044640B92B6D31462846DB689847044607
:106D60003846F7F7DFFC2046F8BD00BF571C04107B
:106D7000C7A203102DE9F041036D05461C680E46BD
:106D8000174684B100F158084FF0FF314046F7F73D
:106D9000F3FB2B6D3A46314628461B68984704465C
:106DA0004046F7F7BFFC2046BDE8F0811FB5069CC2
:106DB00002F00402ADF80010ADF806206946012289
:106DC000ADF808400393FFF7D5FF0028C8BF204661
:106DD00004B010BD2DE9FF41DDF828800F461446B0
:106DE0001E46054628B94FF496720D490D48F8F72E
:106DF0006BFE04F0040401226946284644F00104B5
:106E0000ADF80070ADF80640ADF808800396FFF7C6
:106E1000B1FF0028C8BF404604B0BDE8F08100BF04
:106E2000441C04100E6B031070B5C66C0C4615465E
:106E300026B9502205490648F8F746FE2A4621465B
:106E40003046BDE87040FFF741BF00BFE21C0410B0
:106E50000E6B0310F7B5C76C0C4615461E4627B9D6
:106E60003E2209490948F8F72FFE25B93F22064975
:106E70000748F8F729FE2B4638460096220CA1B2A7
:106E8000FFF794FF03B0F0BDCD1C04100E6B031090
:106E9000396A0310F7B5C76C0C4615461E4627B96C
:106EA0002A2209490948F8F70FFE25B92B2206497D
:106EB0000748F8F709FE2B4638460096220CA1B287
:106EC000FFF788FF03B0F0BDB91C04100E6B031070
:106ED000396A031010B5C46C24B91B220449054853
:106EE000F8F7F2FD2046BDE81040FFF7B5BE00BF41
:106EF000A41C04100E6B031038B5C56C0C4625B9E4
:106F0000122205490548F8F7DFFD21462846BDE86D
:106F10003840FFF753BE00BF901C04100E6B0310E7
:106F2000F8B50D461646044620B98D220C490D4889
:106F3000F8F7CAFD0823002723750B4B2946A362E7
:106F40000A4B2046E3620A4BE4642363094B676201
:106F50006363094BB2B2A363F6F794FE3846F8BDFB
:106F6000F91C04100E6B0310F96E0210D56E02109E
:106F7000956E0210556E0210296E021008B5036D51
:106F800002461B6923B11F2158329847002008BDD3
:106F90006FF00500FBE710B5036D04461B684BB1AD
:106FA000002198470020E38A23F01003E3820023A6
:106FB000E36110BD6FF00500F5E7022938B505461D
:106FC000144604DC002913DC6FF0050026E0A1F173
:106FD0001F03032BF8D8203902290BD8DFE801F072
:106FE000021F25002B6D9B68002BEDD0284698478B
:106FF000002013E00CB36A6D236811688B421FD820
:10700000526893421CD32B6D1B69002BDCD02246A7
:107010001F212846984708B92368AB6538BD64B17D
:107020006B6D0FCB84E80F00E2E734B123785A1E72
:10703000012A05D885F87430DAE76FF00300EDE730
:107040004FF0FF30EAE7000010B5426DD2E90013BF
:107050000C4A914203DD01329342B8BF134600242B
:1070600001218365036D80F874104466C465C466AD
:1070700004671B6813B19847204610BD6FF00500E8
:10708000FBE700BF3F420F00F7B51F46036D054603
:10709000DC681646BCB3A04795ED167A07EE900A59
:1070A0006B6DF8EEC76A1B7BD5ED185A022B02BF39
:1070B000F8EE677AD6EEA57AFCEEE77AF8EE677A14
:1070C00095ED176A87EEA67AB8EEC66AF0EE477AB3
:1070D000E6EE257ABDEEE77A8DED007AB8EEC77A56
:1070E00077EEC77A9FED097A67EE877A082F3C46DC
:1070F00028BF0824FDEEE77A224669463046CDEDEA
:10710000017AF8F723F8204603B0F0BD0024744953
:1071100070B51646026D0546516800295CD092682C
:10712000002A5BD0082B4FF0000459D19047EC6542
:1071300096ED017A9FED2B6AB8EEC77AD5ED167AF7
:10714000C7EE066A96ED007AF8EEE77AB8EEC77AEF
:10715000B7EE006A76EE876A86EE277AF4EEC76AA3
:10716000F1EE10FA12D46B6D012493ED027AB8EEB1
:10717000477A87EE276A07EE104AF8EEC75A86EE7E
:10718000A57AB4EEC76AF1EE10FA1DDB67EE877AD6
:10719000012C85ED187AFCEEE77AC5E9194405F172
:1071A0006C0113DC95F87420012A0FD10023EB66E3
:1071B0004B602B6D17EE901A28465B689847B0FA23
:1071C00080F04009C00070BD0134D4E7336802226A
:1071D000EB6673684B60ECE70846F4E71046F2E7AD
:1071E0002046F0E70024744910B5044628B94FF44E
:1071F000A67211491148F8F767FCE36D0133E365A6
:10720000636EA3B9A36E636694F87430012B07D143
:10721000236D9B680BB1204698470023E3662367E4
:10722000E36943B12046BDE8104008211847013BFF
:107230006366002BE6D010BD321D0410E368031016
:1072400070B50D461646044628B940F27912164923
:107250001648F8F739FC236D2BB94FF4BD7212496B
:107260001348F8F731FC636D2BB940F27B120E49DD
:107270001048F8F729FC112323750023C4E90733CC
:107280000D4BE66463620D4B2946A3620C4B20460E
:10729000E3620C4B0B2223630B4B63630B4BA36327
:1072A000BDE87040F6F7EEBC171D0410E36803104C
:1072B000ABB10310C1B10310497002107D6F021011
:1072C000976F02108970021011710210BB6F0210CB
:1072D00010B5044620B95B2207490848F8F7F4FBCB
:1072E0000023C4E92333236D9B681BB12046BDE80E
:1072F00010401847184610BD481D0410EC6B0310D1
:1073000073B5044620B9222218491948F8F7DCFB66
:10731000D4F88C00694601AA043001F0EDFC054662
:1073200060B122F019F80022D4F88C306FF0030518
:107330001A6022F025F8284602B070BD236D5E6AFF
:107340004EB9D4F88C004FF0FF33694601AA0430DF
:1073500001F014FCEFE70246019B20460099B0477C
:10736000019B9842EDD06FF00605E4E79A1D0410EA
:10737000D8B1031070B516461D46044628B94FF41F
:107380008E7215491548F8F79FFB238B9B070ED586
:10739000D4F88C0058B14FF0FF332A463146043000
:1073A00001F050FB30B16FF00200F7F7B1FE00259D
:1073B000284670BD21F0D0FFD4F88C301A68012A1D
:1073C00007D001221A6021F0DBFF2046FFF798FF6B
:1073D000EEE721F0D5FFEBE7891D0410EC6B0310FD
:1073E0002DE9F0410D4616461F46044628B94FF4D4
:1073F00087720A490A48F8F767FB238BDB070AD52F
:10740000D4F8900038B13B4632462946BDE8F041F9
:107410004068F6F707BD0020BDE8F081791D041033
:10742000EC6B031013B5044620B9DC222349244831
:10743000F8F74AFB238B9A0711D50021236D5B696E
:1074400020469847D4F88C00694601AA043001F020
:1074500053FC20B3238B23F002039BB22383DB076F
:107460001AD5236D01215B6920469847D4F89030E6
:1074700073B15868F6F7A4FCD4F89030586800F05F
:1074800088FBD4F89000F8F741FD0023C4F8903051
:10749000238B23F001032383002002B010BDD4F816
:1074A0008C004FF0FF33694601AA043001F066FBFF
:1074B000236A002BC6D00099C2E700BF681D0410E4
:1074C000EC6B03102DE9F0410D46044688B020B95D
:1074D0006D225C495C48F8F7F7FA202200216846E3
:1074E00021F092FF15F001066F4603D0E38AD90719
:1074F00040F1A58015F0020303D0E28A920740F123
:107500009E80EDB22583C3B1D4F88C80B8F1000F12
:107510000FD12820F8F7F0FB054600286FD043462E
:1075200001220221043001F067FAC5F80080C4F896
:107530008C50238B43F00203238326B90025284671
:1075400008B0BDE8F081D4F8900000285AD1082096
:10755000F8F7D2FB0646002851D0D4F89400F7F78C
:107560008AFE05463948F7F786FE05441F2D04D9E3
:10757000A32234493648F8F7A7FAD4F8945028469D
:10758000F7F779FE294602463846F7F7DFFDD4F8CB
:107590009400F7F770FE05462C48F7F76CFE2B4970
:1075A00002467819F7F7D2FD2A49D4F89400F7F784
:1075B0006AFE58B14FF420720121384600F0CAFA31
:1075C000054668B13046F8F7A1FCB8E72249D4F87F
:1075D0009400F7F758FE0028ECD14FF4A072EBE7C7
:1075E00030603846C4F89060F6F71AFB7060D4F843
:1075F0009000456835B9F8F789FCC4F890506FF0F1
:1076000004059CE701214068F6F77EFB054688B13A
:10761000CA220C491148F8F757FAD4F89030586844
:1076200000F0B7FAD4F89000F8F770FC0023C4F823
:10763000903084E7238B43F0010323837EE76FF0D0
:1076400007057CE7581D0410EC6B0310E9B103102B
:10765000F2B103102CB2031030B20310D392031016
:1076600013B5D0F88C3004463BB1D4F88C00694691
:1076700001AA043001F040FB08B102B010BDD4F8FB
:107680008C004FF0FF33694601AA043001F076FA0E
:10769000236A002BE9D0204600999847E5E70000CF
:1076A00070B50C461646054628B94FF4A272264915
:1076B0002648F8F709FAA4F111022B6D062A3CD8E6
:1076C000DFE802F0040C0E171B262D001C68ECB13D
:1076D000314628462346BDE8704018475C68F6E707
:1076E000DC6814B12846A04704462846FFF7B8FFD7
:1076F0000CE01C6954B13168EBE75C6936681CB179
:1077000031462846A0470446002EEED0204670BDE4
:107710001C69002CFAD028469B693168DBE71C699C
:10772000366824B131462846DB6998470446002E66
:10773000ECD12846FFF7E4FDE8E73246214628462B
:10774000BDE870401B6A1847B31D0410EC6B0310B2
:10775000F8B50E4615461F46044628B94FF4E472A4
:1077600010491148F8F7B0F9062323750023C4E93E
:1077700007330E4B45F0040263620D4BC4F894606E
:10778000A3620C4BE764E3620B4B314623630B4B64
:10779000204663630A4B92B2A363BDE8F840F6F754
:1077A00071BA00BFC61D0410D8B10310D172021007
:1077B000C574021025740210E17302107573021073
:1077C000A176021070B504460D462046FFF798FDDD
:1077D0000028FAD0236A23B129462046BDE870402C
:1077E000184770BD70B50446D0F890001346154692
:1077F00040680A460021F6F74DFBE36923B12946AC
:107800002046BDE87040184770BD000038B5C56916
:1078100004462DB1503001F009FB01462046A8472F
:10782000A26E04F168039A420FD0636EDB0704D4A2
:107830006A2206490648F8F747F9A06E1438F9F7A6
:1078400011F9BDE83840F8F763BE38BDFC1D0410DF
:1078500034B203102DE9F74F16461F46044620B9EF
:1078600084223E493E48F8F72FF9B7F5803F04D30C
:1078700085223A493B48F8F727F9636E04F150082E
:1078800003F00603022B1FFA87F92BD021F064FDC9
:1078900005464046B4F960A001F0C8FAAAEB000A18
:1078A000BA4509D2304A13780133DBB2012B137089
:1078B00002D12E48F8F740F8636E4A465B0731461E
:1078C00040460CD501F00EFB83462046FFF79EFF95
:1078D000284621F055FD584603B0BDE8F08F01F071
:1078E000BFFAF1E7F8F758FF054621F035FD0746E6
:1078F000F7F750FA40B119491D48F8F71DF8A422CE
:1079000016491C48F8F7E0F8384621F039FD04F133
:10791000700305F1140A019321F01EFD4A46074643
:107920003146404601F09CFA834688B92846F8F76C
:10793000ADFF636F3846C3F800A0636FAB61019B76
:10794000C4F874A06B6121F01BFDF8F7E1FDE3E7DB
:107950002046FFF75BFF3846BBE700BF131E04104D
:1079600057B2031067B2031070F900207DB2031004
:10797000EE8F0310D392031010B5026F00F1700365
:107980009A4204460FD0436E9B0704D4172206493F
:107990000648F8F799F8206F1438F9F763F8BDE84E
:1079A0001040F8F7B5BD10BDD81D041090B20310FB
:1079B000142938B5144607D132B1B0F960505030AF
:1079C00001F034FA2D1A2560002038BD2DE9F74F5B
:1079D00091461E46044620B9302231493148F8F715
:1079E00073F8B6F5803F04D331222D492E48F8F7BD
:1079F0006BF8636EB6B213F0010F04F1500B13D1A4
:107A000021F0AAFC324607464946584601F0BAFA28
:107A1000054610B12046FFF7AFFF384621F0B0FC15
:107A2000284603B0BDE8F08FF8F7B6FE074621F010
:107A300093FC0546F7F7AEF940B119491B48F7F733
:107A40007BFF442216491A48F8F73EF8284621F0F1
:107A500097FC04F1680307F1140A019321F07CFC00
:107A6000324680464946584601F08CFA054688B9A8
:107A70003846F8F70BFFE36E4046C3F800A0E36E0C
:107A8000BB61019BC4F86CA07B6121F079FCF8F725
:107A90003FFDE3E72046FFF76FFF4046BEE700BF2C
:107AA000EF1D041057B2031067B20310EE8F0310DE
:107AB000D39203102DE9F041DDF818800E461746E9
:107AC0001D46044620B9EA221A491B48F7F7FCFF75
:107AD00025B9EB2217491948F7F7F6FFB8F5803FAB
:107AE00004D3EC2213491648F7F7EEFF04F16803BC
:107AF000C4E91A3304F170032946C4E91C330FFAB0
:107B000088F204F1500001F071F90F23237500236E
:107B1000C4E90933E3620B4B676623630A4B3146C2
:107B200063630A4B2046A3630322BDE8F041F6F7E6
:107B3000A9B800BF211E0410EDB10310B3B20310A9
:107B400067B20310CD79021055780210B179021096
:107B5000F6F73EB8F7B506460F4601208021D41C43
:107B6000F8F7C6F924F00304054638B12046F8F7C3
:107B7000C3F8034630B92846F8F7C8F96FF0040097
:107B800003B0F0BD3A46314628460094FFF792FF15
:107B9000F6E710B5044648B1FFF7DAFF606DF8F775
:107BA000B5F92046BDE81040F8F7B0B910BD0000A7
:107BB0002DE9F04105468CB0002090460C46F9F7BF
:107BC0002DFFCDE90001F8F74BFD6846FAF70AF8FA
:107BD000034603AE00F1200237461868596808339F
:107BE00003C793423E46F7D11868A5F26C7538601A
:107BF000F8F744FD013C03A8CDE90684089502F09E
:107C000039FDCDE900010748F6F70AF830B16A46B8
:107C10001121F6F777F90CB0BDE8F0814FF0FF3095
:107C2000F9E700BF4F6C03102DE9F04180468CB09E
:107C3000002016460F46F9F7F1FECDE90001F8F7EE
:107C40000FFD6846F9F7CEFF034603AC00F12002B2
:107C5000254618685968083303C593422C46F7D166
:107C600018682860F8F70AFD03A8CDE904780396A0
:107C700002F000FDCDE900010648F5F7D1FF30B173
:107C80006A461121F6F73EF90CB0BDE8F0814FF0DD
:107C9000FF30F9E74F6C031007B50020F9F7BEFE7F
:107CA000CDE90001684602F0D3FB01460248F7F730
:107CB00043FE03B05DF804FB4AAD031001282DE933
:107CC000F7430C460ED10020F9F7A8FECDE90001DC
:107CD000684602F0BDFB01462C48F7F72DFE03B0C5
:107CE000BDE8F08306284CD9486801F0C1FA074680
:107CF000A06801F0BDFA5FFA80F8E06801F0B8FA18
:107D00008146206901F0B4FA0546606901F0B0FAD5
:107D10000646A06901F0ACFAA7F2B2739BB2812BC0
:107D200005D91B4803B0BDE8F043F7F705BE08F1DD
:107D3000FF330B2B01D91748F4E709F1FF33DBB20E
:107D40001E2B01D91448EDE7EDB2172D01D91348C8
:107D5000E8E7F6B23B2E01D91148E3E7C4B23B2C69
:107D600001D91048DEE741465FFA89F2B8B2FFF761
:107D70001FFF22463146284603B0BDE8F043FFF717
:107D800053BF0948F7F7D8FD0848CBE7B385031080
:107D9000B7B20310D9B20310F7B2031013B3031034
:107DA00030B303104FB303106EB30310A8B3031026
:107DB00038B5C56D04462DB940F261120B490C4827
:107DC000F7F782FEAA88EB889A4205D1A86810B11D
:107DD000A06DC0F38F2038BD9DBFA06D9B1AC0F36E
:107DE0008F20D01A98BFC01AF5E700BFBF1F04103C
:107DF000CFB3031010B5044628B940F23122094927
:107E00000948F7F761FE0023C4E91733236D1B68A7
:107E10002BB1204604F15401BDE810401847184624
:107E200010BD00BF281F0410EC6B031070B5066A6C
:107E300005460C4626B9B42210491148F7F744FE0E
:107E40006B69DA0717D42CB123681BB1214606F100
:107E500040009847F46D21F07FFAE288A3889A42A7
:107E600007D1A468631E5C425C4121F089FA204678
:107E700070BD0124F9E70024F9E700BFFF1F0410DB
:107E8000C7A2031070B50E461546044628B94FF434
:107E90006C7223492348F7F717FE022E27D00CDC1B
:107EA000214B9E422DD0012E27D0236D2A463146EC
:107EB0002046BDE870405B681847032EF5D1D5B168
:107EC0006A68A36DC2F38F22C3F38F239A42A67E02
:107ED00000D016BB95E8030004F1540383E80300C7
:107EE0004EB1236D294620461B68984703E0E38A7C
:107EF00043F02003E382002070BDE38A23F02003D7
:107F0000F8E721F029FA06462046FFF751FF04461C
:107F1000304621F035FA2C60EDE70720ECE700BF92
:107F2000DC1F0410EC6B03107F6604801346006AAC
:107F30000A464FF0FF31F5F7ADBF2DE9F042054697
:107F40000E461746046A04F140093B4632464FF09C
:107F5000FF312046F5F766FF00280BDC6B6913F450
:107F6000804105D14FF0FF32484601F0A7F8ECE719
:107F70006FF00A00BDE8F082006AF5F7C3BF10B5E4
:107F8000046A00212046F5F7E5FF2046F5F718FFC3
:107F9000002010BD70B5066A054626B943221D496A
:107FA0001D48F7F791FD6B6903F00303012B2CD0FB
:107FB000022B0ED05BB31948F7F7BEFC696918486D
:107FC00001F00301F7F7B8FC1648F7F7B5FC0024F9
:107FD0000CE0F38A40F6030413F4006F08BF032497
:107FE0009B054CBF44F4007444F480746B6903F047
:107FF0000303012B03D030460B49F5F7ABFF2146B5
:108000003046BDE87040F5F77FBE0224EEE740F24F
:108010000114EBE7EE1F0410C7A20310E2B3031034
:10802000ECB30310628303102D80021008B5012108
:10803000403001F018F8002008BD00002DE9F041A3
:108040000D46044628B94FF411727A497A48F7F779
:108050003BFD15F4007303D0E28A910540F1E68000
:1080600015F4006703D0E28A120540F1DF8015F4B1
:10807000807203D0E18ACE0540F1D88015F4806883
:1080800003D0E18A480540F1D180690658BF267EB9
:10809000E16D5CBFC6F38016B601EDB24CBF402661
:1080A000B6B22583002940F08A80002A4CD0A06D0A
:1080B000C0F38F200C30F7F71FFE054628B940F2B9
:1080C00063225C495D48F7F7FFFC05F10C0028606E
:1080D000A26D0021C2F38F2221F0DAF80023C5E956
:1080E0000133238BE56543F480732383236D4FF4C1
:1080F0008072102120465B689847236E002B40F069
:108100008880B8F1000F64D00C20F7F7F5FD054624
:1081100028B940F2A52247494948F7F7D5FC284637
:1081200000F0C0FB4FF480621021238B256643F4DE
:1081300080632383236D5B68204698470020238B50
:108140001E432683BDE8F081002BD6D0A06D3D4BA9
:10815000034093B90420F7F7CFFD054628B940F254
:10816000772234493848F7F7AFFC00232B60E565E8
:10817000238B43F400732383BFE7C0F38F200C30BD
:10818000F7F7BAFD054628B940F2822229492B4863
:10819000F7F79AFC05F10C002860A26D0021C2F3EC
:1081A0008F2221F075F80023C5E90133236DE565C1
:1081B0004FF40072032120465B689847D8E71AB154
:1081C00045F48075258398E7002B96D045F400751B
:1081D000F8E7002FB2D02820F7F78EFD054628B922
:1081E0004FF42D7213491948F7F76EFC0023284607
:1081F0000422082140F8043B00F0FEFB238B256697
:1082000043F400632383236D4FF4006203215B6812
:1082100092E7238BB8F1000F03D043F480632383EC
:108220008CE7002F8AD043F40063F8E76FF0070073
:1082300088E700BF371F0410EC6B0310CFB30310A7
:108240001CB4031000FCFF030AB403102FB4031086
:108250002DE9F04115461E46044628B940F2333256
:1082600030493148F7F730FCFEB1238B13F48068B6
:108270001ED0D4F86080B8F1000F05D140F24B1247
:108280002A492B48F7F720FC3746236D29782046EA
:108290009B6898470146481C03D1404600F01AFBF2
:1082A000F3E7013F05F10105EFD13046BDE8F0816C
:1082B0001A0520D5276E4FF0FF3332462946381D68
:1082C00000F0C0FB98B921F047F83B68012B0BD0B8
:1082D00001233B6021F054F8236D32461F69294683
:1082E00002232046B847E0E721F04AF8DDE7F6F739
:1082F0000FFF4646D9E7AF1915F8013B0A2B07D106
:10830000238B5B0604D5236D0D2120469B6898477F
:10831000236D20469B6815F8011C9847AF42EBD1AE
:10832000C3E700BFAF1F0410EC6B0310A01F0410C5
:1083300041B403102DE9F04717461D46044628B9FD
:1083400040F219327A497B48F7F7BEFB002D7CD00A
:10835000238BD9053CD5D4F85C90B9F1000F05D139
:108360004FF48D7274497548F7F7AEFB2E464FF007
:1083700000081BE0D9F80020084612F803A00133DA
:108380009BB2A9F80630A26DC2F38F229A4298BF21
:108390000023BCF1010F08BFC9F80880A9F8063016
:1083A00020F0EEFF013E07F801AB0FD020F0D4FF24
:1083B000B9F80630B9F8042001469A42D9F808C045
:1083C000D8D1BCF1000FD5D120F0DAFFAD1B3CE0D5
:1083D0009A0540F19A802FB94FF4E87258495948EC
:1083E000F7F772FB20F0B8FFA26D574B80461340A1
:1083F000D4F85C907BBBB9F1000F05D14FF4ED725E
:108400004F495248F7F760FBD9F80030012B1FD0D5
:108410000123C9F80030236D1B692BB940F2DF122C
:1084200047494B48F7F750FB236D20461E692A4603
:1084300001233946B0470024404620F0A1FF24B173
:108440006FF00600F6F764FE00252846BDE8F087C9
:108450006FF00604F0E72046FFF7AAFC0646B9F1E4
:10846000000F05D140F2EF1235493448F7F72CFBE5
:10847000AE42A8BF2E46B9F80620A36DD9F8001069
:10848000C3F38F2390199842354611442DD23246BA
:108490003846F6F75BFEE76D2FB94FF4C6722D49EB
:1084A0002648F7F711FB2046FFF782FCB04205D2C1
:1084B00040F28D1227492848F7F706FBBB6813B135
:1084C0000EB10023BB60FB8840461E44B6B2FE805E
:1084D000A36DC3F38F239E4222BFB6FBF3F203FBCF
:1084E0001266FE8020F04CFFAFE79A1A3846F6F786
:1084F0002DFEA06DB9F80630C0F38F201A1AC01AED
:10850000D9F8001032443844C3E72E46236D204684
:10851000DB689847431C3FF459AF0A2807F8010B62
:1085200006F1FF363FF452AF002EEFD14EE700BF09
:10853000911F0410EC6B0310821F0410CFB30310C3
:10854000731F04104FB4031000FCFF030AB40310A0
:1085500078B40310561F04109DB4031038B50446B8
:1085600028B94FF4367236493648F7F7ADFAA37E8C
:10857000012B35D8238BD80534D5236D4FF4807269
:108580005B68112120469847238B23F48073238353
:10859000E36D2BB940F2E32229492B48F7F794FA0F
:1085A000E06DF7F7B3FC0023E365238B5A052CD568
:1085B000236D4FF480625B68112120469847238B1E
:1085C00023F480632383236E2BB940F2F7221C49E6
:1085D0001E48F7F779FA206EF7F798FC0023236618
:1085E000002038BD9905E0D5236D4FF400725B681B
:1085F000112120469847238B23F400732383E36DD6
:10860000002BCDD14FF43B72C6E71B05E8D5236D97
:108610004FF400625B68112120469847238B256E3A
:1086200023F4006323832DB940F20532044908483E
:10863000F7F74AFA281D00F0C3FB2846CCE700BF35
:10864000461F0410EC6B0310C3B40310DDB4031019
:108650002FB40310F8B50D4616461F46044628B938
:1086600040F289420E490F48F7F72EFA0023C4E979
:10867000073323750C4B294663620C4B2046A362DB
:108680000B4BE764E3620B4BB2B223630A4B6363A9
:108690000A4BA363F5F7F6FA094BE363F8BD00BF95
:1086A0001020041054680310F57D02103D80021064
:1086B0005D8502103583021051820210857E021002
:1086C000282004102DE9FF41CBB2013B0446032BC7
:1086D00072D8DFE803F0024F7755C56D2DB940F22F
:1086E000B5426A496A48F7F7EFF901260027236D7A
:1086F0002046DB689847B0F1FF3F804620D020F04D
:108700002BFEAB882A6802F80380AB8801339BB24A
:10871000AB80A26DC2F38F229A4298BF0023EA88F1
:10872000AB809A4209D1531C9BB2EB80AE60A26D24
:10873000C2F38F229A4298BFEF8020F021FED6E745
:10874000E369002B38D020F007FEAA88EB889A4214
:108750003DBFA56D9B1AC5F38F25D51A38BFED1AFD
:1087600020F00EFE45B3E3692946204604B0BDE87B
:10877000F0411847006E04B0BDE8F04100F014B9B4
:10878000056E02AA2E1D03A90023304600F0F6F95B
:10879000304602AA01A900F0AFFA80B901232B608C
:1087A000236D2046DDE901121D690223A847236AD3
:1087B00013B120460399984704B0BDE8F081002327
:1087C0002B60F4E7826D334B0D121340B3B9C66DC5
:1087D0002EB940F214522D492F48F7F775F9E36985
:1087E0002BB940F2165229492C48F7F76DF9E36985
:1087F00029462046984700233360DDE720F0ACFD92
:10880000E76D06462FB94FF4D17225492048F7F796
:108810005BF9BB88FA88591989B29A42B98011D894
:10882000A36DC3F38F238B4219D8B1FBF3F003FB85
:10883000101189B28A42B98011D80123BB60BA886D
:10884000FA800FE08A420AD8A36DC3F38F238B42CC
:108850009EBFB1FBF3F203FB1211B980EDE7BB68D9
:10886000012BECD0A36D2046C3F38F2393429CBF12
:108870000023FB80FFF79CFA0546304620F080FD80
:10888000E369002B7FF470AF96E700BF171F041059
:10889000CFB3031000FCFF030AB40310F7B40310B6
:1088A000FA1E041010B5044620B9152207490848DD
:1088B000F7F70AF920F050FD2346002243F8042B75
:1088C000C4E90133BDE8104020F05ABD7220041005
:1088D0001DB50310F7B50446019120B924222D4996
:1088E0002D48F7F7F1F8F7F757FF054620F034FD6C
:1088F00023680646012B48D06368271D9F4204D099
:108900002D2224492548F7F7DFF8019B002B3ED0A4
:10891000002328462B63F7F7B9FFA26805F114037B
:108920001360A268AA61A3606F6120F015FD07467D
:10893000F6F730FA40B117491948F6F7FDFF402223
:1089400014491848F7F7C0F8384620F019FD019B84
:10895000002B09DD05F14C070021384601AAF8F784
:108960007FFB3846F8F7C6FA304620F009FDF7F7E6
:10897000CFFD2D6B20F0F0FC06460023236030462F
:1089800020F0FEFC284603B0F0BD0025F5E76FF0AF
:108990000105F4E75F2004101DB5031033B5031083
:1089A000EE8F0310D392031038B5044620B9642229
:1089B0000F491048F7F788F82368012B17D020F0EB
:1089C000CBFC0123236054F8043F0546A3420AD0A0
:1089D000A3F11400F8F746F8284620F0D1FCBDE8D2
:1089E0003840F7F795BDBDE8384020F0C9BC38BD28
:1089F0004C2004101DB50310F8B50D4616461F4651
:108A0000044620B91C220D490D48F7F75DF80023F4
:108A1000A36004F11003C4E9043304F11803C4E9AA
:108A20000633276225806680E800F7F765F9E06085
:108A300000280CBF6FF004000020F8BDD220041005
:108A400062B503102DE9F3478846174604460193A3
:108A500020B93C2245494648F7F736F8F7F79CFE1F
:108A6000054620F079FC0646638921892288591A37
:108A7000914228D0B3FBF2F102FB1133E2689BB2C2
:108A800042F8338063892288B3FBF2F102FB113391
:108A9000E2689BB202EBC3025760638901336381D2
:108AA000234653F8180F98425DD01438F7F7DAFFD1
:108AB000304620F065FCF7F72BFD4FF000094846E3
:108AC00002B0BDE8F087019B002B49D020F044FCA8
:108AD0008146F6F75FF940B124492648F6F72CFFA6
:108AE0004D2222492448F6F7EFFF4FF0000A48468E
:108AF00020F046FC2846C5F830A0F7F7C7FE6269AB
:108B000005F1140313606269AA61636104F1100343
:108B10006B61019B534509DD05F14C0951464846FF
:108B200001AAF8F79DFA4846F8F7E4F9304620F034
:108B300027FCF7F7EDFCD5F8309020F00DFC064649
:108B4000B9F1000F90D0304620F01AFCB9F1000FB7
:108B5000B5D1236A002BB0D0022120469847ACE75C
:108B60006FF00109EFE74FF00009ECE7BF200410B8
:108B700062B50310EE8F0310D39203102DE9F34773
:108B8000884617460446019320B995225449554812
:108B9000F6F79AFFB8F1000F04D1962250495248D7
:108BA000F6F792FF27B997224D495048F6F78CFF08
:108BB000F7F7F2FD064620F0CFFB054623896289D0
:108BC0009A4237D02288B3FBF2F102FB1133E268FC
:108BD0009BB252F83330C8F8003023892288B3FBA7
:108BE000F2F102FB1133E2689BB202EBC30253685D
:108BF0003B602389628901339BB22381D31A628847
:108C0000934269DC234653F8100F98425DD0143824
:108C1000F7F728FF284620F0B3FBF7F779FC236A23
:108C200013B10321204698474FF00009484602B08F
:108C3000BDE8F087019B002B4BD020F08DFB8146D7
:108C4000F6F7A8F840B126492948F6F775FEA7229D
:108C500023492848F6F738FF4FF0000A484620F02D
:108C60008FFB3046C6F830A0F7F710FEE26906F138
:108C700014031360E269B261E36104F118037361E4
:108C8000019B534509DD06F14C095146484601AAAE
:108C9000F8F7E6F94846F8F72DF9284620F070FB7A
:108CA000F7F736FCD6F8309020F056FB0546B9F1C0
:108CB000000F83D0284620F063FBB9F1000FB5D137
:108CC000236A002BB0D00121ACE7284620F058FBE6
:108CD000A5E76FF00109EDE74FF00009EAE700BFF3
:108CE000AD20041062B5031073B5031087B50310EF
:108CF000EE8F0310D392031070B50E46154604464E
:108D000020B9F82214491548F6F7DEFE20F024FBBE
:108D1000238962899A4204D120F032FB6FF003006C
:108D200070BD2288B3FBF2F102FB1133E2689BB203
:108D300052F83330336022882389B3FBF2F102FB0F
:108D40001133E2689BB202EBC3035B682B6020F037
:108D500017FB0020E4E700BF9A20041062B503105F
:108D6000F8B504464FF0FF37F7F77AFC04F1180620
:108D7000A369B3420CD14FF0FF3704F11006236909
:108D8000B34211D1F7F77AFCBDE8F840F7F7C0BB62
:108D900020F0E2FA0546A069C7611438F7F762FED1
:108DA000284620F0EDFAE3E720F0D6FA05462069E0
:108DB000C7611438F7F756FE284620F0E1FADEE7DF
:108DC00010B5044628B940F24D1206490648F6F798
:108DD0007BFE2046FFF7C4FFE068F7F797F8002016
:108DE00010BD00BF8520041062B5031070B50E469B
:108DF0001546044620B92A2209490A48F6F764FEB6
:108E0000002D04DC2B2206490748F6F75DFE0023FF
:108E1000C4E90066C4E9023325F00305258270BD6C
:108E20003521041097B503100D9E0310D0E90231CF
:108E30000246080CB0EB134F08D0D18953899942F0
:108E40000BD8B2F910005B1AC01A70474B4013F0F0
:108E5000FF00FAD0B2F910007047C81A704700003E
:108E60002DE9F0410E469046044620B960221B4988
:108E70001B48F6F729FE2046FFF7D8FFB4F910701B
:108E80003D1AADB27DB1454528BF4546E3896068CE
:108E9000FA1AAA42184409DD2A46314602F034FA89
:108EA000E3892B44E3812846BDE8F081314602F096
:108EB0002BFAE389B4F910106068C91A6A1A3144B0
:108EC00002F022FAE289238AD21AA3892A44DB43D8
:108ED0009BB243EA0243E360E5E700BF23210410AD
:108EE00097B503102DE9F8430E461546044620B900
:108EF000952222492248F6F7E7FDB4F91080204672
:108F0000FFF794FFB4F810904545C2BFA5EB0805E4
:108F100076194D46E389A9EB0007A8EB03026068C8
:108F2000AA42BFB218440DDD2A46314602F0ECF9E0
:108F3000E389BD422B449BB2E38100D9638128467B
:108F4000BDE8F883314602F0DFF9E389B4F9101087
:108F50006068C91A6A1A314402F0D6F9A389228AD4
:108F6000DB43A381E389BD42A3EB02032B449BB205
:108F7000E381E4D92289D2432281DFE70B21041067
:108F800097B50310F8B50E461746044620B9CB2214
:108F900018491948F6F798FD2046FFF747FF0546A0
:108FA00090B16389B4F91020874288BF87B22168E5
:108FB000D21ABA423D46194408DD3A46304602F01C
:108FC000A3F963892B4463812846F8BD304602F03B
:108FD0009BF96389B4F910002168C01A3A1A304429
:108FE00002F092F92389228ADB43238163899B1A49
:108FF000E8E700BFF920041097B5031010B5044648
:1090000028B94FF4DA7204490448F6F75DFD0023ED
:10901000C4E9023310BD00BFE520041097B503106A
:109020000020704738B504460D4620F095F9A26837
:109030002B1D1360A2680434AA6063606C60BDE8F5
:10904000384020F09DB910B5044620F085F9D4E9E8
:1090500001124A606168231D1160C4E90133BDE853
:10906000104020F08DB92DE9F041044605460F4629
:1090700020F072F90123064645F8043B6468A542D6
:1090800008D10024304620F07BF9ACB1BDE8F041B6
:10909000F7F73EBAA4F1040839464046A36898475A
:1090A00040B954F8040CF7F7DDFC4046FFF7CBFF5E
:1090B0000124E7E72468E2E7BDE8F0812DE9F0410B
:1090C00086B00F4614460646F7F766FB054620F0C5
:1090D00043F98046F5F75EFE40B124492448F6F78F
:1090E0002BFC562221492348F6F7EEFC404620F09F
:1090F00047F92046F4F7F6FC009097BB88B3F7F7E2
:109100004BFB1D4B0190049302ABCDE90233059755
:1091100020F022F933680446012B1AD0304601A909
:10912000FFF780FF2846F7F7B1FB009B013308D01B
:109130004C356A4639462846F7F792FF2846F7F736
:10914000D9FE204620F01CF9F7F7E2F920F004F9E7
:10915000044600232046336020F012F901A8FFF7EF
:1091600072FF002006B0BDE8F08100BF4821041066
:10917000EE8F0310D392031021900210F8B555EC36
:10918000104BC5F30A522F460646A2F2FF33132BAB
:1091900017DC002B3CDB244A42FA03F305EA030206
:1091A00052EA040117D020462946002425EA030587
:1091B00022462B46C6E900230BF000FB41EC100BC6
:1091C000F8BD332B14DCA2F213424FF0FF33D3402F
:1091D00013EA040107D107F000430A46C6E9004537
:1091E00043EC102BF8BD2046294624EA0304DFE7B0
:1091F00086ED000B00F01AF880B922462B46204677
:1092000029460BF0DDFA41EC100BC6E90001F8BD70
:10921000002205F00043C0E90023F8BD002205F05C
:10922000004343EC102BF8BDFFFF0F0051EC100B77
:1092300021F000430A4650EA03010ED0A3F5801C3A
:1092400009498C450DD909490A4208D0002808BFB0
:109250008B420CBF01200020704702207047032082
:1092600070470420704700BFFFFFDF7F0000F07FE2
:109270000A22002100F032B9024B0A460146186862
:10928000F8F7ABBB44B80020024B01461868F8F76A
:1092900091BB00BF44B80020024B01461868F8F7A4
:1092A000A6BB00BF44B80020024B1868416805F017
:1092B0008BBF00BF44B800200C4B0D4819680D4A05
:1092C000D1F8983010B403FB00F0D1F89C4002FBB9
:1092D00004005DF8044BA3FB0232013340EB0200B3
:1092E000C1E9263020F00040704700BF44B800209C
:1092F0002DF451582D7F954C2DE9F04F81468E4627
:109300006D4875461EF801BB10F80B4014F00804B8
:10931000F7D1BBF12D0F23F010075DD0BBF12B0F60
:1093200010D0AFB9BBF1300F00F08D80002B00F0F2
:10933000858010236FF078460F27984600246FF041
:10934000004A0DE09EF800B005F1020E002F60D03B
:109350006FF000479846B7FBF3F6BA4603FB167763
:10936000002528460EE0ABF1370C9C451DDA01358F
:1093700004D0B04202D822D1BC4520DD4FF0FF35E9
:109380001EF801BBABF1300CBCF1090FEDD9ABF10C
:10939000410CBCF1190FE6D9ABF1610CBCF1190F0E
:1093A00003D8ABF1570C9C45E1DB6B1C0BD004B12F
:1093B000404212B1002D57D11160BDE8F08F08FB7B
:1093C00000C00125DCE72223C9F80030002A4DD077
:1093D0000EF1FF315046EFE79EF800B005F1020EA6
:1093E00067B9BBF1300F44D0002B50D10A23334E64
:1093F0000827012498464FF0004AB1E74FF0004A91
:1094000098460124BAFBF3F603FB06F7AAEB07071D
:10941000A6E7BBF1300F89D1A87800F0DF0058280B
:109420001ED1102395F803B005F1040E98466FF095
:109430000047B7FBF8F608FB16777FE70A231F4EB5
:10944000072798467AE79EF8000000F0DF005828CA
:1094500006D110239EF801B005F1030E9846E6E709
:1094600023BB08239846E2E78246B1E75046BDE8B1
:10947000F08FA87800F0DF00582810D0CBB110236F
:1094800098464FF0004A0124BAFBF8F668E710232B
:109490004FF0006601244FF0004A984660E7102321
:1094A00095F803B005F1040E9846EAE710239846B4
:1094B000BDE708239846E4E70D240410CCCCCC0C7F
:1094C000242B03D8012B01D0FFF716BF10B5F8F7F6
:1094D0004BFA16230360002010BD00BF242A134658
:1094E00010B509D8012A07D0064C0A460146206863
:1094F000BDE81040FFF700BFF8F736FA1623036007
:10950000002010BD44B800202DE9F04707460E4664
:109510004548354616F801EB10F80EC01CF0080C53
:10952000F7D1BEF12D0F63D0BEF12B0F3AD06446B8
:1095300033F010003ED04FF0FF389A46B8FBF3F8F6
:1095400003FB08F96FEA0909002528460EE0AEF191
:10955000370C63451DDD013504D0404502D834D1B8
:10956000CC4532DD4FF0FF3516F801EBAEF1300C93
:10957000BCF1090FEDD9AEF1410CBCF1190FE6D9E0
:10958000AEF1610CBCF1190F03D8AEF1570C634575
:10959000E1DC6B1C25D004B140420AB135BB11603F
:1095A000BDE8F08733F0100096F800E0644605F15E
:1095B0000206C0D1BEF1300F1FD05BB90A234FF0B5
:1095C0000509DFF868809A46BEE70AFB00C001255E
:1095D000CAE70BB310234FF00F096FF070489A469B
:1095E000B2E7222328463B60002AD9D0711ED6E775
:1095F00096F800E00124AE1C9AE7307800F0DF0016
:109600005828E6D1102396F801E04FF00F090236F2
:109610006FF070489A4697E708234FF007096FF0FC
:1096200060489A4690E700BF0D2404109999991953
:10963000FFF76ABF10B4044C13460A46014620687F
:109640005DF8044BFFF760BF44B8002070B50029F7
:109650003FD006460C4610B1436B002B3CD0636EE6
:10966000B4F90C20DD0732D4900538D521463046B8
:1096700000F054F8E36A054633B1E1693046984793
:109680000028B8BF4FF0FF35A3891A0639D4216BE3
:1096900041B104F14003994202D03046F8F7A7F9EE
:1096A00000232363616C21B13046F8F7A0F9002351
:1096B000636400F06FFB636E0022DB07A2811CD5A0
:1096C000A06D01F017FE00F06BFB284670BD002A6C
:1096D000CCD10025284670BD00F03EFBBFE7A06D51
:1096E00001F00CFEB4F90C30002BBFD1636ED9072A
:1096F000EFD4A06D01F006FEEBE7A06D01F002FED5
:10970000DEE721693046F8F772F9C0E7024B0146FF
:109710001868FFF79BBF00BF44B80020B1F90C20C8
:109720002DE9F04115070C4680464ED4496842F4B5
:1097300000630029A38163DDA66A002E42D00021C8
:1097400012F48052D8F80050C8F8001065D10123F7
:10975000E1694046B0470246501C6CD0B4F90C3069
:10976000A66A590705D56368D21A236B0BB1E36B60
:10977000D21A0023E1694046B047421CB4F90C30CC
:109780004DD1D8F800101D2940D8304ACA40D7071B
:109790003CD523F40062DE04A2814FF00002626037
:1097A0002269226001D5002943D0216BC8F80050FE
:1097B00041B104F14003994202D04046F8F717F94D
:1097C000002323630020BDE8F0810E69002EF9D04C
:1097D00092070D680E600CBF4B690023AD1B8B60B8
:1097E0000BE02B463246E1694046676AB847B0F164
:1097F000000CA5EB0C05664406DD002DF1DCE1E76D
:10980000E16B002998DCDDE7B4F90C3043F040034C
:109810004FF0FF30A381BDE8F081226DA1E723F472
:109820000062DB04A2814FF00002626022692260C4
:10983000BBD52065B9E7D8F80030002B8ED01D2BA2
:1098400001D0162BE0D1C8F80050BBE70100402042
:1098500038B505460C4608B1436B03B3B4F90C00A8
:1098600088B1636EDB0701D481050FD528462146F8
:10987000FFF754FF636E0546DA0702D4A3899B0500
:1098800008D5284638BD0546284638BDA06D01F0EC
:1098900035FDEBE7A06D01F035FD284638BD00F041
:1098A0005BFADBE72DE9F041654C84B00E461746C4
:1098B000D4F800801D460446B8F1000F04D0D8F853
:1098C0003430002B00F0A480022F05D0012F00F2CD
:1098D000A380002DC0F2A080636EDB073CD521463B
:1098E0004046FFF7B5FF216B41B104F140039942B7
:1098F00002D04046F8F77BF800232363B4F90C202C
:1099000000231106A361636056D44E4B022F03EA75
:109910000203A3815CD003AB02AA2146404605F0B6
:10992000F3FCA3891843A081EDB1EEB1D8F834302F
:1099300043B3029AB4F90C30AA4202D043F4006354
:10994000A381012F22D018072660C4E9046527D51A
:10995000D90752D4A56025E0A3899805BFD4A06D8E
:1099600001F0CCFCBBE7029D2846FFF78DFC0646C4
:10997000002854D0A38943F08003A381D8F8343061
:10998000002BD6D1404600F0E7F9D2E743F00102C0
:10999000266012B2C4E904651E07A2812ED41346C4
:1099A0000022A260626ED20701D49B052CD500254F
:1099B000284604B0BDE8F08121694046F8F717F861
:1099C000B4F90C201F4B022F03EA0203A381A2D19A
:1099D000002543F0020204F143010020A28101228C
:1099E00021606261626E2161D207A060E0D49F05B0
:1099F000DED4A06D01F086FCDAE71A4600216D4244
:109A00001346A160A561CDE7A06D01F07BFCCEE718
:109A1000404600F0A1F957E74FF0FF35C8E7029B39
:109A2000AB4208D018460193FFF72EFC019B064677
:109A30001D4600289ED1B4F90C304FF0FF35C8E721
:109A400044B800205CF3FFFF0CB40029214B10B593
:109A50001C689CB038DB4FF000034FF40272029098
:109A60001B931FAB0690ADF8142018D001394FF6A8
:109A7000FF701E9A0491079102A9ADF816002046C6
:109A8000019303F0ADFA421C01DA8B232360029BA1
:109A900000221A701CB0BDE8104002B070474FF6AB
:109AA000FF700491079102A9ADF8160020461E9A96
:109AB000019303F095FA431C01DA8B2323601CB059
:109AC000BDE8104002B070478B234FF0FF30236099
:109AD000F5E700BF44B8002038B51C4D04462B689C
:109AE0000BB15A6B32B3626EB4F90C30D10705D4A6
:109AF0009A050BD5B4F90E50284638BD002BF9D184
:109B00002B6809221A604FF0FF35F5E7A06D01F0D0
:109B1000F5FB636EB4F90C2003F0010372B1B4F9E4
:109B20000E50002BE8D19305E6D4A06D01F0EAFBBE
:109B3000284638BD184600F00FF9D4E72A680921F5
:109B40001160002BDFD14FF0FF35EEE744B8002065
:109B5000024A0349034805F015BB00BF30B8002096
:109B60004D96021048B800200C4B4168994210B540
:109B7000044601D0FFF76AFDA168094B994202D063
:109B80002046FFF763FDE168064B994204D020466A
:109B9000BDE81040FFF75ABD10BD00BF74F90020AA
:109BA000DCF9002044FA00202DE9F843314A002571
:109BB000314C04233149DFF8D89004F15C00DFF820
:109BC000D4802F4F2F4E11602946082225606566EC
:109BD000C4E90335C4E90155C4E905551FF014FC77
:109BE00004F15800E662C4E90749C4E9098701F0B5
:109BF0007FFB254B2946082204F1C40063672567D3
:109C0000C4F8CC50C4F88050C4E91A55C4E91E55B4
:109C10001FF0FAFB04F1680304F1C000C4F88430BB
:109C2000C4E92298C4E9247601F062FB174B294667
:109C300004F596700822C4F8DC30C4F8D850C4F893
:109C40003451C4F8E850C4E93455C4E938551FF01C
:109C5000DBFB04F1D00304F59470C4F8F090C4F871
:109C6000FC60C4F8EC30C4E93D87BDE8F84301F07E
:109C70003FBB00BFACFA002074F90020519B0210DA
:109C800015F502103DF50210090001001200020056
:109C9000ADF40210D5F40210F8B506462A4801F0DA
:109CA0002DFB2A4B1B68002B44D0294FD7E90134E8
:109CB000013B04D524E05A1C04F1680420D0B4F917
:109CC0000C50013B002DF6D1224B04F15800656683
:109CD000E36001F00DFB1C4801F014FB082229464B
:109CE00004F15C002560A561C4E90155C4E904558F
:109CF0001FF08AFBC4E90C55C4E911552046F8BD94
:109D00003D680DB12F46D1E74FF4D6713046F7F7D5
:109D100051FE044688B1042305600C3029462546CF
:109D200040F8083C4FF4D072A0601FF06DFB3C601F
:109D30002F46BBE7FFF738FFB7E703483C6001F069
:109D4000E1FA0C233360D9E7DCFA0020ACFA0020FA
:109D500030B800200100FFFF10B504460A4801F0AA
:109D6000CDFA636B23B9094B094A1B68626323B1BF
:109D70000548BDE8104001F0C5BAFFF715FF0248DD
:109D8000BDE8104001F0BEBADCFA0020ACFA0020B9
:109D9000699B0210014801F0B1BA00BFDCFA002053
:109DA000014801F0AFBA00BFDCFA0020F0B514465C
:109DB00083B00E46074601AA214605F0C3FB0028E2
:109DC00035D005463846FFF767FF044600282ED0F9
:109DD00031464FF4DB73019A3846F7F7DCFD061E77
:109DE0001CDB636EDB0702D4A38998052DD51B4BC2
:109DF0002DB21B4A2362E9051A4BE681E461A58175
:109E0000C4E90923184BE36215D4636EDA0702D460
:109E1000A3899B051DD5204603B0F0BDFFF7BAFF0F
:109E20000023A06DA38101F065FAFFF7B9FF0024BC
:109E3000204603B0F0BD022300222146384605F03B
:109E40009FF9636EDA07E6D4E2E7A06D01F056FAF7
:109E5000CDE7A06D01F056FADDE700BFADF40210CA
:109E6000D5F4021015F502103DF50210024B0A461A
:109E700001461868FFF79ABF44B80020032A30B49F
:109E800012D941EA000484460B46A40721D11946A1
:109E9000604653F8044B5CF8045BA54219D1043AC0
:109EA000032AF4D860461946541E7AB1431E01397C
:109EB000021901E09A4209D013F8010F11F801CFFD
:109EC0006045F7D0A0EB0C0030BC7047002030BCE0
:109ED0007047541EEAE700BF830710B5044610D14F
:109EE0000268A2F1013323EA020313F0803F08D194
:109EF00050F8042FA2F1013323EA020313F0803F4C
:109F0000F6D003781BB110F8013F002BFBD101F014
:109F100091F9204610BD00BF82B30B4630B540EA30
:109F200001048646A40717D1032A07D814E0043A8F
:109F300022D01CF0803F1FD1032A23D9DEF8004035
:109F4000194653F8045B7046A4F1013C0EF1040E6F
:109F5000AC422CEA040CEAD00378013A0C78A34214
:109F60000ED1024406E03BB110F8013F11F8014F59
:109F7000A34205D19042F6D1002030BD1046704773
:109F8000181B30BD70461946E6E700BF40EA0103E2
:109F90009B0730B501D1032A17D8844601F1FF3E53
:109FA00007E01EF8011F541E03F8011B29B12246C9
:109FB0009C466346002AF4D130BD002CFCD094446A
:109FC00003F8011B6345FBD130BD0C468446256870
:109FD00021460434A5F1013323EA050313F0803F41
:109FE000DCD1043A4CF8045B032AF0D82146D5E7CB
:109FF00038B511F0FF040CD00346002501E0431CE6
:10A0000005462146184605F09BFC0028F7D1284656
:10A0100038BD2146BDE8384005F092BC01292DE944
:10A02000F0415DD94FF0010800244FF0FF35C646DE
:10A03000434608E0A3EB05081C464FF0010E04EB75
:10A040000E03994210D900EB050CC75C1CF80E609A
:10A05000B742EFD332D04FF001082546C6464444FC
:10A0600004EB0E039942EED8012700244FF0FF368F
:10A07000C2F80080BE463B4607E09F1B1C464FF0DF
:10A08000010E04EB0E03994210D900EB060C10F8F8
:10A0900003801CF80EC0E045EFD814D001272646F7
:10A0A000BE463C4404EB0E039942EED80136681CD0
:10A0B000864201D330461760BDE8F081C64507D01F
:10A0C0000EF1010EBBE7BE4506D00EF1010ED8E73A
:10A0D00074444FF0010EB2E774444FF0010ED0E724
:10A0E00001270026E6E700BF2DE9F04FADF21C4D39
:10A0F000934680468A4605AD194658461C462A4670
:10A10000FFF78CFF2B4681460DF2144243F8044FB3
:10A110009342FBD174B1601E0BF1FF32584412F828
:10A12000011F06AEA31A824203F1FF335B4446F8D7
:10A130002130F4D12B684A4658460BEB03010193BA
:10A14000FFF79CFE002877D144F400630746AAEB92
:10A15000040E661E05460293AE4510D308EB050CAF
:10A1600006AA1CF8063052F82330BBB11FB1019A81
:10A170009A4288BFA31A1D440027AE45EED208EBD1
:10A180000A00029905F058FC8244AAEB040EAE4581
:10A19000E4D200200DF21C4DBDE8F08F4F453B4648
:10A1A00038BF4B469E4218D9591EEA1800955944AB
:10A1B000424402E001339E420ED012F8010B11F826
:10A1C000015F8542F6D09E42009D06D9C9F1010289
:10A1D00000272A44D518BFE7009D4F4509F1FF33FA
:10A1E00080F0818005EB09020BEB090100954244E8
:10A1F000CDF80C9002E09F4213D04B4611F8015D60
:10A2000003F1FF3912F8010D8542F4D0009D0133AE
:10A21000DDF80C9001379F4209D8019B1D44E71AD5
:10A220009AE70137009DDDF80C909F42F5D9604612
:10A230000DF21C4DBDE8F08FA4EB0903AAEB040E50
:10A24000661E4B4538BF4B4601332B6000250193FA
:10A2500044F400630093AE4509D308EB050006AA59
:10A26000835D52F823306BB11D44AE45F5D208EB47
:10A270000A00009905F0E0FB8244AAEB040EAE450B
:10A28000EBD286E7B14517D209F1FF3105EB0902A0
:10A290004B465944424402E00133B3420CD012F819
:10A2A000017B11F801CFBC45F6D09E4204D9C9F11B
:10A2B00001022A44D518CEE7B9F1000F3FF46AAF86
:10A2C00005EB09010BEB0902414402E05B453FF459
:10A2D00061AF12F801CD11F8017D1346BC45F5D0F0
:10A2E000019B1D44C1E74B4694E700BF2DE9F041B7
:10A2F0000D46097890B0044600294AD06A78002AB1
:10A300006BD0AB78002B48D0E878002879D02B7937
:10A31000002B67D0284601F06DF80646204646F42B
:10A32000007105F089FB864246D8FE2E00F2878038
:10A33000801B4022711C271868461FF065F86EB11B
:10A340006A1E5FFA86FC901912F8013F03F03F0382
:10A35000A91A90426B4461441970F5D1013CA35D88
:10A3600003F03F036B441B781C44A74203D228E050
:10A370004444A74225D314F806C032462946204655
:10A380000CF03F0CEC449CF80080FFF777FD0028B0
:10A39000EED1204610B0BDE8F081007842EA0142DB
:10A3A00050B140EA0343214614F8010F9A4241D0CC
:10A3B0000028F6D19A423DD00024204610B0BDE8D6
:10A3C000F081BB5DB819002BF6D04FF4006105F0A9
:10A3D00033FB0744A742C1D2EEE710B0BDE8F0411D
:10A3E00005F0AEBA2278002AE6D0296809BA42EA16
:10A3F0000323204614F8012FF2B19942F7D1C41E6D
:10A40000C7E7120442EA0162217842EA03230029E5
:10A41000D2D0024600E049B141EA0200254614F8D4
:10A42000011FB3EB002F4FEA0022F4D19342C3D1B6
:10A43000AC1EAEE74C1EACE79942BDD1DFE701464A
:10A4400033462A46204610B0BDE8F041FFF74CBE27
:10A4500008B5F7F7C7FBBDE8084005F005BB00BF2E
:10A4600001683B29F0B5044683B000F2C38041681F
:10A470003B2900F2B280A168172900F2A18021696E
:10A480000B2900F2908063699A0739D17448754AA4
:10A49000754D00FB0326B5EBB60F6FD2E3681D20A8
:10A4A000002B31DC6E4D6F4E6F4F013980F0CE8046
:10A4B00061694A1E12F0030F62616AD105FB0262F4
:10A4C000B7EBB20FC0F0A38001F26B71674A05FBD6
:10A4D0000161B2EB311F2CBF1D201C2003F11F02B4
:10A4E000002A5BDC03F13D02002A00F3AD80092164
:10A4F0005F4B53F821301344002BD6DD1A464EE053
:10A500001C20E368002BCDDD0226594D012905D121
:10A51000984231DA1B1A0221C4E9033655F821208A
:10A5200001319A42A3EB020326DA0C29C4E9033174
:10A53000ECD167694FF0000E49491C207A1CDFF806
:10A5400024C1C4F810E012F0030F626101FB02C2E3
:10A550000AD107F26D771D2001FB07CC01F1804184
:10A560000139B1EBB20F54D2002155F8212001314D
:10A570009A42A3EB0203D8DB03B0F0BD03F26C7385
:10A5800000FB0322394BB3EB321F2CBF1D201C20D4
:10A59000B7E703F11F021C20002AA3DD0B21C4E949
:10A5A000032103B0F0BD0C22684601F02FF8636967
:10A5B000DDE9002113440029636140DB216163E789
:10A5C0001822684601F022F8E368DDE900120B4426
:10A5D000002AE36024DBA26051E73C22684601F0D8
:10A5E00015F8A168DDE900231144002BA16021DBEF
:10A5F000636041E73C22684601F008F86168DDE9E4
:10A6000000231144002B61600FDB236030E71D2025
:10A6100064E7164A0021B2EB3C1F38BF1C20A4E7B8
:10A620001832013BC4E9022329E73C330139C4E96C
:10A6300000311DE73C330139C4E901311CE70C311D
:10A64000013BC4E904131FE70A21A8E701291A46C0
:10A650007FF44EAF0244002AA1DC002148E700BF8E
:10A66000295C8FC250B81E05285C8F020AD7A30050
:10A67000882104102DE9F04F064683B005F022FA38
:10A6800080463046FFF7ECFEC449B2687769D6E9E8
:10A690000053C3EB031305EB8305D6E9034351F8DD
:10A6A0002310013C012B0C444FF4616101FB025566
:10A6B00002DDB80700F09B8042F2107344F620627E
:10A6C000F4613B44934200F29781462F4FDD4623CD
:10A6D00040F26D1AB248DFF8D8E2DFF8D89213F0F2
:10A6E000030F00FB03FC40F26D120CD103F26C71FE
:10A6F000BEEBBC0F4FF4B77200FB01F103D3B9EB13
:10A70000311F38BF524601331444BB42E7D1A54B39
:10A710004FEAE579C4FB035900F056FA00F060FAFD
:10A72000A14BD3F800B0BBF1000F00F0EF80D6F8DA
:10A7300020A070695246D8F8043000F26C70012AEB
:10A74000A8BF01228342019268D000F067F9002877
:10A7500064D1DDF804B0BBF1010F40F0D780D8F828
:10A7600050704FF0010B7D1949EBE777D3E0CED065
:10A77000442F00F3FA80452340F26D1A8849DFF830
:10A780002CC2DFF82CE2DFF82C9213F0030F01FB50
:10A7900003C040F26D120CD1BEEBB00F03F26C702F
:10A7A0004FF4B77201FB00C003D3B9EB301F38BFC1
:10A7B0005246013BA41ABB42E7D1B90740F0CC8016
:10A7C000774A7A4B7A4902FB0730B1EBB00FC0F001
:10A7D000C98007F26C7102FB0133764AB2EB331F7A
:10A7E00040F26D1328BF4FF4B773E41A8FE76C4A39
:10A7F0006E4B6F4902FB0730B1EBB00F80F0A280C7
:10A80000013442F2107344F62062F4613B449342F7
:10A8100000F2F280462F3FF75AAFA9E7D8F8482058
:10A82000D8F82810D8E913E3B2EB010C4FEAE37B28
:10A830006EEBE170D21A6EEBE37E954279EB0E0E71
:10A8400003DA654579EB000283DAD8F82020B2EB11
:10A85000030ED8F8242062EB0B02754579EB020257
:10A86000D8F80020ACBF4FF0010E4FF0000E654548
:10A8700079EB0000B4BF01200020002A6FD00EEA5F
:10A880000002BAF1000F9346FFF665AF019A8BEA1A
:10A89000020ABAF1010F7FF45EAFF26830680192EC
:10A8A000BBF1000F65D15B1A18445D19306030466A
:10A8B00049EBE379FFF7D4FDF368019A9B1A25D0A1
:10A8C000012B65DD4FF0FF3AF1691AEB010175D4F8
:10A8D000BB0740F08B80324B3448354A03FB070EF0
:10A8E000B2EBBE0FC0F08C8007F26C7703FB070061
:10A8F000304BB3EB301F40F26D1328BF4FF4B773EA
:10A900009942A8BFC91A5444F16124E7D8F82870C5
:10A910007D1949EBE777043400F05CF9264981FBA7
:10A920000431E3172144C3EBA103C3EBC303E31AD0
:10A9300000D50733C6F820B0B3612846394603B0C6
:10A94000BDE8F08F07F26C7102FB0133194AB2EBDC
:10A95000331FFFF456AF53E740F26D1345E74EEA5D
:10A9600000028EE74FF4B7733FE7452740F26D13BF
:10A970003BE7C91A08444D193060304649EBE1798C
:10A98000FFF76EFDF368019A9B1A3FF4E8AE97E774
:10A99000B3F1FF3FA8BF9A4696E700BF58210410C5
:10A9A000295C8FC280510100D0FA002050B81E05EA
:10A9B000285C8F020AD7A30093244992781E82074D
:10A9C00017D1124B1249134A03FB0010B2EBB00F20
:10A9D00019D307F26B7703FB07110F4BB3EB311F52
:10A9E00040F26D1138BF4FF4B6718CE740F26D1331
:10A9F00086E74FF4B67186E74FF0FF352F469CE7A8
:10AA00004FF4B7737CE740F26D117CE7295C8FC28D
:10AA100050B81E05285C8F020AD7A3002DE9F04725
:10AA2000044605F04FF840F2B1739C4240F3AA800F
:10AA30006FF4F66C86465C4AA4F26D73A444A4F2EB
:10AA4000B271446040F26D104FEAAC0C6FF4C8690B
:10AA50000EF1500500FB01CC82FB0301DB175348CC
:10AA6000A3EB61139C4404EB0903A2FB032372468E
:10AA70000CEBD31C117A53694A2922D044293DD1C9
:10AA80006344916928321768CE17C3FB0016C919B1
:10AA900046EBE776AA4242E90216EBD1DEF8200047
:10AAA000DEF84810DEF824308842DEF84C204FF003
:10AAB00001009341B4BF03460023CEF80030BDE847
:10AAC000F087A7070CEB03060CD1394F394901FB7E
:10AAD0000471394FB7EBB10F04D23B2BC8BF01361D
:10AAE000731ECEE7324F334901FB0471334FB7EB8E
:10AAF000311FF5D33B2BC8BF0136F1E7A10744D086
:10AB0000294E86FB0416E117C1EBE6114FF4C87617
:10AB100006FB114100290CBF4FF030084FF0000830
:10AB200027498844D16801293CDD4FEA810A6646FD
:10AB3000A8F10401AAF10809C14451F8047F49456C
:10AB40003E44FAD1AAF104018844311D1D4F87FB10
:10AB50000179CF178944C7EBA907C7EBC707C91B02
:10AB6000D8F80070591A136903F1FF3348BF073151
:10AB7000C3EBC3030B44BB4202DB073BBB42FCDA23
:10AB800033447EE70020BDE8F0870A4E084906FB03
:10AB9000041106F18046013EB6EBB10FB0D24FF082
:10ABA0003008BDE76646D0E71F85EB5180510100B4
:10ABB00050B81E05295C8FC2285C8F020AD7A300FB
:10ABC0009025041093244992014800F095BB00BFE2
:10ABD000D4FA0020014800F093BB00BFD4FA002053
:10ABE000014B186800F002B844B800202DE9F04F7E
:10ABF00005468FB0BF4E04F065FFBF4904462846A6
:10AC000000F05AFD31688046002800F0428121B1F1
:10AC100000F032FA002841D031680846FEF73CFBCC
:10AC2000404600F0E7FB014628460131F6F7C2FE38
:10AC3000306010B1414600F0FDFAB04A0023B04D3B
:10AC4000B04EB14F3360A36223653B60C5E900227B
:10AC50004A22C4E90333C4E90533C4E90D33C4E926
:10AC60000F332272002384F830200022C4E9082325
:10AC7000C4E9122398F800303A2B12D03C2B16D09E
:10AC80000DF1300BA14AA24940465B4600F01CFD85
:10AC9000002803DD0C9AD11E07291ED90FB0BDE88C
:10ACA000F08F98F8013008F101083C2BE8D108F149
:10ACB00001090DF1300B954A96495B46484600F074
:10ACC00003FD0028EADD0C9AD11E0729E6D819F801
:10ACD00002103E29E2D108F1020818F8021008EB30
:10ACE00002092D2900F0FB802B294FF0010808BF35
:10ACF00009F101090AAB00228749484602930DF188
:10AD00002603ADF8262000935B46ADF8282009AA5B
:10AD1000CDF80CB0CDF804B000F0D6FC0028BDDDB5
:10AD2000BDF826204FF4616CBDF82400C2EB02117F
:10AD3000BDF8282002EB81020C990CFB002208FBD5
:10AD400002F319F8012089443C2A059300F0EA80B7
:10AD50005B46724A6E49484600F0B6FC002840F354
:10AD6000FC800C9AD11E072998D819F8021009EB1B
:10AD700002082D2900F0B8802B294FF0010908BFE7
:10AD800008F101080AAB002263494046ADF82420CF
:10AD9000ADF82620ADF828200C9209AACDF80CB009
:10ADA000CDE901B30DF1260300935B4600F08CFC66
:10ADB000002840F3E680BDF826204FF46160C2EB26
:10ADC0000211BDF8282002EB8102BDF8241000FB1F
:10ADD000012209FB02F306930C9A0023CDF81CB064
:10ADE000A24690449B4698F80090B9F12C0F03D1ED
:10ADF00098F8019008F10108B9F14D0F00F0C680F4
:10AE0000B9F14A0F4FF00A020DA90CBF08F1010871
:10AE10004FF044094046FEF70DFC0D9BADF82E00A7
:10AE2000434500F0A18080B28AF80890CAF8140067
:10AE300098464FF000094FF00203ADF82690ADF8A8
:10AE40002430ADF82890CDF8309098F800302F2BB2
:10AE500000F0C8804FF4E153CAF818300BF1010339
:10AE60000AF1280A4FF0010B022BBCD1059B606848
:10AE7000A362069B2365254B2B60284B6B60FFF775
:10AE8000CDFDA26A236D32609B1A18BF01233B607F
:10AE900004E71C4B0846224AC3F800801A4BC4F84A
:10AEA0002880C3F80080164BC4F85080C3E9002204
:10AEB0004A230022237284F830300023C4E9038837
:10AEC000C4E90588C4E90D88C4E90F88C4E90823EA
:10AED000C4E91223FEF7E0F9C6F80080DEE609F1C6
:10AEE00001094FF0FF3805E708F101084FF0FF397D
:10AEF00048E700BFB0FA0020B8210410D82304109E
:10AF00003CB80020CCFA0020D0FA0020C0FA002083
:10AF1000D4210410C0210410E4210410B4FA00204C
:10AF2000BC21041009F1010A5B464E4A4E495046C5
:10AF300000F0CAFB00280CDD0C9AD11E07293FF651
:10AF4000ADAE1AF802103E297FF4A8AE09F102094D
:10AF50000BE799F801203E2AEED1444BC5E90033B6
:10AF6000059BA362336099E6BBF1000F5AD04D22D6
:10AF70000B2184F830200122C4E90D120022E26383
:10AF800056E7059BA3F56163069325E70DF12E03B4
:10AF9000079A3749404602930BAB03920192009304
:10AFA00013460DF12A0200F08FFB03287FF476AEE2
:10AFB000BDF82A305A1E0B2A3FF670AEBDF82C2081
:10AFC000511E04293FF66AAEBDF82E1006293FF641
:10AFD00065AE8AF80890CAF81410CAE903320C9BCF
:10AFE000984426E7079B0AAA224940460393CDE9E5
:10AFF00001320DF12602009209AA00F065FB4845D6
:10B0000019DDBDF826304FF46161C3EB0312BDF8C2
:10B01000283003EB8203BDF8242001FB02330C9A95
:10B02000904419E74D220320C4F814B02272022282
:10B03000C4E90302FCE64A2100220023C4F8289058
:10B04000217284F83010C4F85090C4E90399C4E91F
:10B050000599C4E90823C4E90D99C4E90F99C4E925
:10B0600012231BE6B4FA0020C0210410C0FA00200D
:10B07000F82104100C22041080EA010C1CF0030FCC
:10B0800037D110F0030C20F0030021F0030150F839
:10B09000042B08BF51F8043B0ED08CF0030C6FF06A
:10B0A0007F434FEACC0C23FA0CFC51F8043B42EAF4
:10B0B0000C0243EA0C0300BFA2F1013C9A4201BF1B
:10B0C0002CEA020C1CF0803F50F8042B51F8043B92
:10B0D000F2D04FEA02604FEA1222012828BFB0EBFB
:10B0E000036F08BF1B0AF4D003F0FF03000EC01A61
:10B0F000704710F0030F0AD010F8012B11F8013B34
:10B10000012A28BF9A42F4D0A2EB030070474DF801
:10B11000045D50F8042B01F0030521F0030151F800
:10B12000043B022D26D04DD822F07F45B5EB132FDE
:10B13000A2F1013C2CEA020C0DD11CF0803C08BFAE
:10B1400051F8043B0AD185EA0205B5EB036F0CD137
:10B1500050F8042BE8E74FEA13235BE03CF07F4C08
:10B1600054D10B784FEA126554E04FEA126503F0B0
:10B17000FF034FE04FEA0245A2F1013C4FEA1545BB
:10B180002CEA020CB5EB134F18D11CF0803C08BF21
:10B1900051F8043B07D185EA0205B5EB034F09D10D
:10B1A00050F8042BE6E75FEA0C4C2FD10B884FEAEE
:10B1B00012452FE04FEA03434FEA12454FEA13438B
:10B1C00028E000BF02F0FF05B5EB136FA2F1013CD0
:10B1D0002CEA020C0DD11CF0803C08BF51F8043B56
:10B1E0000AD185EA0205B5EB032F0AD150F8042BEA
:10B1F000E8E74FEA13630DE012F0FF0F06D051F8B5
:10B20000043B4FEA122523F07F4303E04FF0000098
:10B2100020BC704705F0FF0203F0FF00012828BFA3
:10B22000904204BF2D0A1B0AF4D0A2EB000020BC00
:10B23000704700BF80EA0102844612F0030F4FD12D
:10B2400011F0030F32D14DF8044D11F0040F51F8F5
:10B25000043B0BD0A3F101329A4312F0803F04BFAC
:10B260004CF8043B51F8043B16D100BF51F8044B95
:10B27000A3F101329A4312F0803FA4F101320BD1C5
:10B280004CF8043BA24312F0803F04BF51F8043B4A
:10B290004CF8044BEAD023460CF8013B13F0FF0FA7
:10B2A0004FEA3323F8D15DF8044B704711F0010FDA
:10B2B00006D011F8012B0CF8012B002A08BF7047AB
:10B2C00011F0020FBFD031F8022B12F0FF0F16BFA2
:10B2D0002CF8022B8CF8002012F47F4FB3D170476A
:10B2E00011F8012B0CF8012B002AF9D1704700BF8F
:10B2F000704700BF704700BF704700BF704700BF76
:10B30000704700BF704700BF844641EA000313F056
:10B31000030349D1403A23D30B6803604B68436071
:10B320008B688360CB68C3600B6903614B694361C1
:10B330008B698361CB69C3610B6A03624B6A4362A9
:10B340008B6A8362CB6AC3620B6B03634B6B436391
:10B350008B6B8363CB6BC36340304031403ADBD2AD
:10B3600030320BD30B6803604B6843608B6883609B
:10B37000CB68C36010301031103AF3D20C3205D3D1
:10B3800051F8043B40F8043B043AF9D2043208D0A7
:10B39000D2071CBF11F8013B00F8013B01D30B8819
:10B3A00003806046704700BF082A13D38B07B1D0D3
:10B3B00010F00303AED0C3F10403D21ADB071CBFA5
:10B3C00011F8013B00F8013BA4D331F8023B20F80F
:10B3D000023B9FE7043AD9D3013A11F8013B00F848
:10B3E000013BF9D20B7803704B7843708B788370F4
:10B3F0006046704720F0030110F00300C0F1000028
:10B4000051F8043B00F1040C4FEACC0C6FF0000241
:10B410001CBF22FA0CF213434FF0010C4CEA0C2C27
:10B420004CEA0C4CA3EB0C0222EA030212EACC1207
:10B4300004BF51F8043B0430F4D0C2F1000102EA29
:10B440000102B2FA82F2C2F11F0200EBD200704791
:10B45000024B0146186800F003B800BF44B8002052
:10B4600038B5054604F0D4FAC8B13D21044604F0CD
:10B4700067FA024678B100210123284602F8011B31
:10B48000214600F00FF80346214628461C46F6F7F1
:10B49000AEFA204638BD21462846F6F7A8FA012420
:10B4A000204638BD2DE9F04F0C4683B007463D21BC
:10B4B00020461546994604F043FA002840F097804C
:10B4C000384600F0ADF82846FFF794FF01AA804601
:10B4D0002146384600F0B0F80646002849D0B9F1B8
:10B4E000000F3FD0FFF786FF804575D9DFF818B110
:10B4F000019BDBF800904FEA830A237841464BB169
:10B500003D2B07D0214611F8013F0BB13D2BFAD15D
:10B51000091B414402313846F6F74CFA49F80A0053
:10B5200000286BD0DBF800302146019A53F8220046
:10B5300011F8013B037063B13D2B0AD0421C01E0BE
:10B540003D2B06D011F8013B104602F8013B002BC1
:10B55000F6D13D230246037015F8013B02F8013F86
:10B56000002BF9D1384600F061F8002003B0BDE8A7
:10B57000F08FDFF894B0DBF800100B68A3B30B4634
:10B5800053F8042F30460136002AF9D1C21C92002C
:10B590001C480368B3B90123114603603846F6F727
:10B5A00009FA814650B34FEA860ADBF8001052468A
:10B5B000FFF7AAFECBF80090731C002249F8232065
:10B5C00001969AE73846F6F7FEF98146CBF8000077
:10B5D000A0B14FEA860AEFE7013E15F8013B06F8F5
:10B5E000013F002BF9D1BDE71E460822D0E7F6F750
:10B5F000BBF9162303604FF0FF30B7E7384600F081
:10B6000015F8F8E7E0FA002088B9002010B491FBA3
:10B61000F2F402FB1411C0E900415DF8044B7047DD
:10B620000148FFF76BBE00BFD8FA00200148FFF7C2
:10B6300069BE00BFD8FA00202DE9F047DFF874900A
:10B6400080460E461746FFF7EBFFD9F800504DB184
:10B650003378344663B13D2B0AD014F8013F3BB137
:10B660003D2BFAD14046FFF7E1FF0020BDE8F0870F
:10B670003D2BF7D02868A41B0028F3D02246314682
:10B68000FEF74AFC28B92868035D00EB040A3D2B4D
:10B6900004D055F8040F0028F0D1E3E7D9F80030C2
:10B6A0004046ED1AAD103D60FFF7C0FF0AF1010002
:10B6B000BDE8F08788B9002000B583B001AAFFF784
:10B6C000BBFF03B05DF804FB0EB470B59DB0002560
:10B6D0004FF4017221AC1B95ADF8142054F8046BA3
:10B6E00002900690FFF786FE0B4903464FF6FF7067
:10B6F00032460A910949ADF8160003930793234691
:10B70000086802A90E951395019400F099F81DB0F0
:10B71000BDE8704003B07047D1F4021044B8002077
:10B7200038B54B1C1AD0938914465268CDB223F019
:10B730002003A381236BA3B1636B934209DD2368CC
:10B740005A1E226003F8015C636801336360284677
:10B7500038BD214603F036FF0028F0D04FF0FF350A
:10B76000F5E7236921682BB18B4203D211F8013C24
:10B77000AB420ED0234604F14000C4E90E1203216F
:10B78000012220632846616303F8425FC4E9003266
:10B7900038BD01390132C4E90012D8E72DE9F04F74
:10B7A000834685B002FB03F00E9C0193A0B388464C
:10B7B0000646D4E90015A84223D94FF0000904F148
:10B7C000400ACDE9020240462A46FFF79DFD216866
:10B7D000236B58464F19A8441946C4F804902760B3
:10B7E0003746761BDBB1534501D0F6F700F9E06B25
:10B7F000C4F83090606090B1A16BB0420546216002
:10B80000E1D332464046FFF77FFD0198D4E900328C
:10B81000921B3344C4E9003205B0BDE8F08FDDE986
:10B820000202A389284443F02003C01BA381002304
:10B83000B0FBF2F02269C4E9002305B0BDE8F08F47
:10B840002DE9F04FE5B091468A4602AF4A6E7B6221
:10B85000B1F90C30F8639C0400F1058143F4005306
:10B8600022F400528B814A660822002107F1480029
:10B870001DF0CAFD4FF0000E0AF14003F346C7F871
:10B880002CE0C7F810E0C7E90CEEC7E9053E994B7C
:10B89000D3F8E45004F01AF907F14802034607F11F
:10B8A000440100924A46F86BA8470028C0F2AE80D7
:10B8B0007B6C81440146002B00F0B580012800F02C
:10B8C000C280252B40D00028E1D0A9EB0108DAF88E
:10B8D0000430404408F1FF361A46451E002A16DDA2
:10B8E000DAF800301878711C72780133904240F019
:10B8F0009A80DAF80420A942CAF8003002F1FF3237
:10B90000CAF8042000F0AA80002A0E46E8DCDAF823
:10B910003030F86B1946002B00F035857A69934278
:10B9200001D0F6F764F8DAF83C300022CAF80430A7
:10B93000CAF83020002B00F02685DAF83830CAF833
:10B940000030CFE701200146002699F800C03246BA
:10B95000ACF1250309F10104552B64D8DFE813F09D
:10B96000E70463006300630063009A0363006300FD
:10B97000630063006300EC00EC00EC00EC00EC0002
:10B98000EC00EC00EC00EC00EC00630063006300F2
:10B990006300630063006300630063007101E803F8
:10B9A000630063006300630063006300630087005B
:10B9B00063006300D90463006300630070046300E4
:10B9C000630063006300F9006300630058026300D2
:10B9D0006300630063006300630063008704C803BF
:10B9E000630063006300A203AF03870063004301A9
:10B9F00050015E013C0262036300630070038F002C
:10BA0000820363006300F90063008F004FF6FD734B
:10BA10000822002107F148007B641DF0F5FC7B6CD7
:10BA200009F101097BB9FB6A3BB1FB6A18683B6B02
:10BA3000013369D008B1FDF72FFC386B07F5C677E5
:10BA4000BD46BDE8F08F2C4AD25C11071DD4252BD2
:10BA50003FF478AF09F1FF38012038E702365E4441
:10BA6000A6EB080B13E7900400F1A384FCE635076E
:10BA7000D9D199F801C046F00206A14668E733071C
:10BA8000D1D199F801C0A14662E7DAF804200AF1A1
:10BA900040060025FC6B11E0DAF800301A7801331B
:10BAA00015498A5C12077FF5F2AEDAF804200BF133
:10BAB000010BCAF80030013ACAF80420002AEBDC76
:10BAC000DAF8303020461946002B01F0C180B3422D
:10BAD00001D0F5F78CFFDAF83C30CAF83050CAF8DC
:10BAE0000430002B01F0B480DAF83830CAF80030A6
:10BAF000D4E700BFE8B900200D2404103B6B1BB154
:10BB0000BAF80C305B0690D5FB6ADE8818687EB107
:10BB10000024051F8146A04655F8043F01341868EB
:10BB2000FDF7BAFB2B68B442C3F80080F4D1484655
:10BB30004FF0FF333B637DE716F08F0F7FF473AF59
:10BB400002EB82020CEB420299F801C0A146303AA6
:10BB5000FEE6DAF8043046F400763C62002B40F34F
:10BB60006982DAF800C0DFF8A4829CF8000018F8B7
:10BB7000005060462D0741F1BF81A3490325B961FB
:10BB8000102179630AF14009BD63002419464D462E
:10BB9000914609E0CAF80000017818F801100A0778
:10BBA00040F10C84DAF8041001390BF1010B01307B
:10BBB0000029CAF80410EDDCDAF83030F86B1946C9
:10BBC000002B00F0E083AB4201D0F5F710FFDAF86C
:10BBD0003C10CAF83040CAF80410002900F0D383A2
:10BBE000DAF83800D6E735077FF41DAF99F801C0C1
:10BBF000BCF16C0F00F0DC8746F00106A146A7E619
:10BC000016F08F037FF40FAFFD6A002D01F04B801B
:10BC100099F801C046F08006A14699E63C62F40618
:10BC200000F1B3807A6A300752F8043B7A6200F17F
:10BC3000DB87710741F14381D7F82090A3F800B06A
:10BC400025E6DAF8043046F041063C62002B40F36A
:10BC5000DE85012A38BF0122154616F01003BB62AB
:10BC600040F0C0867B6A340653F8042B7A607B620E
:10BC700041F10380002A3FF4D6AE8020FDF704FB9B
:10BC80008146002801F014817B681860FB6ADE8819
:10BC9000B3F80480464580F03E8718687B68FA6AEE
:10BCA00040F82630731C0120C7F81C90D380202355
:10BCB000C7E90203002607F160083B69BB6303F094
:10BCC00005FFB04200F06A83BB6B07F15804DAE964
:10BCD0000021032B12F8010B01F1FF3108F80600D7
:10BCE00006F10106CAF80410CAF8002002D1236840
:10BCF000042B04D00822002120461DF085FB00946F
:10BD0000334649464246F86B04F04EF9411C03465F
:10BD100000F04483002840F00D83BA6AB344013D2B
:10BD2000DAB9C9F80020F869FE68A9EB0004B6EB9F
:10BD3000A40F10D8BA6872B1F100BB6303F074FAB3
:10BD4000F861002801F0B480720000EB0409BB6BBD
:10BD5000FA607A68106009F10409DAF80420002614
:10BD6000002A19DD002DA9D13B61FB69A9EB030174
:10BD7000FB68B3EBA10F03D9BB68002B40F03887F9
:10BD8000BB6A13B93B6B01333B63D7F820907EE568
:10BD9000DAF80420002A91DCDAF83010002901F0EA
:10BDA00011800AF14002914204D0F86BBB63F5F7B1
:10BDB0001EFEBB6B0022CAF83020DAF83C20CAF81D
:10BDC0000420002A00F0FE87DAF83820CAF80020A4
:10BDD000002D7FF473AFC7E7DAF804303C62002B24
:10BDE00040F39F82DAF800C0DFF820809CF8000062
:10BDF00018F8005060462C0741F183800249032562
:10BE0000B96108217963BDE6319602100D24041052
:10BE1000214607F18800BA6303F0F8FADAF8043033
:10BE200046F04006BA6B002B386240F35B87002A6D
:10BE300006F0100308BF4FF0FF3216F00108FB6157
:10BE400000F04A83002B40F0C3857B6A300653F82C
:10BE5000041B39607B6240F11D87BA6300293FF4FF
:10BE6000E2AD8020FDF710FABA6B8146002801F0A0
:10BE70001F803B681860FB6ADD889E88B54280F0B1
:10BE8000098618683B680121C7F80C9040F82530F6
:10BE90000135FB6ADD802023C7E90113C7F838B0FC
:10BEA0004FF000083C69934603F010FE404500F057
:10BEB0007582032C07F15006DAE9003202F1FF32F5
:10BEC00013F8011BCAF8042007F16002CAF8003019
:10BED00002F8081008F1010802D13368042B04D0DD
:10BEE0000822002130461DF08FFA0096434607F1E4
:10BEF00060024946F86B04F057F8431C044600F012
:10BF00004D82002840F026820546C9F8000007F15E
:10BF10005803082200211846BB621DF075FA8049BB
:10BF20002A46BB6AD1F8E05007F14001F86BA847F8
:10BF300001280CBF97F84050002507F188035B5D8E
:10BF4000002B00F0B786BB6B032C4344BB6300F0AF
:10BF50000A82FB690BF1FF3BBBB909F10409F868E0
:10BF6000BE68A9EB0005B6EBA50F0ED87B6863B1E0
:10BF7000F10003F059F9F860002800F09987720089
:10BF800000EB0509BA603A681060DAF804304FF047
:10BF90000008002B27DDBBF1000F85D1D7F838B0A2
:10BFA0003C61FB69002B7FF4F0AEC9F80030FB6800
:10BFB000BA68A9EB03018B1001339A427FF6E2AE17
:10BFC0007B68002B3FF4DEAE3C680431206803F050
:10BFD0002BF900283FF4D6AE2060D3E6DAF804301F
:10BFE000002B3FF761AFDAF83010002900F004872A
:10BFF0000AF14003994202D0F86BF5F7F8FC0023F0
:10C00000CAF83030DAF83C30CAF80430002B00F0BF
:10C01000F386DAF83830CAF80030BBF1000F7FF44D
:10C0200043AFBBE7DAF8043046F408763C62002BF5
:10C030003FF797AD3B4B0325BB6110237B6383E048
:10C04000DAF804303C62002B40F35686DAF8000040
:10C05000DFF8D880057818F80550290740F19B8053
:10C0600002258FE5DAF804303C62002B40F33D8670
:10C07000DAF800C0DFF8B4809CF8000018F800502F
:10C0800060462D0740F1428726490325B9610A2100
:10C09000796377E532437FF4C6AC99F801C0102686
:10C0A000A14655E433077FF4BEAC99F801C0BCF15A
:10C0B000680F00F0758546F00406A14648E4DAF8FA
:10C0C00004303C62002B40F31E86DAF800C0DFF833
:10C0D0005C809CF8000018F80050604615F00805D8
:10C0E00000F0198710490325B9610021796349E5FA
:10C0F000DAF804303C62002B21DDDAF800C0DFF80A
:10C100002C809CF8000018F800506046290740F188
:10C11000EB8605490325B9610A21796332E500BF41
:10C12000E8B9002031960210C19402100D240410C9
:10C13000DAF8043046F001063C62002BDDDCA14B4E
:10C140000325BB610A237B63DAF83010002900F075
:10C150001A810AF14003994204D0F86BBA63F5F7EB
:10C1600046FCBA6B0023CAF83030DAF83C30CAF823
:10C170000430002B00F00781DAF838007406CAF8A2
:10C18000000040F11A87012D3FF451AE002D76D00A
:10C19000022D40F05082002A06F0100308BF4FF035
:10C1A000FF3216F00109BB6300F01281BB6B002B5C
:10C1B00040F006847B6A310653F8044B7B6240F101
:10C1C0005685BA62002C3FF42EAC8020FDF75CF857
:10C1D000BA6A8146002800F06B86FB6A2060DD8821
:10C1E0009E88B54280F06A841868FB6A494640F828
:10C1F00025404FF0200C0135DD80DAF80030DFF803
:10C20000CC811B7818F8035015F0080500F009835D
:10C21000BB6B002B7FF4B9ADA9EB0101C9F800306D
:10C220008B1001339C457FF6ADAD002C3FF4AAADD9
:10C230000431206802F0F8FF00287FF4CDAEA1E5BC
:10C24000DAF8043046F001053C62002B40F35785D4
:10C25000DAF80000DFF8748190F800C018F80CC01C
:10C260001CF0080F00F06B862E4602258AE4DAF8EF
:10C27000043046F040063C62002B40F3C882012A9D
:10C2800038BF0122F30715463FF5E7ACF30600F18E
:10C29000B1837B6A340653F8048B7B6240F1AA8237
:10C2A000B8F1000F3FF4BFAB1046FCF7EDFF0646B8
:10C2B00000287AD0FB6AC8F80000B3F806909A8884
:10C2C000914580F07D841868FB6A314640F82980EA
:10C2D00009F101090122A3F806902B46CDF800A030
:10C2E000F86BFFF75BFA064600283FF407AC85427F
:10C2F00007D90146D8F8000002F096FF08B1C8F847
:10C3000000003B6BB344D7F8209001333B63FFF749
:10C31000BEBADAF8043046F001063C62002B3FF763
:10C3200061AD294B0325BB6108237B630CE7A14664
:10C33000FFF7C9BA821C3FF42BAD0328B34403D1E5
:10C340002268042A00F05181BA6A013D002A3FF4B4
:10C35000EAAC02E5851C3FF441AED9F80050681CF8
:10C360007FF4D5ADE9E53368042B7FF4F2ADFB69CA
:10C37000002B3FF4F2ADDAF804304FF00008002B48
:10C380003FF792AD2FE6BAF80C300022DAF8101021
:10C3900043F02003CAE90012AAF80C303B6B23B12A
:10C3A000BAF80C305A067FF53EABFB6A002B7FF4DF
:10C3B000ABAB4FF0FF333B63FFF73FBBBD6B4A4670
:10C3C000E1E600BFC1940210319602100D24041062
:10C3D00006F01003002B40F0BB84796A16F080054C
:10C3E00051F8043B1C46BB63796200F0C283BA6219
:10C3F000002B3FF418AB2020FCF746FF0546002831
:10C40000D3D0FB6ABA6ADE88B3F8049020604E4548
:10C4100080F082821868BB6B4FF0200940F826300C
:10C420000136FB6ADE800123DAF800C0DFF83885C8
:10C430009CF8000018F80000010700F1BF821446C4
:10C4400042462E46984661465B469346DAF80420FB
:10C45000013ACAF804204A1CCAF800200A7805F8F4
:10C46000012BAA1B4A45BA6211D3B8F1000F0ED0B6
:10C470004FEA49093046FB61494602F0D5FE0646BF
:10C48000002892D0BB6BBA6A18608518FB69013C22
:10C490000BD0DAF80420002A40F33C84DAF80010CC
:10C4A0000A781BF802201207D0D59B46A91B4346E9
:10C4B0008B440131002289452A7006D92BB1BC6B0F
:10C4C000206802F0B1FE00B120603B6BD7F82090ED
:10C4D00001333B63FFF7DBB9FB69002B40F032828D
:10C4E000796A16F0800651F8043B796200F0CE8339
:10C4F000BA62BB63002B3FF496AA2020FCF7C4FE6F
:10C50000054600283FF451AFF96ABB6BCE88B1F8FD
:10C510000480BA6A4645186080F0E5820868F96AC6
:10C520004FF0200940F826300136CE8007F188010F
:10C53000DAF800000C460178615C00293FF473AA28
:10C54000B3F100080AF14001C7F81CB02E4618BF2D
:10C550004FF001089346B962BB631BE0B8F1000FCE
:10C5600027D04FEA49093046494602F05DFE0646AB
:10C5700000283FF41AAFBB6B05441860BBF1010BF8
:10C580003FD0DAF80410002915DDDAF80000017850
:10C59000615CB1B32946DAF80450013DCAF8045091
:10C5A000451CCAF80050007801F8010B8D1B4D4561
:10C5B000D4D20D46E2E7DAF83010002900F04184C9
:10C5C000BB6A994202D0F86BF5F711FA0023DAF84A
:10C5D0003C10CAF83030CAF80410002900F0318449
:10C5E000DAF83800CAF80000D1E7BA6A002A3FF446
:10C5F0009AABDAF804200026002A3FF75FABFFF77A
:10C60000CBBBAE1BD7F81CB0BB6B3FF40CAA711CA4
:10C61000002289452A707FF674AEB8F1000F3FF40E
:10C6200070AE1868BB6302F0FFFD00283FF469AEEE
:10C63000BB6B186065E6D7F82090DAF800C0531E8F
:10C64000262B40F2C580A2F1270327223B6200235C
:10C650000AF1400407F1600846F45865BB63BB6209
:10C660002346464614464A4699469CF80000A0F1E7
:10C670002B014D292FD8DFE801F0802E802E2E854A
:10C680006C6C6C6C6C6C6C27272E2E2E2E2E2E2E26
:10C690005656565656562E2E2E2E2E2E2E2E2E2ECA
:10C6A0002E2E2E2E2E2E2E742E2E2E2E2E2E2E2E64
:10C6B0005656565656562E2E2E2E2E2E2E2E2E2EAA
:10C6C0002E2E2E2E2E2E2E747B6BA64931F9131092
:10C6D000082979632ADC9146E80505D5464500F22C
:10C6E000988046453FF49FA915F0100214D17B6B4A
:10C6F0004146BC69F86B3270A0477B6AA90603F11A
:10C70000040469D42A0740F11B827B6A1B681870F5
:10C710003B6B7C6201333B63A6EB0806BB6B1E449C
:10C72000B344FFF7B4B87B6B0A2BD4DD25F438652E
:10C7300006F8010BDAF8041001390029CAF80410D0
:10C740002DDD0CF10101013CCAF80010C3D08C466C
:10C750008BE77B6B25F43865824931F913307B63B5
:10C76000E6E705F4C061B1F5007FB4D125F40075AA
:10C77000102345F4A0657B63DAE72B06ABD525F0E3
:10C780008005D5E72B05D3D57B6B1BB9082345F472
:10C7900000757B63690522D525F4B065C8E7DAF832
:10C7A0003010002900F03E83494504D0F86BFA614F
:10C7B000F5F71DF9FA69BB6ADAF83C10CAF83030AF
:10C7C000CAF80410002900F02D83DAF83810BAE70F
:10C7D00000233B623BE77B6A1B68186098E73B6A73
:10C7E00025F4607513B1013B01343B62BB6B01332F
:10C7F000BB639FE7CDF800A0134641460122F86BCA
:10C80000FEF7CCFF064600287FF47BADC6E5002589
:10C810009AE416F8011C5246F86B013EFEF780FFC1
:10C820005FE73E69C7F810809046FC60F961C7F881
:10C8300028C003F04BF9A8423FF4B0AD032E07F136
:10C840005804DAE9003202F1FF3213F8011BCAF88A
:10C85000042007F16002CAF80030515505F10105C6
:10C8600002D12368042B04D00822002120461CF0AA
:10C87000CBFD009407F160022B464946F86B03F0AC
:10C8800093FB421C06463FF489AD002840F07681B8
:10C89000C9F8000003F0E4FB002840F0B781AB4486
:10C8A00008F1FF38BD6B002D40F0D08109F104097B
:10C8B000F869BB6AA9EB0004B3EBA40F00F2C681D0
:10C8C000FA68002A00F0C281D90002F0ADFC0146EE
:10C8D000F861002800F0EC82BB6A00EB0409580004
:10C8E000FB68B8621960DAF80430002B40F3C682A6
:10C8F000DAF800301B783A69D35CC3F3C00383F0E5
:10C900000103D80702D5B8F1000F92D1FC68F9698C
:10C91000D7F828C03E617BE44FF6F673BA629945BA
:10C920003FF6F2A809F10809FC6A4FEA890120687C
:10C9300002F07AFC00283FF4E7A8BA6AA4F8049051
:10C94000206068E5DAF8001007F188000B78C35C16
:10C95000002B3FF468A80AF140064546144681467C
:10C960000AE000BF102504100D2404100B7819F8FC
:10C970000330002B00F08980DAF8043008F1010858
:10C980000131013B4445CAE900137ED0002BEDDCA8
:10C99000DAF8301000296BD0B14202D0F86BF5F70D
:10C9A00026F8DAF83C30CAF83050CAF80430002BC8
:10C9B0005ED0DAF83810CAF80010D7E7012179E51F
:10C9C0004FF0000C07F1440361469946644614E4B5
:10C9D000002307F144017B6089463B60C7E90233CD
:10C9E000FFF75CBA00239946FB617B60C7E902331D
:10C9F000FFF760B9DAE900239D4240F3F6811A445B
:10CA0000DAF830101E46A5EB0308CAF8002000290A
:10CA100000F053820AF14003994202D0F86BF4F718
:10CA2000E6FF0023CAF83030DAF83C30CAF80430A8
:10CA3000002B00F04282DAF838209845CAF800202E
:10CA400040F3D4819D19BAF80C3043F02003AAF8C2
:10CA50000C30DAF81030CAF800300023CAF804307D
:10CA6000002D3FF49BACAB44D7F82090FEF70FBFEE
:10CA7000BAF80C3043F02003AAF80C30DAF8103082
:10CA8000CAF800300023CAF80430C344D7F8209015
:10CA9000FEF7FDBE4FF6F673BA639E4200F20882BF
:10CAA0000836FC6AB100206802F0BEFB002800F0E6
:10CAB000FF81BA6BA6802060FFF7E4B94FF6F673EA
:10CAC000BA629E4200F2F4810836FB6AB10018682F
:10CAD00002F0AAFB002800F0EB81FB6ABA6A9E8094
:10CAE0001860FFF782BB4FF6F671BB62BA638845E8
:10CAF0003FF60AA808F10808FC6A4FEA8801206896
:10CB000002F092FB00283EF4FFAFBB6ABA6BA4F8B8
:10CB10000480206003E54FF6F673984500F2C88163
:10CB200008F10808FC6A4FEA8801206802F07CFBE3
:10CB3000002800F0BD81A4F804802060FFF7AEB8A3
:10CB40006B075FD415F001027FF445AEA9077FF5AE
:10CB500042AEC74BB969F86B99427B6B414600F016
:10CB6000F78103F019F90B467A6A1168C1E90003ED
:10CB7000CEE52B46BD6B9946BB6355E4831C3FF461
:10CB8000B2AED9F8000003F06BFA00283ED1032EB4
:10CB9000AB447FF485AE2368042B7FF481AE81E63D
:10CBA00099F802C046F0080609F10209FEF7D0BE66
:10CBB00099F802C046F0020609F10209FEF7C8BE64
:10CBC0004FF6F6739A423EF69FAF02F10804FB6AF5
:10CBD000A100186802F028FB00283EF495AFFB6A1C
:10CBE0009C801860FFF770BB83F800B0FFF7CDB8EA
:10CBF0007C68206802F018FB00283FF4C1A8206080
:10CC0000FFF7BEB87B6A1B68188081E507F16003F7
:10CC1000FC68F969D7F828C03E615E19C7F828900A
:10CC20008946FC613446D7F83C806646013D524651
:10CC300014F8011D4046FEF773FD002DF6D149465C
:10CC4000FC69D7F82890B446FFF7E2BA00254AE617
:10CC5000BAF80C3043F02003AAF80C30DAF81030A0
:10CC6000CAF800300023CAF80430FEF710BEA1460F
:10CC7000BC6BA4462146FFF7C0BABB6AD7F8049044
:10CC8000FB617B60C7E90233FFF714B81D46B1466C
:10CC900033464BE4FB69D7F80090FB603B60C7E983
:10CCA0000133FFF7FBB882B0CDE9023302ABFB6280
:10CCB000FEF7AEBFD7F838B03C61B8F1000F3FF4D3
:10CCC00070A907F160034546FE6B03EB0804013DC4
:10CCD000524614F8011D3046FEF722FD002DF6D114
:10CCE000FFF75FB90125FFF72FBA614B0325BB6141
:10CCF0000A237B63FFF728BA0225FFF725BA2E46E1
:10CD00000225FFF721BA5B4B0325BB6100237B6340
:10CD1000FFF71ABADAF83010002900F023810AF17F
:10CD20004002914204D0F86BBB62F4F760FEBB6A2C
:10CD30000022CAF83020DAF83C20CAF80420002A81
:10CD400000F01081DAF83810CAF80010FFF7A8BB1D
:10CD5000DAF80000DFF82081037818F803301907AB
:10CD60003FF513A80AF140064D46144605E0037846
:10CD700018F803301B0700F1B080DAF8043009F12D
:10CD800001090130013B4C45CAE9000300F0A280D3
:10CD9000002BECDCDAF83010002900F0C080B14242
:10CDA00002D0F86BF4F723FEDAF83C30CAF83050C2
:10CDB000CAF80430002B00F0B280DAF83800CAF864
:10CDC0000000D4E73B61BAF80C3043F02003AAF826
:10CDD0000C30DAF81030CAF800300023CAF80430FA
:10CDE000002E3EF4C2AFFFF7D9BAA846A3EB080362
:10CDF0004244CAE9002336E6BAF80C30D7F838B016
:10CE000043F020033C61AAF80C30DAF81030CAF87D
:10CE100000300023CAF80430B8F1000F3FF4C1A875
:10CE2000FFF7BCBABAF80C30914643F02003AAF8D9
:10CE30000C30DAF81030CAF800300023CAF8043099
:10CE40004AE4BAF80C20B542D7F81CB042F02002F0
:10CE5000BB6BAAF80C20DAF81020CAF800204FF0BB
:10CE60000002CAF804203FF499AAAE1BFFF7CFBB1B
:10CE700031960210C19402100D240410DAF830101B
:10CE8000002900F083800AF14003994202D0F86B38
:10CE9000F4F7ADFD0023CAF83030DAF83C30CAF8B8
:10CEA0000430002B72D0DAF83830CAF8003021E5AF
:10CEB0004FF0FF333B63FEF7B6BD3546C3E5F207DF
:10CEC0000ED4B5070CD54FEAEB72C3F800B05A6028
:10CED000FEF75BBFA344FEF758BFCB44FEF755BF38
:10CEE000C3F800B0FEF751BF3A4BBB610A237B6326
:10CEF000D7F82090FFF7A3BB374BBB6110237B63B0
:10CF0000F6E7354BBB6108237B63F1E7324BBB612E
:10CF10000A237B63ECE72F4B7D63BB61E8E7BAF83C
:10CF20000C30CB4443F02003AAF80C30DAF8103070
:10CF3000CAF800300023CAF80430FEF726BF5AB9F9
:10CF400006F010034FF0FF322E46BB63FFF72EB9F9
:10CF500002F0E8FF0B4607E606F010032E46BB631F
:10CF6000FFF724B9BAF80C209B46A91B434642F0B0
:10CF700020028B440131AAF80C20DAF81020CAF8FC
:10CF800000200022CAF80420FFF794BABAF80C3047
:10CF9000FC6843F02003F969D7F828C0AAF80C30E0
:10CFA000DAF810303E61CAF800300023CAF80430C5
:10CFB000002D7FF4F3A9FFF72BB990F800C0DFF83C
:10CFC0001C8018F80CC01CF0080F7EF4DBADFFF7D6
:10CFD000DAB800BFC1940210319602100D2404107B
:10CFE0002DE9F04FDBB00C4682460A910DF1A808FE
:10CFF00007920E9302F070FD036818461693FEF731
:10D00000F9F908221590002140461CF0FDF9A3898A
:10D010001F0603D52369002B01F05C810023CDF8A6
:10D0200010A09E46CDE92F3331ABCDF85CE0CDF8B2
:10D0300060E01C462E93CDF820E0CDF844E09FED53
:10D04000727BCDE919EE8DED127B079E049F704B2C
:10D05000D3F8E45002F03AFD3246034626A938469A
:10D06000CDF80080A8470028034600F09B80C0F25E
:10D070009180269A252A01D01E44E8E7079B0546A1
:10D08000F71A40F0938000234FF0FF32751C96F89A
:10D0900001908DF88F300993069203930135A9F121
:10D0A00020035A2B00F2B680DFE813F0E503B4004A
:10D0B000B400DE03B400B400B400BD03B400B40097
:10D0C000F8020A03B4000303F703B400F0035B00A3
:10D0D0005B005B005B005B005B005B005B005B0078
:10D0E000B400B400B400B400B400B400B40025012E
:10D0F000B40042023A04250125012501B400B40020
:10D10000B400B4003204B400B4008603B400B40028
:10D11000B4007802B4001404B400B4009C08B40055
:10D12000B400B400B400B400B400B400B4002501ED
:10D13000B4004202680125012501250110036801A0
:10D140006D00B4002A03B4001B03560335036D00C1
:10D15000B40078026A00AD02B400B400C908B4009B
:10D160006A00A9F13003002202EB820215F8019B4C
:10D1700003EB4202A9F13003092BF5D909928EE79E
:10D1800095F800908AE7039B95F8009043F0200300
:10D19000039383E70822002140461CF035F9012360
:10D1A0001E4454E7079B0546F71A11D0079B2F9A98
:10D1B000C4E900370132309B072A3B442F92309359
:10D1C00017DC0834089B3B440893002D7FF45BAFC9
:10D1D000309BDDF810A0002B41F0E0830A9B9B8977
:10D1E00003F04003002B41F0628708985BB0BDE874
:10D1F000F08F2EAA0A99049802F0B6F80028EDD113
:10D2000031ACDFE7AFF30080000000000000000059
:10D21000E8B900200795B9F1000FD9D00023012209
:10D2200041AF8DF804918DF88F300B930C920693DB
:10D2300014930592CDE90F33039B309D13F08403C3
:10D24000AE4600F0D5809DF88F20EAB12F980026D9
:10D25000013001220135626007280DF18F02CDE90E
:10D260002F05226000F3C38408346EB12F9801307B
:10D2700024AA0235226007284FF00202CDE92F05CB
:10D28000626000F3A6840834802B00F0E183069BE3
:10D290000C9A9E1A002E00F3BC80039BDE0500F161
:10D2A000F0800C9B27601D4463602F9B30950133F9
:10D2B000072B2F9300F33A840834039B5A0705D5B4
:10D2C000099B059A9E1A002E00F39F840599DDE9BB
:10D2D00008328A42ACBF9B185B180893002D40F0BF
:10D2E000F38300232F930B9B1BB10B990498F4F746
:10D2F0007EFB31ACA9E60E9B4FF0FF32079507335A
:10D3000023F00701A04BB1EC027B57EC176B0E9199
:10D3100027F000418DED1C7A1D91DDE91CAB8DEDF0
:10D32000127B5046594607F09BFE002840F060866D
:10D330004FF0FF32944B5046594607F073FE0546B6
:10D34000002840F05586039B00223046394623F0E2
:10D3500080030393002307F05BFE002841F0B682B0
:10D36000B9F1470F9DF88F30CCBF884F884F002B05
:10D3700041F05F8503220B930C9258E703990795C0
:10D38000880640F123860E9B0391073323F00703A1
:10D390001A465B6852F8085B1E460E92002BC0F2DC
:10D3A000D182069A002AC0F24381039B23F08003B6
:10D3B000039355EA060340F03B81131E18BF012377
:10D3C000002A40F035811A460B939DF88F305AAFF2
:10D3D000309D191E039BAE46069218BF012113F023
:10D3E00084030C9205911492CDE90F227FF42BAFA8
:10D3F000099A0599561A002E00F30C859DF88F2086
:10D40000002A7FF423AF069B0C9A9E1A002E7FF70A
:10D4100044AF102E2F9ADFF87CA123DD294610237C
:10D42000DDF810B00A9D02E0103E102E19DD013229
:10D4300010315848072AC4E90003CDE92F2104F12F
:10D440000804F1DD2EAA2946584631AC01F08CFFC4
:10D45000002840F01484103E1023102EDDE92F2107
:10D46000E5DC0D4601323544C4F800A0072A6660A9
:10D47000CDE92F2500F31185039B0834DE057FF5E8
:10D4800010AFB9F1650F40F35C8300220023DDE9A2
:10D49000120107F0B3FD002800F0FA832F9B01353D
:10D4A0003D4A0133309522600122072B2F936260A1
:10D4B00001F382800834259B119A934280F21385F0
:10D4C000159B169A1D44C4E900232F9B3095013308
:10D4D000072B2F9300F3F2860834119B5E1E002E5B
:10D4E0007FF7EBAE102E2F9BDFF8A8A040F314833C
:10D4F0001027DDF81090DDF828B003E0103E102E64
:10D5000040F30A8301331035072BC4E900A7CDE9A6
:10D510002F3504F10804F1DD2EAA5946484601F0E2
:10D5200023FF002841F02B8031ACDDE92F35E5E702
:10D530000E9BB9F1430F079503F1040503D0039B3C
:10D54000DE0640F1A186082200212CA841AF1BF085
:10D550005BFF0E9A2CAB04981268394602F04EFD20
:10D5600003460C90013301F09D850C9B23EAE37385
:10D57000059300230E958DF88F300B93069314932B
:10D58000CDE90F3358E600BFFFFFEF7F24220410E0
:10D590002022041034250410602204100E9E002363
:10D5A000079556F8047B8DF88F30002F00F0A18688
:10D5B000B9F1530F01F00C80039B13F010030F938C
:10D5C00041F00680069B002BC1F2F3811A460F99A9
:10D5D000384602F0A9FC9DF88F300B90002801F02E
:10D5E00090840B9AD21B0C9222EAE27205920BB144
:10D5F000013205920F9B4FF073090E960693149318
:10D6000010930B9318E6039907958F0640F19B84BE
:10D610000E9B002207338DF88F20069A23F0070314
:10D62000002A5E6853F8085B0E9380F262840391CF
:10D630000A2D76F1000380F09881069B30359DF825
:10D640008FC00DF26717012B8DF86751B8BF01230A
:10D65000059300230F9301230C9300230B93BCF13C
:10D66000000F02D0059B013305930F9B002B01F0A7
:10D670004685059B02330593039BDDE92F0513F0D7
:10D680008403AE46024600F03782BCF1000F40F042
:10D69000F882CDF850C0CDE90FCCE8E50E9B53F8E9
:10D6A000042B002A099280F23B84099A0E9352427D
:10D6B0000992039B95F8009043F004030393EDE473
:10D6C0002B2395F800908DF88F30E7E495F80090C3
:10D6D000039BB9F1680F00F0E18543F04003039329
:10D6E000DCE4039A0E9B9206079503F1040140F1D6
:10D6F0005B841B68089A1A60D2175A600E91A4E4E2
:10D7000095F80090039BB9F16C0F00F0CF8543F0C2
:10D7100010030393C2E400220E99079547F63003E5
:10D72000069D51F8040B9542ADF890308DF88F208E
:10D730000346C0F28785039D25F0800545F002056C
:10D740000395002840F08A870698002840F08687D5
:10D750004FF078090E91D6E303980795810640F1C2
:10D7600011840E9B073323F007031A46596852F8B9
:10D77000083B0E9200228DF88F20069A002A2DDB9E
:10D7800020F490620392069A5ABB53EA010214BF36
:10D790000122002225D110F00101059100F0C5837E
:10D7A00030230DF2671706928DF867310C910B92BA
:10D7B0001492CDE90F223FE5039B07959D0643F0A8
:10D7C0001000CED40E9B1A1D0E9B00210E9200223B
:10D7D0001B688DF88F20069A002AD1DA20F4806227
:10D7E00003925AAF03F00702DB08384643EA41735D
:10D7F0003032C90807F8012D53EA0105F2D1302A69
:10D8000003D0039BDB0700F1DE845AAB069ADB1BD7
:10D810009A420C93B8BF1A46059200230B931493B7
:10D82000CDE90F3308E5049F384602F055F9436807
:10D8300018461893FDF7DEFD1A900646384602F0AA
:10D840004BF9836895F800901993002E3FF426ACAD
:10D85000002B3FF423AC1B78002B3FF41FAC039B41
:10D8600043F48063039319E4039B95F8009043F01D
:10D870000103039312E49DF88F3095F80090002B7C
:10D880007FF40CAC20238DF88F3007E4039B95F8D0
:10D89000009043F08003039300E4294611F8019BB4
:10D8A000B9F12A0F01F0EC83A9F13003092B01F241
:10D8B0000682002202EB820211F8019B03EB420276
:10D8C000A9F13003092BF5D942EAE2730D4606931C
:10D8D000FFF7E5BB039B079543F010019B063FF55F
:10D8E00097AE0E9B1A1D00260E9B06981B68B04231
:10D8F0008DF88F601D46C0F2AC8721F080010E923A
:10D900000391002B7FF494AE002800F0FC828FE698
:10D91000039B95F8009043F008030393FFF7BEBB09
:10D92000039B07959D0643F010013FF52CAD0E9B20
:10D930001A1D0E9B03911D680E92EE173346002BA5
:10D94000BFF62FAD2D236D428DF88F3066EB460666
:10D95000069B002BFFF66CAE039B0A2D23F0800381
:10D96000039376F10003FFF468AE039B0022059455
:10D970005AA903F48063CDF82C90DFF8C8B9964615
:10D980001C46DDF8649023E0AB19AA4630463946C0
:10D9900043F10003ABFB032C2CF0030202EB9C02CF
:10D9A0009B1A4FF0CC32EB1A66F1000602FB03F231
:10D9B000BAF10A0FA3FB0B530BFB06224FEA5505E6
:10D9C00070F10000134445EAC3754FEA53062BD3A8
:10D9D000AB190EF1010E01F1FF3743F10003ABFB70
:10D9E000032020F0030202EB90029B1AEB1AA3FB28
:10D9F0000B3266F100005B080BFB002243EAC273A6
:10DA000003EB8303A5EB4303303301F8013C002C07
:10DA1000BAD099F80030FF2BB6D07345B4D10A2D97
:10DA200076F1000381F0B68000225AAB059CDB1B27
:10DA30000F92069ACDF864909A42DDF82C909DF8EA
:10DA40008FC0B8BF1A46CDF844E00C93059204E6A7
:10DA5000099B059A9E1A002E7FF719AC102E2F9A5B
:10DA6000DFF8E8A823DD294610235546DDF828B065
:10DA7000DDF810A002E0103E102E16DD013210314C
:10DA8000072AC4E90053CDE92F2104F10804F2DD8F
:10DA90002EAA5946504601F067FCF8B9103E31AC49
:10DAA0001023102EDDE92F21E8DCAA460D460132B5
:10DAB0003544C4F800A0072A6660CDE92F2500F39D
:10DAC000B2850834FFF7E3BB2EAA0A99049801F047
:10DAD0004BFC00283FF405ACDDF810A00B9B002B9D
:10DAE0003FF47CAB0B995046F3F781FF0A9B9B896F
:10DAF00003F04003FFF776BB099E05991493761A4D
:10DB0000002ECDE90F3300F33E81BCF1000F3FF44E
:10DB1000AEAB0226FFF79CBB01333544C4F800A02E
:10DB2000072B6660CDE92F357FF7C6AB2EAA0A9981
:10DB3000049801F019FC0028CED1309D31ACFFF7DC
:10DB4000BCBB119B01352F9E04F10809012B06F186
:10DB5000010640F361810123072E27606360CDE950
:10DB60002F6500F3B381159B0136169A1D44072ECD
:10DB7000C9E90023CDE92F6500F39B8109F108096C
:10DB8000119B00225C1E0023DDE9120107F036FA2A
:10DB9000002840F05A81013601372544C9F8044075
:10DBA000072EC9F80070CDE92F6500F3418109F116
:10DBB0000809179B01361D44C9F80430072E28AB0D
:10DBC000CDE92F65C9F80030B0DC09F10804FFF792
:10DBD00074BB2EAA0A9904981B9301F0C5FB002878
:10DBE0007FF47AAF309D31AC1B9BFFF74DBB2EAA63
:10DBF0000A9904981B9301F0B7FB00287FF46CAFDF
:10DC0000309D31AC1B9BFFF730BB102E2F9BDFF8F4
:10DC100040A720DD1027DDF81090DDF828B002E0E5
:10DC2000103E102E17DD01331035072BC4E900A775
:10DC3000CDE92F3504F10804F2DD2EAA59464846F5
:10DC400031AC01F091FB002840F09984103E102E79
:10DC5000DDE92F35E7DC01333544072BC4E900A6A5
:10DC6000CDE92F357FF732AB2EAA0A99049801F03F
:10DC70007BFB00287FF430AF309DFFF727BBDA46EF
:10DC80002CE7002202261492CDE90F22FFF7E0BA1A
:10DC90002599002940F320840F9B119A9342A8BF35
:10DCA0001346002B99460ADD1D44C4E900732F9BDF
:10DCB00030950133072B2F9300F34B8708340F9EC9
:10DCC000B9F1000FA8BFA6EB0906002E00F32183CF
:10DCD000039A0F9B52053B4400F15683259E119AEF
:10DCE000964203DB0399C80740F12886159A1699D6
:10DCF0001544C4E900122F9A30950132072A2F9259
:10DD000000F396870834119A1744961BFF1AB742FE
:10DD1000A8BF3746002F0ADD23603D442F9B676074
:10DD200001333095072B2F9300F3BA870834002F67
:10DD3000A8BFF61B002E7FF7C0AA102E2F9BDFF87E
:10DD40000CA67FF7E9AE1027DDF81090DDF828B0BB
:10DD500003E0103E102E7FF7DFAE01331035072BA6
:10DD6000C4E900A7CDE92F3504F10804F1DD2EAA9E
:10DD70005946484601F0F8FA002840F0008431ACDA
:10DD8000DDE92F35E5E70223102E7146DFF8C0A547
:10DD90002ADD1B935346A446BA461025DDF810B081
:10DDA0000A9C1F4602E0103E102E18DD0132103191
:10DDB000072ACCE90075CDE92F210CF1080CF2DD22
:10DDC0002EAA2146584601F0CFFA0DF1C40C0028C6
:10DDD0007FF455AF103E102EDDE92F21E6DC3846EA
:10DDE000644657461B9B8246501C7518C4F800A019
:10DDF00007286660CDE92F0500F39E839DF88F20EC
:10DE00000834002A40F09B80002B3FF440AA1346C0
:10DE1000FFF72DBA2F9AB7E7039BD9073FF59BAEC3
:10DE20000123072E27606360CDE92F657FF7C1AE20
:10DE30002EAA0A99049801F097FA00287FF44CAEB4
:10DE40000DF1C409DDE92F65B3E6119B012B7FF7C6
:10DE5000B0AE112BDFF8F4A440F30A841027DDF8EC
:10DE600010B003E0103C102C40F302840136103552
:10DE7000072EC9E900A7CDE92F6509F10809F1DDF1
:10DE80002EAA0A99584601F06FFA00287FF4F7AEDF
:10DE90000DF1C409DDE92F65E4E72EAA0A9904987B
:10DEA00001F062FA00287FF417AE309D31ACFFF725
:10DEB000F4B92EAA0A99049801F056FA00287FF4C2
:10DEC0000BAE0DF1C409DDE92F6559E62EAA0A99BA
:10DED000049801F049FA00287FF4FEAD0DF1C40961
:10DEE000DDE92F653FE6039BD8077FF5E6A9FFF73D
:10DEF000E7BA21F08003039355EA06037FF498AB59
:10DF0000002A7FF495AB039A00239DF88FC05AAF87
:10DF100002F0020205930C930F920693FFF79DBB4C
:10DF200095F800900E93FFF7B9B8059A5AAF06928C
:10DF30000C9214920B92CDE90F22FFF77DB91E4689
:10DF40000023FFF785B903990E9A11F0100652F8D5
:10DF5000043B7FF4C8AC039810F0400100F0B0839C
:10DF60009DB2069B8DF88F60002BC0F25A8220F084
:10DF700080010E920391002D7FF45AAB002BC2D08A
:10DF8000FFF756BB03990E9A11F0100152F8043BAB
:10DF900041F0DE80039D15F0400000F0AA839BB2A3
:10DFA00028460E92FFF7E6BB039BDB0600F15A837F
:10DFB000039B5F0600F1CA84039B9E0540F15283D8
:10DFC0000E9B089A1B681A70FFF798BB039B0E9A6A
:10DFD000D90652F8045B01F1CA80039B5F0640F149
:10DFE0005C8345F3C0360E922DB23346FFF7D6B9A7
:10DFF000DDE9120102460B4607F032F8064600281A
:10E0000040F0DC8629F0200BBBF1410F40F0828309
:10E010003023B9F1610F8DF8903014BF5823782365
:10E020008DF89130069B632B00F3DB84DDE912123F
:10E03000002AC0F2B48641AF1B900B909DED127B7D
:10E040008DED207B25A89DED200B02F021F800220C
:10E050004FF07F5351EC100B06F068FD02460B4663
:10E06000CDE90C230022002306F0C8FF08B10123EC
:10E070002593B9F1610FCDF83C903E46BB460CBFED
:10E08000AC4BAD4B0593069BDDF814A0591E0694CE
:10E090008946DDE90C4509E00022002309F1FF373C
:10E0A00006F0ACFF002840F0A186B9460022A34B41
:10E0B0002046294606F03AFD0D46044606F0E6FFE6
:10E0C000074606F0C9FC02460B462046294606F0E4
:10E0D00075FB1AF80730B9F1FF3F324604460D468A
:10E0E00006F8013BD8D19246954B0022DDF83C90D2
:10E0F000CDE90C453D46069C5F4606F0A7FF40B9BA
:10E1000000228F4BDDE90C0106F078FFD8B1EB0758
:10E1100019D5059B3246CDF8B0A0D97B16F8013C45
:10E12000994209D1302002F8010C2C9A531E2C93ED
:10E1300012F8013C8B42F6D0392B00F0D587013321
:10E14000DBB202F8013C039B259A43F00201F31B6A
:10E15000119309F10F038DF8A030531E002B259366
:10E16000C0F21C872B22092B8DF8A12000F3988484
:10E170000DF1A202303302F8013B28ABD31A1793FA
:10E18000119B179A012B1A440C9240F3F7850C9BB4
:10E19000159A13440C9321F4806301F0020243F4B6
:10E1A00080730F9203930C9B23EAE37305931B9BED
:10E1B000002B00F0CE854FF02D0C00238DF88FC082
:10E1C0000693FFF74FBA30230238069A07F8013C4E
:10E1D0005AAB07461B1A9A420C93B8BF1A460592CF
:10E1E000FFF71BBB54480795039B0E9913F02002C1
:10E1F00000F01A81073121F007014A6851F8083B05
:10E2000053EA0205039E14BF01250025F60702D537
:10E21000002D40F0B78100268DF88F60069E002EFD
:10E22000C0F21181039E26F490660396069E002E8E
:10E2300040F0BA81002D40F0B7810E9163E63D4871
:10E240000795D1E7039894460E914FF0780940F076
:10E2500002000221039037480F915AAF03F00F01DB
:10E260001B09415C43EA0273120907F8011D53EAD6
:10E270000201F3D15AAB069ADB1B9A420C93B8BF4A
:10E280001A460592FFF7E9B90E9B41AF1B688DF85E
:10E290000431012305930C93FFF76BB943F400732A
:10E2A00095F8019001350393FEF7F8BE43F0200383
:10E2B00095F8019001350393FEF7F0BE2EAA0A9956
:10E2C000049801F051F800287FF406AC309D31AC81
:10E2D000FFF703B940215046F3F76CFB0A9B186027
:10E2E0001861002800F0048740230A9A5361FEF762
:10E2F00095BE069B3A460697062B0E96149228BFAB
:10E300000623CDE90F22CDE90B7305930E4FFEF7DF
:10E3100093BF102E2F9BDFF834A040F38D8251461F
:10E320002A46BA464FF01009DDF810B00F460A9D94
:10E3300014E000BF302204104422041000003040DA
:10E340000000E03FCDCCCCCC582204103425041082
:10E3500044250410103E102E40F36A82013310321F
:10E36000072BC4E90079CDE92F3204F10804F1DD6F
:10E370002EAA2946584600F0F7FF00287FF47FAC0C
:10E3800031ACDDE92F32E5E7109A14990A43119A6E
:10E3900000F0B286B8188B46224629461C46DFF8A4
:10E3A00070A3DDF8649003461A9D1B97BBF1000F24
:10E3B00034DC109809F1FF3901381090189829447D
:10E3C000C2E900052F983091013007282F9000F303
:10E3D000C98008321F1B99F8000006938742A8BF26
:10E3E0000746002F0CDD2F98394401303091072863
:10E3F0002F90C2E9004700F32281083299F800000B
:10E40000002FACBFC61B0646002E28DC0444109823
:10E410000028CBDCBBF1000F40F3B4850BF1FF3BD0
:10E42000CCE70E92FFF704B9039D51F8043B15F0B9
:10E4300010057FF4E5AE039A12F0400600F0388133
:10E440009BB22A46DCE6039D25F4806503950E9178
:10E450004FF0000C039901F002010F91FDE6102E20
:10E460002F9840F3F4850C94102734460F950A9E9C
:10E47000049DCDF850A0199302E0103C102C17DD3C
:10E48000013010310728C2E900A7CDE92F0102F1C0
:10E490000802F2DD2EAA3146284600F065FF00286A
:10E4A00040F0C383103C31AA102CDDE92F01E7DCDA
:10E4B00026460F9D0C9CDDF850C0199B013031445D
:10E4C000C2F800C007285660CDE92F0100F34D8344
:10E4D000083299F8000099E72F9B01358A4A0133E9
:10E4E000309522600122072B2F93626000F3178280
:10E4F0000834119B0B4300F0AA83159B169A1D4408
:10E50000C4E900232F9B30950133072B2F9300F391
:10E51000138304F108020029C0F2D6831199013354
:10E5200017600D44072B5160CDE92F353FF7FEAA48
:10E5300002F10804FEF7C1BE2EAA0A9904981B93A3
:10E5400000F012FF00287FF4C7AA9DF88F20309DAD
:10E550001B9B002A00F099801E4631AC03462F9881
:10E56000FEF776BE2EAA0A990498069300F0FCFEE8
:10E5700000287FF4B1AA309931AA069B2AE7CA463F
:10E58000FFF7ACBA30258DF891908DF890500025AA
:10E590008DF88F50069D002DC0F2AB81039D25F4B0
:10E5A000906545F0020503950E9103999DF88FC083
:10E5B00001F002010F9150E62EAA0A99049800F08A
:10E5C000D3FE00287FF488AA309D31ACFEF773BFDC
:10E5D0000DF1B00A08220021279750461AF014FFC7
:10E5E000069B002BC0F23881002505940B969B46B4
:10E5F0002C46049E0EE041A9304601F0FFFC421C6F
:10E6000005F10405204400F0BE83584507DC00F006
:10E6100001840446279A53465259002AEBD10C94A0
:10E620000B9E059C26E12EAA0A99049800F09CFEF8
:10E6300000287FF451AA309D31ACFEF728BE2EAAE7
:10E640000A9904980C9300F08FFE00287FF444AAE6
:10E6500099F8000031AA30990C9BD1E62B484FF075
:10E660007809A1E70E9B089A1B681A60FFF746B865
:10E6700001362544C9F800A0072EC9F80440CDE9A9
:10E680002F657FF794AAFFF7D3BB002B00F05381CF
:10E6900013462F9831ACFEF7EABD039B0E929E0500
:10E6A00040F1728145F3C0166DB23346FEF776BE77
:10E6B000039A12F400723FF4A3ADDBB232469FE539
:10E6C000039810F4007600F04B81DDB2069B0E46F5
:10E6D0008DF88F10002BFFF6A4AE20F080010E9273
:10E6E0000391002B7EF4A4AF002D3FF40CACFEF799
:10E6F0009FBF039D15F4007100F02E810146DBB22F
:10E7000028460E92FFF736B860220410302204101B
:10E7100034250410069A039B551C43F4807ADDE9E6
:10E7200012010B4600F072811AB9BBF1470F00F0DD
:10E730004E84002BC0F29F8300239DED127B1B9320
:10E740008DED1E7BB9F1650F00F0948200F37581A9
:10E75000B9F1450F00F08E82B9F1460F40F071819A
:10E76000069B032111932CAB119D0498019327ABB9
:10E770002A46009325AB9DED1E0B01F031FEBBF147
:10E78000460F0746054440F0DE833B78302B00F00F
:10E79000CB83259B1D4400220023DDE91E0106F0EA
:10E7A0002DFC002840F0BB832C9B9D4240F2AC84A2
:10E7B00030215A1C2C9219702C9BAB42F9D3259A0C
:10E7C000DB1BBBF1470F0F92119300F05081BBF19F
:10E7D000460F40F05481039B0F9903F00103069A02
:10E7E000002943EA020340F36B84002B40F0398395
:10E7F0000F9B4FF066090C93039B5B0500F14C8364
:10E800000C9B23EAE37305931B9B002B00F03782DC
:10E81000059BCDF80CA00133059300231A460B93FA
:10E820002D2306928DF88F3014921092FEF704BDBE
:10E8300015463A465746924601333544C4F800A07F
:10E84000072B6660CDE92F3500F3EB800834FFF726
:10E850003FBA0E92FEF7EBBE002327AA0498194692
:10E86000CDF800A001F0F0FB03460C90013300F05E
:10E870007B8427970C9B002B42D0632B00F3A7804F
:10E88000002341AF0B930822002150461AF0BCFD33
:10E890000C9D27AA39462B460498CDF800A001F01C
:10E8A000D3FB854240F03A840C9900237B5421EA43
:10E8B000E1719DF88F200591002A40F02782069291
:10E8C0000E961492CDE90F22FEF7B6BC2D23B9F1B6
:10E8D000470F8DF88F305BDD03222B46AA4F0B9537
:10E8E0000C9204221493CDE90523CDE90F33FEF7F2
:10E8F000A3BC039D25F4806545F002050395A6E5BC
:10E900009DF88F300E96003B18BF012305930C9B9A
:10E91000069314930B93CDE90F33FEF78DBC2EAA0B
:10E920000A99049800F020FD00287FF4D5A82599C5
:10E9300031AC309DDDE531ACFEF7A9BC1744961B28
:10E94000FF1AB742A8BF3746FFF7F1B90E9B089AE6
:10E950001B681A80FEF7D2BE03980E92FEF70ABF1C
:10E9600006991D468DF88F600029FFF65AAD039871
:10E970000E9220F08000039000297EF459AE002B07
:10E980003FF4C1AAFEF754BEEE173346FEF706BDAC
:10E9900003222B467D4F0B950C92A2E70A9C2EAAD0
:10E9A0005046214600F0E0FCA38903F04003FEF747
:10E9B00019BC3846FCF71EFD9DF88F3020EAE07246
:10E9C0000C900592002B3EF415AEFEF711BE591CBB
:10E9D0000498F2F7EFFF0746002800F0BC830B9085
:10E9E00051E7591C0498F2F7E5FF0746002800F0AC
:10E9F0005983DDE91212002AC0F214831B960B9092
:10EA00009DED127B8DED207BFFF71CBB0029C0F232
:10EA1000128306231B969DED127B06938DED1E7BC4
:10EA200090E62EAA0A99049800F09EFC00287FF434
:10EA300053A8309D31ACFFF74BB9B9F1660F3FF4E5
:10EA40008FAE2CAB069A02210498019327AB9DED63
:10EA50001E0B009325AB01F0C3FC039B0746DE07AA
:10EA600000F168812C9B1B1A1193259B0F930F9B20
:10EA7000DD1C02DB069A9A4242DAA9F102090F9BD9
:10EA80008DF8A090013B002B2593C0F2D7812B225B
:10EA9000092B8DF8A12040F3DA81002203990B9213
:10EAA0000DF1B70CDFF8E8E06546AEFB032A1E4621
:10EAB0002846013D4FEADA0A632E0AEB8A02A3EBED
:10EAC0004202534602F1300200F8012CEDDC3033F3
:10EAD00005F8013C831E634580F0EE820DF1A10232
:10EAE00013F8015B634502F8015FF9D103F5B473D4
:10EAF00028AA6B44C43B1B1A9B1A1793FFF740BB11
:10EB00000F9B119A9342C0F20B81039B13F0010FEC
:10EB10000F9B00F0AE81159A13440C93039B59058B
:10EB200003D50F9B002B00F3B5810C9B4FF06709B9
:10EB300023EAE373059367E62EAA0A99049800F086
:10EB400013FC00287EF4C8AF259931AADDE92F35E2
:10EB5000E1E42EAA0A99049800F006FC00287EF44D
:10EB6000BBAF309D31ACFFF7AAB82EAA0A99049822
:10EB70000C9300F0F9FB00287EF4AEAF99F800008A
:10EB800031AA30990C9B41E4242204102022041065
:10EB9000CDCCCCCC1A9A1899A7EB020A5046FBF7B9
:10EBA000F5F999F801300BB109F10109AB19B64A31
:10EBB0004FF0CC314FF0010E43F100030AF1FF3763
:10EBC000A2FB030C2CF0030000EB9C001B1AEB1AB9
:10EBD00066F1000603FB01F1A3FB023002FB061104
:10EBE00023FA0EF3014443EAC17521FA0EF6AB197C
:10EBF00043F10003A2FB031020F0030101EB90019D
:10EC00005B1AEB1AA3FB023166F1000023FA0EF344
:10EC100002FB001243EAC27303EB8303A5EB430339
:10EC200030330AF8013CFEF7F4BEAA46FEF756BFA1
:10EC30002EAA0A990498069300F096FB00287EF409
:10EC40004BAF259E31AC309D069BFFF75CB8039B14
:10EC5000D9077EF532AB159B169A1D44C4E90023F3
:10EC60002F9B30950133072B2F933FF765AF04F1AE
:10EC7000080253E4069B02210133119373E59DF8CA
:10EC80008F30002B00F0E781059A1B9B0132CDF8F5
:10EC90000CA00B930592069314931093FEF7CCBA35
:10ECA0002EAA0A99049800F05FFB00287EF414AFA6
:10ECB000259E31AC119B309D9E1BFFF738B8002379
:10ECC0000D460693FEF7EBB94E421031DFF8C0A1B6
:10ECD00047DAB9461024574602E0103E102E3EDDBA
:10ECE00001331035072BC2E90074CDE92F3502F14D
:10ECF0000802F2DD2EAA0A99049800F035FB0028DC
:10ED00007EF4EAAE31AADDE92F35E6E7059A0693EF
:10ED100001320E9614930592CDE90F33FEF78CBAAB
:10ED2000119B159A9A180F9B002B0C9277DD4FF0D0
:10ED3000670961E5069B0022C5180023DDE91E0175
:10ED400006F05CF9002834D12C9B9D423FF630AD93
:10ED500035E51B9B9DF88FC00693FEF780BCBA4635
:10ED60004F4601333544C2F800A0072B5660CDE969
:10ED70002F3500F337810832FFF7D0BBC8077FF586
:10ED80000AAAFFF704BAB2460A9B0022B3F90C3074
:10ED90000B9243F040030A9A9381FEF79FBE02F163
:10EDA000004341AF209121932D230B901B93FFF73C
:10EDB00049B9259B0F93069B119358E6039B23F0BB
:10EDC00080030393139B13F000430F9300F017810C
:10EDD0002D230322B9F1470F8DF88F304FF0000338
:10EDE000CDE90B3240F34081284F7AE54946069C35
:10EDF000DDF83C905F460029FFF6A5A94A1C334682
:10EE00003020324403F8010B9342FBD131444E1CB5
:10EE1000FFF799B9069B059C0B9E0C932AE5C3F15D
:10EE200001034FF067091A4422EAE2730C9205933A
:10EE3000EAE400230322CDE90B3252E50F9B2D2299
:10EE4000C3F101038DF8A120092B3FF726AE302234
:10EE500003998DF8A22000220B920DF1A302FFF777
:10EE600089B91346159A4FF0660913440B440C9365
:10EE7000C2E40C9352E6DDE9121202F100431E9146
:10EE80001F932D231B935DE4CDCCCCCC2C220410FE
:10EE9000342504104FF0670919990B78FF2B00F007
:10EEA000398100250F9A284603E001300131FF2BFC
:10EEB00008D0934206DAD21A4B78002BF5D10B78A2
:10EEC0000135F4E71991109014950F92149A109B44
:10EED0001A9913440C9A01FB03230C9323EAE3735E
:10EEE00005931B9B002B63D0059BCDF80CA0013331
:10EEF00005932D238DF88F3000230B930693FEF797
:10EF00009BB90E96002B32D0069B4FF073090690EA
:10EF10005A1C0C93149005921090FEF78DB9EB1BC0
:10EF20001193259B0F9356E400220023DDE91E0177
:10EF300006F064F8002800F0AF80259B0F93EB18D3
:10EF4000DB1B119347E400220023DDE91E0106F0DC
:10EF500055F828B92C9B9D423FF62AACDB1B119338
:10EF6000259BBBF1470F0F937FF489AD7FE5069B8F
:10EF70004FF073090C9305930B9B14931093069316
:10EF8000FEF75AB923461B9F14460D46CDF86490F0
:10EF9000069A934228BF1346FEF7A0BEC2F10103B2
:10EFA0002D22092B8DF8A1203FF77AADFFF7E0B8AD
:10EFB0009DF88F30002B00F0B980059A1B9B013221
:10EFC000CDF80CA00B9305920693FEF735B90029F6
:10EFD0004CDB01231B969DED127B06938DED1E7B72
:10EFE000FFF7B0BB2EAA0A99049800F0BDF90028DB
:10EFF0007EF472AD31AADDE92F35FFF78FBAB9F192
:10F00000470F9DF88F30CCBF5A4F5B4F002B40F01D
:10F0100094800322069314930C9210930B93059201
:10F02000FEF70AB902F1004320910B9021932D23A2
:10F030001B93FFF707B8DDE9121202F100431E919E
:10F040001F932D231B9306230693FFF77BBBDFF84B
:10F050002CC1FFF733BA1B9BCDF80CA00B93069382
:10F0600014931093FEF7E8B8434F3AE401F10043DC
:10F070001E901F932D231B9301230693FFF762BB62
:10F080000E9B95F801900D4653F8042B42EAE2726C
:10F090000E930692FEF702B8119BC3F1010325936C
:10F0A000FFF778BB0A9A938943F0400393814FF0AE
:10F0B000FF330893FEF799B802231793FFF760B860
:10F0C00033B901234FF0660905930C93FFF79CBBFE
:10F0D000159B4FF06609069A01331A4422EAE2733F
:10F0E0000C920593FFF790BB059B9B7AFFF729B81D
:10F0F0000C23CAF80030DAE7BA18069248E70F9BEB
:10F1000014931093FEF798B8DB1B1193259B0F9374
:10F11000FFF761BB002314931093D7E60A9BDDF839
:10F1200010A0B3F90C3043F0400334E61B9BCDF83C
:10F130000CA00B930693FEF77FB8032200230C92DA
:10F14000042206930592149310930B93FEF774B860
:10F150000398FEF739BB0A9BDDF810A0B3F90C3019
:10F160000B9043F0400316E6DDF810A00CE61946BC
:10F17000FEF7DFBB2C2204102822041034250410D3
:10F1800000F05ABA2DE9F8434FF0000907468846C7
:10F190001646D6E90154013D0FD4A389012B08D9A5
:10F1A000B4F90E3021463846013302D0C04749EA4F
:10F1B0000009013D68346B1CEFD13668002EE8D1A0
:10F1C0004846BDE8F88300BF38B505460C4608B18F
:10F1D000436B2BB3636ED80702D4A38999051BD563
:10F1E0006368013B002B63600BDB23685A1C2260C1
:10F1F0001D78636EDA0702D4A3899B0507D52846DC
:10F2000038BD2846214600F0DBF80546F1E7A06D41
:10F21000FCF778F8284638BDA06DFCF76FF8DFE7FB
:10F22000FAF79AFDD6E700BF024B0A460146186876
:10F23000F2F7C9BB44B80020B1F90C3070B50C46E8
:10F24000990796B007D504F1430301222360C4E96E
:10F25000043216B070BDB4F90E10054600292BDB40
:10F260006A46F2F786FB002824DB4FF480612846CB
:10F27000019EF2F79FFBB4F90C30A0B306F4704680
:10F2800043F080034FF480622060B6F5005F206198
:10F29000A381626135D1B4F90E102846F2F76EFBF6
:10F2A000B4F90C3068B323F003034FF4006243F069
:10F2B000010314E0B4F90C3013F0800F28460CBFA2
:10F2C0004FF4806540252946F2F774FBB4F90C3001
:10F2D00048B143F0800300222060C4E904051343D1
:10F2E000A38116B070BD9A05B3D423F0030304F1D3
:10F2F0004302012143F002032260C4E90421A381F7
:10F30000A7E74FF40062EAE770B50C46B1F90E10BA
:10F3100096B0154600291E4614DB6A46F2F729FB13
:10F3200000280FDB01994FF480634FF4006001F473
:10F330007041A1F50051B1FA81F1490931602B60AA
:10F3400016B070BDA18911F0800106D000214023C4
:10F35000084631602B6016B070BD4FF480630846DC
:10F3600031602B6016B070BD2DE9F84315469268E8
:10F370002C68FAB180468946083401E00834CFB1E0
:10F380006B681746591E002B696013DD54F8046C36
:10F39000002EF3D0334654F8082C4946404603F07B
:10F3A000ADFC431C07D0AA680834921B1746AA601C
:10F3B000002FE5D100200023C5E90133BDE8F88323
:10F3C00038B505460C4608B1436BE3B1B4F90C30CF
:10F3D000626E990412D443F4005322F40052A381C4
:10F3E00062662146284603F0F7FC48B9D4E90023B9
:10F3F000511C013BC4E90013107838BD9304F0D5CB
:10F400004FF0FF3038BDFAF7A7FCDFE770B50C7896
:10F4100084465E2C24D00023481C9E4600220CF516
:10F42000807163F3070263F30F2263F3174263F300
:10F430001F62634643F8042B8B42FBD174B18EF0FC
:10F440000101451C0CF8041015F8013C2D2B0ED0C1
:10F450005D2B0AD01BB11C462846F2E7013870BD6F
:10F460000123881C4C789E46D8E7284670BD90F84A
:10F4700001E0BEF15D0F15D0744513DC661C02304F
:10F480000CEB060202F8011BA2EB0C03013B9E45AC
:10F49000F8DCAEEB04030235013B7445A8BF002342
:10F4A0009C19D1E72D242846CBE700BF10B50C46A8
:10F4B000B1F90E10F2F774FA002803DB236D034450
:10F4C000236510BDA38923F48053A38110BD00BF21
:10F4D000002070472DE9F0410C46B1F90C101F4691
:10F4E0000546CB0516460BD421F480513B463246E7
:10F4F0002846A181B4F90E10BDE8F041F2F755BAE3
:10F50000B4F90E1002230022F2F740FAB4F90C10FD
:10F51000EAE700BF10B50C46B1F90E10F2F736FA63
:10F52000421CB4F90C3004D043F480532065A3810D
:10F5300010BD23F48053A38110BD00BFB1F90E109C
:10F54000F2F714BA10B50B78722B36D0772B06D0A1
:10F55000612B2BD0044616230020236010BD4FF4EE
:10F56000C0644FF0010C08204B7801316BB916E0F4
:10F570002B2B20F01C0E2CF0030303D14EF01000B7
:10F5800043F0020C11F8013F4BB1622B0BD0782BEA
:10F59000EED111F8013F4CF4006C002BF5D144EA98
:10F5A0000C04146010BD4CF4803CEBE74FF4027483
:10F5B0004FF0010C4FF48470D6E700240420A446D9
:10F5C000D2E700BF2DE9F0410C46096B04F140037E
:10F5D000994214D0666B77003A46F2F7F4F9054683
:10F5E00030B300EB0608014632464046FBF78CFE7E
:10F5F000C4F80080C4E90C570020BDE8F0814FF446
:10F600008061F2F7D7F998B194F842204FF4806105
:10F61000206300F2FD33616380F8FF2394F84120FA
:10F6200080F8FE2394F8402080F8FD232360E3E770
:10F630004FF0FF30E1E700BF2DE9F04F0C4697B0E7
:10F6400090461E46054618B1436B002B00F03381EF
:10F65000626EB4F90C30D70702D4980540F10781E7
:10F6600003F48473B3F5847F00F00C81D4F8289000
:10F67000B9F1000F00F05A81012E56D036F0020782
:10F680000FD0636E1622D9072A6005D4A3899F057F
:10F6900002D4A06DFBF736FE4FF0FF3017B0BDE887
:10F6A000F08F2269BA46002A63D0B4F90C3040F6D4
:10F6B0001A02134207D15A0578D4A04A91455DD069
:10F6C00043F40063A38121462846FAF7C1F80028D5
:10F6D00040F0278133464246E1692846C847013059
:10F6E00000F01F81216B41B104F14003994202D027
:10F6F0002846F2F77CF900232363A38900212069BF
:10F70000082223F40263C4E90001A38104F15C0030
:10F7100019F07AFE636EDA0703D4A3899B0540F1E2
:10F72000CD80002017B0BDE8F08F21462846FAF7BB
:10F730008FF8B4F90C3013F4805240F08A803346CD
:10F74000E1692846C847421C074600F0EA80B4F940
:10F750000C3022695E0740F181806368FF1A236BD9
:10F760000BB1E36BFF1AB8444FF0010A0026002AE0
:10F770009BD121462846FFF75FFD96E7B4F90E10AE
:10F7800000299DDB6A462846F2F7F3F8B4F90C30FD
:10F79000002895D1019A02F47042B2F5004F8FD142
:10F7A00043F48063A3814FF48063E364002E6ED141
:10F7B000C346BAF1000F79D1A389DB0440F18980F7
:10F7C000206D6268216B871A00297BD0E36BFF1ADA
:10F7D00017442069A26B121ABF1A1344BB4502DBFF
:10F7E000FA185A457ED8E76C0023E16928467F4223
:10F7F00007EA0B073A46C84701303FF464AF0023DD
:10F80000216B63602369236041B104F14003994295
:10F8100002D02846F2F7EBF800232363A389BBEB61
:10F82000070B23F02003A38110D02146284603F0C4
:10F83000D3FA00287FF447AF63685B45FFF443AF1A
:10F840002268A3EB0B035A44C4E9002308220021D9
:10F850005CE75E07276D22693FF57FAF180782D509
:10F860002368002B3FF47FAF9B1A1F447BE7A06DFA
:10F87000FBF744FDB4F90C3003F48473B3F5847FD3
:10F880007FF4F4AE21462846F9F7E2FFEEE66A4639
:10F89000B4F90E102846F2F76CF800287FF413AF85
:10F8A000049B08EB030BBAF1000F85D0216B626853
:10F8B00041B1E36B8CE7FAF74FFAC9E6A06DFBF7AD
:10F8C00021FD2EE72368002120691B1AFF1A13442B
:10F8D00084E752460123E1692846C847471C7FF464
:10F8E00070AFF0E6ABEB07073844DB1BC4E900035D
:10F8F00041B104F14003994202D02846F2F777F86B
:10F9000000232363A3890021082204F15C0023F073
:10F910002003A38119F078FD636ED9073FF501AF8D
:10F92000FBE6636EDB073FF5B7AEAFE6636E1D2205
:10F93000D9072A603FF5B0AEA8E600BF15F5021062
:10F9400011F0FF01034600F0030239D08ABB10B565
:10F9500001EB012E02680EEB0E4EA2F101338EEA8E
:10F96000020423EA0203A4F1013222EA040213434F
:10F9700013F0803F0FD150F8044F84EA0E0CA4F12D
:10F980000133ACF1013223EA040322EA0C021343EF
:10F9900013F0803FEFD0037823B936E010F8013F31
:10F9A000002B32D09942F9D110BD8A4228D09A0753
:10F9B00029D01A7818460133002AF6D1104670472C
:10F9C000CAB90268A2F1013323EA020313F0803FAF
:10F9D00008D150F8042FA2F1013323EA020313F0F7
:10F9E000803FF6D003785BB110F8013F002BFBD1CC
:10F9F0007047990705D0184613F8012B002AF8D153
:10FA000070471846DDE71846A1E7184610BD00BF4D
:10FA100070B5044608460D46FBF7ECFC064620464A
:10FA200001363146F1F7C6FF044618B13246294681
:10FA3000FBF76AFC204670BD99B1034601EB000C50
:10FA400010B401E09C4508D01A4601331478002C0C
:10FA5000F8D1101A5DF8044B704708465DF8044B66
:10FA600070470846704700BF024B1968543100F0D8
:10FA700003B800BF44B8002030B5856987B00E4A8E
:10FA80000C4605EB450501690C4B2A44456901EB21
:10FA9000410105F26C750B4409490495056803950D
:10FAA0004568029585680195C0680090204601F080
:10FAB000DBFC204607B030BD782504105425041027
:10FAC000642204100048704790B90020014B93F85D
:10FAD00028017047E8B9002000487047D8BA0020D4
:10FAE0002DE9F04F1F4685B08B460D46A84B03907D
:10FAF00000922A4615F8014B1E5D16F00806F8D153
:10FB00002D2C27F0100900F090802B2C1AD0B9F181
:10FB1000000F1DD1302C00F0E980002F00F0DB80B9
:10FB20004FF01008B2466FF0784C4FF0FF364FF0B0
:10FB30000F09474600224FF0FF336FF0004ECDE92A
:10FB4000012321E02C78951CB9F1000F00F0A18071
:10FB50004FEAE77A3A464FF0FF306FF000415346E4
:10FB6000B84605F00BFB534691464FF0FF303A463E
:10FB70006FF0004105F002FB4FF0FF3301968C4619
:10FB800006466FF0004E029300221046114613E025
:10FB9000A4F13703BB421FDA013209D086427CEB65
:10FBA000010205D3614508BFB04227D14B4525DD91
:10FBB0004FF0FF3215F8014BA4F13003092BE9D9BE
:10FBC000A4F14103192BE3D9A4F16103192B03D844
:10FBD000A4F15703BB42DFDB531C1BD0019B13B1C5
:10FBE000404261EB4101009B2BB1002A40F0908024
:10FBF000009BC3F800B005B0BDE8F08F00FB0AF22F
:10FC000008FB0122A0FB08010A44181842EBE3712B
:10FC10000122CFE72223039A1360009B002B7AD0A6
:10FC200005F1FF3B02987146E2E72C78951CB9F18B
:10FC3000000F14D1302C73D0002F40F08B804FF088
:10FC40000A080123BA460296DFF848C14FF0CC36C5
:10FC50004FF0080947464FF0004E019394E74FEAF2
:10FC6000E77A3A4600204FF000415346B84605F087
:10FC700085FA5346914600203A464FF0004105F080
:10FC80007DFA012302968C4606464FF0004E019302
:10FC90007AE7302C7FF441AF937803F0DF03582BE1
:10FCA00030D14FF01008CA46D478151D4746424659
:10FCB00053464FF0FF306FF0004105F05FFA5346B6
:10FCC00091464FF0FF3042466FF0004105F056FA82
:10FCD00006468C462EE74FF00A08BA464FF0CC365F
:10FCE000DFF8B0C04FF00709474623E72B7803F051
:10FCF000DF03582B06D14FF010086C78CA46D51C8C
:10FD00004746D4E7D7BB4FF00808BA464746CEE788
:10FD10008E46029084E70298714605B0BDE8F08FE8
:10FD2000937803F0DF03582B21D067B34FF010080E
:10FD3000CA4647465346424600204FF0004105F070
:10FD40001DFA00238C46012106464FF0004ECDE9F6
:10FD5000011319E74FF0100801234E464FF0006CD5
:10FD6000CA4647464FF0004ECDE901390CE74FF047
:10FD70001008D478151DCA464746DBE74FF0100837
:10FD8000CA46474693E74FF00808BA464746D1E7C8
:10FD90000D240410CCCCCC0CFFF7A2BE2DE9F04F03
:10FDA00085B08B461E460D4601925C4A039029465B
:10FDB00015F8014B135D13F00803F8D12D2C00F05A
:10FDC0008C802B2C52D0029336F0100A55D04FEA7B
:10FDD000E67A32464FF0FF304FF0FF315346B146DE
:10FDE00005F0CCF932460746884653464FF0FF30BF
:10FDF0004FF0FF3105F0C2F994460022104611463B
:10FE000013E0A4F137039E421FDD013209D087427F
:10FE100078EB010205D3414508BFB8423BD16345A9
:10FE200039DD4FF0FF3215F8014BA4F13003092BF7
:10FE3000E9D9A4F14103192BE3D9A4F16103192BEA
:10FE400003D8A4F157039E42DFDC531C3AD0029B37
:10FE500013B1404261EB4101019B23B1002A39D12A
:10FE6000019BC3F800B005B0BDE8F08F36F0100A72
:10FE70002C78029301F10205A9D1302C32D0BEB901
:10FE80004FF00A09B2464FF0050C4FF09937DFF8F2
:10FE900090804E46B1E700FB0AF209FB0122A0FB6D
:10FEA00009010A44181842EBE3710122BBE756B37B
:10FEB0004FF010094FF00F0C4FF0FF376FF0704804
:10FEC0004E469AE72223039910460B601146019B88
:10FED000002BC8D005F1FF3BC2E701232C788D1C15
:10FEE000029371E72B7803F0DF03582BDFD14FF03B
:10FEF00010096C784FF00F0C02354FF0FF376FF0A0
:10FF000070484E4679E74FF00809B2464FF0070CAB
:10FF10004FF0FF376FF060484E466EE70D24041037
:10FF200099999919FFF73ABF30B586468007CCB248
:10FF300015D00EEB0205F44606E013F8011BA142B2
:10FF400007D0990706D09C46654563466046F4D1C4
:10FF5000002030BD013A72449E46A2EB0C02032AF7
:10FF60000CD8002AF4D07346724401E09A42EFD0D4
:10FF7000184613F8011BA142F8D130BD04EB04254B
:10FF8000714605EB05458E4651F8043B6B40A3F1E5
:10FF9000013020EA030313F0803FE4D1043A032A3E
:10FFA000F1D88E46DDE700BF70B582B00446069DED
:10FFB00055B11048D0F8E4606AB120460095B047CA
:10FFC000431C10D002B070BD00F1F4050948D0F810
:10FFD000E460002AF1D1012311462046064A00952B
:10FFE000B047431CEED100228A232A60236002B06E
:10FFF00070BD00BFE8B90020D823041070B50546D5
:020000041003E7
:1000000084B05BB11C460F4BD3F8E060234669B166
:100010002846B047431C0FD004B070BD094B00F513
:100020008274D3F8E06023460029F1D10A462846BD
:1000300001A9B047431CEFD100228A2322602B6024
:1000400004B070BDE8B9002010B582B0049C0093E4
:100050004FF0FF33019403F041F802B010BD00BF30
:10006000002100F001B800BF10B500F0E9F8044627
:1000700001F0B4F9A0F11A03DBB2022B01D8012080
:1000800010BDA4F1090004288CBF0020012010BD80
:10009000002170B555EC104B064625F00043016079
:1000A000114883421DD8204618431AD00F482A46CB
:1000B000284058B900220E4B2046294604F036FD50
:1000C0000A4621F0004304466FF035016FF31E52DB
:1000D0001B1542F07F55A3F2FE3345F400150B4487
:1000E000336045EC104B70BDFFFFEF7F0000F07FE9
:1000F000000050430229C0F307235FFA80FC25D09B
:10010000032903D083F080038CF0800C03F15002AC
:10011000D2B21F2A0BD903F13002D2B2242A3BD823
:100120004FF2A64290422CD94FF0FF3070474CF668
:10013000D3729042F8D8B03BACF1A10C384AC3EB73
:10014000C3130CEB430332F813007047BCF19E0F4E
:1001500011D90CF1230C80225FFA8CFC9F2B94BFE9
:10016000703B503302EB4302D3B203F15002D2B2E0
:100170001F2AD0D8DBE7ACF17E0C7F225FFA8CFC23
:10018000ECE7D03BACF1A10C264AC3EBC3130CEB5C
:10019000430332F813007047A13B072BC4D8DFE8B4
:1001A00003F0382E241D17120D04BCF1C00FBBD86C
:1001B0001D4AACF1A10332F813007047BCF1F10FF6
:1001C000B2D81A4A1CE0BCF1D80FADD8184A17E0D3
:1001D000BCF1F60FA8D80CF540507047BCF1F30FF6
:1001E000A2D842F6A07060447047124B634413F8E3
:1001F000A13C002B98D04FF66060604470470E4AD7
:10020000ACF1A10332F81300002808BF4FF0FF3013
:1002100070470A4AACF1A10332F81300704700BFDF
:100220006C400410F025041098570410D85704109F
:100230007C580410EC58041048590410045A041057
:1002400038B50546B9B101F5957412492046FAF75B
:1002500013FF28B928460121BDE83840FFF74ABFFF
:100260000D492046FAF708FF38B928460221BDE8B3
:100270003840FFF73FBF094CE7E709492046FAF746
:10028000FBFE28B928460321BDE83840FFF732BFFE
:10029000284638BDCC220410D022041012BB002006
:1002A000D82204102DE9F04F036985B00C69A342F0
:1002B000C0F29080013C01F1140500F11408814660
:1002C00055F824304FEA840C58F8242005EB8407B5
:1002D000013308EB840B9A42B2FBF3F642D30020C1
:1002E000AA46C646CDF80C8003468846CDE901C52E
:1002F00005465AF8042BDEF8001090B257454FEA35
:10030000124C06FB00508AB24FEA104580B206FB41
:100310000C55A2EB00021A44ABB24FEA1545C3EBF1
:10032000224392B203EB114342EA03424FEA2343D2
:100330004EF8042BDDD24146DDF80C80DDE901C525
:1003400058F80C3073B9ABF1040BD84504D307E06F
:10035000D84504F1FF3403D25BF80439002BF7D001
:10036000C9F81040484602F091FB00282EDB00221D
:100370004146944655F8040B0B681FFA80FEAF42C5
:100380009AB24FEA1040A2EB0E026244C0EB224048
:1003900092B200EB134042EA00424FEA204C41F88F
:1003A000042BE7D258F8242008EB84036AB9043BF5
:1003B000434504D807E0984504F1FF3403D253F8CD
:1003C0000429002AF7D0C9F810400136304605B09C
:1003D000BDE8F08F002005B0BDE8F08F0000000000
:1003E0002DE9F04F9FB004460091816B289D57EC9A
:1003F000106BCDE909328DED040B41B1C26B0123C5
:1004000093404A608B6002F0C7F80023A363B7F102
:100410000009C0F2A88000232B60734B33EA090364
:1004200000F0AC80002200239DED047B51EC170B03
:100430008DED027B04F0E2FD824668B10123099A4A
:100440001360299B13B1694B299A1360684B06937B
:1004500006981FB0BDE8F08F9DED020B1CAA1DA9E8
:10046000204602F0EDFBDDF870805FEA19550B9035
:1004700040F09A801D9D454405F23243202B40F305
:10048000CC81C3F1400309FA03F905F2124326FABD
:1004900003F349EA030004F0CFFA013D0122A1F180
:1004A000F873149219460022524B04F087F948A3BE
:1004B000D3E9002304F03AFB47A3D3E9002304F077
:1004C0007FF906460F46284604F0C6FA44A3D3E94E
:1004D000002304F02BFB02460B463046394604F05D
:1004E0006FF906460F4604F0D1FD002281460790C1
:1004F00000233046394604F08BFD002840F074811B
:10050000A8EB0508079D08F1FF36162D089600F2A6
:100510005881394B03EBC503DDE90201D3E9002320
:1005200004F076FD002840F07F81B8F1000F40F321
:100530000E862E441290119508960C90002310936D
:10054000009B092B60D8052B40F36C81043B0025F0
:100550000093009B023B032B58D8DFE813F087027F
:1005600084027A026F01012329F000492B601E4B9F
:10057000CDF8149033EA09037FF454AFC9F313099B
:1005800042F20F73099A59EA0609136017D1299BA1
:10059000002B00F01287194B06930833299A06980E
:1005A00013601FB0BDE8F08FDDE90201144BA5F226
:1005B000FF35C1F31302CDF850A0134372E7299B16
:1005C000002B40F037810F4B069341E7AFF30080DB
:1005D00061436F63A787D23FB3C8608B288AC63F49
:1005E000FB799F501344D33F0000F07F6122041039
:1005F000602204100000F83FF0900410E022041084
:100600000000F03FEC22041000230093002120465C
:10061000E16301F09BFF0690002800F06686069BD0
:10062000A3631D9B002B03DB079A0E2A40F3E4858E
:100630004FF0FF3200210D920A911392149A002A72
:1006400040F017821C9BC3F13603089A109D1A4490
:1006500008920C9A90461A440C920121204602F00E
:1006600061F80646B8F1000F00F07A85089B002B70
:1006700040F37685089A0C9942451346A8BF434635
:10068000C91AA8EB0308D31A0C910893109BC3B1A5
:10069000002D00F0D68531462A46204602F024F986
:1006A0000B9F064620463A46314602F069F8394625
:1006B0000746204601F070FF109B0B975D1B40F032
:1006C0008485012310930121204602F02BF8119B11
:1006D0000746002B40F00683009B012B40F35D830F
:1006E000012308990B4413F01F0300F05482C3F157
:1006F0002002042A40F3F384C3F11C030C9A19442A
:100700001A4498440C9208910C9B002B05DD1A4664
:100710000B99204602F048F90B90089B002B05DD51
:1007200039461A46204602F03FF90746009B022B45
:10073000129BD4BF4FF0000A4FF0010A002B40F08B
:10074000E6820D9B002B00F32F82BAF1000F00F020
:100750002B820D9B002B40F0AE82394605222046AD
:1007600001F024FF07460B98394602F08FF9002864
:1007700040F3A182079BDDF818B003F1010A312391
:100780000BF8013B394620460AF1010A01F004FF4B
:100790001EB13146204601F0FFFE0B99204601F0C4
:1007A000FBFE00238BF80030099BC3F800A0299BB7
:1007B000002B3FF44DAE0698C3F800B01FB0BDE863
:1007C000F08F01231293089B002B20DB00230C9356
:1007D000079B002B16DA0C9A079BD21A5B421093E8
:1007E00000230C921193ABE6484604F035F93246EB
:1007F0003B4604F003FC00287FF482AE09F1FF338E
:1008000007937DE6089A11931A44089296E6C8F178
:1008100001030C9300230893DAE7C3F1200306FADF
:1008200003F038E6012594E6079B013B079300237C
:100830001293C8E7B74B06930333AFE64FF0010AB4
:100840000A9B079A134413930133012B1E460D9301
:10085000B8BF0126172E40F3A585012204235B00B3
:100860001146013203F11400B042F8D9E163204689
:1008700001F06CFE0690002800F03785069BA3630C
:100880000D9B0E2B00F22381002D00F02081079A92
:10089000002A40F3E581A04902F00F03151101EB96
:1008A000C303D3E90067D30540F154829B4B05F0A5
:1008B0000F054FF00309D3E90823DDE9020104F035
:1008C0005FFACDE90E0185B1DFF85082E80740F10B
:1008D000D3803046394609F10109F8E8022304F0D3
:1008E00025F906466D100F46F0D132463B46DDE94C
:1008F0000E0104F045FACDE90E01129B53B100221E
:10090000874BDDE90E673046394604F081FB00284D
:1009100040F0EE83484604F09FF8DDE90E2304F032
:1009200005F9804B002203F04BFF0D9B0646A1F119
:100930005077002B00F0B280079B1A930D9B159304
:10094000754B15991B9303EBC103DDE90E8913ED7C
:10095000027B49464046CDE916678DED187B04F0D1
:1009600095FB0746069E04F077F8303702460B46A3
:1009700040464946751C03F021FF80468946FFB278
:10098000DDE91823BAF1000F00F028820020664943
:1009900004F0F6F9DDE9162303F010FF3770424644
:1009A0004B4606460F4604F051FB002840F04C84AD
:1009B0004FF0000ADDF854B00E942BE00AF1010A62
:1009C000DA4580F2CE81304639460022574B04F09A
:1009D000ADF80022554B06460F464046494604F006
:1009E000A5F88946804604F051FB044604F034F82B
:1009F00002460B4630344046494603F0DFFE32469D
:100A00003B4605F8014B8046894604F001FB00286F
:100A100040F0198442464B460020414903F0CEFE87
:100A200032463B4604F0F4FA0028C7D0069A0E9CE2
:100A300002E0954200F0FF83AB4615F8013D392BEB
:100A4000F7D001330692DBB22B701A9B03F1010A37
:100A5000A3E64FF0010A0A9B002B40F33C810A9E5B
:100A600013960D96F6E64FF0000AE9E64FF0000AFD
:100A7000F1E703F23343E8E56D1008F1080825E7D4
:100A8000484603F0E9FFDDE90E2304F04FF80022A9
:100A9000244B03F095FE0646A1F150770022244B2B
:100AA000DDE90E0103F08AFE32463B468046894668
:100AB00004F0CCFA002840F05983404649463246BB
:100AC00007F1004304F0A4FA002840F0FA801D9BCF
:100AD000002B02DB079A0E2A2CDDBAF1000F40F042
:100AE00048810C9B002B00F0F382089B002B00F048
:100AF000EF820C9A08991346109E8A42A8BF0B46B3
:100B0000D21ACB1A0C920893002E40F03D839046E7
:100B1000D9E500BFEC220410F0900410C890041036
:100B20000000F03F00001C400000E03F00002440B7
:100B300000001440A64B1B931B9B079A03EBC203B8
:100B400093ED007B0A9B002B8DED007B80F25F8391
:100B50000D9B002B00F35B83002B40F0B280002242
:100B60009C4BDDE9000103F0E1FF02460B46DDE9A5
:100B7000020104F057FA0D99002840F0A3803123B8
:100B8000DDF818B020460BF8013B01F005FD079B8E
:100B900003F1020A01E61C230C9A98441A440C92B1
:100BA000089A1A440892AFE5109B002B40F0DF81B1
:100BB000079B03F1010ADDF818800125DDF834B048
:100BC000DDF82C9007E0494600230A22204601F078
:100BD000EDFC0135814639464846FFF763FB5D452C
:100BE00000F1300308F8013BEDDB0D9A0025CDF84C
:100BF0002C9002F1FF38002A069AD8BF4FF0000867
:100C0000013290440B9901222046009301F0CCFE62
:100C100039460B9001F03AFF002840F3FB82069A18
:100C200002E0904500F0018318F8013CC34608F14A
:100C3000FF38392BF5D0013388F80030394620468B
:100C400001F0AAFC002E3FF4A8AD002D3FF4A1ADA9
:100C5000B5423FF49EAD2946204601F09DFC98E543
:100C600000F06D82079B5A4A5D4205F00F0302EBCC
:100C7000C303DDE90201D3E9002303F057FF2D117F
:100C8000CDE90E0100F08A83534E4FF00209E907C7
:100C90000ED509F10109DDE90E01F6E8022303F0A2
:100CA00045FF6D10CDE90E013FF427AEE907F0D402
:100CB0006D100836EBE70A9BDDF818B06FEA030AFF
:100CC00060E50021204601F067FC0A9BDDF818B0C2
:100CD000C3F1000A61E5012300211393E1630D9341
:100CE0000A93C4E51A460146204601F0FDFD009B2B
:100CF0000746012B40F37382002311933B6907EBF6
:100D00008303186901F0A4FCC0F12003E9E439462B
:100D10000B9801F0BBFE0028BFF613AD00230B9922
:100D20000A222046079D01F041FC139B05F1FF3983
:100D30000B90002BCCBF00250AF00105109B002B67
:100D400040F00781002D40F01183139BDDF81CA0BB
:100D50000D9330E79DED027B4FF002098DED0E7B88
:100D6000B1E51D9B0E9C002B03DB079A0E2A7FF733
:100D7000E3AE009A012A7FF761AC0D9B109A5D1ECD
:100D8000AA42C0F20E82002BA2EB050580F2F68289
:100D9000DDE90C32A3EB02085FE4049B002B7FF437
:100DA0009FAC059BC3F31303002B7FF499AC059B09
:100DB00023F000431B0D1B05002B3FF491AC0C9B53
:100DC00001330C93089B013308930123119388E4AA
:100DD000F090041000001440C8900410DDE91601E2
:100DE00003F0A4FE069B1F70159B012BCDE90E019D
:100DF00000F0C282069BAA46159A03EB020B002262
:100E0000B94B4046494603F091FE8946804604F0BE
:100E10003DF9064603F020FE02460B4630364046BA
:100E2000494603F0CBFC0AF8016BD345804689465E
:100E3000E5D16E1E159B1E440022AC4BDDE90EABC6
:100E40005046594603F0BCFC42464B4604F0E0F8DD
:100E5000002840F0FF8152465B460020A34903F082
:100E6000ADFC42464B4604F0F1F800286AD11D9BC8
:100E7000002BFFF636AE079B0E2B3FF732AE1B9BC7
:100E8000079A03EBC20393ED007B8DED007BDDE958
:100E9000009ADDE902674A4653463046394603F078
:100EA0006FFF04F0F3F8804603F0D6FD4A46534640
:100EB00003F03CFE02460B463046394603F07EFC0A
:100EC00008F13003069A13700D9B012B00F0DE81B0
:100ED000C5F1010902944FF0000A4FF0000B4C4697
:100EE000DDF834901CE0DDE900233046394603F09C
:100EF00047FF04F0CBF8804603F0AEFDDDE90023A8
:100F000003F014FE0B4602463946304603F056FC09
:100F100008F1300305F8013B2B194B4500F0B58172
:100F20000022714B03F002FE52465B4606460F4616
:100F300004F064F80028D6D0079BAB46029C03F16E
:100F4000010A2AE416F8013CB346013E302BF9D0E1
:100F50007BE5314600230A22204601F027FB139B44
:100F60000646CDF81C900D93002D7FF4F2ABB8F13E
:100F7000000F05DD31464246204601F015FD0646CC
:100F8000119B002B40F06A81B146069D0D9A6B1EA5
:100F900002970B9F1A44049B03F001030A920C93DF
:100FA00002993846FFF77EF931468246384601F00D
:100FB0006DFD029980464A4620460AF1300B01F049
:100FC00087FDC3680146B3BB0890384601F05EFD5B
:100FD00008990890204601F0DFFA009B089A134315
:100FE0005FD10C9B002B00F0B781B8F1000FC0F26D
:100FF000AF810A9BA846AB4208F801BB00F07C8198
:10100000394600230A22204601F0D0FA4E45074611
:1010100031464FF000034FF00A0220463BD001F06A
:10102000C5FA4946064600230A22204601F0BEFAC8
:1010300045468146B4E720460B97CDF820B0029F85
:1010400001F0AAFAB8F1000F089B08DB049A009996
:1010500002F0010248EA010852EA080232D10B9973
:1010600001222046009301F09FFC39460B9001F0CD
:101070000DFD0028009B40F38B81392B00F045814A
:101080000AF13103AB460BF8013B3546079B4E4650
:1010900003F1010AD2E501F089FA45460646814688
:1010A0007EE7B8F1000FC0F23B81009B48EA0308DD
:1010B0000C9B53EA080800F03381002A99DD0B9756
:1010C0005B46029F392B00F02081AB460133DAE703
:1010D000109E002E58D1DDF83080FFF7F4BA3FF4AF
:1010E00013ABC3F13C0357E5000024400000E03F90
:1010F0000D9B002B3FF4C4AC139D002D7FF7E7AC94
:10110000079B304639460022013B1A93AD4B03F052
:101110000DFD02460F4609F101001646CDE90E67A6
:1011200003F09AFC32463B4603F000FD0022A64B3A
:1011300003F046FB15950646A1F1507700E49DEDBE
:10114000027B4FF002098DED0E7BFFF7D6BBC8F195
:10115000010312900C93079B08931193FFF7EEB9CC
:10116000109B002B3FF4ADAAFFF792BA3123DDF8B4
:1011700018B0002120460BF8013B01F00DFA079B47
:1011800003F1020AFFF709BB109A20460B9901F000
:10119000ABFB0023DDF830801E460B901093FFF769
:1011A00092BA109B0121119A2046EB1A0D9F1A4406
:1011B000089B3B441192089301F0B4FA0C9B06463D
:1011C000002B40F0838098460C972A460B992046C6
:1011D00001F08AFB01230B901093FFF774BA049B74
:1011E000002B7FF489ADDDE90412C2F31303002B59
:1011F00000F09D80119181E5079A744B03EBC203C7
:101200004FF0FF3293ED007B0D928DED007B069B3E
:101210005D1C3CE603D1009BDB073FF500ADC346F8
:1012200018F8013D302BFAD008E53123069A0AF16F
:10123000010A137002E51A9B069201331A933123B7
:1012400002E4109DC1E70E9C1A9BAB4603F1010A14
:10125000FFF7A3BA3546069AFFF7EEBB7168204642
:1012600001F074F90546002800F0A080336906F10A
:101270000C010C3002339A00FAF746F82946012295
:10128000204601F091FB81467FE6029C02460B4618
:1012900003F096FA079B06460F4603F1010ADDE9C3
:1012A000002303F0D3FE48B930463946DDE9002378
:1012B00003F0A4FE38B118F0010F04D0079B069A82
:1012C0001A93FFF7B9BBAB46FFF767BA0C99089AB8
:1012D0008A421346A8BF0B46D21AA1EB0308089214
:1012E0000D9A8A18D31A0C936FE7394B002240F2FB
:1012F000AF11384801F004FF079A35460B975B465B
:10130000029F02F1010A4E467CE4079BA846069A1A
:10131000354603F1010A39234E4608F8013B83E4C0
:10132000002A0B975B46029F3FF799AEAAE6059B02
:1013300023F000431B0D1B05002B3FF4DEAC0C9B80
:1013400001330C93089B0133089301231193D5E4D7
:101350000B975B46029F95E65B460B97029F392BE6
:10136000D3D0B8F1000F3FF78BAE8BE6139BCDF8CF
:101370001C900D93FFF7EDB92E465DE5089B0D9A85
:10138000134408930C9B984613440C93FFF765B9DC
:101390007FF478AEDA077FF575AE6EE64FF002099E
:1013A000FFF7ABBA0021E163FFF761BA0246084BD1
:1013B00040F2EF21074801F0A3FE074B0693FFF729
:1013C00047B800BF0000244000001C40F09004100B
:1013D000F022041004230410E0220410154B98425C
:1013E00026D840F6F90C70B54FF0000E124D03E010
:1013F00004F1010EF44519DB1EEB0C0248BF01326B
:1014000022F00103541003EB620305EB43015B0080
:101410004A784E88898842EA062211448842E7D8F1
:10142000904204F1FF3CE5D3E85C70BDFF2070BD45
:10143000FF207047EF010E00C05A041082B049B17E
:101440005AB16BB113780B601278101E18BF0120CF
:1014500002B0704701A9002AF3D1104602B07047CC
:101460006FF00100F4E700BF0EB430B56FF0004438
:101470009CB001460B4D1FAB049407940A4C53F8E3
:10148000042B029128680193CDE90541002402A9AB
:101490001B9400F00BF8029B1C701CB0BDE83040A0
:1014A00003B0704744B800200802FFFF2DE9F04F59
:1014B000C5B00C46834614AF0B93CDE905213846E1
:1014C0000822002117F0A0FFA389180603D523697D
:1014D000002B00F06B861BAA0023DFF8509A92467F
:1014E0000D9318920793CDE91933CDE90E33059D7D
:1014F000D9F8E440FEF7EAFA2A46034612A958460C
:101500000097A0470028034600F0A480C0F29A800C
:10151000129A252A01D01D44EAE7059B0446EE1ADB
:1015200040F09C8000234FF0FF326C1C19468DF870
:10153000433008936B78049202910134A3F12002A6
:101540005A2A00F2B780DFE812F0C302B500B500F6
:10155000BD02B500B500B5009E02B500B50094020D
:10156000E802B5007700CD02B5008E025B005B009B
:101570005B005B005B005B005B005B005B00B50039
:10158000B500B500B500B500B500B500B500B500B3
:10159000C1012D02B500B500B500B500B500B5001C
:1015A000B500B500B500B500FA01B500B500B5004D
:1015B0006201B5006502B500B500B405B500B5001F
:1015C000B500B500B500B500B500B500B500B50073
:1015D000C1013101B500B500B500F10131016D0067
:1015E000B500E801B500670351031D036D00B500A8
:1015F00062016B00ED02B500B500F405B5006B00AB
:10160000A3F130020023194601EB810114F8013BDC
:1016100002EB4101A3F13002092AF5D908918DE7C7
:1016200023788AE7029B43F020030293237884E720
:10163000089A0B9352420892029B43F004030293D0
:1016400023787AE708220021384617F0DDFE0123CF
:101650001D444DE7059B0446EE1A12D0059BCAE9CE
:1016600000361A9B33441A93199B0133072B1993A5
:1016700016DC0AF1080A079B33440793002C7FF419
:1016800051AF1A9B002B40F08E86069B9B8903F07E
:101690004003002B40F01787079845B0BDE8F08F56
:1016A00018AA06995846FDF75FFE0028EDD10DF106
:1016B0006C0AE0E70594002BE3D001228DF8AC30F2
:1016C0002BAD00230A928DF843300993CDE9032313
:1016D000029CDDE9193014F0840801461A462ED127
:1016E000089C039EA41B002C00F3ED839DF843305F
:1016F0004BB34FF00008CDF83080013201230131A7
:10170000CAF80430072A0DF14303CDE91921CAF8BC
:10171000003000F370830AF1080A0C9B7BB10132A0
:1017200011AB0231CAF80030072A4FF00203CDE9AD
:101730001921CAF8043000F352830AF1080AB8F1FB
:10174000800F00F07882049B0A981C1A002C00F38A
:10175000AF820A9B0132CAF800501944072ACAF81E
:101760000430CDE9192100F3D2820AF1080A029B64
:101770005B0705D5089B039A9C1A002C00F347834E
:101780000398DDE907328242ACBF9B181B18079310
:10179000002940F0C68200231993099B1BB10999C7
:1017A0005846F0F724F90DF16C0AA0E6029B059467
:1017B0009E0640F16C840B9B073323F007031A4607
:1017C0005B6852F8084B9E460B92002BC0F2FD80DE
:1017D000049B002BC0F20681029A22F08002029242
:1017E000002B40F0FF8054EA0E0314BF01220022B8
:1017F00040F0F8809DF84330002B00F02E8101214D
:1018000044AD099203910A92049200F00BBC0022AD
:10181000DDF82C8005948DF8432058F8042B0992AC
:10182000002A00F05485532B04D0029B13F01004BF
:1018300000F09F84099B0822002116A8139317F03B
:10184000E3FD049E002EC0F26D85002425460DE0C8
:101850002BA95846FEF7D2FB421C04F1040428448D
:1018600000F02C86B04206DC06D00546139A16AB73
:101870001259002AECD10495049B002B00F06385DB
:10188000632B00F39B8500232BAD099308220021D5
:1018900016A817F0B9FD049C16AB13AA29465846A2
:1018A00000932346FEF7D0FB844240F0388604992B
:1018B000002321EAE1706B549DF843200390002A35
:1018C00040F0F3850492CDE90A1801E70B9A432B07
:1018D000059402F1040403D0029BD90640F13F8431
:1018E0000822002116A82BAD17F08EFD0B9A16AB1F
:1018F000584612682946FEF781FB03460A900133D9
:1019000000F0DC850A9B23EAE373039300230B9426
:101910008DF8433009930493DAE623786C2B00F0BA
:10192000BB84029A42F01002029206E62378682BEA
:1019300000F0AA84029A42F040020292FDE5029B66
:1019400005949C0643F0100040F197830B9B0733EE
:1019500023F0070319465A6851F8083B0B91002100
:101960008DF8431004990029C0F28B8220F4906115
:10197000029153EA020140F08782049C211E18BFA5
:101980000121002C40F0808210F00102039200F04F
:101990003A8330230DF20F1504918DF80F310A921E
:1019A000099195E6029A059442F01003920600F11F
:1019B0006B830B9A111D0B9A029314680B914FEADB
:1019C000E47E7346002BBFF603AF2D2364428DF8EF
:1019D00043306EEB4E0E049B002B03DB029B23F087
:1019E000800302930A2C7EF1000380F08F82049A18
:1019F00030349DF84330012A8DF80F41B8BF0122E1
:101A00000392002B40F00683099301230DF20F157A
:101A10000A935DE6029B059443F010029B0640F199
:101A200062820B9B002107338DF8431023F00703DC
:101A3000D3F804E053F8084B0B93049B8B42C0F29D
:101A40005F8222F080030293049B002BCAD154EAE8
:101A50000E0314BF01230023C4D144AD09930493A2
:101A60000A93039334E6029B43F0800302932378A6
:101A700063E50B9B53F8042B002A0892FFF6D8ADC0
:101A80000B93237859E55846FEF726F84368184625
:101A90000E93F9F7AFFC0F9005465846FEF71CF879
:101AA000826823780D92002D3FF447AD002A3FF461
:101AB00044AD1278002A3FF440AD029A42F48062AD
:101AC00002923AE5029B43F001030293237834E546
:101AD0009DF843202378002A7FF42FAD20228DF833
:101AE00043202AE5204610F8013B2A2B00F0078509
:101AF000A3F13002092A00F2D384002101EB810115
:101B000010F8013B02EB4101A3F13002092AF5D99B
:101B100041EAE1720446049210E52B238DF843302C
:101B200023780AE5029A059496063FF57AAF029B60
:101B30000B9913F0100351F8044B039340F0ED841C
:101B4000029B13F0400300F04083049BA4B2DDF835
:101B50000CE0002B8DF843E0C0F24383029B23F09E
:101B600080030293049B002B40F03B83231E18BF8D
:101B70000123002C40F0358344AD04930B91CDE953
:101B80000933A5E500210B9B059447F63002049C20
:101B900053F8040B8C42ADF844208DF843100246F4
:101BA000C0F26A83029C24F0800444F00204029490
:101BB000002840F0AF84049C201E18BF0120002C98
:101BC00040F0A88444AD04900B9303900A90039BCB
:101BD000029C023314F084080393DDE919210846BE
:101BE000134600F0B3800023099398E5029805940A
:101BF00081063FF5ABAE029A0B9912F0100251F834
:101C0000043B40F09A84029C14F0400000F0808372
:101C10009BB220460B91A2E6029B05949A0640F1E6
:101C200012820B9B079A1B681A60D2175A600B9B93
:101C300004330B935BE4089B03981C1A002C7FF77A
:101C400082AD102CB84E20DD0C954FF01008069D8B
:101C500002E0103C102C17DD01321031072ACAE9CE
:101C60000068CDE919210AF1080AF2DD18AA29460F
:101C700058460DF16C0AFDF777FB002859D1103C4E
:101C8000102CDDE91921E7DC0C9D01322144CAF852
:101C90000060072ACAF80440CDE9192100F3048343
:101CA000049B0AF1080A0A981C1A002C7FF751AD10
:101CB000102C9D4E1DDD4FF0100802E0103C102C42
:101CC00017DD01321031984B072ACAE90038CDE9F7
:101CD00019210AF1080AF1DD18AA069958460DF1F2
:101CE0006C0AFDF741FB20BB103C102CDDE91921EB
:101CF000E7DC01322144CAF80060072ACAF8044030
:101D0000CDE9192100F3E2800AF1080A21E518AAB9
:101D100006995846FDF728FB58B91A990DF16C0A37
:101D200025E518AA06995846FDF71EFB00283FF442
:101D300032AD099B002B3FF4A8AC09995846EFF748
:101D400056FE069B9B8903F04003A2E4089C039E79
:101D5000CDF82480A41B002C7FF7E1AC02220C926A
:101D6000102C1A46DFF8C88121DD46461023DDF825
:101D7000188002E0103C102C18DD01321030072AC8
:101D8000CAE90063CDE919200AF1080AF2DD18AAB0
:101D9000414658460DF16C0AFDF7E6FA0028C8D115
:101DA000103C1023102CDDE91920E6DCB04601328E
:101DB0002118CAF80080072ACAF80440CDE9192181
:101DC00000F331829DF843300AF1080A002B40F0FD
:101DD00036810C9800283FF4B6AC98469FE418AAC8
:101DE00006995846FDF7C0FA0028A2D10DF16C0AF9
:101DF000DDE91921A3E418AA06995846FDF7B4FABB
:101E0000002896D10DF16C0ADDE9192185E4102C2A
:101E1000199BDFF81C8121DD46461025DDF818806E
:101E200002E0103C102C18DD01331031072BCAE9F9
:101E30000065CDE919310AF1080AF2DD18AA414618
:101E400058460DF16C0AFDF78FFA00287FF471AF48
:101E5000103C102CDDE91931E6DCB0460133214499
:101E6000072BCAE90084CDE919317FF789AC18AA9C
:101E700006995846FDF778FA00287FF45AAF1A9968
:101E80007EE420F48061029144AD03F00701DB0899
:101E9000284643EA42733031D20805F8011D53EA5F
:101EA0000204F2D1302903D0029BD90700F1DC8073
:101EB00044AB5B1B0A9300220992049A9A42B8BF72
:101EC0001A46039204E400220C9249E718AA0699E4
:101ED0005846FDF749FA00287FF42BAF0DF16C0A44
:101EE000DDE9192135E40B9B191D0B9B4FF0000E0A
:101EF0000B911C68049B8DF843E07345BFF6A1ADC0
:101F00000A2C02927EF10003FFF471AD029B76462B
:101F100044A9DFF8208003F480650023CDF80CA0ED
:101F20009E46CDF824B02BE09C900410E8B9002028
:101F3000AC900410CDCCCCCCA319A346304651466E
:101F400043F10003A8FB032C2CF0030202EB9C02DC
:101F50009B1A4FF0CC32E31A66F1000602FB03F243
:101F6000BBF10A0FA3FB084308FB06224FEA540407
:101F700070F10000134444EAC3744FEA53062BD3B4
:101F8000A3190EF1010E01F1FF3A43F10003A8FB82
:101F9000032020F0030202EB90029B1AE31AA3FB3A
:101FA000083266F100005B0808FB002243EAC273B6
:101FB00003EB8303A4EB4303303301F8013C002D12
:101FC000BAD00D9B1B787345B6D1FF2BB4D00A2C29
:101FD00076F1000380F00882554644AB04995B1B00
:101FE000DDF80CA0DDF824B01A460A939DF84330C2
:101FF0009142B8BF11460391002B00F08780039BEC
:102000000133039382E0039A44AD04920A92099249
:10201000FFF75EBB013201230DF20F150392002280
:10202000CDE90923029CDDE9192114F08408084652
:1020300013463FF455AB00230C93FFF75EBB4FF004
:102040000008FFF75ABB029BDB0600F13B81029BB5
:102050005E0600F1A381029B9D0540F133810B9B3D
:10206000079A1B681A70E2E53023023805F8013C34
:1020700044AB05461B1A0A931DE70B9B191D0B9BCE
:1020800000220B911B686AE40293FFF794BB029B4A
:102090000B99DD0651F8044B3FF58DAC029B5806B9
:1020A00040F1218144F3C03E0B9124B27346FFF707
:1020B0008CBB029AAD4812F0200105943FD00B9AD8
:1020C000073222F007021446516854F8082B0B948B
:1020D00052EA0104029D14BF01240024ED0702D539
:1020E000002C40F0B78000238DF84330049B002B78
:1020F000029B79DB23F490630293049B002B76D13F
:10210000002C74D144AD04940A940394029CDDE93C
:10211000192114F084080846134600F00A829DF83D
:102120004330002B00F00B82002309930C93FFF740
:10213000E4BA029A8E4812F020010594BFD10B9C9C
:1021400054F8042B0B94029C14F01004C0D1029993
:1021500011F0400100F0D18092B22146B8E70B9B0C
:102160002BAD1B688DF8AC30012303930A93FFF766
:10217000CDBB049A002AC0F2818121460998FDF75F
:10218000D3FE9DF84320099D002800F02181431BC8
:102190000A9323EAE3730393002A00F09981013341
:1021A0000494CDF82C80039309943BE740215846D2
:1021B000EFF700FC069B18601861002800F0B5815D
:1021C0004023069A5361FFF786B9029A12F400720F
:1021D00040F0D280049B96468DF84320002BBFF63A
:1021E000BDAC0B91FFF7FEBB23F480630293029B0F
:1021F00003F0020444AD02F00F031209C35C42EA8B
:102200000172090905F8013D52EA0103F3D144AB1B
:10221000049A5B1B9A420A93B8BF1A460392002C99
:102220007FF4D5AC72E718AA06995846FDF79CF8DA
:10223000804600287FF47DAD9DF84330DDE919210B
:10224000002B61D10C9B0DF16C0A002B7FF467AA67
:10225000FFF779BA8DF8453030238DF844300023EC
:102260008DF84330049B002B79DA029B23F48063C2
:1022700043F002030293BAE7029802240B9340F062
:10228000020002903A48B5E7029B013443F4007320
:1022900002932378FFF751B9029B013443F02003E6
:1022A00002932378FFF749B918AA06995846FDF713
:1022B0005BF800287FF43DAD0DF16C0ADDE91921D2
:1022C000FFF741BA0B9B079A1B681A60AFE4049BA7
:1022D000284D062BCDF82C80049228BF06230393AB
:1022E0000A93FFF7F5B9029B0B91990551D544F379
:1022F000C01E64B27346FFF768BA029C14F40074FF
:1023000014BFD2B22146E3E60DF16C0AFFF7F5B92E
:10231000029C14F4007238D00246DBB220460B91C6
:10232000FFF71DBB16AB13AA5846009300231946AE
:10233000FDF78AFE03460490013300F0BF80099B3D
:102340001393FFF799BA9DF84330099D003BCDF8F0
:102350002C8018BF01230393049B0A93D6E6029BAB
:1023600023F4906343F00203029340E744220410F5
:1023700030220410582204109E468DF84330049BEE
:10238000E4B2002BBFF6EAAB2BE702980B91FFF704
:10239000E6BA4FEAE47E7346FFF717BA0B9B079A3B
:1023A0001B681A8043E4069C18AA58462146FCF78D
:1023B000DBFFA38903F04003FFF76BB9591C5846B4
:1023C000EFF7F8FA0546002878D00990FFF75EBAD3
:1023D000002A00F08B80049ACDF82C80511C0A92C0
:1023E0000490039109901DE60F9A0E99AAEB020B37
:1023F0005846F7F7CBFD0D9A53780BB101320D9289
:10240000A319504A4FF0CC314FF0010E43F10003B5
:102410000BF1FF3AA2FB030C2CF0030000EB9C0035
:102420001B1AE31A66F1000603FB01F1A3FB02305D
:1024300002FB061123FA0EF3014443EAC17421FAA8
:102440000EF6A31943F10003A2FB031020F00301D1
:1024500001EB90015B1AE31AA3FB023166F1000065
:1024600023FA0EF302FB001243EAC27303EB830369
:10247000A4EB430330330BF8013CA2E5099D284649
:10248000F8F7B8FF9DF8433020EAE0720A90039213
:102490002BB301320494CDF82C8003920994C1E54A
:1024A000002204460492FFF749B8049ACDF82C8024
:1024B0000A92039A049301320392B3E5069A938930
:1024C00043F0400393814FF0FF330793FFF7E4B8E5
:1024D000099D0492CDF82C800992FFF7F9B8099D67
:1024E0000493CDF82C800993FFF7F2B8049B09926E
:1024F000CDF82C800A9303930492FFF7E9B80B9A66
:102500006378044652F8041B41EAE1710B9204918E
:10251000FFF713B80C480B9369E6029AE5E4069AB4
:10252000938943F04003938103E40C23CBF80030FC
:10253000C9E7CDF82480FFF7D3B802989FE5099347
:10254000FFF7FDB8CDCCCCCC3022041038B5436CAD
:1025500005460C464BB153F8240080B1026843F89D
:1025600024200023C0E9033338BD21220421EFF7E2
:1025700034FA034668640028EDD1002038BD0121FB
:10258000284601FA04F56A1D9200EFF726FA0028A2
:10259000F3D0C0E90145E4E731B1436C4A6853F830
:1025A0002200086043F82210704700BF2DE9F04177
:1025B00007460E461C460D6901F1140E0020DEF898
:1025C000001001308BB285424FEA114102FB0343F8
:1025D0004FEA134C9BB202FB01CC03EB0C434FEAD6
:1025E0001C444EF8043BEADC3CB1B368AB4207DD67
:1025F00006EB850301355C6135613046BDE8F0814D
:10260000716838460131FFF7A1FF8046A8B13269F1
:1026100006F10C010C3002329200F8F775FE7B6C6B
:10262000726853F82210316043F82260464606EB88
:10263000850301355C613561DFE70246024BBA2153
:10264000024800F05DFD00BFF02204106823041072
:10265000B0F5803F034610D203041020B3F1807F11
:1026600001D208301B02B3F1805F08D3B3F1804F71
:1026700010D29A0013D4033070470020EEE71A01FD
:102680000430B2F1804F06D29B0108D45B00F2D433
:10269000202070471A46002AFBDB013070470230C9
:1026A000704700BF03680246590707D0D8071DD4FA
:1026B00099072AD55B0801201360704799B279B950
:1026C0001B0CD9B2A1B11020190701D104301B098C
:1026D000990712D0D90701D401305B081360704705
:1026E000D9B241B1180718D10420F0E70020704793
:1026F00018201B0AE8E70820FBE713F0040F4FEA55
:10270000930106D002300B46E8E79B0802201360D5
:102710007047DB0804D120207047DB080320DDE789
:102720000330DBE738B5436C04460D464BB15868BF
:10273000B0B102685A60002201234561C0E9032359
:1027400038BD21220421EFF748F9034660640028D0
:10275000EDD1094B002240F24511084800F0D0FCB1
:102760001C2201212046EFF738F90028F1D0012280
:102770000223C0E90123DEE7F022041068230410DD
:102780002DE9F04FD1F8108085B015690E469246BC
:10279000A84505DB2A46534645468A4690461E46CE
:1027A00005EB0804DAE90113A342B8BF0131FFF7D2
:1027B000CDFE002800F08C8000F1140707EB840E9A
:1027C000774505D23B46002243F8042B9E45FBD8B3
:1027D00014360AF1140906EB880809EB850546450D
:1027E00069D2A5EB0A030AF1150ACDF808E0AE4656
:1027F000153B039423F00303AA4594BF9B464FF077
:10280000000B824605E0090C2DD1B04507F1040705
:102810004ED956F8041B8DB2002DF4D0CC463C4660
:10282000002301965CF8040B216886B2E6458AB263
:102830004FEA104005FB06224FEA11411A4405FBFE
:10284000001101EB124192B24FEA114342EA0142F8
:1028500044F8042BE6D8019E07EB0B02536056F8B0
:10286000041C090CD1D03B68002248463D461C465A
:10287000944602889BB201FB02C202EB144243EA77
:10288000024345F8043B50F8043B2C684FEA134CD4
:102890008645A3B201FB0C3303EB12434FEA134C02
:1028A000E7D807EB0B02B04507F104075360B0D837
:1028B0005046DDE902E4002C02DC05E0013C03D0D7
:1028C0005EF8043D002BF9D0046105B0BDE8F08F3F
:1028D0000246034B4FF4B171024800F011FC00BFF7
:1028E000F02204106823041012F003032DE9F041D4
:1028F0001446074632D10E46A4102CD03D6C002D54
:1029000035D004F001034FF0000864103BB928688B
:10291000B8B1054604F001036410002BF7D02A4635
:1029200031463846FFF72CFF36B17B6C716853F89F
:102930002120326043F8216074B1064628680028DF
:10294000E7D12A4629463846FFF71AFF2860054690
:10295000C0F80080DEE73046BDE8F081013B0F4A59
:1029600052F823200023FFF721FE0646C4E7012189
:102970003846FFF7EBFD054640B1012340F27122D6
:10298000C0E90432002338640360BAE70246044B0E
:1029900040F24511034800F0B3FB00BFBC900410A7
:1029A000F0220410682304102DE9F0470C469046ED
:1029B00006464FEA62192769A36807EB6217496860
:1029C0007D1C9D4203DD5B0001319D42FBDC3046F6
:1029D000FFF7BCFD00284DD0B9F1000F00F1140C39
:1029E0000BDD09F105026346002100EB820243F88A
:1029F000041B9342FBD10CEB890C04F114032169F5
:102A000018F01F0803EB81012BD0C8F12009E6461E
:102A10004FF0000A1A6802FA08F242EA0A024EF877
:102A2000042B53F8042B994222FA09FAF2D80B1B13
:102A300004F11502153B23F00303914238BF002334
:102A400004334CF803A0BAF1000F00D13D46736C7B
:102A50006268056153F82210216043F82240BDE806
:102A6000F087ACF1040C53F8042B99424CF8042F76
:102A7000F9D8EBE70246034B4FF4EF71024800F040
:102A80003FFB00BFF02204106823041084460B694A
:102A90000069C01A16D10CF1140C14310CEB83022E
:102AA00001EB830310B401E0944508D252F8044DC1
:102AB00053F8041D8C42F7D005D24FF0FF305DF87B
:102AC000044B7047704701205DF8044B704700BF0E
:102AD0002DE9F04F136983B00E6989461546F61A41
:102AE000002E14D101F1140702F1140101EB83014E
:102AF00007EB830301E09F427ED253F8044D51F867
:102B0000042D9442F7D080F08280012603E0FCDBA4
:102B100000260D4691466968FFF718FD002800F071
:102B200083802F6905F1140B05F11002D9F81030DC
:102B300009F1140500F114010BEB870E944605EB27
:102B4000830A88460023C660CDF804B055F8046BAC
:102B50005CF8042F1FFA86FBAA4594B2A4EB0B0481
:102B60001C444FEA1643C3EB124303EB2443A4B2C5
:102B700044EA03444FEA234348F8044BE6D8AAEB5F
:102B8000090209F11509DDF804B02646153A22F0CC
:102B90000302CA4538BF00220BEB02080A4408F1C1
:102BA0000408141DC645454635D9A1EB0B0105EBBC
:102BB000010C55F8042B1FFA82F9D618120CAE45F9
:102BC0004B44B6B202EB234246EA02464FEA2243A6
:102BD000CCF80060EBD80EF1FF33A3EB080323F031
:102BE0000303234426B953F8042D013F002AFAD0E9
:102BF000076103B0BDE8F08F0021FFF7A7FC60B1CB
:102C000001220023C0E9042303B0BDE8F08F2B4666
:102C10004D4699467FE71346E4E70246064B40F2ED
:102C20003721064800F06CFA0246034B40F245217A
:102C3000024800F065FA00BFF02204106823041077
:102C40002DE9F0430E4683B00121154659EC108B57
:102C5000FFF77CFC0446002844D0C9F30A57C9F3A7
:102C600013030FB143F480130193B8F1000313D1A0
:102C700001A8FFF717FD019B01212030636121614D
:102C80000FB3A7F233470744C0F13500376028601F
:102C9000204603B0BDE8F08368460093FFF702FDCD
:102CA000DDE9002330B1C0F1200103FA01F1C34096
:102CB0000A430193002B6261A3610CBF0121022131
:102CC0002161002FDDD104EB8103A0F2324030609E
:102CD0001869FFF7BDFCC0EB41102860204603B027
:102CE000BDE8F0830246034B40F20F31024800F08A
:102CF00007FA00BFF0220410682304102DE9F04702
:102D00008E6881460C461D469E429046086836D81D
:102D1000B1F90C3013F4906F0DD135462A46414677
:102D200000F0E4F8A26823680020921B2B44A26004
:102D30002360BDE8F0876769096917EB4707A0EBD7
:102D4000010A05F1010048BF013750447F10B84225
:102D50003A4601D9074602465B0512D51146484658
:102D6000EEF728FE0646F8B152462169F8F7CCFA8C
:102D7000A38923F4906343F08003A38106E01E46F9
:102D8000CCE74846EEF71FFE064648B106EB0A00C0
:102D9000A7EB0A0326612E466761A3602060BDE7AA
:102DA00021694846EEF723FEA3890C224FF0FF303D
:102DB00043F04003C9F80020A381BAE78B8903F0F0
:102DC0000903092B01D000207047024B1868F6F761
:102DD0003FBD00BF44B8002070B505460C4610B199
:102DE000436B002B56D0B4F90C3000229E06626073
:102DF00058D4580719D4D9064FD51A0739D443F0F7
:102E00000403A3812369002B3FD0B4F90C60B307FE
:102E10001ED122692846266A6369E1692260B047AB
:102E20000028606041DD002070BD216B0029E9D0E1
:102E300004F14003994202D02846EEF7D8FD002263
:102E4000E36B22636360002BDCD0A36B2360EAE7B3
:102E500001231C4A1C49A3811C48FCF793F906F086
:102E60000903A681092BD4D121462846F6F756FC42
:102E7000CFE721462846F6F7EBFC98B9B4F90C30B9
:102E8000A06023F00803A061B9E721462846FCF7BB
:102E9000D3F9BAE7F6F760FFA5E7092243F040034C
:102EA0002A60A3814FF0FF3070BDB4F90C3003D11C
:102EB00043F02003A381F5E7002243F04003626062
:102EC000A381EFE730B80020BD2D031048B80020E3
:102ED000034649B1FF2A02D801200A7070478A22AE
:102EE0004FF0FF301A6070470846704788420DD98E
:102EF0008B1883420AD900EB020C5AB3624613F8CE
:102F000001CD994202F801CDF9D170470F2A0DD8B1
:102F100002F1FF3CF2B10CF1010C431E8C4411F89C
:102F2000012B614503F8012FF9D1704740EA0103F5
:102F30009B07F0B50C460ED002F1FF3C03460CF1A6
:102F4000010C013B8C4411F8012B614503F8012F62
:102F5000F9D1F0BD7047A2F1100501F1200E01F189
:102F6000100300F1100C25F00F05AE4453F8106C5F
:102F700010330CF1100C4CF8206C53F81C6C4CF80E
:102F80001C6C53F8186C73454CF8186C53F8146C9F
:102F90004CF8146CEAD101EB050C12F00C0F05444F
:102FA0000CF1100105F1100302F00F050E4618D0C8
:102FB000043DA0EB040E25F00304A4440CF1140C12
:102FC0000F6801EB0E0504312F606145F8D1043420
:102FD00002F00302A119234402F1FF3C002AAED102
:102FE000F0BD2A46F8E700BF2DE9F04F8BB01C4634
:102FF000DDE91478DDF858900290B8F1000F50D058
:1030000000291668C3464FF0000508BF4FF0FF3790
:10301000924688460196039107E0019B013C53F8D4
:10302000040B019300284AD06546AF4235D9002CE5
:1030300033D0DBF8003006A9019A0493DBF80430A2
:10304000126805935B460298D9F8E060B047431CCC
:103050001CD000EB050CBC4526D8039B002BDCD014
:1030600000280DDD08F1FF3206A9019E02EB000EDB
:1030700011F8013B02F8013F7245F9D180440196F5
:10308000DAF800200432CAF80020C6E78A210022BC
:10309000029B05461960CBF8002028460BB0BDE81E
:1030A000F08F00F58678ABE7D846DDF810A0DDF8A4
:1030B00014B02846C8E900AB0BB0BDE8F08F039907
:1030C000D84609B1CAF800000CF1FF3500222846A5
:1030D000C8F800200BB0BDE8F08F00BF10B584B079
:1030E000054C0698009007980190044800680294E7
:1030F000FFF77AFF04B010BDE8B9002044B8002003
:103100000A4D14461A4603462E680D4600B5F0686F
:1031100085B044B106490095CDE90114054900F098
:103120000DF8EEF767FC04490C46F4E744B80020BC
:10313000CC230410DC230410D82304100EB410B5E3
:1031400083B0074C014605AB206853F8042B01936C
:1031500000F008F803B0BDE8104003B0704700BFAE
:1031600044B800202DE9F04FC5B0834692460822AE
:1031700014AF049100211C4638460B9316F044F915
:10318000BBF1000F04D0DBF83430002B00F0618776
:10319000049A536EB2F90C20D90740F13A81960493
:1031A00000F1538542F40052049923F400538A81BC
:1031B00012B24B66130740F1B980049B1B69002BC8
:1031C00000F0B48002F01A030A2B00F0BE801BAAA4
:1031D000002391460D9318920793CDE91933CDE959
:1031E0000E335546954BD3F8E440FCF76FFC2A4666
:1031F000034612A958460097A0470028034600F04E
:10320000C380C0F2B980129A252A01D01D44E9E793
:10321000B5EB0A06044640F0BB8000234FF0FF32B6
:1032200005F1010A19468DF8433008936B78069230
:1032300003910AF1010AA3F120025A2A00F2008147
:10324000DFE812F08E03FE00FE008703FE00FE00A2
:10325000FE006703FE00FE0024023602FE002F027D
:10326000A003FE0099035B005B005B005B005B005A
:103270005B005B005B005B00FE00FE00FE00FE00EA
:10328000FE00FE00FE00FE00FE00ED012603FE0033
:10329000FE00FE00FE00FE00FE00FE00FE00FE003E
:1032A000FE003C02FE00FE00FE00BD01FE009C028E
:1032B000FE00FE00D805FE00FE00FE00FE00FE003F
:1032C000FE00FE00FE00FE00FE00ED018301FE0098
:1032D000FE00FE005D0383016D00FE001C03FE0086
:1032E0000E03F902C6026D00FE00BD016A006E0207
:1032F000FE00FE001B06FE006A00A3F13002002162
:1033000001EB81011AF8013B02EB4101A3F130020C
:10331000092AF5D908918EE79AF8003089E7039BCE
:1033200043F0200303939AF8003082E7049D584647
:10333000294601F04DF8002840F0D087B5F90C205F
:1033400002F01A030A2B7FF442AF0499B1F90E3050
:10335000002BFFF63CAF4B6EDD0702D4900540F129
:103360001887234652460499584600F0DFFF07901D
:10337000079845B0BDE8F08F08220021384616F0C6
:1033800043F801231D442DE7B5EB0A06044611D08E
:103390001A9B33441A93199B0133072B1993C9E9DC
:1033A00000A611DC09F10809079B33440793002CA0
:1033B0007FF433AF1A9B002B40F03F870022049B21
:1033C0001992B3F90C3019E018AA0499584600F084
:1033D000EFFF80B90DF16C09E6E718AA0499584689
:1033E00000F0E6FF002800F09B80099B1BB10999C3
:1033F0005846EEF7FCFA049BB3F90C30049A526E6F
:10340000D00740F198805B0614D4079845B0BDE81A
:10341000F08F900540F1298191047FF5C3AE9E04A1
:103420007FF5C8AE049B9B899A0503D4049B986DD5
:10343000F7F768FF4FF0FF330793E6E7E8B900209E
:10344000002BB7D001228DF8AC302BAD00230A92AF
:103450008DF843300993CDE90523039CDDE919304C
:1034600014F0840801461A462ED1089C059EA41B20
:10347000002C00F392839DF843304BB34FF00008CB
:10348000CDF83080013201230131C9F80430072A18
:103490000DF14303CDE91921C9F8003000F315837C
:1034A00009F108090C9B7BB1013211AB0231C9F85B
:1034B0000030072A4FF00203CDE91921C9F8043082
:1034C00000F3F68209F10809B8F1800F00F0758267
:1034D000069B0A981C1A002C00F3AD820A9B01324D
:1034E000C9F800501944072AC9F80430CDE9192158
:1034F00000F3D28209F10809039B5C0705D5089BFC
:10350000059A9C1A002C00F3ED820598DDE907323C
:103510008242ACBF9B181B18079300297FF45DAF54
:1035200000231993099B1BB109995846EEF75FFADE
:103530000DF16C0955E69A053FF565AF049CA06D49
:10354000F7F7E0FEB4F90C305DE7039B9B0640F112
:103550002E840B9B073323F007031A465B6852F84F
:10356000084B9E460B92002BC0F2A481069B002BB9
:10357000C0F2AD81039A22F080020392002B40F04A
:10358000A68154EA0E0314BF0122002240F09F815D
:103590009DF84330002B00F01581012144AD0992C4
:1035A00005910A920692039CDDE9192114F0840822
:1035B000084613463FF459AF00230C9362E70022FC
:1035C000DDF82C808DF8432058F8042B0992002A4E
:1035D00000F05885532B00F09084039B13F01004E7
:1035E00040F08B84069A002AC0F2BA8521460998D9
:1035F000FCF79AFC9DF84320099D002800F04E86B8
:10360000431B0A9323EAE3730593002A00F03886EC
:1036100001330694CDF82C8005930994C3E70B9AE7
:10362000432B02F1040403D0039BD90640F14784E5
:103630000822002116A82BAD15F0E6FE0B9A16AB5A
:10364000584612682946FCF7D9FC03460A90013314
:1036500000F007860A9B23EAE373059300230B948B
:103660008DF8433009930693F7E6049DA86DF7F7AC
:1036700045FEB5F90C206B6E95047FF593AD98046B
:103680007FF598ADD9077FF5CDAED3E60B9B53F808
:10369000042B002A089280F2D382089A0B9352429C
:1036A0000892039B43F0040303939AF80030C0E5AB
:1036B0002B238DF843309AF80030BAE5039B9D0622
:1036C00043F0100040F1D4820B9B073323F0070333
:1036D00019465A6851F8083B0B9100218DF84310A8
:1036E00006990029C0F2388220F49061039106996E
:1036F000002940F0348253EA020114BF0121002165
:1037000040F02D8210F00102059200F093823023E8
:103710000DF20F1506918DF80F310A9209919CE672
:10372000039A960630D4039B0B9913F0100351F8BB
:10373000044B059340F0F385039B13F0400300F026
:103740002F84069BA4B2DDF814E0002B8DF843E033
:10375000C0F23284039B23F080030393002C40F0DB
:103760002B84069A131E18BF0123002A40F02484DC
:1037700044AD06930B91CDE909336EE6039B43F00C
:1037800010029B0640F188820B9B002107338DF8C5
:10379000431023F00703D3F804E053F8084B0B93CE
:1037A000069B8B42C0F2858222F080030393069B26
:1037B000002B40F08C8054EA0E0314BF0123002339
:1037C00040F0858044AD099306930A93059344E63F
:1037D00000210B9B069C47F6300253F8040B8C42E9
:1037E000ADF844208DF843100246C0F24883039C94
:1037F00024F0800444F002040394002840F08A85F9
:10380000069C201E18BF0120002C40F0838544AD8B
:1038100006900B9305900A90059B039C023314F0CD
:1038200084080593DDE919210846134600F0C68394
:103830000023099338E6039884063FF545AF039AC1
:103840000B9912F0100251F8043B40F06685039C7E
:1038500014F0400000F034849BB220460B913CE70A
:10386000039B990640F1B5820B9B079A1B681A606F
:10387000D2175A600B9B04330B93B2E49AF80030D2
:103880006C2B00F02683039A42F010020392D0E4DE
:10389000039A42F01003920600F1E8810B9A111D81
:1038A0000B9A039314680B914FEAE47E7346002B46
:1038B000BFF65CAE2D2364428DF843306EEB4E0EA6
:1038C000069B002B03DB039B23F0800303930A2C4E
:1038D0007EF1000380F0F381069A30349DF8433086
:1038E000012A8DF80F41B8BF01220592002B40F04C
:1038F000B181099301230DF20F150A93ADE59AF8F2
:103900000030682B00F0EF82039A42F040020392ED
:103910008FE45846FCF7E0F8436818460F93F7F732
:1039200069FD0E9004465846FCF7D6F882689AF86E
:1039300000300D92002C3FF47CAC002A3FF479ACAF
:103940001278002A3FF475AC039A42F48062039225
:103950006FE4039B43F0010303939AF8003068E49B
:103960009DF843209AF80030002A7FF462AC2022B0
:103970008DF843205DE4039B43F0800303939AF8A2
:10398000003056E4504610F8013B2A2B00F09A8490
:10399000A3F13002092A00F24B84002101EB8101DE
:1039A00010F8013B02EB4101A3F13002092AF5D9DD
:1039B00041EAE172824606923DE4089B05981C1A92
:1039C000002C7FF785AD102CB14E21DD0C954FF00A
:1039D0001008049D02E0103C102C18DD013210315B
:1039E000072AC9E90068CDE9192109F10809F2DDC2
:1039F00018AA2946584600F0DBFC00287FF4F5ACF5
:103A0000103C0DF16C09102CDDE91921E6DC0C9D50
:103A100001322144C9F80060072AC9F80440CDE901
:103A2000192100F31B83069B09F108090A981C1A47
:103A3000002C7FF753AD102C954E1FDD4FF0100872
:103A400002E0103C102C19DD01321031904B072A96
:103A5000C9E90038CDE9192109F10809F1DD18AAF1
:103A6000049958460DF16C0900F0A2FC00287FF47F
:103A7000BCAC103C102CDDE91921E5DC01322144FD
:103A8000C9F80060072AC9F80440CDE9192100F3FC
:103A9000C48009F1080921E518AA0499584600F0E4
:103AA00087FC00287FF4A1AC1A990DF16C0923E57D
:103AB00018AA0499584600F07BFC00287FF495ACC6
:103AC0000DF16C09DDE91921FEE418AA04995846A4
:103AD00000F06EFC00287FF488AC0DF16C09DDE984
:103AE0001921DFE4102C199BDFF8A88121DD46465F
:103AF0001025DDF8108002E0103C102C18DD013399
:103B00001031072BC9E90065CDE9193109F1080920
:103B1000F2DD18AA414658460DF16C0900F048FC48
:103B200000287FF462AC103C102CDDE91931E6DC92
:103B3000B04601332144072BC9E90084CDE919318E
:103B40007FF7E3AC18AA0499584600F031FC00282E
:103B50007FF44BAC1A99D8E420F48061039144AD12
:103B600003F00701DB08284643EA42733031D208EC
:103B700005F8011D53EA0204F2D1302902D0039B5B
:103B8000DE077CD444AB5B1B0A9300220992069AA1
:103B90009A42B8BF1A4605925FE400220C92102C9C
:103BA0001A46DFF8F08022DD46461023DDF810804B
:103BB00002E0103C102C19DD01321030072AC9E94F
:103BC0000063CDE9192009F10809F2DD18AA414680
:103BD00058460DF16C0900F0EBFB00287FF405ACB2
:103BE000103C1023102CDDE91920E5DCB046013231
:103BF0002118C9F80080072AC9F80440CDE9192125
:103C000000F3FE819DF8433009F108095BBB0C9875
:103C100000283FF45DAC984646E418AA049958463B
:103C200000F0C6FB00287FF4E0AB0DF16C09DDE984
:103C3000192153E4059A44AD06920A9209920CE4C4
:103C40000B939AF80030FFF7F4BA9D047FF5B2AAFF
:103C5000FFF7F0BB0025013201230592CDE909539E
:103C60000DF20F159FE44FF000080BE4039370E48E
:103C70000B9B191D0B9B00220B911B682DE530231C
:103C8000023805F8013C44AB05461B1A0A937CE751
:103C9000B8910410C89104100B9B191D0B9B4FF099
:103CA000000E0B911C68069B8DF843E07345BFF630
:103CB0007BAD0A2C03927EF10003FFF40DAE039B53
:103CC000764644A9DFF8F48303F480650023CDF839
:103CD00014909E46CDE909BADDF834A023E0A3197B
:103CE000A3463046494643F10003A8FB032C2CF0C1
:103CF000030202EB9C029B1A4FF0CC32E31A66F1EE
:103D0000000602FB03F2BBF10A0FA3FB084308FB0A
:103D100006224FEA540470F10000134444EAC374CD
:103D20004FEA53062BD3A3190EF1010E01F1FF390F
:103D300043F10003A8FB032020F0030202EB9002F2
:103D40009B1AE31AA3FB083266F100005B0808FB2C
:103D5000002243EAC27303EB8303A4EB4303303333
:103D600001F8013C002DBAD09AF800307345B6D165
:103D7000FF2BB4D00A2C76F1000380F00F824D4661
:103D800044AB06995B1BCDF834A0DDF814901A46BD
:103D90009142DDE909BAB8BF11460A939DF8433054
:103DA0000591002B56D0059B0133059352E0039BF0
:103DB0000B99DE0651F8044B3FF572AD039B5D068F
:103DC00040F16C8144F3C03E0B9124B27346FFF77F
:103DD000CABB039BDA0600F14F81039B5B0600F12F
:103DE000B981039B9E0540F147810B9B079A1B6895
:103DF0001A703FE5AE48039A12F0200100F0F080FF
:103E00000B9A073222F007021446516854F8082B27
:103E10000B9452EA0104039D14BF01240024ED0712
:103E200002D5002C40F0038100238DF84330069B1F
:103E3000002B039BC0F2CD8023F490630393069B79
:103E4000002B40F0C980002C40F0C68044AD0694A1
:103E50000A940594039CDDE9192114F084080846AE
:103E6000134600F053829DF84330002B00F044824B
:103E7000002309930C93FFF705BB8E48BBE703981B
:103E800002240B9340F0020003908A4844AD02F0F4
:103E90000F031209C35C42EA0172090905F8013DEA
:103EA00052EA0103F3D144AB069A5B1B9A420A9390
:103EB000B8BF1A460592002C7FF4AEACCAE70B9B44
:103EC0002BAD1B688DF8AC30012305930A93FFF7E7
:103ED000C5BB039B0AF1010A43F0200303939AF840
:103EE0000030FFF7A6B9039B0AF1010A43F40073FF
:103EF00003939AF80030FFF79CB9099B0822002130
:103F000016A8139315F080FA069E002EC0F2ED80DD
:103F1000002425460DE02BA95846FCF76FF8411CFC
:103F200004F10404284400F09C81B04206DC06D071
:103F30000546139A16AB1259002AECD10695069B3A
:103F4000002B00F0E280632B40F31F81591C584680
:103F5000EDF730FD0546002800F083810990082226
:103F6000002116A815F050FA069C16AB13AA294694
:103F7000584600932346FCF767F8844240F0BF811F
:103F80000699002321EAE1706B549DF843200590C7
:103F9000002A40F05C810692CDE90A18FFF75DBA6D
:103FA000039A12F4007240F0C780069B96468DF883
:103FB0004320002BBFF6CEAB0B9188E4089C059EF6
:103FC000CDF82480A41B002C7FF76EAA02220C924D
:103FD000E5E523F480630393039B03F0020455E7B4
:103FE0000B9C54F8042B0B94039C14F010047FF4E6
:103FF00010AF039911F040016CD092B2214608E74E
:1040000018AA0499584600F0D3F9804600287FF496
:10401000ECA99DF84330DDE91921002B61D10C9BFF
:104020000DF16C09002B7FF43FAAFFF751BA8DF810
:10403000453030238DF8443000238DF84330069B03
:10404000002B6EDA039B23F4806343F00203039397
:10405000C2E75846F5F780FEFFF79AB818AA049908
:10406000584600F0A5F900287FF4BFA90DF16C09AE
:10407000DDE91921FFF72CBA0B9B079A1B681A6020
:10408000FFF7F8BB069B0C4D062BCDF82C80069253
:1040900028BF062305930A93FFF7DFB9039B0B9113
:1040A000980552D544F3C01E64B27346FFF75BBA5D
:1040B000442204103022041058220410CDCCCCCC61
:1040C000039C14F4007233D00246DBB220460B91FD
:1040D000FFF703BB039C14F4007414BFD2B2214653
:1040E00097E60DF16C09FFF7CDB916AB13AA584648
:1040F000009300231946FBF7A7FF03460690013300
:1041000000F0AF80099B139319E79DF84330099D98
:10411000003BCDF82C8018BF01230593069B0A9322
:1041200098E6039B23F4906343F00203039353E761
:1041300003980B91FFF7D1BA9E468DF84330069B4A
:10414000E4B2002BBFF606AB36E74FEAE47E7346D7
:10415000FFF709BA0B9B079A1B681A80FFF78ABB07
:10416000099D2846F7F746F99DF8433020EAE072AA
:104170000A900592002B00F08A8001320694CDF857
:104180002C8005920994FFF70EBA00232BAD0993FA
:10419000E5E6886DF7F7B6F8FFF7E3B80E9A0F99E2
:1041A000A9EB020B5846F5F7F1FE9AF801300BB176
:1041B0000AF1010AA3195B4A4FF0CC314FF0010E0E
:1041C00043F100030BF1FF39A2FB030C2CF00300B9
:1041D00000EB9C001B1AE31A66F1000603FB01F1D9
:1041E000A3FB023002FB061123FA0EF3014443EA5B
:1041F000C17421FA0EF6A31943F10003A2FB0310C8
:1042000020F0030101EB90015B1AE31AA3FB0231DA
:1042100066F1000023FA0EF302FB001243EAC273B8
:1042200003EB8303A4EB430330330BF8013C9BE522
:10423000002282460692FEF7FEBF18AA049958464D
:1042400000F0B6F800283FF4B9A8FFF7D4B8069AF2
:10425000CDF82C800A92059A069301320592FFF759
:10426000A2B90498B0F90C30426E43F04001D20775
:1042700081813FF5DFA899053FF5DCA8FFF75EB91E
:10428000099D0692CDF82C800992FFF7E6B8099DAA
:104290000693CDF82C800993FFF7DFB84AB1069A50
:1042A000CDF82C80511C0A92069005910990FFF7D9
:1042B0007AB9069B0992CDF82C800A930593069251
:1042C000FFF7CBB80B9A9AF80130824652F8041BDC
:1042D00041EAE1710B920691FEF7ABBF049A536E6F
:1042E000DF073FF5A7A893899E053FF5A3A8906D2A
:1042F000F7F708F8FFF79EB80993FFF7E5B8049AB7
:10430000938943F040039381FFF76FB8CDF8248081
:10431000FFF7ABB804480B935EE60398AAE4039A50
:10432000BCE400BFCDCCCCCC302204102DE9F04150
:1043300098468B89ADF58D6D164623F0020307462E
:1043400016A80D46ADF80C301AAB6C4600930493DA
:104350004FF48063029305934B6E1993CB89ADF8AC
:104360000E30CB6907934B6A099300230693F6F747
:10437000BFFF3246434669463846FEF7F3FE061E47
:1043800007DB69463846F5F763FA002818BF4FF097
:10439000FF36A3895B0603D5AB8943F04003AB81AD
:1043A000A06DF6F7A7FF30460DF58D6DBDE8F081E5
:1043B000936810B514461BB918460023636010BDFE
:1043C00000F086F80023A3600023636010BD00BFE7
:1043D00038B53E4B05460C461B6813B15A6B002A94
:1043E0005BD0B4F90C3019070BD522699AB113F0E0
:1043F000010221D0636900225B42A260A361002018
:1044000038BDDA0659D558071BD4226943F0080392
:10441000A381002AEBD1990529D5180603F0800164
:1044200025D4D80742D49D073DD5A2600029E6D007
:1044300043F04003A38145E09B0716D46369A36062
:10444000DDE7216B51B104F14002914204D02846CE
:10445000EDF7CDFAB4F90C30002222630021226975
:1044600023F02403C4E90021D0E7A260C7E7214676
:104470002846FAF7E1FEB4F90C30226913F0010185
:104480000FD0616900204942A060A161002AB6D125
:1044900003F080010029B2D0CAE71846F5F75CFCAA
:1044A0009FE7980700D46169A160EFE76069A260A7
:1044B0004042A0610029A2D0BAE7092243F040039C
:1044C0002A60A3814FF0FF3038BD00BF44B8002000
:1044D0009368002B00F0B780B1F90CC01CF0080FF6
:1044E0002DE9F04F174683B080460C4627D00B6964
:1044F0002BB31CF002033D682DD04FF0000ADFF80B
:10450000B0B2B94656465E4533465246404628BF8D
:104510005B46002E00F08680E169676AB847002894
:1045200040F38980D9F808308244361A1B1AC9F83A
:104530000830002BE7D1002003B0BDE8F08F214602
:104540004046FFF745FF00287AD1B4F90CC03D681A
:104550001CF00203D1D11CF0010976D14E46009720
:10456000002E5BD01CF4007F2068D4F808B000F067
:10457000B280B3455A4600F2E0801CF4906F33D00D
:104580006369216913EB4303A0EB010B48BF0133BF
:104590004FEA630A0BF1010333445246534501D9F4
:1045A0009A461A461CF4806F00F0E580114640469A
:1045B000EDF700FA002800F0F4805A4621690190D6
:1045C000F6F7A2FEA289019B22F4906242F08002DB
:1045D000A28103EB0B0023613246AAEB0B03B34627
:1045E000C4F814A0A360206049460192FEF77EFC47
:1045F000A368019AB246A3EB0B012368002613447B
:10460000A1602360009AD1449368A3EB0A039360EE
:10461000002B90D0B4F90CC0002EA3D1D5E90096A0
:1046200008359DE7D5E900A608356CE721464046E8
:10463000F5F70EF970B3B4F90C3043F04003A381E1
:104640004FF0FF3078E7002070471E46BA46994683
:1046500018461F4600955EB3002831D04A46A1682F
:10466000B2426369206828BF324603EB010B21691F
:10467000884201D95A4570DC934261DC3A46E169CF
:104680004046656AA847B0F1000BD4DDB9EB0B09D1
:10469000CCD00120DAF808305F44A6EB0B06A3EB80
:1046A0000B03CAF80830002B3FF445AF002ED3D1DE
:1046B000009A5668134608320092002EF8D01F6800
:1046C00032460A213846FBF72FFC002866D001301D
:1046D000A0EB0709C2E72369834216D36269B2429D
:1046E00013D86FF00043E1694046676AB34228BFC0
:1046F000334693FBF2F302FB03F34A46B847B0F1AB
:10470000000A98DDA6EB0A067CE7B345DA4649467F
:1047100028BFB2465246FEF7E9FBA3682268A3EB26
:104720000A035244A3602260002BEBD1214640468D
:10473000F5F78EF80028E5D07DE7B346324653E71B
:1047400039460192FEF7D2FB019AA36893469B1A61
:10475000A36023681344236098E739465A46FEF75E
:10476000C5FB2368214640465B442360F5F770F89B
:1047700000288BD05FE74046EDF725F90346002877
:104780007FF427AF21694046EDF731F9B4F90C30D9
:104790000C2223F08003C8F800204EE7721C9146DB
:1047A0005DE70C22B4F90C30C8F8002045E700BFE3
:1047B00000FCFF7F81F0004102E000BF83F0004376
:1047C00030B54FEA41044FEA430594EA050F08BFAC
:1047D00090EA020F1FBF54EA000C55EA020C7FEA70
:1047E000645C7FEA655C00F0E2804FEA5454D4EBED
:1047F0005555B8BF6D420CDD2C4480EA020281EAB7
:10480000030382EA000083EA010180EA020281EAEE
:104810000303362D88BF30BD11F0004F4FEA013140
:104820004FF4801C4CEA113102D0404261EB41014F
:1048300013F0004F4FEA03334CEA133302D05242D5
:1048400063EB430394EA050F00F0A780A4F1010491
:10485000D5F1200E0DDB02FA0EFC22FA05F28018CB
:1048600041F1000103FA0EF2801843FA05F35941B1
:104870000EE0A5F120050EF1200E012A03FA0EFC30
:1048800028BF4CF0020C43FA05F3C01851EBE3715A
:1048900001F0004507D54FF0000EDCF1000C7EEB77
:1048A00000006EEB0101B1F5801F1BD3B1F5001FB5
:1048B0000CD349085FEA30004FEA3C0C04F10104D4
:1048C0004FEA445212F5800F80F09A80BCF1004FFD
:1048D00008BF5FEA500C50F1000041EB045141EA7F
:1048E000050130BD5FEA4C0C404141EB0101013C48
:1048F00028BFB1F5801FE9D291F0000F04BF014637
:104900000020B1FA81F308BF2033A3F10B03B3F108
:1049100020020CDA0C3208DD02F1140CC2F10C0298
:1049200001FA0CF021FA02F10CE002F11402D8BFF6
:10493000C2F1200C01FA02F120FA0CFCDCBF41EAC2
:104940000C019040E41AA2BF01EB0451294330BD91
:104950006FEA04041F3C1CDA0C340EDC04F114046E
:10496000C4F1200220FA04F001FA02F340EA030045
:1049700021FA04F345EA030130BDC4F10C04C4F18B
:10498000200220FA02F001FA04F340EA030029466B
:1049900030BD21FA04F0294630BD94F0000F83F4B5
:1049A000801306BF81F480110134013D4EE77FEA98
:1049B000645C18BF7FEA655C29D094EA050F08BFE4
:1049C00090EA020F05D054EA000C04BF19461046C5
:1049D00030BD91EA030F1EBF0021002030BD5FEA09
:1049E000545C05D14000494128BF41F0004130BD31
:1049F00014F580043CBF01F5801130BD01F0004585
:104A000045F0FE4141F470014FF0000030BD7FEAF7
:104A1000645C1ABF194610467FEA655C1CBF0B46F2
:104A2000024650EA013406BF52EA033591EA030F09
:104A300041F4002130BD00BF90F0000F04BF002101
:104A4000704730B54FF4806404F132044FF0000534
:104A50004FF0000150E700BF90F0000F04BF0021AD
:104A6000704730B54FF4806404F1320410F0004513
:104A700048BF40424FF000013EE700BF42004FEA0E
:104A8000E2014FEA31014FEA02701FBF12F07F438B
:104A900093F07F4F81F06051704732F07F4208BF42
:104AA000704793F07F4F04BF41F40021704730B549
:104AB0004FF4607401F0004521F000411CE700BF95
:104AC00050EA010208BF704730B54FF000050AE018
:104AD00050EA010208BF704730B511F0004502D519
:104AE000404261EB41014FF4806404F132045FEA1B
:104AF000915C3FF4D8AE4FF003025FEADC0C18BFC4
:104B000003325FEADC0C18BF033202EBDC02C2F1B5
:104B1000200300FA03FC20FA02F001FA03FE40EA47
:104B20000E0021FA02F11444BDE600BF70B54FF04B
:104B3000FF0C4CF4E06C1CEA11541DBF1CEA135529
:104B400094EA0C0F95EA0C0F00F0DEF82C4481EA91
:104B5000030621EA4C5123EA4C5350EA013518BFB1
:104B600052EA033541F4801143F4801338D0A0FB9E
:104B700002CE4FF00005E1FB02E506F00042E0FB4B
:104B800003E54FF00006E1FB03569CF0000F18BF51
:104B90004EF0010EA4F1FF04B6F5007F64F54074F9
:104BA00004D25FEA4E0E6D4146EB060642EAC6218C
:104BB00041EA55514FEAC52040EA5E504FEACE2EF9
:104BC000B4F1FD0C88BFBCF5E06F1ED8BEF1004FFC
:104BD00008BF5FEA500E50F1000041EB045170BD78
:104BE00006F0004646EA010140EA020081EA0301BC
:104BF000B4EB5C04C2BFD4EB0C0541EA045170BDB8
:104C000041F480114FF0000E013C00F3AB8014F131
:104C1000360FDEBF002001F0004170BDC4F100047A
:104C2000203C35DA0C341BDC04F11404C4F12005FB
:104C300000FA05F320FA04F001FA05F240EA020056
:104C400001F0004221F0004110EBD37021FA04F68C
:104C500042EB06015EEA430E08BF20EAD37070BD46
:104C6000C4F10C04C4F1200500FA04F320FA05F0A5
:104C700001FA04F240EA020001F0004110EBD370A7
:104C800041F100015EEA430E08BF20EAD37070BD17
:104C9000C4F1200500FA05F24EEA020E20FA04F3F0
:104CA00001FA05F243EA020321FA04F001F000419F
:104CB00021FA04F220EA020000EBD3705EEA430E10
:104CC00008BF20EAD37070BD94F0000F0FD101F03F
:104CD0000046400041EB010111F4801F08BF013C78
:104CE000F7D041EA060195F0000F18BF704703F0B6
:104CF0000046520043EB030313F4801F08BF013D3D
:104D0000F7D043EA0603704794EA0C0F0CEA1355F8
:104D100018BF95EA0C0F0CD050EA410618BF52EAB2
:104D20004306D1D181EA030101F000414FF00000B8
:104D300070BD50EA410606BF1046194652EA4306C6
:104D400019D094EA0C0F02D150EA013613D195EA3A
:104D50000C0F05D152EA03361CBF104619460AD182
:104D600081EA030101F0004141F0FE4141F470018C
:104D70004FF0000070BD41F0FE4141F4780170BD7C
:104D800070B54FF0FF0C4CF4E06C1CEA11541DBFE1
:104D90001CEA135594EA0C0F95EA0C0F00F0A7F8E3
:104DA000A4EB050481EA030E52EA03354FEA013110
:104DB00000F088804FEA03334FF0805545EA131323
:104DC00043EA12634FEA022245EA111545EA1065EB
:104DD0004FEA00260EF000419D4208BF964244F182
:104DE000FD0404F5407402D25B084FEA3202B61AA1
:104DF00065EB03055B084FEA32024FF480104FF475
:104E0000002CB6EB020E75EB030E22BFB61A7546E8
:104E100040EA0C005B084FEA3202B6EB020E75EB7B
:104E2000030E22BFB61A754640EA5C005B084FEAE3
:104E30003202B6EB020E75EB030E22BFB61A7546B0
:104E400040EA9C005B084FEA3202B6EB020E75EBBB
:104E5000030E22BFB61A754640EADC0055EA060E7C
:104E600018D04FEA051545EA16754FEA06164FEABF
:104E7000C30343EA52734FEAC2025FEA1C1CC0D16B
:104E800011F4801F0BD141EA00014FF000004FF0F8
:104E9000004CB6E711F4801F04BF01430020B4F1B9
:104EA000FD0C88BFBCF5E06F3FF6AFAEB5EB030C71
:104EB00004BFB6EB020C5FEA500C50F1000041EB6E
:104EC000045170BD0EF0004E4EEA113114EB5C043B
:104ED000C2BFD4EB0C0541EA045170BD41F480110E
:104EE0004FF0000E013C90E645EA060E8DE60CEA16
:104EF000135594EA0C0F08BF95EA0C0F3FF43BAF33
:104F000094EA0C0F0AD150EA01347FF434AF95EAE9
:104F10000C0F7FF425AF104619462CE795EA0C0FCD
:104F200006D152EA03353FF4FDAE1046194622E79A
:104F300050EA410618BF52EA43067FF4C5AE50EA74
:104F400041047FF40DAF52EA43057FF4EBAE12E764
:104F50004FF0FF3C06E000BF4FF0010C02E000BF45
:104F60004FF0010C4DF804CD4FEA410C7FEA6C5C28
:104F70004FEA430C18BF7FEA6C5C1BD001B050EACB
:104F8000410C0CBF52EA430C91EA030F02BF90EAB6
:104F9000020F0020704710F1000F91EA030F58BF75
:104FA000994208BF90422CBFD8176FEAE37040F0D7
:104FB000010070474FEA410C7FEA6C5C02D150EA75
:104FC000013C07D14FEA430C7FEA6C5CD6D152EA30
:104FD000033CD3D05DF8040B704700BF84461046F5
:104FE00062468C461946634600E000BF01B5FFF7F4
:104FF000B7FF002848BF10F1000F01BD4DF808EDC4
:10500000FFF7F4FF0CBF012000205DF808FB00BF94
:105010004DF808EDFFF7EAFF34BF012000205DF8EE
:1050200008FB00BF4DF808EDFFF7E0FF94BF01203B
:1050300000205DF808FB00BF4DF808EDFFF7CEFF3C
:1050400094BF012000205DF808FB00BF4DF808ED7B
:10505000FFF7C4FF34BF012000205DF808FB00BF4C
:105060004FEA410C7FEA6C5C02D150EA013C0AD164
:105070004FEA430C7FEA6C5C02D152EA033C02D156
:105080004FF0000070474FF0010070474FEA4102B7
:1050900012F5001215D211D56FF47873B3EB62528A
:1050A00012D94FEAC12343F0004343EA505311F0B1
:1050B000004F23FA02F018BF404270474FF0000043
:1050C000704750EA013005D111F0004008BF6FF081
:1050D000004070474FF00000704700BF7BB972B9C5
:1050E0000029BEBF00204FF0004106E008BF0028A5
:1050F0001CBF6FF000414FF0FF3000F0FDB9ADF183
:10510000080C6DE904CE002909DB002B1ADB00F046
:105110004DF8DDF804E0DDE9022304B070474042B9
:1051200061EB4101002B1BDB00F040F8DDF804E0EF
:10513000DDE9022304B0404261EB4101524263EBDE
:1051400043037047524263EB430300F02FF8DDF84E
:1051500004E0DDE9022304B0404261EB4101704705
:10516000524263EB430300F021F8DDF804E0DDE98F
:10517000022304B0524263EB4303704753B94AB968
:10518000002908BF00281CBF4FF0FF314FF0FF304F
:1051900000F0B2B9ADF1080C6DE904CE00F006F8EC
:1051A000DDF804E0DDE9022304B070472DE9F04F9B
:1051B0008C46099E04460F46002B48D18A4215466C
:1051C0005ED9B2FA82F33BB1C3F120029F409D4009
:1051D0009C4020FA02F217434FEA154E1FFA85FC55
:1051E000220CB7FBFEF10EFB117701FB0CF042EA3B
:1051F0000742904207D9AA1801F1FF3702D2904224
:1052000000F258813946121AA4B2B2FBFEF00EFB2E
:10521000102200FB0CFC44EA0244A4450BD92C19D3
:1052200000F1FF322CBF01270027A44502D9002F2F
:1052300000F04381104640EA0140A4EB0C04002139
:105240001EB1DC400023C6E90043BDE8F08F8B426D
:1052500006D90EB1C6E9000100210846BDE8F08F6D
:10526000B3FA83F1002951D16345C0F0168182421F
:1052700040F213810846002EE7D0C6E90047E4E774
:10528000002A00F0AF80B2FA82F3002B40F0C28017
:105290008A1A4FEA154EAFB20121200CB2FBFEFC78
:1052A0000EFB1C2240EA024207FB0CF090420ED992
:1052B000AA180CF1FF382CBF4FF001094FF000097C
:1052C000904203D9B9F1000F00F0F080C446121AE1
:1052D000A4B2B2FBFEF00EFB102200FB07F744EA7B
:1052E0000244A7420ED92C1900F1FF322CBF4FF017
:1052F000010E4FF0000EA74203D9BEF1000F00F0DF
:10530000D2801046E41B40EA0C4099E7C1F1200529
:105310008B400CFA01F400FA01F922FA05F72CFA95
:1053200005FC8A401F4320FA05F3380C23431FFA7B
:1053300087FE1C0CBCFBF0F800FB18CC44EA0C44C4
:1053400008FB0EFCA4450ED93C1908F1FF3A2CBF0E
:105350004FF0010B4FF0000BA44503D9BBF1000F38
:1053600000F0B880D046A4EB0C041FFA83FCB4FB19
:10537000F0F300FB134403FB0EFE4CEA0444A64585
:105380000ED93C1903F1FF302CBF4FF0010C4FF048
:10539000000CA64503D9BCF1000F00F09F80034626
:1053A00043EA0840A4EB0E04A0FB02EC64457346FC
:1053B000E04602D307D1F14505D2BEEB02036CEB08
:1053C000070C0138E0465EB1B9EB030264EB080458
:1053D00004FA05F522FA01F3CC401D43C6E9005456
:1053E000002132E742082F464B08AC4642EAC17220
:1053F000AE46C407110C92B241EA034142EA0142AF
:10540000B1FBF5F1B3FBF5F01F23A2EB0C0241EA6F
:10541000004142E79D40C3F1200299409C402CFA94
:1054200002FC4FEA154E20FA02F2AFB2BCFBFEF8C6
:105430000A430EFB18CC110C41EA0C4108FB07FC97
:105440008C4550D9691808F1FF302CBF4FF0010985
:105450004FF000098C4502D9B9F1000F30D0A1EB13
:105460000C01B1FBFEF808FB07FC0EFB181192B211
:1054700042EA0142624534D2AA1808F1FF312CBF3A
:105480004FF001094FF000096245BED2B9F1000F9B
:10549000BBD1A8F102012A44B7E7841A6CEB0302DE
:1054A00001201746E7E62C4402382BE7ACF1020C4A
:1054B0002A440CE702392A44A5E62C440238BAE60D
:1054C000A5EB0C0CA8F102006144B1FBFEF808FB4F
:1054D00007FCCAE7A8F102083C4444E7023B3C440D
:1054E0005EE7414691E7A1EB0C014046B1FBFEF8B7
:1054F00008FB07FCB9E700BF704700BF77616B6529
:105500007570002F55736572732F776F6E646572B7
:105510007875652F4465736B746F702F53444B73AC
:105520002F5369466C692F6D6964646C657761728D
:10553000652F73797374656D2F6266305F636F6D6D
:105540006D6F6E2E63005B452F4442475D20004324
:10555000726173682074726967676572656400526E
:10556000545F454F4B203D3D2065727200485053BB
:1055700059530A535953434C4B3A20252E32662532
:1055800063487A0A0048434C4B3A20252E32662560
:1055900063487A0A0050434C4B313A20252E32663C
:1055A0002563487A0A0050434C4B323A20252E326C
:1055B000662563487A0A000A4C505359530A5359D6
:1055C00053434C4B3A20252E32662563487A0A0015
:1055D0000A424C455359530A535953434C4B3A20B2
:1055E000252E32662563487A0A000A4D656D6F7272
:1055F000790A004D5049313A20252E3266256348FC
:105600007A0A004D5049323A20252E3266256348E9
:105610007A0A000A4C43440A42616E6477696474F2
:10562000683A20252E326625636270730A0025646D
:105630007825642C20616C69676E3A25640A0072D3
:105640006F756E6420747970652C007265637420C8
:10565000747970652C005247423536350A0052473E
:10566000423838380A004F7468657220666F726D70
:1056700061740A002D2D2D2D2D2D2D2D5379737430
:10568000656D20696E666F726D6174696F6E2D2D28
:105690002D2D2D2D2D2D2D0A002F55736572732F55
:1056A000776F6E6465727875652F4465736B746F80
:1056B000702F53444B732F5369466C692F64726982
:1056C000766572732F68616C2F6266305F68616CFB
:1056D0002E6300636F6E6669672041616E6C6F6751
:1056E00020444143506174680A007475726E206FE3
:1056F000666620706C6C0A00636C6F736520416194
:105700006E6C6F6720444143506174680A00747581
:10571000726E206F6E2072656667656E0A00747522
:10572000726E206F6E20706C6C0A00636F6E66691B
:10573000672041616E6C6F6720414443506174681B
:105740000A00636C6F73652041616E6C6F67204166
:105750004443506174680A0073657420766F6C75F9
:105760006D6520726F7567683A25642C2066696ED6
:10577000653A25642C20636667303A3078257800D6
:105780002F55736572732F776F6E646572787565C8
:105790002F4465736B746F702F53444B732F536991
:1057A000466C692F647269766572732F68616C2F1D
:1057B0006266305F68616C5F636F727465782E63D8
:1057C000002F55736572732F776F6E6465727875ED
:1057D000652F4465736B746F702F53444B732F5355
:1057E00069466C692F647269766572732F68616CA3
:1057F0002F6266305F68616C5F646D612E63002F9D
:1058000055736572732F776F6E6465727875652F47
:105810004465736B746F702F53444B732F536946F9
:105820006C692F647269766572732F68616C2F6280
:1058300066305F68616C5F657069632E63002F5529
:10584000736572732F776F6E6465727875652F4418
:1058500065736B746F702F53444B732F5369466C91
:10586000692F647269766572732F68616C2F626646
:10587000305F68616C5F6932632E63002F5573651A
:1058800072732F776F6E6465727875652F446573D8
:105890006B746F702F53444B732F5369466C692F91
:1058A000647269766572732F68616C2F6266305F0F
:1058B00068616C5F6C6364632E63002F557365725F
:1058C000732F776F6E6465727875652F4465736B9F
:1058D000746F702F53444B732F5369466C692F6458
:1058E0007269766572732F68616C2F6266305F68CB
:1058F000616C5F6C6370755F636F6E6669672E6362
:10590000002F55736572732F776F6E6465727875AB
:10591000652F4465736B746F702F53444B732F5313
:1059200069466C692F647269766572732F68616C61
:105930002F6266305F68616C5F6C7074696D2E6396
:10594000002F55736572732F776F6E64657278756B
:10595000652F4465736B746F702F53444B732F53D3
:1059600069466C692F647269766572732F68616C21
:105970002F6266305F68616C5F6C72635F63616C3D
:105980002E63004C504379636C65733A20637572E3
:105990003D25642064656C74613D25642C746D70D4
:1059A0003D25640A004C50206379636C65732025A3
:1059B000642C20746864302025642C207468643161
:1059C0002025642C207363616C652025640041638D
:1059D0007475616C20506172613A206375723D2567
:1059E000642C206176653D25642C206375725F62AE
:1059F00061636B75702025642C20616C7068612078
:105A000025642C20746D70282A3130293D25640DC1
:105A10000A0073657420617665004C504379636CAD
:105A200065733A2025642C206176653D25642C2021
:105A3000636F756E743D256420746D703D25640D33
:105A40000A002F55736572732F776F6E64657278D5
:105A500075652F4465736B746F702F53444B732FB0
:105A60005369466C692F647269766572732F686139
:105A70006C2F6266305F68616C5F6D61696C626F2C
:105A8000782E6300534554555000455030205374D0
:105A9000617465202573202D3E2025732C206C69B0
:105AA0006E652025640D0A0055534220696E7465A9
:105AB0007272757074207573623D25782C2074782D
:105AC0003D25642C2072783D25642C207573626519
:105AD0003D25782C20646D615F696E74723D257878
:105AE0000D0A002F55736572732F776F6E646572A0
:105AF0007875652F4465736B746F702F53444B73C7
:105B00002F5369466C692F647269766572732F68CA
:105B1000616C2F6266305F68616C5F7063642E63D6
:105B20000049444C45007068795F73746174653D49
:105B300025640D0A00657030204953523A202573C0
:105B40002C206373723D307825780D0A0053544140
:105B50005455534F555400545800535441545553C1
:105B6000494E005258005365747570456E64206349
:105B700061736520696E2077726F6E672073746140
:105B800074652025730D0A00536574757020727852
:105B90003A25640041434B57414954005A65726F9E
:105BA00020646174612068616E646C6564202564A2
:105BB0000D0A00444D4120446F6E65206F6E2045F4
:105BC000503A2025642C2069735F696E3D25642C52
:105BD00020646D61696E74723D25780A00444D4100
:105BE00020525820706970653D25642C206C656ECC
:105BF0003D25640A0065705F616464723D25782C00
:105C0000206E756D3D25642C2069735F696E3D259E
:105C1000640A00456E61626C65204952512025641A
:105C20000A006570207374616C6C696E672C207259
:105C30007863737220253033780A00455030205243
:105C4000783A25640D0A00507265706172655F7262
:105C5000656164206F6E20706970652025643A2547
:105C6000702C6C656E2025642C2069735F696E3D15
:105C700025640A0074782065702025643A206373D7
:105C8000723D307825782C2025640A0074782065D0
:105C900070303A206373723D307825782C2025646B
:105CA0000A002F55736572732F776F6E6465727873
:105CB00075652F4465736B746F702F53444B732F4E
:105CC0005369466C692F647269766572732F6861D7
:105CD0006C2F6266305F68616C5F706D752E63005B
:105CE0002F55736572732F776F6E64657278756563
:105CF0002F4465736B746F702F53444B732F53692C
:105D0000466C692F647269766572732F68616C2FB7
:105D10006266305F68616C5F74696D2E63002F5539
:105D2000736572732F776F6E6465727875652F4433
:105D300065736B746F702F53444B732F5369466CAC
:105D4000692F647269766572732F68616C2F626661
:105D5000305F68616C5F756172742E6300696E7686
:105D6000616C696420626C6F636B20256420666FD0
:105D700072207461626C652025640A002F5573657A
:105D800072732F776F6E6465727875652F446573D3
:105D90006B746F702F53444B732F5369466C692F8C
:105DA000647269766572732F68616C2F7369666CB3
:105DB000695F62626D2E630049646C6520626C6F7E
:105DC000636B206E6F7420656E6F75676820666FF9
:105DD00072206E6577207461622025640A004D612F
:105DE00070206572726F723A206C6F67696320254C
:105DF000642C207068792025640A004552523A20AC
:105E000032206C6F67696320626C6F636B73206D07
:105E1000617020746F2073616D6520626C6B3A2035
:105E20006C6F676963302025642C2070687930209E
:105E300025642C206C6F676963312025642C2070E9
:105E40006879312025640A004D6170206572726F97
:105E500072303A206C6F6769632025642C2070686B
:105E6000792025640A00476574206D617020626C9A
:105E70006F636B206572726F72202564202D2D3E3A
:105E80002025640A0042424D2076657273696F6E68
:105E9000206E6F7420696E637265617365643A2069
:105EA000707265762025642C2063757272202564DB
:105EB0000A0044415441206E6F7420726561736F13
:105EC0006E61626C6520696E2042424D20626C6B8F
:105ED00020256420706167652025643A203078258C
:105EE000780A00526561642062626D20626C6B20EA
:105EF00025642070616765202564206661696C0AED
:105F000000496E76616C69642042424D20494458D4
:105F10002025640A00563120256420696E20626CB9
:105F20006F636B2025642C20563220256420696E17
:105F300020626C6F636B2025640A0053616D657489
:105F400068696E67206D7573742062652077726F63
:105F50006E672C20676574206E6577207665727396
:105F6000696F6E20256420646F206E6F74207361EA
:105F70006D6520746F207072657620636865636B51
:105F80002025640A0043524320636865636B2065E3
:105F900072726F72200A00526561642062626D2025
:105FA000626C6B2025642070616765202564206425
:105FB000617461206E6F7420777269746520666FFA
:105FC0007220326E642074696D650A0052656164E6
:105FD0002062626D20626C6B2025642070616765B1
:105FE000202564206661696C20666F7220326E64C1
:105FF0002074696D653F0A004C6174657374207686
:10600000657273696F6E2025640A0047657420709D
:10601000687920626C6B20666F722025642066614F
:10602000696C207768656E20726561640A00496E4C
:10603000697469616C207461626C65206661696C69
:106040000A00426C6F636B20256420657261736582
:10605000206661696C2C206D61726B206173206217
:1060600061640A00426C6F636B202564206368657D
:10607000636B2061732062616420626C6F636B0AE2
:1060800000426C6F636B2025642069732062616439
:1060900020696E207573657220626C6F636B0A00F5
:1060A0006261642025642C207265706C61636520D8
:1060B00025640A004E6F206261636B757020626C0C
:1060C0006F636B20616E79206D6F72650A00656D7C
:1060D000707479207461626C65202564206E6F7421
:1060E00020656E6F75676820666F7220696E6974CF
:1060F00069616C0A00557064617465207461626C3A
:106100006520746F20666C61736820646F6E650A29
:106110000042424D20696E697469616C697A6564F8
:10612000206265666F72652C20646F206E6F74202C
:10613000696E697420616E79206D6F72650A004422
:106140004554202564206261640A00424C4B20259E
:10615000642072656164206661696C2C206D6172D7
:106160006B206173206261640A006465742062625E
:106170006D207461626C6520776974682025642CD9
:106180002025642C2025640A0064657465637420EE
:10619000726573756C742025640A0076312025645D
:1061A00020696E20626C6B2025642C2076322025BD
:1061B0006420696E20626C6F636B2025640A004363
:1061C0006865636B2062626D207461626C65206635
:1061D00061696C0A00646574656374207265737527
:1061E0006C74202564206E6F7420726561736F6E0D
:1061F00061626C650A0042424D204D454D3A206374
:1062000074782025702C206D6170312025702C2031
:106210006D617032202570200A007369665F6262CA
:106220006D5F696E697420646F6E650A002F557327
:106230006572732F776F6E6465727875652F44652C
:10624000736B746F702F53444B732F5369466C6993
:106250002F647269766572732F636D7369732F7320
:106260006633326C623532782F62745F72665F66B5
:10627000756C63616C2E6300020303050506080F4D
:106280000005050E0A1B1F1F1F002F557365727333
:106290002F776F6E6465727875652F4465736B74C4
:1062A0006F702F53444B732F5369466C692F647280
:1062B00069766572732F636D7369732F73663332FA
:1062C0006C623532782F62745F706F7765725F63CE
:1062D0006F6E6669672E63002F55736572732F7733
:1062E0006F6E6465727875652F4465736B746F703B
:1062F0002F53444B732F5369466C692F6472697630
:106300006572732F636D7369732F736633326C62BA
:106310003532782F6266305F6C6370755F696E69C5
:10632000742E630070696E5F6972715F6864725F7A
:106330006E756D203C204D41585F50494E5F494E6F
:106340005055545F434E54006974656D2D3E70691D
:106350006E203D3D202D31007062725F70696E5F6E
:106360006972715F6864725F6E756D203E203000E7
:106370005B492F544553542E4750494F5D200067C9
:1063800070696F5F696E745F746573742025640A49
:10639000004750494F5F4D4F44455F494E5055545B
:1063A000004750494F5F4D4F44455F4F555450553E
:1063B00054004750494F5F4D4F44455F4F5554502F
:1063C00055545F4F44004750494F5F4D4F44455F20
:1063D00049545F524953494E47004750494F5F4D1A
:1063E0004F44455F49545F46414C4C494E47004736
:1063F00050494F5F4D4F44455F49545F524953499F
:106400004E475F46414C4C494E47004750494F5F0D
:106410004D4F44455F49545F484947485F4C455696
:10642000454C004750494F5F4D4F44455F49545FCD
:106430004C4F575F4C4556454C004750494F5F4DB8
:106440004F44455F554E4B4E4F57004661696C2097
:10645000746F20676574205042525B25645D206D27
:106460006F64650050494E2025642C2046554E43EC
:106470003D25642C2056414C3D25642C2025732C51
:106480002025732C206972716864723D25782C2058
:106490006172673D25780050494E2025642C2046C6
:1064A000554E433D25642C2056414C3D25642C20FF
:1064B00025732C2025732C206972716864723D2F1E
:1064C0002C206172673D2F0075736167653A2070FB
:1064D000696E203C6D6F64657C726561647C777267
:1064E0006974657C6D75787C7374617475733E2016
:1064F00070696E23203C76616C75653E002020201B
:1065000020202020206578616D706C653A20202065
:10651000202020202020202020202020202020207B
:10652000202020202020202020202020002020208B
:106530002020202020202020202070696E206D6FD8
:10654000646520202370696E203C50494E204D4FD9
:1065500044452056414C5545533E202000202020E4
:106560002020202020202020202070696E2077729B
:10657000697465202370696E20312020202020203E
:10658000202020002020202020202020202020202B
:106590002070696E207265616420202370696E200E
:1065A000202020202020202020200020202020200B
:1065B000202020202020202070696E206D757820FA
:1065C00020202370696E20302020202020202020D1
:1065D000200020202020202020202020202020708B
:1065E000696E20737461747573202370696E202046
:1065F00020202020202020200020202020202020BB
:1066000020202020202070696E206D7578202020A9
:106610002370696E203F2020202020202020200091
:106620002020202020202020202020202070696E83
:106630002073746174757320616C6C20202020209D
:10664000202020202020000A2020202050494E20F9
:106650004D4F44452056414C5545533A202020206B
:10666000202020202020202020202020002020204A
:10667000202020202050494E5F4D4F44455F4F550C
:1066800054505554202020202020202020307830C5
:1066900030202000202020202020202050494E5F44
:1066A0004D4F44455F494E50555420202020202016
:1066B0002020202030783031202000202020202071
:1066C00020202050494E5F4D4F44455F494E505564
:1066D000545F50554C4C555020202030783032209B
:1066E0002000202020202020202050494E5F4D4FA8
:1066F00044455F494E5055545F50554C4C444F579C
:106700004E203078303320200020202020202020F0
:106710002050494E5F4D4F44455F4F55545055549E
:106720005F4F44202020202020307830342020006B
:1067300070696E0046696E642064657669636520E1
:1067400070696E206661696C0A0077726974650011
:106750006D7578003F00556E6B6E6F7720636D64CA
:10676000210076616C75653D25640A00616C6C00E2
:10677000496E76616C696420706172616D657465E3
:10678000720A007062725F70696E203C3D20484161
:106790004C5F5042525F4D41580070696E5F737498
:1067A000617465203E3D20300076616C7565203E49
:1067B0003D2030006D6F646520213D2050494E5FC3
:1067C0004D4F44455F4F55545055545F4F4400481A
:1067D000414C5F4F4B203D3D2073746174757300D5
:1067E00076616C203E3D2030007062725F70696E91
:1067F000203C20333200747269676765725F70698C
:106800006E5F6E756D203C204D41585F50494E5F64
:10681000494E5055545F434E54006770696F0041B4
:106820004E415F494E004449475F494F0044494744
:106830005F494F5F5055004449475F494F5F50449F
:10684000004449475F4F5554004449475F4F5554F2
:106850005F50550073657269616C20213D20525470
:106860005F4E554C4C007561727420213D2052548E
:106870005F4E554C4C005B452F6472762E757361EC
:1068800072745D2000706C6561736520696E70754F
:10689000743A2075617274206272205B6261756463
:1068A000726174655D200A00652E673A2075617219
:1068B0007420627220333030303030300A00687516
:1068C00061727420213D204E554C4C0072657375E9
:1068D0006C74203D3D2052545F454F4B00756172F2
:1068E00074310074696D657220213D2052545F4EF1
:1068F000554C4C0061726720213D2052545F4E552B
:106900004C4C005B452F6472762E687774696D6518
:10691000725D200054494D32207374617274206698
:1069200061696C656400257320696E697420666115
:10693000696C6564004C5054494D207374617274E5
:10694000206661696C6564002573207265676973F0
:10695000746572206661696C6564006C7074696D41
:1069600031006274696D31005B452F6472762E7060
:10697000776D5D200025732074696D6520626173F9
:106980006520696E6974206661696C6564002573B1
:1069900020636C6F636B20696E6974206661696C3B
:1069A00065640025732070776D20696E69742066B8
:1069B00061696C656400636F6E66696775726174A6
:1069C000696F6E2D3E6368616E6E656C203E20308F
:1069D000002578206368616E6E656C2025642063F5
:1069E0006F6E666967206661696C65640025732057
:1069F00065727220646561645F74696D65206265AB
:106A0000796F6E64207468652072616E67652028F6
:106A10006D61783A25646E7329207468617420630F
:106A2000616E206265207365740070776D3200704E
:106A3000776D3300757362640062756666657220F7
:106A4000213D2052545F4E554C4C00657020213D35
:106A50002052545F4E554C4C0065702D3E65705F62
:106A60006465736320213D2052545F4E554C4C00A9
:106A70005B492F6472762E757362645D20005F65DA
:106A8000705F656E61626C65203A2025783A20253A
:106A9000643A2025780A0053657420416464726565
:106AA00073733A2025642830782578290A00456ECA
:106AB00061626C6520444C4C310A00456E61626C29
:106AC0006520444C4C320A00436F6E6669677572EC
:106AD00065205553424320636C6F636B20746F20B5
:106AE000535953434C4B2F320A0055534243204CC9
:106AF0004F473A202A2A2A2A2A2A2A6765742073AD
:106B0000746174652A2A2A2A2A2A2A210A006275AF
:106B10007320213D2052545F4E554C4C0052545F1F
:106B2000454F4B203D3D2072745F6572725F760069
:106B30005B452F6472762E6932635D200069326393
:106B40002073656D2074696D656F757421006275C1
:106B500073206572723A25642C20786665723A2536
:106B6000642F25642C206932635F737461743A2545
:106B7000782C206932635F657272636F64653D25AE
:106B80007800726573657420616E642073656E644D
:106B9000203920636C6B730048414C5F4F4B203DA4
:106BA0003D20726574006932635F73656D615B6976
:106BB0005D006932633100693263320069326334E7
:106BC000006770616463005B492F6472762E6164B4
:106BD000635D20004765742041444320636F6E6607
:106BE0006967757265206661696C0A006465762064
:106BF000213D2052545F4E554C4C005B492F64722E
:106C0000762E7274635D2000524331304B20467201
:106C100065713D25646B487A2C206379636C653D12
:106C200025642C207274632070706D3D25640A0009
:106C3000444956413D25642C20444956415F465203
:106C4000413D25642C20444956423D25640A00728A
:106C500074630052545F454F4B203D3D2072657375
:106C6000756C74005053434C523D30782578204465
:106C7000697641493D25642044697641463D256455
:106C800020423D25640052544320757365204C58C2
:106C9000542C20627574204C5854206973206E6FF8
:106CA000742072656164790A0052544320757365DB
:106CB000204C5854205254435F43523D253038589D
:106CC0000A00496E6974205254432C2077616B6529
:106CD000203D2025640A005B452F6472762E727475
:106CE000635D2000727463207265676973746572F6
:106CF0002065727220636F64653A202564005254E7
:106D00005F454F4B203D3D2072004E414E4420498F
:106D10004420307825780A004D616C6C6F63206EDA
:106D2000616E642063616368652062756666657282
:106D3000206661696C0A004D616C6C6F6320626251
:106D40006D206361636865206275666665722066A2
:106D500061696C0A006E616E646C6F636B004E6FEC
:106D60002076616C6964206E616E6420636F6E745E
:106D7000726F6C6C657220696E69740A004E6F7474
:106D800020737570706F72742063726F73732070EC
:106D900061676520726561642C206F666673657437
:106DA0002025642C2073697A652025640A004E41F1
:106DB0004E442052656164206572726F7220636F69
:106DC000646520307825782C20626C6B2025642C3B
:106DD00020706167652025642C206F66667365747A
:106DE0002025642C2073697A652025640A00427589
:106DF000666665722025700A004E414E4420502080
:106E00004641494C2C20206572726F7220636F647A
:106E1000652025640A004E414E44207772697465EE
:106E200020454343204641494C2C20206572726F17
:106E30007220636F64652025640A00426C6B2077C2
:106E40006974682061646472657373203078257892
:106E5000206973206261642C20646F206E6F74203F
:106E600065726173650A0072745F666C6173685F56
:106E7000636F6E6669675F726561642061646472E6
:106E80003A20307825782066696E642068616E64E7
:106E90006C65206572726F720A0072745F666C6155
:106EA00073685F636F6E6669675F72656164206DAA
:106EB000616C6C6F632030782578206661696C0A9C
:106EC0000072745F6E616E645F726561645F7061B1
:106ED0006765206C656E206572726F723A2030783B
:106EE000257820767320307825780A004E414E446C
:106EF00020666163746F7279206D616769632065D4
:106F000072726F7220307825782076732030782561
:106F1000780A004E414E442072656164206C656EB3
:106F2000206572726F722030782578207673203059
:106F30007825780A006E6F20666163746F7279201D
:106F4000646174612066696E640A00457874446DFA
:106F5000615F73656D6120213D204E554C4C00648E
:106F600072765F65446D610074785F696E73203C72
:106F70002048414C5F4155445052435F52585F4353
:106F800048300073697A65203C3D20686175647003
:106F900072632D3E627566547853697A6500666146
:106FA0006C7365002F64796E2F65715F646562751F
:106FB000672E62696E002F65712E62696E006275C0
:106FC000696C64696E20657120636F6E6669673AEB
:106FD0000D0A006C6F616420657120636F6E6669D5
:106FE000673A0D0A00675F6164635F766F6C756D69
:106FF000653D25640D0A00675F6D757369635F7396
:10700000746174653D25640D0A00675F766F69637E
:10701000655F73746174653D25640D0A00675F6D7B
:10702000757369635F6D61785F766F6C3D25640D84
:107030000A00675F6D757369635F6D61785F766F76
:107040006C5F6C6576656C3D25640D0A006D75732B
:107050006963206C6576656C2025643D25640D0AA6
:1070600000675F74656C5F6D61785F766F6C3D255E
:10707000640D0A00675F74656C5F6D61785F766FA1
:107080006C5F6C6576656C3D25640D0A00766F69F2
:107090006365206C6576656C2025643D25640D0A6A
:1070A00000617564707263005B492F6472762E61B3
:1070B00075647072635D20007461626C6520256484
:1070C000206D65657420726571756573740A005B67
:1070D000452F6472762E6175647072635D20004185
:1070E00055445052432044414320646573742069E1
:1070F0006E76616C69642025640A004155445052E3
:10710000432041444320736F7572636520696E7636
:10711000616C69642025640A006266305F61756491
:10712000696F5F73746F7020307825780A0061751D
:107130006470726320636C6F7365206164632F6495
:1071400061630061756470726320636C6F736520A6
:10715000646163006266305F617564696F5F737458
:107160006F70203078257820646F6E650A00617535
:107170006470726320636C6F736520616463006187
:107180007564707263206368616E6E656C5F7265B2
:10719000663D2564006664203E3D203000726574C3
:1071A000203D3D2073697A656F6628657162696E5E
:1071B0005F696E666F5F742900696E707574207008
:1071C000617261206E756D202564203C203300675C
:1071D0005F6D757369635F73746174653D256400E9
:1071E000675F766F6963655F73746174653D25647D
:1071F00000617267765B325D206C656E206572722D
:107200006F7200617267765B325D202564206E6F5D
:107210007420696E20302D390076616C75653A30C6
:1072200078253038782C3078253038782C3078250F
:107230003038782C3078253038782C307825303834
:107240007800617072635F64656275675F766F6C0A
:107250005F77207375636365737300617072635F3A
:1072600064656275675F766F6C2025640A006D75D2
:1072700073696320766F6C756D655B25645D3D2574
:107280006400617072635F64656275675F766572E2
:1072900073696F6E2025730A006761696E207368D9
:1072A0006F756C6420696E205B2D36302C20333076
:1072B0005D0A00617072635F7277206661696C00BD
:1072C000617072635F7277207375636365737300B7
:1072D000696E6974203030204144435F5041544806
:1072E0005F4346473020307825780A0048414C5F9C
:1072F0004155445052435F496E6974207265732052
:1073000025640A006765745F6D69635F766F6C75ED
:107310006D65203D20666163746F7279202D340D98
:107320000A006765745F6D69635F766F6C756D6584
:10733000203D20256464620D0A00686175647072E6
:10734000632D3E6275665B48414C5F415544505227
:10735000435F52585F4348305D00686175647072E6
:10736000632D3E6275665B48414C5F415544505207
:10737000435F54585F4348305D0070757473697A99
:1073800065203D3D20310073616D706C65726174E4
:1073900065203D2025642C2073656C656374206D29
:1073A000757369632065710A0073616D706C657235
:1073B000617465203D2025642C2073656C656374C1
:1073C00020766F6963652065710A0073616D706C6A
:1073D00065726174653A256420756E737570706F9F
:1073E00072742065710A002D2D2D2D2D7478206466
:1073F0006D612073697A65203D2025640073657492
:10740000206D6963206761696E20746F2025646454
:10741000620D0A004144435F504154485F43464770
:10742000303D307825780D0A004144435F434830B1
:107430005F4346473D307825780D0A006D6963202B
:107440006761696E3D256464620D0A0063616C6C5E
:10745000207061722043464731282578290D0A00A3
:1074600066632025642C207874616C2025642C20B0
:10747000706C6C2025640D0A00617564636F64652F
:1074800063005B492F6472762E617564636F646577
:10749000635D20006461632073657420766F6C7592
:1074A0006D653A207072633D256420636F64656387
:1074B0003D25640A00636F64656320646163206D29
:1074C000757465207365743A25640A006175646398
:1074D0006F64656320636C6F736520646163006132
:1074E0007564636F646563206368616E6E656C5F6D
:1074F0007265663D256400617564636F6465632031
:10750000636C6F7365206164630048414C5F415553
:1075100044434F4445435F496E697420726573204C
:1075200025640A0074785F696E73203C2048414CE2
:107530005F415544434F4445435F4144435F4348A3
:107540003000706C6C206C6F636B206661696C211D
:1075500020667265715F747970653A25640A0070FF
:107560006C6C206C6F636B2120667265715F74793F
:1075700070653A25640A00656E61626C6520706C06
:107580006C200A006E657720504C4C5F454E41429E
:107590004C452076636F3A25642C20667265715FD6
:1075A000747970653A25640A006164635F63666795
:1075B0002D3E73616D706C6572617465203D3D2078
:1075C0006461635F6366672D3E73616D706C6572A5
:1075D00061746500706C6C20636F6E666967207300
:1075E000746174653A25642C2073616D706C6572EA
:1075F0006174653A2564200A0052545F4E554C4C24
:1076000020213D206C636463004C43444320657239
:10761000726F7220636F646520257800556E6B6E03
:107620006F7720636D64202564006C63646C696708
:10763000687400705F6472766C6364006472765F75
:107640006C6364006472765F6C63642E6D71006CB1
:1076500063645F7461736B0052545F454F4B203D10
:107660003D20726574006C63645F64726177006CC6
:1076700063645F6D73670045786974206C6F777021
:107680006F776572206D6F64652065727220256466
:107690000030203D3D20705F6472766C63642D3E47
:1076A00073656D2E76616C756500456E746572202C
:1076B0006C6F77706F776572206D6F64652065728F
:1076C00072202564006C63645F72726567203C728F
:1076D00065675F616464723E203C7265675F6164E8
:1076E00064725F6C656E3E203C646174615F6C65C2
:1076F0006E3E007265675F6C656E2073686F756CB7
:107700006420626520317E34007265675F61646465
:10771000725B307825785D206F766572666C6F7766
:107720003F204D6178696D756D207265675F61649A
:1077300064725F6C656E20697320256420627974C1
:10774000652873292E006C63645F72726567256417
:10775000205B25785D2025642862797465290052B4
:10776000545F454F4B203D3D2072745F657272003F
:107770005350492F44424920725F667265713D251E
:107780006400726573756C743D253038780A004565
:1077900052524F523D25640A005B492F4442475DD7
:1077A00020006761702025303264206D732C2073B7
:1077B00065745F77696E646F7720783078317930DF
:1077C00079315B25642C25642C25642C25645D00AF
:1077D000286E65775F7830203C3D206E65775F7856
:1077E000312920262620286E65775F7930203C3DA0
:1077F000206E65775F79312900286E65775F783173
:10780000202D206E65775F7830202B203129203C99
:107810003D206472765F6C63642E705F6472765F85
:107820006F70732D3E6C63645F686F72697A6F6E00
:10783000616C5F72657300286E65775F7931202D0A
:10784000206E65775F7930202B203129203C3D2048
:107850006472765F6C63642E705F6472765F6F70C3
:10786000732D3E6C63645F766572746963616C5FEF
:1078700072657300526F74617465202564206465BD
:1078800067726565004572726F722C20436C65618A
:107890007220705F6472765F6F70732025782C2081
:1078A00073656D5F763D2564006972715F656E3D3D
:1078B0002578004C434443315F6972715F656E3DCA
:1078C00025782C206163746976653D25782C2070BD
:1078D000656E64696E673D257800686C636463203B
:1078E000657272636F64653D25782C206C6F636BE5
:1078F0003D25782C2073746174653D2578004C43D8
:107900004443205354415455533D25782C54453D10
:1079100025780048414C2064626720636E742025FE
:10792000782C2025782C202578004452562064623B
:107930006720636E742025782C2025782C202578EC
:10794000004C4344432043414E56415320544C3D48
:1079500025782C42523D25782C53455454494E47A6
:107960003D25782C4952513D2578004C4344432015
:107970004C4159455230204346473D25782C544CC4
:107980003D25782C42523D25782C5352433D257895
:107990002C4445433D2578004C434443204C4159F9
:1079A000455231204346473D25782C544C3D25789F
:1079B0002C42523D25782C5352433D257800536587
:1079C0006E644C6179657244617461204572726FB6
:1079D00072006261636B6C6967745F736574202504
:1079E00064250070776D5F636F6E666967206368FA
:1079F0003D25642C7065726F69643D25642C70753B
:107A00006C73653D2564006261636B6C6967745FCC
:107A100067657420256425006C63645F7772656711
:107A2000203C7265675F616464723E203C726567EA
:107A30005F616464725F6C656E3E205B646174615B
:107A4000305D205B64617461315D202E2E2E205BE1
:107A500064617461335D006C63645F777265672590
:107A600064207265675B25785D20256428627974DF
:107A7000652900446F6E652E0A0073656E64206D83
:107A800073675B25645D20746F206C63642065728E
:107A9000723A25642C202564206D7367732E005B79
:107AA00025645D2069643A25642C7469636B3A250A
:107AB000642C6472763A257800476574206572728A
:107AC0006F722025640048414C5F4F4B203D3D20A4
:107AD0006572720048414C5F4C4344435F535441CC
:107AE00054455F4255535920213D206472765F6CA6
:107AF00063642E686C6364632E53746174650073F1
:107B00006574206272696768746E6573732025649A
:107B100000485720636C6F736500485720636C6F93
:107B2000736520646F6E652E004857206F70656E18
:107B3000005B572F4442475D20004E6F204C43446A
:107B40002064726976657220726567697374657204
:107B50006564210054727920726567697374657277
:107B60006564204C4344206472697665722E2E2E23
:107B70000046726F6365204C4344206D69737369DE
:107B80006E672100466F756E64206C6364202573F8
:107B90002069643A25786800547279206C63642007
:107BA00025732C20726561642069643A2578682CFD
:107BB000206578706563743A25786800756E6B6E21
:107BC0006F77206C63642100496E6974204C4344D4
:107BD000202573004857206F70656E20646F6E65B6
:107BE0002E00556E6B6E6F77006472765F6C636407
:107BF0002E73746174757320213D204C43445F5390
:107C000054415455535F444953504C41595F544972
:107C10004D454F5554005B25735D202D3E205B255F
:107C2000735D006C63645F6374726C205B4F5054CF
:107C3000494F4E5D205B56414C55455D0A00202062
:107C400020204F5054494F4E3A6F6E2C6F66662C71
:107C500062720A006C636420646576696365206EF5
:107C60006F7420666F756E640A006F66665F6F6E74
:107C700000276C63646C69676874272064657669A3
:107C80006365206272696768746E657373206C65E2
:107C900076656C3D2564005265616420276C6364E1
:107CA0006C69676874272064657669636520627211
:107CB000696768746E657373206C6576656C2066A1
:107CC00061696C004E6F20276C63646C696768742F
:107CD000272064657669636520666F756E642E0083
:107CE0006472765F6C6364207265636F7264206295
:107CF00072696768746E657373206C6576656C3D38
:107D0000256400726F74617465006C63645F6374F2
:107D1000726C20726F74617465203138300A006CA7
:107D20006F67006C6F672025640A006672657100DA
:107D3000667265712025640A0074653D2025640A19
:107D400000617373657274006173736572743D20B2
:107D500025640A00667073006670735F6C6F673D20
:107D60002025640A006E6F5F6472617700736B692F
:107D7000705F647261775F636F72653D2025640A8E
:107D800000646973706C6179206F66660064697362
:107D9000706C6179206F6E00706978656C7320215A
:107DA0003D204E554C4C00287830203C3D20783109
:107DB0002920262620287930203C3D2079312900B1
:107DC00030203D3D20705F6472766C63642D3E64AC
:107DD0007261775F6C6F636B00455344206572720C
:107DE0006F7220256400647261775F636F72652033
:107DF0006275663D257820646F6E652C20636F7315
:107E0000743D25642872745F7469636B7329004143
:107E100075746F207475726E206F6E206469737054
:107E20006C61792E00647261775F636F7265207494
:107E3000696D656F75740052545F454F4B203D3D31
:107E40002065727232006C63645F74696D656F7572
:107E5000745F6572726F722025732C202564004355
:107E60006C65617220705F6472765F6F7073007012
:107E70005F6472766C63642D3E705F6472765F6FD0
:107E8000707320213D204E554C4C00705F6472761B
:107E90006C63642D3E705F6472765F6F70732D3E0D
:107EA000705F6F70732D3E54696D656F75745265A8
:107EB00073657420213D204E554C4C0064726177EF
:107EC0005F636F72652074696D656F75742072658C
:107ED000736574204C434420535441525428256404
:107EE0002900647261775F636F72652074696D65E4
:107EF0006F7574207265736574204C43442020456F
:107F00004E44006670733D25642C666C7573685F23
:107F100074696D655B25647E25645D2C6572725F96
:107F2000636E743D256400436C6F7365204C43445D
:107F300020746F207361766520706F7765720050D2
:107F40006F776572206F6E00506F776572206F6E6D
:107F500020646F6E652E00506F776572206F6666C5
:107F600000506F776572206F666620646F6E6500E3
:107F700069646C65206D6F6465206F6E3D256400DB
:107F8000536574206C63642070726573656E742031
:107F9000256400536574206173736572745F74693E
:107FA0006D656F7574202564002149535F4C43440F
:107FB000435F4F46462829004261636B67726F75C5
:107FC0006E6425642C25642C256400696E666F2D13
:107FD0003E647261775F616C69676E203E2030009D
:107FE0006172677320213D204E554C4C004F504527
:107FF0004E494E47004E4F545F46494E4400494E4D
:10800000495449414C495A4544004F46465F504502
:108010004E44494E47004F46460049444C454D4F5B
:108020004445006472765F6C63645F7465737420AA
:108030003C6C6F6F705F636E743E203C746573744C
:108040005F67726F75703E006C636473656D004CA2
:10805000636420696E666F20773A25642C2068255A
:10806000642C20626974735F7065725F70697865F3
:108070006C2025640D0A006C6364745F61006C639E
:1080800064745F62006C6364745F63006C63647447
:108090005F64006C6364745F65006C6364745F6646
:1080A000006C6364745F67006C6364745F680043B2
:1080B000616E27742066696E64206C636400412ED3
:1080C000506C7567206F7574204C43442E20747972
:1080D0007065282564292E0052545F454F4B203D82
:1080E0003D2072745F6465766963655F6F70656E6D
:1080F000286C63645F6465766963652C2052545F05
:108100004445564943455F4F464C41475F524457AB
:10811000522900422E2045786563757465204C43D2
:108120004420617420706C7567206F7574207374BF
:108130006174652E20747970652825642900432EAA
:1081400020506C756720696E204C43442E20747952
:1081500070652825642900442E20526573756D656D
:108160002062792064657669636520636C6F73654E
:10817000266F70656E00442E20526573756D652004
:10818000627920504F574552204F4646264F4E00A9
:10819000452E2044726177204C4344206174207046
:1081A0006C756720696E20737461746528747970CA
:1081B0006525642C206D6574686F64202564292E04
:1081C00000746F756368001B5B33316D5B452F5422
:1081D0004F5543485D2000746F7563685F696E6931
:1081E00074206661696C65642C206572723D25643B
:1081F0000A001B5B306D0A0074705F6F6E00696E61
:1082000069745F7461736B20213D204E554C4C00A6
:1082100074705F6F6666001B5B33326D5B492F5471
:108220004F5543485D2000526F746174655F656E01
:108230003D25642C205B783079303A25642C256408
:108240002C20783179313A25642C25645D00746FD7
:1082500075636820627566666572206F75745B254C
:10826000645D5B25642C2025642025645D0A001B69
:108270005B33336D5B572F544F5543485D2000747B
:108280006F75636820627566666572206F766572C9
:1082900077726974655B25642C2025642025645DF4
:1082A0002077697468205B25642C20256420256470
:1082B0005D0A00746F75636820627566666572207A
:1082C000696E5B25645D5B25642C20256420256434
:1082D0005D0A0074706C636B006D6F72655F646142
:1082E00074615F6C6F636B20213D204E554C4C00D8
:1082F00074705F6374726C006170695F6C6F636B44
:1083000020213D204E554C4C007470726561640014
:108310007470206472697665723D25702C75737275
:108320005F646174613D2570006C617374207265D7
:10833000636F7264206576656E743D25642C783AAF
:1083400025642C793A25645D0074705F6374726CE7
:10835000205B4F5054494F4E5D205B56414C554574
:108360005D0A0A004578616D706C653A0A0020204C
:10837000202074705F6374726C206F6E2020202048
:1083800020202D20506F776572206F6E2074700A48
:10839000002020202074705F6374726C206F66660A
:1083A00020202020202D20506F776572206F666678
:1083B0002074700A002020202074705F6374726C37
:1083C000206C6F6720202020202D20546F67676C61
:1083D00065206C6F670A002020202074705F637432
:1083E000726C20636C69636B203C783E203C793E64
:1083F00020202D20436C69636B20617420737065AD
:1084000063696669656420636F6F7264696E617425
:108410006573203C783E203C793E0A0020202020D5
:1084200074705F6374726C20736C696465203C784F
:10843000313E203C79313E203C78323E203C79323E
:108440003E20202D20536C6964652066726F6D207C
:108450003C78313E203C79313E20746F203C7832AC
:108460003E203C79323E0A004E6F20746F7563687F
:108470002070616E656C20666F756E6421200A0045
:10848000656E61626C655F74705F6275665F6C6F6C
:10849000673D256400636C69636B00546F6F206CEB
:1084A00065737320706172616D2C20652E673A20B0
:1084B00074705F6374726C20636C69636B203C78CA
:1084C0003E203C793E00436C69636B6564206174B7
:1084D0002025642C256400736C69646500546F6FFB
:1084E000206C65737320706172616D2C20652E673E
:1084F0003A2074705F6374726C20736C69646520D9
:108500003C78313E203C79313E203C78323E203C64
:1085100079323E00536C6964652066726F6D652028
:1085200025642C2564202D2D3E202025642C2564D7
:108530000046696E6420746F7563682073637265AA
:10854000656E206472697665722E2E2E0050726FF1
:108550006265202578006E6F20746F7563682073E4
:10856000637265656E206F7220646F206E6F742079
:1085700068617665206472697665720063757272EF
:10858000656E745F6472697665722D3E6973725FA1
:1085900073656D00746F7563682073637265656ED3
:1085A00020666F756E64206472697665722020257E
:1085B000702C2025730063757272656E745F64722F
:1085C000697665722D3E6F70732D3E696E69740019
:1085D000506F77657220757000506F7765722075E7
:1085E0007020646F6E652E00436C6F736500436C82
:1085F0006F7365642E004F70656E004F70656E6519
:10860000642E0074705F696E69740074705F696EC7
:1086100069745F6C6F636B20213D204E554C4C009C
:1086200074705F696E6974206572726F7200526552
:108630006769737420746F7563682073637265650E
:108640006E206472697665722C2070726F62653D6F
:1086500025702000506F776572206F666620646F0A
:108660006E652E00616E676C653D25642C736361D9
:108670006C655F78793D25642C25642C20706976C3
:108680006F745F78793D25642C25642C206D6972A8
:10869000726F725F68763D25642C25640025732017
:1086A00063663D307825782C646174613D307825AF
:1086B000782C746F74616C5F773D25642C617265F2
:1086C000615B783079302825642C2564292C783139
:1086D00079312825642C2564295D20667261635BED
:1086E00025782C25785D00636F6C6F725F656E3D39
:1086F00025642C207267625B25782C25782C2578E0
:108700005D2C2061783D25642C204C385F746162BB
:108710003D307825782C20646174615F73697A65D7
:108720003D3078257800616C7068613D2564200DCE
:108730000A0030203D3D20657069635F73656D619F
:108740002E76616C75650065706963006472765F92
:10875000657069635F636667205B4F5054494F4E95
:108760005D205B56414C55455D0020205B4F5054C9
:10877000494F4E5D3A004C696E652025642C20639C
:108780006F7374202564206D730D0A007072696E1A
:10879000745F6770755F6572726F725F696E666F26
:1087A000006570696320213D204E554C4C0045709A
:1087B0006963206E6F742072656164792025642C72
:1087C0002048572062757379203D25642C2045721E
:1087D000726F72436F646520256400564C205352BB
:1087E000432025782C2078307930783179315B2519
:1087F000642C25642C25642C25645D004C256420A4
:108800005352432025782C207830793078317931D3
:108810005B25642C25642C25642C25645D004C327A
:10882000205352432025782C2078307930783179C4
:10883000315B25642C25642C25642C25645D002582
:108840006420697320457A697028303A564C20318B
:108850003A4C3020323A4C3120333A4C32290045E0
:108860007069632069732072656164790068657A54
:10887000697020213D204E554C4C00457A6970208E
:108880006E6F742072656164792025642C204857CE
:1088900020627573793D25782C204572726F724382
:1088A0006F64652025786800457A697020697320B7
:1088B000726561647900657069635F6F705F686994
:1088C00073746F7279206375723D256400686973F3
:1088D000745B25645D00455049435F4F505F524FC4
:1088E000544154494F4E202020616C7068613D25F1
:1088F0006400666700626700647374004550494312
:108900005F4F505F424C454E44494E472020206106
:108910006C7068613D256400455049435F4F505F6E
:1089200046494C4C494E470063663D307825782CCB
:10893000646174613D307825782C746F74616C5F6C
:10894000773D25642C77683D25642C25642C617265
:1089500067625B25782C25782C25782C25785D009E
:10896000455049435F4F505F46696C6C4772616484
:108970000063663D307825782C646174613D307801
:1089800025782C746F74616C5F773D25642C776853
:108990003D25642C256400455049435F4F505F429C
:1089A0004C454E44494E475F45582020206C617924
:1089B00065725F6E756D3D2564006F7574707574BA
:1089C00000455049435F4F505F434F505900737209
:1089D0006300455049435F4F505F5452414E5346E8
:1089E0004F524D2020206C617965725F6E756D3D30
:1089F000256400686F725F706174683D2570207631
:108A000065725F706174683D257020757365725F73
:108A1000646174613D257000455049435F4F505F6C
:108A2000434F4E545F424C454E44494E4700457AB1
:108A30006970206E6F74206F70656E00457A697082
:108A4000207372633D25782C206172656120783037
:108A50007930783179315B25642C25642C25642CA0
:108A600025645D00747970652025642028317E348A
:108A70003A657A69702C20353A61657A69702920E7
:108A800077696474683A25642C206865696768743E
:108A90003A256400646174612073697A653D2578C4
:108AA00000657A69705F6275665F66756C6C3D25FE
:108AB0006400457A69702063757220783A25642CC9
:108AC00020793A256400454F46204952513D25788A
:108AD0002C204D41534B3D25780045706963206E35
:108AE0006F74206F70656E00233000776169745F6A
:108AF0006770755F646F6E652074696D656F7574FE
:108B0000282D32293F206572723D256400647276FB
:108B10005F677075206F70656E65642E0031203D53
:108B20003D206472765F657069635F696E69746524
:108B30006400657069632D3E537461746520213D46
:108B40002048414C5F455049435F53544154455F71
:108B50004255535900657069632D3E68657A6970A6
:108B60002D3E537461746520213D2048414C5F4582
:108B70005A49505F53544154455F4255535900641C
:108B800072765F67707520636C6F7365642E006129
:108B900065735F73656D6120213D204E554C4C001F
:108BA0006165735F64727600636C6B5F7365747488
:108BB000696E670048414C20617373657274696F18
:108BC0006E206661696C656420696E2066696C65FB
:108BD0003A25732C206C696E65206E756D62657226
:108BE0003A2564200A002F55736572732F776F6ED4
:108BF0006465727875652F4465736B746F702F535D
:108C0000444B732F5369466C692F72746F732F72C4
:108C1000747468726561642F6273702F7369666C17
:108C2000692F647269766572732F6472765F636F01
:108C30006D6D6F6E2E630053657269616C3A2578B5
:108C40002C436869703A25782C5061636B616765C5
:108C50003A25782C5265763A257820205265617342
:108C60006F6E3A253038780D0A005B452F647276B6
:108C70005D200055736167653A207265676F7020EB
:108C800072656164203C616464726573733E203C6C
:108C90006C656E20696E20776F72642833322D62A6
:108CA0006974293E0A0055736167653A20726567E9
:108CB0006F70207772697465203C616464726573BB
:108CC000733E203C6461746120696E206269672D87
:108CD000656E6469616E3E0A0055736167653A208E
:108CE0007265676F70207772697465346C203C61BF
:108CF0006464726573733E203C6461746120696EC4
:108D0000206C6974746C652D656E6469616E2C20CD
:108D10006D617820342062797465733E0A00617059
:108D2000705F73657474696E675F646C76705F738F
:108D300065745F6A6C696E6B5F756172745F73777F
:108D40006974636828504131383D25782C50413191
:108D5000393D257829200D0A00537769746368200E
:108D6000746F204A6C696E6B200D0A00736567672B
:108D700065720053776974636820746F20444247BA
:108D80002055415254200D0A0030303030004C6FD5
:108D9000636B6564210D0A00253038582000777216
:108DA000697465346C006465627567005369666C4C
:108DB0006900756E6C6F636B00556E6C6F636B2131
:108DC0000D0A007365745F70777200626C65627281
:108DD0000065647200736574207478707772202562
:108DE000642C20737461742025640D0A006172671D
:108DF0002070617261206E756D206572726F720AEB
:108E000000616E616C6F672050412038313535202C
:108E1000776F726B206D6F64653D25640A00616E2B
:108E2000616C6F67205041206D6F646520657272C0
:108E30006F72200A000A434F353330305F5265614C
:108E40006449442030782578200A005B492F636FFD
:108E5000353330305D20004C4344206D6F64756CB9
:108E6000652075736520434F3533303020494320EA
:108E70000A00434F353330305F5265616450697882
:108E8000656C5B25642C25645D0A00726573756CE6
:108E9000743A205B25785D0A00723D25642C2067BA
:108EA0003D25642C20623D2564200A00667436311D
:108EB0003436005B452F6472762E66743631343654
:108EC0005D20006674363134362069645F483D2584
:108ED00078006674363134362069645F4C3D2578FD
:108EE000006674363134365F636865636B006674A0
:108EF000363134365F636865636B5F74696D6572C4
:108F00005F68616E646C650048656C6C6F20776F9C
:108F1000726C64210A006D61696E007469642021BD
:108F20003D2052545F4E554C4C0072745F6F626A24
:108F30006563745F6765745F74797065282664651E
:108F4000762D3E706172656E7429203D3D2052542D
:108F50005F4F626A6563745F436C6173735F4465FE
:108F6000766963650072745F6F626A6563745F69D6
:108F7000735F73797374656D6F626A6563742826B5
:108F80006465762D3E706172656E742900696E6647
:108F90006F726D6174696F6E20213D2052545F4E77
:108FA000554C4C00546F20696E697469616C697A24
:108FB00065206465766963653A2573206661696C2E
:108FC00065642E20546865206572726F7220636F2D
:108FD00064652069732025640A006465762D3E72FD
:108FE00065665F636F756E7420213D2030004675A5
:108FF0006E6374696F6E5B25735D207368616C6C62
:10900000206E6F74206265207573656420696E2020
:109010004953520A007469646C650073656D2021C0
:109020003D2052545F4E554C4C0076616C75652066
:109030003C2030783130303030550072745F6F62D0
:109040006A6563745F6765745F74797065282673F9
:10905000656D2D3E706172656E742E706172656E05
:109060007429203D3D2052545F4F626A6563745FEE
:10907000436C6173735F53656D6170686F726500F7
:1090800072745F6F626A6563745F69735F7379732B
:1090900074656D6F626A656374282673656D2D3E15
:1090A000706172656E742E706172656E74290072E3
:1090B000745F6F626A6563745F69735F73797374F9
:1090C000656D6F626A656374282673656D2D3E70E9
:1090D0006172656E742E706172656E7429203D3DFB
:1090E0002052545F46414C53450046756E63746987
:1090F0006F6E5B25735D207368616C6C206E6F749E
:109100002062652075736564206265666F726520F4
:109110007363686564756C65722073746172740A38
:109120000046756E6374696F6E5B25735D207368AE
:10913000616C6C206E6F74206265207573656420AD
:10914000696E20437269746963616C0A0046756ECA
:109150006374696F6E5B25735D207368616C6C204E
:109160006E6F742062652075736564207768696C22
:109170006520696E746572727570742069732064FD
:10918000697361626C65640A006D7574657820218D
:109190003D2052545F4E554C4C0072745F6F626AB2
:1091A0006563745F6765745F7479706528266D7593
:1091B0007465782D3E706172656E742E7061726593
:1091C0006E7429203D3D2052545F4F626A6563747E
:1091D0005F436C6173735F4D757465780072745F83
:1091E0006F626A6563745F69735F73797374656DC9
:1091F0006F626A65637428266D757465782D3E709C
:109200006172656E742E706172656E7429006D7185
:1092100020213D2052545F4E554C4C0072745F6FBC
:10922000626A6563745F6765745F74797065282628
:109230006D712D3E706172656E742E706172656E17
:109240007429203D3D2052545F4F626A6563745F0C
:10925000436C6173735F4D657373616765517565C9
:1092600075650072745F6F626A6563745F69735FCE
:1092700073797374656D6F626A65637428266D71A6
:109280002D3E706172656E742E706172656E742908
:109290000072745F6F626A6563745F69735F73798C
:1092A0007374656D6F626A65637428266D712D3EF7
:1092B000706172656E742E706172656E7429203DE6
:1092C0003D2052545F46414C53450073697A6520F6
:1092D000213D2030007468726561642D3E657272B4
:1092E0006F72203D3D2052545F454F4B0072745FBA
:1092F000696E746572727570745F6E657374203E0A
:10930000203000284E554C4C29000A205C207C203F
:109310002F0A002D205369466C6920436F72706FCD
:10932000726174696F6E0A004A616E2031362032B4
:1093300030323600202F207C205C2020202020622C
:1093400075696C64206F6E2025732C2025642E2592
:10935000642E2564206275696C642025730A0034CC
:1093600033383137353430002032303230202D2040
:109370003230323220436F707972696768742062CC
:1093800079205369466C69207465616D0A005468E0
:109390007265616420496E666F20202020202020A5
:1093A000200A004D61696C626F7820496E666F20FB
:1093B0002020202020200A004D65737361676551CD
:1093C0007565756520496E666F20200A004D7574BD
:1093D000657820496E666F202020202020202020E4
:1093E0000A0053656D6170686F726520496E666F23
:1093F00020202020200A004D656D6F727920496E73
:10940000666F20202020200A004173736572746902
:109410006F6E206661696C65642061742066756E8C
:109420006374696F6E3A25732C206C696E65206ECB
:10943000756D6265723A2564202C282573290A000F
:1094400050726576696F75732049535220656E615D
:10945000626C652025780A00746F74616C206D65FC
:109460006D6F72793A202564200075736564206DF4
:10947000656D6F7279203A20256420006D617869EE
:109480006D756D20616C6C6F6361746564206D65D2
:109490006D6F72793A2025640A002872745F7569CD
:1094A0006E74385F74202A296D656D203E3D2068FA
:1094B0006561705F707472002872745F75696E7494
:1094C000385F74202A296D656D203C202872745FF6
:1094D00075696E74385F74202A29686561705F65EC
:1094E0006E64006D656D2D3E75736564203D3D2095
:1094F000300068656170006D656D20696E69742C5F
:10950000206572726F7220626567696E20616464A3
:109510007265737320307825782C20616E64206525
:109520006E64206164647265737320307825780AF4
:10953000002872745F75696E7433325F74296D65CB
:109540006D202B2053495A454F465F535452554383
:10955000545F4D454D202B2073697A65203C3D209A
:109560002872745F75696E7433325F74296865613F
:10957000705F656E64002872745F75696E74333253
:109580005F7429282872745F75696E74385F74205F
:109590002A296D656D202B2053495A454F465F534C
:1095A00054525543545F4D454D2920252052545F58
:1095B000414C49474E5F53495A45203D3D203000BC
:1095C00028282872745F75696E7433325F74296D50
:1095D000656D292026202852545F414C49474E5F33
:1095E00053495A45202D20312929203D3D20300066
:1095F00028282872745F75696E7433325F7429721B
:109600006D656D292026202852545F414C49474EF4
:109610005F53495A45202D20312929203D3D2030D6
:10962000002872745F75696E74385F74202A29721D
:109630006D656D203E3D202872745F75696E7438CB
:109640005F74202A29686561705F70747220262615
:10965000202872745F75696E74385F74202A2972CD
:109660006D656D203C202872745F75696E74385F7B
:1096700074202A29686561705F656E6400746F20CC
:109680006672656520612062616420646174612096
:10969000626C6F636B3A0A006D656D3A2030782515
:1096A0003038782C207573656420666C61673A20C9
:1096B00025642C206D6167696320636F64653A20BF
:1096C0003078253034780A006D656D2D3E757365F0
:1096D00064006D656D2D3E6D61676963203D3D20C1
:1096E000484541505F4D4147494300484541505F1F
:1096F0004D41474943203D3D2028287374727563CE
:109700007420686561705F6D656D202A2926686523
:1097100061705F7074725B6D656D2D3E6E657874FF
:109720005D292D3E6D61676963006F626A20213D8E
:10973000206F626A656374006F626A6563742021DA
:109740003D2052545F4E554C4C0021286F626A6593
:1097500063742D3E7479706520262052545F4F62E9
:109760006A6563745F436C6173735F53746174699A
:1097700063290074687265616420213D2052545F42
:109780004E554C4C007468726561643A25732073C1
:109790007461636B206F766572666C6F770A007711
:1097A00061726E696E673A20257320737461636B12
:1097B00020697320636C6F736520746F2074686513
:1097C00020626F74746F6D206F6620737461636BB9
:1097D00020616464726573732E0A00287468726570
:1097E00061642D3E7374617420262052545F544886
:1097F000524541445F535441545F4D41534B2920DE
:109800003D3D2052545F5448524541445F535553A7
:1098100050454E440072745F6F626A6563745F679F
:1098200065745F74797065282872745F6F626A6509
:1098300063745F742974687265616429203D3D20FA
:1098400052545F4F626A6563745F436C6173735F08
:109850005468726561640072745F6F626A656374F4
:109860005F69735F73797374656D6F626A65637442
:10987000282872745F6F626A6563745F7429746804
:109880007265616429203D3D2052545F46414C532E
:10989000450074687265616420213D202669646C0E
:1098A0006500287468726561642D3E73746174206C
:1098B000262052545F5448524541445F535441540A
:1098C0005F4D41534B29203D3D2052545F54485237
:1098D0004541445F494E4954007072696F72697422
:1098E00079203C2052545F5448524541445F5052C5
:1098F000494F524954595F4D415800737461636B2D
:109900005F737461727420213D2052545F4E554C38
:109910004C0072745F6F626A6563745F6765745F41
:1099200074797065282674696D65722D3E70617258
:10993000656E7429203D3D2052545F4F626A656315
:10994000745F436C6173735F54696D657200727408
:109950005F6F626A6563745F69735F73797374655F
:109960006D6F626A656374282674696D65722D3E39
:10997000706172656E74290072745F6F626A6563EC
:10998000745F69735F73797374656D6F626A656321
:1099900074282674696D65722D3E706172656E74EF
:1099A00029203D3D2052545F46414C534500746987
:1099B0006D65722D3E696E69745F7469636B203CDE
:1099C0002052545F5449434B5F4D4158202F203261
:1099D0000074696D6572006D656D206D616E616703
:1099E00065206661756C743A0A005343425F4346D2
:1099F00053525F4D4653523A30782530325820004A
:109A00004941434356494F4C200044414343564942
:109A10004F4C20004D554E53544B45525220004D53
:109A200053544B45525220005343422D3E4D4D411D
:109A3000523A253038580A002073703A2030782581
:109A40003038780A007073723A20307825303878D0
:109A50000A007230303A203078253038780A0072A7
:109A600030313A203078253038780A007230323A76
:109A7000203078253038780A007230333A20307838
:109A8000253038780A007230343A20307825303862
:109A9000780A007230353A203078253038780A005C
:109AA0007230363A203078253038780A00723037F4
:109AB0003A203078253038780A007230383A203031
:109AC00078253038780A007230393A2030782530DD
:109AD00038780A007231303A203078253038780AE8
:109AE000007231313A203078253038780A007231EE
:109AF000323A203078253038780A00206C723A20CB
:109B00003078253038780A002070633A2030782584
:109B10003038780A0068617264206661756C742060
:109B20006F6E207468726561643A2025730D0A0DAA
:109B30000A0068617264206661756C74206F6E2023
:109B400068616E646C65720D0A0D0A003D3D3D3D15
:109B50003D3D3D3D3D3D3D3D3D3D3D3D3D3D3D3D35
:109B60003D0A005053503A20307825702C204D5338
:109B7000503A20307825700A0046505520616374B1
:109B8000697665210D0A006661696C6564207665F9
:109B900063746F722066657463680A00627573206F
:109BA0006661756C743A0A005343425F43465352F0
:109BB0005F424653523A30782530325820004942AD
:109BC00055534552522000494D5052454349534543
:109BD000525220005343422D3E424641523A2530D4
:109BE00038580A007573616765206661756C743A50
:109BF0000A005343425F434653525F554653523A1D
:109C00003078253032582000554E444546494E5351
:109C100054522000494E5653544154452000494E59
:109C200056504320004E4F4350200053544B4F4654
:109C30002000554E414C49474E454420004449566A
:109C400042595A45524F2000646562756720657617
:109C5000656E740A00666174616C206572726F7261
:109C6000206F6E207468726561643A2025730A0063
:109C7000666174616C206572726F72206F6E20492C
:109C800053520A00504154483D2F62696E00484FBC
:109C90004D453D2F686F6D6500722B007762007235
:109CA00062002F6465762F257300746872656164A5
:109CB0003A252D382E2A732061626F7274210A00B2
:109CC0006463642D3E6F707320213D2052545F4EBB
:109CD000554C4C006463642D3E6F70732D3E65706F
:109CE0005F777269746520213D2052545F4E554C58
:109CF0004C006463642D3E6F70732D3E65705F731E
:109D000065745F7374616C6C20213D2052545F4E0A
:109D1000554C4C006463642D3E6F70732D3E65702E
:109D20005F636C6561725F7374616C6C20213D20B0
:109D300052545F4E554C4C006463642D3E6F7073FB
:109D40002D3E6570305F73656E645F73746174750A
:109D50007320213D2052545F4E554C4C0064636487
:109D60002D3E6F70732D3E65705F64697361626C28
:109D70006520213D2052545F4E554C4C0064636475
:109D80002D3E6F70732D3E65705F656E61626C6510
:109D900020213D2052545F4E554C4C00616C6C6F3D
:109DA00063206D656D657279206661696C65640A12
:109DB0000075737472696E6720213D2052545F4EA6
:109DC000554C4C006F735F636F6D705F69645F64C7
:109DD00065736320213D2052545F4E554C4C0071F9
:109DE00075616C696669657220213D2052545F4E31
:109DF000554C4C006465765F6465736320213D209B
:109E000052545F4E554C4C00646573635F73697ABE
:109E100065203E203000616C6C6F63206465736365
:109E2000206D656D657279206661696C65640A00F4
:109E300073657474696E6720213D2052545F4E55DE
:109E40004C4C0073657474696E672D3E6465736372
:109E500020213D2052545F4E554C4C0063616E27CB
:109E6000742066696E64206465766963650A0076AD
:109E7000616C7565203C3D206465766963652D3EA7
:109E80006465765F646573632E624E756D436F6EB5
:109E900066696775726174696F6E730063616E27BE
:109EA000742066696E6420636F6E6669677572619F
:109EB00074696F6E2025640A0076616C7565203CBC
:109EC000206465766963652D3E6E725F696E7466A7
:109ED0000063616E27742066696E6420696E746524
:109EE00072666163652025640A00696E74662021CC
:109EF0003D2052545F4E554C4C0063616E277420D8
:109F000066696E6420616C7465726E61746520733D
:109F1000657474696E672025640A0063616E277436
:109F20002066696E6420656E64706F696E7420309F
:109F30007825780A006465766963652D3E646364FC
:109F400020213D2052545F4E554C4C00646576698B
:109F500063652D3E6463642D3E65705F706F6F6C4A
:109F600020213D2052545F4E554C4C00656E64706C
:109F70006F696E742061737369676E206572726FAA
:109F8000720A0066756E6320213D2052545F4E5563
:109F90004C4C006F735F66756E635F636F6D705FCF
:109FA00069645F6465736320213D2052545F4E55A0
:109FB0004C4C006463642D3E6F70732D3E7365746A
:109FC0005F636F6E66696720213D2052545F4E5576
:109FD0004C4C0072657120213D2052545F4E554C0F
:109FE0004C00756E6B6E6F776E2072657175657360
:109FF0007420747970650A006463642D3E6F707319
:10A000002D3E746573745F6D6F646520213D205231
:10A01000545F4E554C4C0028746573745F6D6F64CB
:10A02000652026203078666629203D3D203000736B
:10A030006574757020213D2052545F4E554C4C0084
:10A04000696E76616C6964207573622064657669F7
:10A0500063650A00696E76616C696420656E647080
:10A060006F696E740A006463642D3E6F70732D3ED9
:10A070007365745F6164647265737320213D20525F
:10A08000545F4E554C4C00756E6B6E6F776E20733F
:10A090007472696E6720696E6465780A00756E7304
:10A0A0007570706F72746564206465736372697033
:10A0B000746F7220726571756573740A00726571D0
:10A0C0007565737420646972656374696F6E206569
:10A0D00072726F720A006465766963652D3E6375FE
:10A0E00072725F63666720213D2052545F4E554C6B
:10A0F0004C00756E6B6E6F776E2064657669636574
:10A1000020726571756573740A00756E6B6E6F777A
:10A110006E20696E74657266616365207265717523
:10A120006573740A00756E6B6E6F776E20656E6472
:10A13000706F696E7420726571756573740A00754D
:10A140006E6B6E6F776E206F7468657220747970B5
:10A150006520726571756573740A00756E6B6E6F3C
:10A16000776E207479706520726571756573740AF5
:10A1700000756E6B776F776E20696E7465726661BD
:10A18000636520726571756573740A00756E6B6E18
:10A190006F776E2066756E6374696F6E207265717D
:10A1A0007565737420747970650A007573625F63F6
:10A1B0006F6D705F69645F6465736320213D205239
:10A1C000545F4E554C4C00756E6B6E6F776E2073FE
:10A1D000657475702072657175657374207479701B
:10A1E000650A00756E6B6E6F776E206D73672074F5
:10A1F0007970652025640A006D736720213D205227
:10A20000545F4E554C4C00726561642073657475E3
:10A2100070207061636B6574206572726F720A00E2
:10A220005B442F555342445D204E6F20636C617335
:10A2300073207265676973746572206F6E20757321
:10A2400062206465766963650A0063616E27742025
:10A2500066696E6420757362206465766963652043
:10A26000636F6E74726F6C6C65722025730A004C9C
:10A27000616E67756167650052542D54687265613F
:10A2800064205465616D2E0052545420436F6D70EC
:10A290006F73697465204465766963650033323095
:10A2A00032313931393833303100436F6E66696786
:10A2B00075726174696F6E004D5346543130304190
:10A2C0000066756E632D3E64657669636520213D89
:10A2D0002052545F4E554C4C0068696464006869B4
:10A2E00064646D71000A484944205265636976656B
:10A2F000643A000A5265706F727420494420253018
:10A300003278200A002530327820005254542048F8
:10A3100049442D4465766963650033323032313902
:10A3200031393833303130380066642074797065E3
:10A3300020202020726566206D616769632020708F
:10A340006174680A002D2D202D2D2D2D2D2D2020FE
:10A350002D2D2D202D2D2D2D2D202D2D2D2D2D2D47
:10A360000A00253264200064697200252D372E37DB
:10A3700073200066696C6500736F636B65740075AC
:10A3800073657200756E6B6E6F776E00252D382EBB
:10A3900038732000253034782020006466732061F3
:10A3A0006C726561647920696E69742E0A00667347
:10A3B0006C6F636B006465766673002F646576006E
:10A3C0006D6F756E74202F64657620737563657389
:10A3D000730A006D6F756E74202F64657620666158
:10A3E000696C005B452F4446535D20004446532072
:10A3F0006664206E6577206973206661696C6564A8
:10A400002120436F756C64206E6F7420666F756ECB
:10A410006420616E20656D70747920666420656EBD
:10A420007472792E00666420213D204E554C4C00FC
:10A4300066696C656E616D6520213D204E554C4C02
:10A440000025732F2573004F70656E2025732066DD
:10A4500061696C65640A0044656C657465202573E8
:10A46000206661696C65640A006F7574206F6620F0
:10A470006D656D6F72790A005265616420257320E5
:10A480006661696C65640A0057726974652025739A
:10A49000206661696C65640A00577269746520669C
:10A4A000696C652064617461206661696C65642C07
:10A4B000206572726E6F3D25640A0063616E2774B9
:10A4C0002066696E64206D6F756E746564206669C0
:10A4D0006C6573797374656D206F6E207468697331
:10A4E00020706174683A2573007468652066696C31
:10A4F0006573797374656D206469646E277420696F
:10A500006D706C656D656E74207468697320667516
:10A510006E6374696F6E004469726563746F7279FB
:10A520002025733A0A00252D323073003C444952ED
:10A530003E00252D3235730A00252D32356C750A03
:10A54000004241442066696C653A2025730A004E3A
:10A550006F2073756368206469726563746F7279C4
:10A560000A006F70656E202573206661696C6564F2
:10A570000A006F7574206F66206D656D6F727921AA
:10A580000A006F70656E2066696C653A202573203D
:10A590006661696C65640A00636F70792066616941
:10A5A0006C65642C206261642025730A006370204E
:10A5B0006661696C642C2063702064697220746F1A
:10A5C0002066696C65206973206E6F7420706572F7
:10A5D0006D6974746564210A005468657265206948
:10A5E00073206E6F20737061636520746F207265D5
:10A5F00067697374657220746869732066696C6535
:10A600002073797374656D20282573292E0070617D
:10A610007468005468657265206973206E6F2073DA
:10A620007061636520746F206D6F756E742074683F
:10A6300069732066696C652073797374656D202871
:10A640002573292E004465766963652028257329C2
:10A6500020776173206E6F7420666F756E6400469C
:10A66000696C652073797374656D202825732920C2
:10A67000776173206E6F7420666F756E642E005460
:10A6800068652066696C652073797374656D202830
:10A69000257329206D6B66732066756E6374696F10
:10A6A0006E20776173206E6F7420696D706C656DBC
:10A6B000656E74006466735F73746174667320669C
:10A6C00061696C65642E0A006469736B206672654B
:10A6D000653A2025642E2564202573205B2025649F
:10A6E00020626C6F636B2C20256420627974657323
:10A6F0002070657220626C6F636B205D0A004B42B4
:10A70000004D420047420066696C6520213D2052A1
:10A71000545F4E554C4C006465765F696420213D62
:10A720002052545F4E554C4C00726F6F745F6469D9
:10A7300072656E7420213D2052545F4E554C4C0082
:10A740006D7368200066696E736820001B5B324B76
:10A750000D0025732573002563000825732020084C
:10A7600000082008007368656C6C20213D2052545D
:10A770005F4E554C4C006E6F206D656D6F72792089
:10A78000666F72207368656C6C0A00747368656C20
:10A790006C00736872780048656C6C6F2052542DA1
:10A7A000546872656164210A002D002D2D46756E76
:10A7B0006374696F6E204C6973743A0A005F5F00BE
:10A7C000252D313673202D2D2025730A00556E6BF3
:10A7D0006E6F776E0064657669636500252D2A2E9D
:10A7E00073202020202020202020747970652020D4
:10A7F0002020202020202072656620636F756E74F3
:10A800000A00202D2D2D2D2D2D2D2D2D2D2D2D2DD5
:10A810002D2D2D2D2D2D2D202D2D2D2D2D2D2D2D75
:10A820002D2D0A00252D2A2E2A7320252D32307336
:10A8300020252D38640A00252D2A2E7320207065CE
:10A8400072696F64696320202074696D656F757427
:10A8500020202020202020666C61670A00202D2DFA
:10A860002D2D2D2D2D2D2D2D202D2D2D2D2D2D2D25
:10A870002D2D2D202D2D2D2D2D2D2D2D2D2D2D0A38
:10A8800000252D2A2E2A7320307825303878203064
:10A890007825303878200064656163746976617466
:10A8A00065640A0063757272656E74207469636B07
:10A8B0003A3078253038780A006D656D706F6F6CAE
:10A8C00000252D2A2E7320626C6F636B20746F74C9
:10A8D000616C20667265652073757370656E6420A7
:10A8E0007468726561640A00202D2D2D2D20202DA5
:10A8F0002D2D2D20202D2D2D2D202D2D2D2D2D2DAF
:10A900002D2D2D2D2D2D2D2D0A00252D2A2E2A738E
:10A910002025303464202025303464202025303434
:10A92000642025643A00252D2A2E2A7320253034F0
:10A9300064202025303464202025303464202564B0
:10A940000A006D7367717565756500252D2A2E7374
:10A9500020656E7472792073757370656E642074EF
:10A9600068726561640A00202D2D2D2D20202D2D6B
:10A970002D2D2D2D2D2D2D2D2D2D2D2D0A00252D5F
:10A980002A2E2A732025303464202025643A00259D
:10A990002D2A2E2A732025303464202025640A00B5
:10A9A0006D61696C626F7800252D2A2E7320656EAB
:10A9B0007472792073697A652073757370656E643B
:10A9C000207468726561640A00252D2A2E2A73207E
:10A9D000253034642020253034642025643A002555
:10A9E0002D2A2E2A7320253034642020253034640B
:10A9F0002025640A006D7574657800252D2A2E7354
:10AA00002020206F776E65722020686F6C64207341
:10AA1000757370656E64207468726561640A0020E5
:10AA20002D2D2D2D2D2D2D2D202D2D2D2D202D2D70
:10AA30002D2D2D2D2D2D2D2D2D2D2D2D0A00252D9E
:10AA40002A2E2A7320252D382E2A7320253034648F
:10AA50002025640A006576656E7400252D2A2E7304
:10AA600020202020202073657420202020737573FF
:10AA700070656E64207468726561640A0020202D20
:10AA80002D2D2D2D2D2D2D2D2D202D2D2D2D2D2D03
:10AA90002D2D2D2D2D2D2D2D0A00252D2A2E2A73FD
:10AAA000202030782530387820253033643A00254E
:10AAB0002D2A2E2A73202030782530387820300A2D
:10AAC0000073656D6170686F726500252D2A2E73A5
:10AAD000207620202073757370656E642074687210
:10AAE0006561640A00202D2D2D202D2D2D2D2D2D5D
:10AAF0002D2D2D2D2D2D2D2D0A00252D2A2E2A739D
:10AB000020253033642025643A00252D2A2E2A730F
:10AB100020253033642025640A00746872656164FE
:10AB200000252D2A2E7320707269202073746174A1
:10AB300075732020202020207370202020202020CA
:10AB4000746F702020202020737461636B20736900
:10AB50007A65206D61782075736564206C65667414
:10AB6000207469636B20206572726F720A00202D59
:10AB70002D2D20202D2D2D2D2D2D2D202D2D2D2D2C
:10AB80002D2D2D2D2D2D202D2D2D2D2D2D2D2D2D02
:10AB90002D202D2D2D2D2D2D2D2D2D2D20202D2D0C
:10ABA0002D2D2D2D20202D2D2D2D2D2D2D2D2D2DEF
:10ABB000202D2D2D0A00252D2A2E2A7320253364C1
:10ABC0002000207265616479202000207375737005
:10ABD000656E640020696E69742020200020636C1B
:10ABE0006F73652020002030782530387820307849
:10ABF00025303878203078253038782020202025DE
:10AC000030326425252020203078253038782025E2
:10AC10003033640A00436861726163746572204472
:10AC2000657669636500426C6F636B204465766985
:10AC30006365004E6574776F726B20496E74657240
:10AC400066616365004D5444204465766963650020
:10AC500043414E2044657669636500525443005376
:10AC60006F756E6420446576696365004772617034
:10AC70006869632044657669636500493243204210
:10AC800075730055534220536C6176652044657698
:10AC90006963650055534220486F73742042757391
:10ACA0000053504920427573005350492044657643
:10ACB000696365005344494F2042757300504D202D
:10ACC00050736575646F20446576696365005069EB
:10ACD000706500506F7274616C20446576696365BD
:10ACE0000054696D657220446576696365004D693D
:10ACF0007363656C6C616E656F757320446576690E
:10AD000063650053656E736F722044657669636591
:10AD1000004D61696C626F782044657669636500F7
:10AD200052542D546872656164207368656C6C20A0
:10AD3000636F6D6D616E64733A0A005F5F636D648B
:10AD40005F00252D313673202D2025730A00546FA6
:10AD50006F206D616E7920617267732021205765C5
:10AD6000206F6E6C79205573653A0A0025732000B8
:10AD700025733A20636F6D6D616E64206E6F742071
:10AD8000666F756E642E0A0055736167653A206DB3
:10AD90007620534F5552434520444553540A0052A0
:10ADA000656E616D6520534F5552434520746F2089
:10ADB000444553542C206F72206D6F766520534F9D
:10ADC0005552434528732920746F20444952454306
:10ADD000544F52592E0A002573203D3E2025730AF8
:10ADE00000656C6D002D740055736167653A206DC8
:10ADF0006B6673205B2D7420747970655D206465CB
:10AE0000766963650A006D6B6673206661696C65BF
:10AE1000642C20726573756C743D25640A0055734B
:10AE20006167653A206D6F756E746673205B2D7473
:10AE300020747970655D2064657669636520646956
:10AE4000720A006D6F756E746673206661696C6559
:10AE5000642C20726573756C743D25640A0055730B
:10AE60006167653A20637020534F55524345204433
:10AE70004553540A00436F707920534F5552434550
:10AE800020746F20444553542E0A00557361676542
:10AE90003A20726D2046494C452E2E2E0A005265EE
:10AEA0006D6F76652028756E6C696E6B29207468ED
:10AEB000652046494C452873292E0A005573616761
:10AEC000653A20636174205B46494C455D2E2E2E09
:10AED0000A00436F6E636174656E61746520464954
:10AEE0004C452873290A004E6F20737563682064EF
:10AEF00069726563746F72793A2025730A0055731D
:10AF00006167653A206D6B646972205B4F505449EC
:10AF10004F4E5D204449524543544F52590A004315
:10AF200072656174652074686520444952454354D4
:10AF30004F52592C206966207468657920646F200F
:10AF40006E6F7420616C72656164792065786973D5
:10AF5000742E0A002D2D68656C70002D68006466E3
:10AF6000205B706174685D0A006F70656E206669B1
:10AF70006C653A2573206661696C6564210A005529
:10AF8000736167653A206563686F20227374726924
:10AF90006E6722205B66696C656E616D655D0A0097
:10AFA0002E7368002E5348002F62696E2F252E2ABB
:10AFB00073005F68775F70696E2E6F707320213D3C
:10AFC0002052545F4E554C4C0070696E20213D203C
:10AFD00052545F4E554C4C0070696E203C205254C8
:10AFE0005F50494E5F4E4F4E45006D6F6465203C8B
:10AFF0002030786666006661696C757265007072F3
:10B000006F62650070726F62652025732025732062
:10B010000A006164632070726F6265203C61646342
:10B020005F6E616D653E2020202D2070726F62651D
:10B0300020616463206279206E616D650A00506C46
:10B0400065617365207573696E672027616463208D
:10B0500070726F6265203C6164635F6E616D653E16
:10B06000272066697273740A00656E61626C650000
:10B070002573206368616E6E656C20256420656EA3
:10B0800061626C6573202573200A0061646320652A
:10B090006E61626C65203C6368616E6E656C3E201B
:10B0A00020202D20656E61626C65206164632063E1
:10B0B00068616E6E656C0A002573206368616E6E50
:10B0C000656C2025642020726561642076616C7552
:10B0D0006520697320307825303858200A00616473
:10B0E000632072656164203C6368616E6E656C3ECE
:10B0F00020202020202D207265616420616463205F
:10B1000076616C7565206F6E207468652063686178
:10B110006E6E656C0A0064697361626C650025730C
:10B12000206368616E6E656C2025642064697361BC
:10B13000626C65202573200A006164632064697372
:10B1400061626C65203C6368616E6E656C3E2020B8
:10B150002D2064697361626C65206164632063689B
:10B16000616E6E656C0A00556E6B6E6F776E206354
:10B170006F6D6D616E642E20506C65617365206526
:10B180006E74657220276164632720666F72206881
:10B19000656C700A0055736167653A200A00693270
:10B1A000635F6275735F6C6F636B0074696D65726A
:10B1B0002D3E6F707320213D2052545F4E554C4CF4
:10B1C0000074696D65722D3E696E666F20213D20A9
:10B1D00052545F4E554C4C00617564696F20213D9F
:10B1E0002052545F4E554C4C005F7265637069701D
:10B1F00065002872745F7374726C656E2861756483
:10B20000696F2D3E6465765F6E616D6529202B2028
:10B2100072745F7374726C656E28225F72656370FE
:10B22000697065222929203C2033320070646D004A
:10B2300069327300706970652D3E666C6167202607
:10B240002052545F504950455F464C41475F424C45
:10B250004F434B5F5244007069706520213D20527E
:10B26000545F4E554C4C0073697A65203C3D20522A
:10B27000545F55494E5431365F4D4158002D2D6174
:10B280007564696F20706970652066756C6C0A0062
:10B29000706970652D3E666C616720262052545F90
:10B2A000504950455F464C41475F424C4F434B5FCE
:10B2B0005752006275660079656172206973206F6C
:10B2C0007574206F662072616E6765205B31393757
:10B2D000302D323039395D0A006D6F6E7468206927
:10B2E00073206F7574206F662072616E6765205BD6
:10B2F000312D31325D0A00646179206973206F75E8
:10B3000074206F662072616E6765205B312D33316A
:10B310005D0A00686F7572206973206F7574206F05
:10B32000662072616E6765205B302D32335D0A00E6
:10B330006D696E757465206973206F7574206F6612
:10B340002072616E6765205B302D35395D0A0073B0
:10B3500065636F6E64206973206F7574206F66205B
:10B3600072616E6765205B302D35395D0A00706C47
:10B370006561736520696E7075743A2064617465E7
:10B38000205B79656172206D6F6E746820646179ED
:10B3900020686F7572206D696E207365635D206F24
:10B3A0007220646174650A00652E673A20646174D6
:10B3B0006520323031382030312030312032332096
:10B3C0003539203539206F7220646174650A007246
:10B3D000785F6669666F20213D2052545F4E554C60
:10B3E0004C005B452F554152545D2000666F7073D1
:10B3F000206F70656E3A20756E6B6E6F776E206D84
:10B400006F6465202D202564210072785F646D6172
:10B4100020213D2052545F4E554C4C0074785F669D
:10B4200069666F20213D2052545F4E554C4C00748C
:10B43000785F646D6120213D2052545F4E554C4C25
:10B4400000747820213D2052545F4E554C4C00280A
:10B4500073657269616C20213D2052545F4E554CDA
:10B460004C2920262620286461746120213D205229
:10B47000545F4E554C4C290073657269616C2D3ECA
:10B480006F70732D3E646D615F7472616E736D6970
:10B490007420213D2052545F4E554C4C006C656E1B
:10B4A000203C3D2072745F646D615F63616C635F1B
:10B4B0007265637665645F6C656E28736572696139
:10B4C0006C290073657269616C2D3E7365726961E8
:10B4D0006C5F727820213D204E554C4C0073657294
:10B4E00069616C2D3E73657269616C5F74782021AF
:10B4F0003D204E554C4C0073657269616C2D3E7059
:10B500006172656E742E72785F696E6469636174CE
:10B510006520213D2052545F4E554C4C00636F6DA9
:10B52000706C6574696F6E20213D2052545F4E55DA
:10B530004C4C0072745F6C6973745F6973656D70F5
:10B540007479282628636F6D706C6574696F6E2D31
:10B550003E73757370656E6465645F6C697374299E
:10B560002900717565756520213D2052545F4E5547
:10B570004C4C00646174615F70747220213D2052F4
:10B58000545F4E554C4C0073697A6520213D205222
:10B59000545F4E554C4C00726220213D2052545F46
:10B5A0004E554C4C007072696E745F737973696E9E
:10B5B000666F004442475F547269676765725F490E
:10B5C000525148616E646C65720053686F772073E6
:10B5D000797374656D20696E666F726D6174696FE1
:10B5E0006E005F5F636D645F737973696E666F0091
:10B5F000666F7277617264206C63707520636F6D23
:10B600006D616E64005F5F636D645F6C6370750095
:10B6100001020300215B0310845A0310575B0310DF
:10B62000635B03105A5B03104D5B0310945B0310C4
:10B6300028B80310C8B70310D8B60310B0B603106B
:10B6400088B6031048B60310C881C810000000086F
:10B65000C891C81000000008C892C810000000106F
:10B66000C882C81000000010C895C8100000002053
:10B67000C885C8100000002052CA1310000000083E
:10B680000000000000000000A1A57F0000000008ED
:10B69000C921C910000000085EA1A1000000000837
:10B6A0005EA2A100000000100000000000000000E9
:10B6B00098D24010000000083CD13C000000000877
:10B6C0000115016000000008013501700000002034
:10B6D0000000000000000000E521E5000000000877
:10B6E000E5A5E52000000004E5F5E52000000004E4
:10B6F000E5F1E52000000008E5A1E52000000008D4
:10B70000E5A2E52200000010E5F4E522000000209B
:10B71000E574E52200000020E5B4E52000000020EB
:10B72000E575E52000000004CD7070000000000405
:10B73000CD60600000000004CD61610000000008E1
:10B74000CD71710000000008CD7272000000001081
:10B75000CD535334000000200B510040000000087E
:10B760000B110050000000083CD1D100000000087F
:10B770003CD2D20000000010A1D4A120000000089B
:10B78000C9D4C91400000020E5B2E5200000001073
:10B79000B014B02000000008B015B0200000000870
:10B7A000B024B02000000010B025B0200000001030
:10B7B000B00CB02000000004B00DB0200000000468
:10B7C0000000000000000000C98100100000000817
:10B7D00081C98110000000080181C9100000000823
:10B7E00001C98110000000085E445E0000000020D6
:10B7F0000B310040000000088C018C100000000894
:10B800008CB18C18000000200B3300440000002095
:10B81000C8D9C81000000008C8C9C8100000000836
:10B820000000000000000000EFBA21000000000846
:10B83000EFAA210000000008EFBA2300000000205A
:10B84000000000000000000001EFBA21C0A0B030ED
:10B850000008104000000200060000000000000088
:10B86000010400000000000000010F0001000000C2
:10B870000001011F01010000000001011300000090
:10B8800000000201010300010800000101010B009A
:10B89000010800000101013B000208000001010154
:10B8A0006B0003080000010101BB0002040000015D
:10B8B0000201EB00030400000103019F00010800E6
:10B8C000000000010201010000000101013201033A
:10B8D00000000001010184010100000001010134A8
:10B8E000010300000001010110000000000002013E
:10B8F00001D80000000000020101FF00000000006C
:10B900000000010000000000000000000000000036
:10B910000000000000000000000000000000000027
:10B920000000000000000000000000000000000017
:10B930000000000000000000000000000000000007
:10B9400000000000000000000000000000000000F7
:10B9500000000000000000000000000000000000E7
:10B9600000000000000000000000000000000000D7
:10B9700000000000000000000000000000000000C7
:10B9800000000000000000000000000000000000B7
:10B9900000000000000000000000000000000000A7
:10B9A0000000000000000000000000000000000097
:10B9B0000000000000000000000000000000000087
:10B9C0000000000000000000000000000000000077
:10B9D0000000000000000000000000000000000067
:10B9E00000000000A90001080000000001A1000003
:10B9F000000000030101A500010800000000010B88
:10BA00000003200000000001EB00030C0000000018
:10BA10000100000000000000000000000000000025
:10BA20000000000000000000000000000000000016
:10BA30000000000000000000000000000000000006
:10BA400000000000000000000000000000000000F6
:10BA500000000000000000000000000001C8A14834
:10BA6000C0A0B030010010800000020006000000FD
:10BA700000000000010400000000000000010F00B1
:10BA8000010000000001011F010100000000010190
:10BA9000130000000000020101030001000000018A
:10BAA00001010B00010800000101013B0002080038
:10BAB000000101016B0003080000010101BB00024D
:10BAC000040000010201EB00030200000103019FDA
:10BAD000000100000000000102010100000001015E
:10BAE0000132010300000001010184010100000096
:10BAF00001010134010300000001010110000000F8
:10BB00000000020101D80000000000020101FF0056
:10BB10000000000000000100000000000000000024
:10BB20000000000000000000000000000000000015
:10BB30000000000000000000000000000000000005
:10BB400000000000000000000000000000000000F5
:10BB500000000000000000000000000000000000E5
:10BB600000000000000000000000000000000000D5
:10BB700000000000000000000000000000000000C5
:10BB800000000000000000000000000000000000B5
:10BB900000000000000000000000000000000000A5
:10BBA0000000000000000000000000000000000095
:10BBB0000000000000000000000000000000000085
:10BBC0000000000000000000000000000000000075
:10BBD0000000000000000000000000000000000065
:10BBE0000000000000000000000000000000000055
:10BBF0000000000000000000000000000000000045
:10BC00000000000000000000000000000000000034
:10BC10000000000000000000000000000000000024
:10BC20000000000000000000000000000000000014
:10BC30000000000000000000000000000000000004
:10BC400000000000000000000000000000000000F4
:10BC500000000000000000000000000000000000E4
:10BC600000000000000000000000000000000000D4
:10BC700001E521E5C0A0B030010010400000020045
:10BC800006000000000000000104000000000000A9
:10BC900000010F00010000000001011F0101000070
:10BCA0000000010113000000000002010103000177
:10BCB0000800000101010B00010800000101013B27
:10BCC00000020800000101016B00030800000101EF
:10BCD00001BB00020400000102016B000308000028
:10BCE0000101019F000108000000000102010100A4
:10BCF0000000010101320103000000010101840183
:10BD000001000000010101340103000000010101F4
:10BD1000100000000000020101D800000000000235
:10BD20000101FF0000000000000001000000000011
:10BD30000000000000000000000000000000000003
:10BD400000000000000000000000000000000000F3
:10BD500000000000000000000000000000000000E3
:10BD600000000000000000000000000000000000D3
:10BD700000000000000000000000000000000000C3
:10BD800000000000000000000000000000000000B3
:10BD900000000000000000000000000000000000A3
:10BDA0000000000000000000000000000000000093
:10BDB0000000000000000000000000000000000083
:10BDC0000000000000000000000000000000000073
:10BDD0000000000000000000000000000000000063
:10BDE0000000000000000000000000000000000053
:10BDF0000000000000000000000000000000000043
:10BE00000000000000000000000000000000000032
:10BE10000000000000000000000000000000000022
:10BE20000000000000000000000000000000000012
:10BE30000000000000000000000000000000000002
:10BE400000000000000000000000000000000000F2
:10BE500000000000000000000000000000000000E2
:10BE600000000000000000000000000000000000D2
:10BE700000000000000000000000000000000000C2
:10BE8000000000000198D240C0A0B0300000104077
:10BE90000000020006000000000000000104000095
:10BEA0000000000000010F00010000000001011F60
:10BEB0000101000000000101130000000000020168
:10BEC000010300010800000101010B00010800004E
:10BED0000101013B00020800000201016B000308A0
:10BEE0000000010101BB00020400000102016B001F
:10BEF000030800000101019F00010800000000018B
:10BF000002010100000001010132010300000001F3
:10BF1000010184010100000001010134010300005E
:10BF200000010101100000000000020101D8000022
:10BF3000000000020101FF000000000000000100FD
:10BF400000000000000000000000000000000000F1
:10BF500000000000000000000000000000000000E1
:10BF600000000000000000000000000000000000D1
:10BF700000000000000000000000000000000000C1
:10BF800000000000000000000000000000000000B1
:10BF900000000000000000000000000000000000A1
:10BFA0000000000000000000000000000000000091
:10BFB0000000000000000000000000000000000081
:10BFC0000000000000000000000000000000000071
:10BFD0000000000000000000000000000000000061
:10BFE0000000000000000000000000000000000051
:10BFF0000000000000000000000000000000000041
:10C000000000000000000000000000000000000030
:10C010000000000000000000000000000000000020
:10C020000000000000000000000000000000000010
:10C030000000000000000000000000000000000000
:10C0400000000000000000000000000000000000F0
:10C0500000000000000000000000000000000000E0
:10C0600000000000000000000000000000000000D0
:10C0700000000000000000000000000000000000C0
:10C0800000000000000000000000000000000000B0
:10C09000000000000000000001A1A57FC0A0B0309A
:10C0A0000000104000000200060000000000000038
:10C0B000010400000000000000010F00010000006A
:10C0C0000001011F01010000000001011300000038
:10C0D00000000201010300010800000101010B0042
:10C0E000010800000101013B0002080000010101FC
:10C0F0006B0003080000010101BB00020400000105
:10C100000201EB00030400000103019F000108008D
:10C1100000000001020101000000010101320103E1
:10C12000000000010101840101000000010101344F
:10C1300001030000000101011000000000000201E5
:10C1400001D80000000000020101FF000000000013
:10C1500000000100000000000000000000000000DE
:10C1600000000000000000000000000000000000CF
:10C1700000000000000000000000000000000000BF
:10C1800000000000000000000000000000000000AF
:10C19000000000000000000000000000000000009F
:10C1A000000000000000000000000000000000008F
:10C1B000000000000000000000000000000000007F
:10C1C000000000000000000000000000000000006F
:10C1D000000000000000000000000000000000005F
:10C1E000000000000000000000000000000000004F
:10C1F000000000000000000000000000000000003F
:10C20000000000000000000000000000000000002E
:10C21000000000000000000000000000000000001E
:10C22000000000000000000000000000000000000E
:10C2300000000000000000000000000000000000FE
:10C2400000000000000000000000000000000000EE
:10C2500000000000000000000000000000000000DE
:10C2600000000000000000000000000000000000CE
:10C2700000000000000000000000000000000000BE
:10C2800000000000000000000000000000000000AE
:10C29000000000000000000000000000000000009E
:10C2A00000000000000000000000000001C881C87C
:10C2B000C0A0B030010010800000020006000000A5
:10C2C00000000000010400000000000000010F0059
:10C2D000010000000001011F010100000000010138
:10C2E0001300000000000201010300010000000231
:10C2F00001010B00010800000201013B00020800DF
:10C30000000201016B0003080000020101BB0002F2
:10C31000040000010201EB00030400000103019F7F
:10C320000001000000000001020101000000010105
:10C33000013201030000000101018401010000003D
:10C34000010101340103000000010101100000009F
:10C350000000020101D80000000000020101FF00FE
:10C3600000000000000001000000000000000000CC
:10C3700000000000000000000000000000000000BD
:10C3800000000000000000000000000000000000AD
:10C39000000000000000000000000000000000009D
:10C3A000000000000000000000000000000000008D
:10C3B000000000000000000000000000000000007D
:10C3C000000000000000000000000000000000006D
:10C3D000000000000000000000000000000000005D
:10C3E000000000000000000000000000000000004D
:10C3F000000000000000000000000000000000003D
:10C40000000000000000000000000000000000002C
:10C41000000000000000000000000000000000001C
:10C42000000000000000000000000000000000000C
:10C4300000000000000000000000000000000000FC
:10C4400000000000000000000000000000000000EC
:10C4500000000000000000000000000000000000DC
:10C4600000000000000000000000000000000000CC
:10C4700000000000000000000000000000000000BC
:10C4800000000000000000000000000000000000AC
:10C49000000000000000000000000000000000009C
:10C4A000000000000000000000000000000000008C
:10C4B000000000000000000000000000000000007C
:10C4C00000000000963007772C610EEEBA510999F2
:10C4D00019C46D078FF46A7035A563E9A395649E4E
:10C4E0003288DB0EA4B8DC791EE9D5E088D9D29772
:10C4F0002B4CB609BD7CB17E072DB8E7911DBF90CE
:10C500006410B71DF220B06A4871B9F3DE41BE84F1
:10C510007DD4DA1AEBE4DD6D51B5D4F4C785D3834D
:10C5200056986C13C0A86B647AF962FDECC9658AF1
:10C530004F5C0114D96C0663633D0FFAF50D088D4D
:10C54000C8206E3B5E10694CE44160D5727167A2F1
:10C55000D1E4033C47D4044BFD850DD26BB50AA54D
:10C56000FAA8B5356C98B242D6C9BBDB40F9BCAC71
:10C57000E36CD832755CDF45CF0DD6DC593DD1ABCD
:10C58000AC30D9263A00DE518051D7C81661D0BFF1
:10C59000B5F4B42123C4B3569995BACF0FA5BDB84D
:10C5A0009EB802280888055FB2D90CC624E90BB1F1
:10C5B000877C6F2F114C6858AB1D61C13D2D66B64D
:10C5C0009041DC760671DB01BC20D2982A10D5EFB1
:10C5D0008985B1711FB5B606A5E4BF9F33D4B8E80D
:10C5E000A2C9077834F9000F8EA8099618980EE1B1
:10C5F000BB0D6A7F2D3D6D08976C6491015C63E60D
:10C60000F4516B6B62616C1CD83065854E0062F230
:10C61000ED95066C7BA5011BC1F4088257C40FF58C
:10C62000C6D9B06550E9B712EAB8BE8B7C88B9FCB0
:10C63000DF1DDD62492DDA15F37CD38C654CD4FB0C
:10C640005861B24DCE51B53A7400BCA3E230BBD4B0
:10C6500041A5DF4AD795D83D6DC4D1A4FBF4D6D30C
:10C660006AE96943FCD96E34468867ADD0B860DAB0
:10C67000732D0444E51D03335F4C0AAAC97C0DDD0C
:10C680003C710550AA41022710100BBE86200CC930
:10C6900025B56857B3856F2009D466B99FE461CE8C
:10C6A0000EF9DE5E98C9D9292298D0B0B4A8D7C7B0
:10C6B000173DB359810DB42E3B5CBDB7AD6CBAC00C
:10C6C0002083B8EDB6B3BF9A0CE2B6039AD2B17428
:10C6D0003947D5EAAF77D29D1526DB048316DC7384
:10C6E000120B63E3843B64943E6A6D0DA85A6A7A28
:10C6F0000BCF0EE49DFF099327AE000AB19E077D84
:10C7000044930FF0D2A3088768F2011EFEC20669A7
:10C710005D5762F7CB67658071366C19E7066B6E03
:10C72000761BD4FEE02BD3895A7ADA10CC4ADD6727
:10C730006FDFB9F9F9EFBE8E43BEB717D58EB06083
:10C74000E8A3D6D67E93D1A1C4C2D83852F2DF4F27
:10C75000F167BBD16757BCA6DD06B53F4B36B24883
:10C76000DA2B0DD84C1B0AAFF64A0336607A044127
:10C77000C3EF60DF55DF67A8EF8E6E3179BE694683
:10C780008CB361CB1A8366BCA0D26F2536E26852A7
:10C7900095770CCC03470BBBB91602222F26055503
:10C7A000BE3BBAC5280BBDB2925AB42B046AB35C27
:10C7B000A7FFD7C231CFD0B58B9ED92C1DAEDE5B83
:10C7C000B0C2649B26F263EC9CA36A750A936D0267
:10C7D000A906099C3F360EEB8567077213570005C3
:10C7E000824ABF95147AB8E2AE2BB17B381BB60CE7
:10C7F0009B8ED2920DBED5E5B7EFDC7C21DFDB0B43
:10C80000D4D2D38642E2D4F1F8B3DD686E83DA1F66
:10C81000CD16BE815B26B9F6E177B06F7747B718C2
:10C82000E65A0888706A0FFFCA3B06665C0B011166
:10C83000FF9E658F69AE62F8D3FF6B6145CF6C16C2
:10C8400078E20AA0EED20DD75483044EC2B3033966
:10C85000612667A7F71660D04D476949DB776E3EC2
:10C860004A6AD1AEDC5AD6D9660BDF40F03BD837E6
:10C8700053AEBCA9C59EBBDE7FCFB247E9FFB53042
:10C880001CF2BDBD8AC2BACA3093B353A6A3B42466
:10C890000536D0BA9306D7CD2957DE54BF67D923C2
:10C8A0002E7A66B3B84A61C4021B685D942B6F2A66
:10C8B00037BE0BB4A18E0CC31BDF055A8DEF022DC2
:10C8C0000900200052000A0074000C000B00AC00AC
:10C8D00018000C0080002C000D00C40004000E00A5
:10C8E000C800040000001A00010001000400040058
:10C8F00002000800040003000C0004000400100003
:10C9000004000500180002000600140004000700DF
:10C910001B00010008001C000400000080B501F0AD
:10C9200067FE01F0DFF80548054901600548064942
:10C93000016006480649016080BD00BF24E4402034
:10C94000DD614000E0E44020A5644000E4E44020D4
:10C950004D6F40002DE9FF4704465A48005DA0F1A5
:10C960001600042804D248F60F72C0F201021047E4
:10C97000204648F62962C0F20102104720460121F4
:10C9800029F478FB0528204605D000214AF6417697
:10C99000C0F2020630474AF66B76C0F20206304714
:10C9A000494D4A4B2068002824D029784268511A02
:10C9B000CA180099881A20F07040B04213D822F0AB
:10C9C00070428A4205D120680189BDF804208A425C
:10C9D00009D9204600F40BFA014604F10C02104676
:10C9E00000F40FFADEE70098256848F63911C0F226
:10C9F0000501084748F67F11C0F2050108470446C3
:10CA0000FFF71CF620B14DF6EB11C0F2010108470B
:10CA100020022221013019F455FA7CBD4FF00103A8
:10CA20004BF233504BF22952062C06D803FA04F38A
:10CA300013F0620F01D0B01F1047004701280AD839
:10CA400005F1090000F4F8F9142804D34EF6117228
:10CA5000C0F2040210474EF64572C0F204021047BD
:10CA6000B06881880131818040F2000045F69B2149
:10CA7000084745F6F111084701F036F845F63D1034
:10CA8000004745F2555658F8240015214BF29123E2
:10CA9000C0F20203184745F255539E4200D10C4A9A
:10CAA00027F48CFC4BF2B923C0F2020318477CB583
:10CAB000044600F0C3FA20464EF6A552C0F2010229
:10CAC000104700BF78F4402094FA4020010000F0A5
:10CAD0003D6B4000E0B5FBF7C6F510B14FF08E405E
:10CAE0008CBD042001A96A4600900120FBF722F6C4
:10CAF00000B1FEE701988CBD032804BF07487047CA
:10CB0000182804BF06487047172804BF0548704717
:10CB10000B2814BF00200448704700BF1C7F400052
:10CB2000907F4000747F4000287F4000E0B50420E3
:10CB300001A90DF10202ADF802000620FBF7FAF59B
:10CB40009DF807102B48817059B100F0F9FB4FF4A4
:10CB5000004051F425FF03484FF48021C0F88011B4
:10CB600001608CBD00E100E02DE9F041204E05465A
:10CB70000A290C464FF0010256F8200020F400600C
:10CB8000C8BF00F5006046F825000846002101F006
:10CB9000A3FB56F82510174F0B2C60F30A2146F81B
:10CBA0002510154905DBB87818B1086840F00C006D
:10CBB00008603878884638B9F878022804D002200E
:10CBC000F870022001F036FB20460121002201F01E
:10CBD00083FB06F82500B87838B10A2C05DCD8F8B4
:10CBE000000020F00C00C8F80000BDE8F08100BF94
:10CBF000F0ED4020AC7F4020EC4008400021006870
:10CC000008B10131FBE788B270470000BCB50D46A2
:10CC10004FF68A518B4217D04FF686518B4263D024
:10CC20004FF685518B421CD14FF4885000214FF6AE
:10CC30008552012311F496FC2978032917D82A6814
:10CC40002E4B43F821201DE04FF4885000214FF671
:10CC50008A52012311F486FC04462878A8B11220D8
:10CC60003EE0294602B0BDE8B04005F41DB82249B7
:10CC70000A6842F400420A60D1F8002442F40042FB
:10CC8000C1F80024002101702CE06878022815D03A
:10CC900001281AD00028E2D10620144D0DF1070119
:10CCA0008DF8070012482A4603680120984788B18A
:10CCB000104881880068A98028600BE0E8880B494B
:10CCC0008880D5F80200086004E00848017881F007
:10CCD00055010170054800F1190123F45BFF0020A4
:10CCE000207020460EF466F80020BCBD80F4402081
:10CCF0009CE94020E9C30500D0040940B37F4020EF
:10CD000041F205120249904218BF002108467047BF
:10CD1000F16240000E4A9423528800FB0320044A2B
:10CD2000835A23F4006343EAC1218152704700BF54
:10CD300000804020064A9423528800FB0320054AC5
:10CD4000835A23F0E00343EA41118152704700BF48
:10CD50000CEE40201680402080B50A464FF48850E3
:10CD600000210A2311F4FEFB0C2101710449C0F8D3
:10CD70000610044901600EF41DF8002080BD00BFBC
:10CD80004C0A4E02000C0002F8B5074610461C463D
:10CD900016460D4611F4A8FC052808D16878A98824
:10CDA00000F00F000138C0B2FFF73AF505E0384651
:10CDB0002946324623460EF4BFFC0020F8BD000091
:10CDC00080B5C9B202460020082912D8DFE801F078
:10CDD000050A11110E11111112001046BDE8804014
:10CDE00000F0D0BD104600F02FF980BD104600F0D5
:10CDF00047FB80BD1046FFF783FF80BDF8B50746AF
:10CE0000084815460E461C462946026840F21F6037
:10CE10009047384631462A46234612F41DF8002032
:10CE2000F8BD00BF54E4402010B50C881CB1BDE82B
:10CE3000104012F4CDB8002010BD00000648C078A4
:10CE4000013800061CBF0320704728480068C07FD7
:10CE5000043818BF03207047E4EA40201CB504469C
:10CE60007548332250F8210090F8360062F35F00D5
:10CE70008DF80400C8B201A917F440FA204618F44E
:10CE800049FF2046112111F459FC1CBD2DE9F8433E
:10CE900007468020984615468946082300EB122451
:10CEA00041F202105822214611F45CFB0646048030
:10CEB000284611F419FCB07030460DF47BFF28466B
:10CEC00011F412FC042807D10848006820B1C17F82
:10CED000032904BF0221C177384649462A46434602
:10CEE00001B0BDE8F04313F4C5BA00BF80E84020AC
:10CEF000B0B5514D140A55F824401CB1BDE8B040FE
:10CF000013F478BC0020B0BDB0B54B4D140A55F8F1
:10CF100024401CB1BDE8B04013F496BC0020B0BD65
:10CF2000B0B54549100A144651F82050104611F486
:10CF3000DBFB19280CD8012101FA00F01049084246
:10CF400001D00020B0BD10F0300F01D00220B0BDE4
:10CF5000012085F8440095F83C00022803D12046C2
:10CF600018F4CCFAF2E795F83710204615F4F2FEE3
:10CF70000028EBD095F83710204612F48FFEE0E73A
:10CF80000100C0032DE9F0410E462B490746100A67
:10CF90009846154651F82040104611F4A5FB01288B
:10CFA00009D194F88701012805D194F8860110B1C0
:10CFB0000020BDE8F081384631462A464346BDE8A8
:10CFC000F04114F47DBA00BF2DE9F843074610463E
:10CFD0001C4615460E4611F487FBA0F111010529E8
:10CFE00018D301280DD0FAF787F080460B48083097
:10CFF000FFF704FE81464046FAF782F0B9F10A0FC6
:10D0000008D8384631462A46234601B0BDE8F043E9
:10D0100014F496BF0020BDE8F88300BFF4F240206E
:10D0200080B50549100A51F8200018B11046222198
:10D0300012F434FE002080BD08F4402091F8B102C3
:10D0400081F8390070470000A0F21D610D290AD84F
:10D05000DFE801F007212325212721212921212192
:10D06000212B1748704740F20161884204BF1648DF
:10D07000704740F20361884204BF1048704740F295
:10D080001761884204BF0C48704741F2071188427B
:10D0900004BF07487047002070470E487047094892
:10D0A00070470B487047094870470248704700BFF7
:10D0B0006D644000AD6640006966400071654000E7
:10D0C00005664000ED654000D5654000E164400024
:10D0D0000D6540000567400010B50446FAF70CF0F6
:10D0E000A14951F8241049B191F89720012A05D19E
:10D0F00091F8AA10B1FA81F14C0900E00024F9F787
:10D10000FFF7204610BD00BF10B50446F9F7F4F74D
:10D11000954951F8241039B191F8AA1041F0020153
:10D12000022905D1002400E00C24F9F7E9F707E013
:10D13000F9F7E6F7200208210824013012F4AEFDC9
:10D14000204610BD2DE9F0410446EE48427A012AFE
:10D1500009D1807A884218BF002804D1EA4841707A
:10D16000047049F463FF804850F824601EB13046D3
:10D17000002152F4FFFA204600F044FFF9F7BCF713
:10D18000804696F8DD0030B1002086F8DD004FF4CF
:10D19000004051F4E5FB804F00261025388D798D35
:10D1A000081AF1B290FBF5F0884207DD204621F421
:10D1B0006DFD18B121F49CFD0136EFE74046BDE856
:10D1C000F041F9F79DB700BFB0B55AB316490978D9
:10D1D00041B321F45BFD28B31448154990F82100B0
:10D1E00041EA00106C49098D405A00F07801594815
:10D1F0000068026883689A429ABF4268013200223E
:10D200004260202902D1C1688A4201D2002401E093
:10D2100001244160074D2878844203D0204600F065
:10D220008DFE2C70B0BD00BFAE7F402080F440204A
:10D2300004804020C57F40204B4951F8200050B168
:10D2400090F8DD10012906D1002180F8DD104FF49F
:10D25000004051F485BB7047C8B2434951F82010D3
:10D260000020002908BF4FF0FF307047B0B53E499D
:10D2700051F82040BCB3606ED4F8BC100A1A401AB2
:10D2800022F0704520F07040B5F1006F88BF454234
:10D2900094F8D610B4F8C400002908BF012148430F
:10D2A00000EB400085420BDA94F8DD0001280ED136
:10D2B000002084F8DD004FF4004051F451FB06E0FB
:10D2C000012084F8DD004FF4004051F469FB012D8A
:10D2D00009DBA90AA07E01EBC101C9B20844FF28FD
:10D2E00028BFFF20A076B0BDF8B51C4615460E46F7
:10D2F0000746F9F701F71C4951F82710A1B191F839
:10D3000099200C27012A10D191F8971045EA0603BD
:10D31000069A234300294FF00C0108BF4FF0FF315C
:10D320001A4308BF0F4600E00C27F9F7E9F6F8B2F8
:10D33000F8BD00BF80B500F065FE002080BD000094
:10D3400004486021802200230068C0E90132C160E6
:10D35000704700BF9C7F4020034951F820000028FF
:10D3600018BF0120704700BFA0E8402070B5974D5E
:10D3700000241026288D698D081AE1B290FBF6F082
:10D38000884207DD022021F481FC18B121F4B0FCB1
:10D390000134EFE770BD00BF0CEE4020234951F887
:10D3A000200010B1002152F4E5B97047C1F3071114
:10D3B0001E4840F2FD1250F82100490190F8520039
:10D3C00002EB4000084AC0F347001F2828BF1F2077
:10D3D0005358C3F30423834205D08B5823F4F853E6
:10D3E00043EA0020885070471006094070B5144683
:10D3F0000E46F9F781F605460C4850F8260028B18C
:10D40000002152F4B7F9304621F4B4FD0848094927
:10D410000068C069884204D16078022804BF0320F4
:10D4200060702846F9F76CF6002070BD98E840203F
:10D43000F8EA4020A5A55A5A70B514460D4606468E
:10D4400000F0C8F808B12A2004E0304629462246F8
:10D4500023F4D6FDC0B270BD1CB50446874850F811
:10D460002400438D828C018DC08C0090204633F4C3
:10D4700019F920460021BDE81C4026F475BB00BF09
:10D48000B0F5057F04BF0448704740F2132188427D
:10D490000CBF024800207047156D4000316F4000FE
:10D4A00010B50446F9F728F6044951F82440F9F775
:10D4B00027F6B4FA84F0400910BD00BFECF4402018
:10D4C00010B504460F48417B012909D1807B904269
:10D4D00018BF002804D10C484270047049F4A6FD1E
:10D4E000D94850F8240060B190F8AD10012908D156
:10D4F000002180F8AD104FF48030BDE8104051F4A9
:10D500002FBA10BDB37F4020C37F4020F8B50F462F
:10D510000546F9F7F1F50446CB4850F82560D6B139
:10D52000B6F8860020F0100067F30410A6F8860015
:10D53000284633F45DFB67B1284635F445FD96F87F
:10D540009A0030B1284631460022002700F038F911
:10D5500002E0002700E00C272046F9F7D1F5384615
:10D56000F8BD00BFF8B50F460546F9F7C5F5044606
:10D57000B54850F82560A6B106F12C003946FFF7F2
:10D5800040F4B6F8860040F00800A6F88600284669
:10D5900035F41AFD28463146012200F011F9002524
:10D5A00000E00C252046F9F7ABF52846F8BD00BF92
:10D5B00058B1064990F896009422498800FB021061
:10D5C0000349425A42F02002425270470CEE40207A
:10D5D000028040209C4951F8200028B190F84A0070
:10D5E000002818BF0120704700207047F8B50F468B
:10D5F0000546F9F781F50446934850F8256086B151
:10D60000B6F88600B76240F00800A6F88600284603
:10D6100035F4DAFC28463146012200F0D1F8002525
:10D6200000E00C252046F9F76BF52846F8BD00BF51
:10D630002DE9F041140A0746984615460E46204645
:10D6400041F41EFC874951F8241059B100893288F1
:10D6500082420AD3092C05D891F8940000F0030007
:10D66000032802D10020BDE8F081384631462A4621
:10D670004346BDE8F04133F4B1BE00BFB8F44020EA
:10D680002DE9F0471E46144689460546F9F734F55C
:10D69000DFF8B4A180465AF82570C7B397F84A005E
:10D6A000F8B90A98DDE90821A7F848000120A7F891
:10D6B0004220B20087F84A00A000A7F840004FEAD5
:10D6C0008900A7F874004801C7E90E20B86EB0EBD6
:10D6D000860F06D997F89C10022924BF284635F4F6
:10D6E0003FFB97F89700002687F8446080B939F42B
:10D6F000D1FF04465AF825000021002652F43AF8DA
:10D7000097F896002146012234F47CFD00E00C26B7
:10D710004046F9F7F5F43046BDE8F0874A4951F83C
:10D72000200028B190F89700023818BF01207047F8
:10D730000020704770B50446434850F82450DDB3CC
:10D74000686DAA6E0B1A401A23F0704620F07040E4
:10D75000B6F1006F88BF4642B5F8760006305043F8
:10D76000864207DD012085F8AD004FF4803051F48A
:10D7700017F90AE095F8AD00012806D1002085F8D8
:10D78000AD004FF4803051F4EBF8204634F416F934
:10D79000012E11DB094AC1B2A87E12F8113098425D
:10D7A0000AD102EB4101B20A49785143C9B2084497
:10D7B000FF2828BFFF20A87670BD00BFD0ED050070
:10D7C0002DE9F041054691F89700D8BBB1F88600E5
:10D7D0000E46C00736D096F8B60098B31A481446DD
:10D7E00050F8258039F456FF96F84A100746F06C39
:10D7F000012902D196F8441021BBC11B21F07042CF
:10D80000B16E8A421ED9B2FBF1F2B6F87E304FF605
:10D81000FF7C1FFA82FE734508BF62449B1A92B2D6
:10D82000A6F87E3002FB1100002120F07040F06469
:10D83000404651F49FFF284639462246BDE8F04154
:10D8400034F4E0BCBDE8F08114F54020B0B5054DDE
:10D85000140A55F824401CB1BDE8B04035F436BD7B
:10D860000020B0BDB8F440200249012818BF0021B3
:10D87000084670471D6B4000184951F8200038B128
:10D88000018D29B1B0F85200814218BFFEF76CB18A
:10D89000704700BF2DE9F04115460E460746F9F7DF
:10D8A0002BF4DFF83880044658F8271089B191F836
:10D8B000570040B1088D18B1FEF756F158F82710FF
:10D8C0000D854E8505E0384631462A46012338F459
:10D8D0004FFA2046BDE8F041F9F712B49CF540201C
:10D8E000007800B1704707480749084A03230A50E7
:10D8F0000748026863F30B220260086840F40040A6
:10D9000008607047A0F7FFFFD008094000103D20D5
:10D910005809094010B541F20100834206D108467A
:10D9200041F20101BDE81040FFF716BA0A4A002093
:10D930005D280ED032F830409C4201D00130F7E72C
:10D9400002EBC000426822B108461946BDE810400B
:10D950001047002010BD00BF3CE50500B0B5084CE5
:10D9600094F8545035B1E47C022C03D14C7B0CB1BB
:10D970008C7B1CB1BDE8B04043F462BB0020B0BD5D
:10D9800050F7402041F20511884204BF0448704717
:10D9900040F2015188420CBF02480020704700BF8E
:10D9A000F96F40004170400070B5054640780C4664
:10D9B000182812D14949200A51F8206096F83600FB
:10D9C00001280AD1204610F48FFE322805D096F89F
:10D9D0003C0002281CBF002070BD28462146BDE83F
:10D9E000704044F439BB00BF70B505460C46080AC8
:10D9F0003A4951F82060204610F476FE1F2815D0D1
:10DA0000252816D196F8360098B915F8010B102282
:10DA100000F0010086F8390006F5E47029464BF461
:10DA2000FCFF204614F436FC002070BD002086F870
:10DA30007A0128462146BDE8704044F405BF00BF86
:10DA4000F8B5054625480E0A0C4650F826700846DB
:10DA500010F44AFEA0F11601042913D390B12E2828
:10DA60000BD10F48342106FB0100407A28B197F80A
:10DA7000360010B92878C0070AD1287800F00100D4
:10DA800087F8390028462146BDE8F84047F432BF00
:10DA9000304617212322012316F490FD0020F8BD03
:10DAA00010F4402070B505460C46080A0B4951F8A1
:10DAB0002060204610F418FE322809D196F836006E
:10DAC000012805D106482146026840F203609047CC
:10DAD00028462146BDE8704048F43EBF08F4402087
:10DAE00054E440207047000070B51B481B4C01688F
:10DAF00041F00041016094F8005101680029FCD414
:10DB00001420FAF731F5012000F03EFD4FF0804679
:10DB1000306840F4802030600520FAF725F5306841
:10DB200020F4802030600520FAF71EF5012000F077
:10DB3000FDFC0B4E94F8020160B1E8B20101725A8B
:10DB400042F0180222F02002725252F4E7F994F8DF
:10DB50000051EFE770BD00BF00000940B8FA402057
:10DB60000080402010B5144610280CD0122813D085
:10DB7000292808BF082919D11846FFF75FF9B0FA1C
:10DB800080F1490914E0B1F5007F0FD11846FFF785
:10DB9000A7FE002001210BE0042907D1D8B2FFF72E
:10DBA0009BFAC0B2B0FA80F0410900E000210020E9
:10DBB000217010BD10B51446072826D00D280BD0B3
:10DBC00014280FD020281AD0312808BF022923D1C9
:10DBD000184600F03FFA1FE010291DD1D8B2FFF718
:10DBE0004BFE22E0B1F5805F18D0B1F5807F19D0EF
:10DBF000B1F1004F10D1D8B2FFF7D0FB15E00829E2
:10DC00000AD1184600F07CFC0FE0B1F5002F03D1DB
:10DC10001846FFF7CDFC08E0002007E0D8B2FFF778
:10DC200025FB02E0D8B2FFF707FB0120207010BDF2
:10DC300010B50C46014600200729107014D1029936
:10DC4000B4F5805F0AD0B4F5804F0ED0B4F1006F08
:10DC500012BF0020D8B2FFF7C9FC10BDD8B200290E
:10DC600018BF0121FFF752FC10BDD8B2FFF77AFCB4
:10DC700010BD10B5122814464FF0000208BFB1F5D0
:10DC8000800F05D10299D8B2C9B2FFF75BFA012221
:10DC9000227010BD10B5144600221428227008BF4F
:10DCA000B1F5803F06D1DDE90212D8B2C9B2FFF763
:10DCB00041FB01220020227010BD000070B50D460E
:10DCC00000211446C61F11700E2EDDE9041211D872
:10DCD000DFE806F00815141414141F141414141497
:10DCE00029343C00402D09D1D8B2C9B2D2B2FFF7D5
:10DCF000E7FB45E0022808BF042D2ED070BDB5F526
:10DD0000803F32D0B5F5806FF8D1D8B2FFF706FD6D
:10DD100012E0B5F5807FF1D1D8B2C9B292B2BDE8B8
:10DD20007040FFF7B7BDB5F5800F25D0B5F5803F42
:10DD3000E4D1C8B2FFF710FB10BBDFE7B5F5806F89
:10DD4000DCD1D2B21846FFF787FA0BE0042DD5D10B
:10DD5000D2B21846FFF72AFB12E092B2D8B2C9B28B
:10DD6000FFF79EFB0028C9D10AE0D8B2002A18BFED
:10DD70000122FFF7DFFC03E0D2B21846FFF724FAD6
:10DD80000120207070BDB0B5144602460020122A52
:10DD900020700ED0152A12D1B1F5007F12D104AD3A
:10DDA000D8B226CD2B46C9B2FFF720FB0121217046
:10DDB000B0BD102906D1D8B2FFF7A6F900B1B0BDA9
:10DDC000012020700020B0BD00201070704700209E
:10DDD000107000207047000070B5144611280ED056
:10DDE000172814D0252817D027281BD0282824D05E
:10DDF000312808BF20293FD100F0CAF93CE00129B1
:10DE00003AD12648016821F04001016043E0012930
:10DE100032D1FFF7ABFA3EE0B1F5805F2CD1FEF7CF
:10DE200085FE38E0B1F5807F26D11D480168D0F825
:10DE3000CC01084318BF01202EE0B1F5002F27D0F8
:10DE400040291BD0B1F5802F1ED0082914D1164DC2
:10DE5000164E01202870D6F8A00020F00800C6F861
:10DE6000A000FDF763F5D6F8A0100020287041F05F
:10DE70000801C6F8A0100FE000200DE00948006876
:10DE8000B0FA80F0400907E0002000F04FFB02E00C
:10DE9000002000F079FB0120207070BD00040940D3
:10DEA000B0F840204C000440AC7F402028EC4020DB
:10DEB00070B586B0144602460020142A20701BD08C
:10DEC000072A36D1B1F1804F32D10AA8BDF83430DB
:10DED000BDF83020BDF83840BDF83C50BDF840607A
:10DEE00000F11C01059110F8041F9DF828008DE831
:10DEF0007000FFF7C5FB1CE0B1F5005F18D10AA860
:10DF0000BDF83430BDF83020BDF838509DF83C6085
:10DF100000F11801049130F8041F9DF82800CDE9A4
:10DF20000056FFF7E1F9FF281CBF0121217000E036
:10DF3000002006B070BD0020107070470B4900280B
:10DF40000A6A22F0010308BF42F001030B620028B5
:10DF50000A6802F000420A60054A04BF44F2201237
:10DF6000C0F20052086810430860704770400840D3
:10DF700060080001022070472C4A0021072904D0C4
:10DF80005356834201DA0131F8E7764881717047D0
:10DF90002DE9F84F82467348DFF8DCB414460026BA
:10DFA0000091417180F804A00020072E07D01BF9D2
:10DFB0000610A14203DA00F580500136F5E740EA89
:10DFC0000165DFF8F0974FB24FF00008B8F1070F86
:10DFD00009D05FFA88F0394649F82850FEF7C4FDA9
:10DFE00008F10108F2E75F49A2454E7004BF1BF833
:10DFF000060008710098A04204BF1BF80600487193
:10E00000BDE8F88FB0B55749094B0A4D53F8204089
:10E010004A7806492C40895662F30E3444EA01627C
:10E0200043F82020BDE8B040FEF79EBDB87E40001A
:10E03000F0ED4020FF8FFF00044805A10068C0F309
:10E040004100032808BF0220085C704734280840BC
:10E0500001000200FEB504464DF6EC0002A90DF1E8
:10E060000602A0870420ADF806000620FAF762F346
:10E07000029EE94F300EB870387820B197F903004E
:10E0800000F0D8F827E0FF21350C300AF970290696
:10E09000B1EB066F05DD41B268B20246FFF778FFCB
:10E0A00005E041B270B20246FFF772FF354668B232
:10E0B000FFF762FF2C4881686FF39A4181608168A5
:10E0C00041F02A718160C1686FF39A41C160C168F3
:10E0D00041F02E71C16076B20025112084F83A50CB
:10E0E00084F838000A2EC8BF01250B2E0BDB304602
:10E0F00000212A4600F0F0F8B978D1B11A490A682F
:10E1000042F00C0214E0387838B9F878022804D0CC
:10E110000220F870022000F08DF8304601212A46D6
:10E1200000F0DAF8B97821B10F490A6822F00C0240
:10E130000A6084F83B50114D84F83900DFF82CC098
:10E140000B490C4A0C4B0F4E0F4F1048A5620C4D5B
:10E15000C4E90207C4E90462C4E90631C4E9085C01
:10E16000FEBD00BFAC7F4020EC400840D17D4000A8
:10E17000A57E40004D7A4000BD79400011794000F5
:10E180005D7D4000717E4000017B4000A97A400027
:10E1900018481949194A1F4B0A501948194A026070
:10E1A000194A4260194A826040F25572C260184AA8
:10E1B0001360194B5360194B9360194BD3600D23B7
:10E1C0000A6863F3050250230A601649425863F354
:10E1D00017424250425863F307020B234250124940
:10E1E000425863F30E2203234250425863F306025F
:10E1F0004250704770FCFFFF0004094000102020CF
:10E200008008094037053C00500350005507500076
:10E210009008094007090900030507000309A81C25
:10E22000030028170CFCFFFF10FCFFFF063840B26C
:10E23000704700001F4902280A6822F006020A609F
:10E240000A6822F001020A604A6822F478424A60B1
:10E250004A6822F480624A6010D0012814D010BBB2
:10E26000086840F002000860086840F0010008609B
:10E27000486840F400604860486812E0086840F070
:10E2800004000860086804E008680860086840F056
:10E2900001000860486840F478404860486840F4ED
:10E2A00080604860704704A004A14FF4017249F4F3
:10E2B000E3BC00BF342808403000000072665F7481
:10E2C000785F706F7765725F636C6173735F636FA4
:10E2D0006E6669670000000070B50C460546012AAD
:10E2E00008D136490020082816D00A5CAA4214DA60
:10E2F0000130F8E7FFF7A0FEC0EB0010304901EB5A
:10E3000040000021102916D010F911207F2A14D0C6
:10E31000AA4213DA0131F5E70022511BB4FA84F264
:10E3200018BF012152091140C2B2002A18BF0122B0
:10E330001140401A16E0102100E00139CAB200264F
:10E3400010F91230AB42B4FA84F3C8BF01265B095E
:10E35000002A18BF012233401A40891AC9B200EBC3
:10E3600041004078C0B270BDB0B515460446FFF715
:10E3700063FE3DB1601C072C15D80138FBD10F4856
:10E38000005D11E0C0EB00120D4901EB42030022D9
:10E39000102A08D003EB42056D78FF2D03D0A5426B
:10E3A00004D00132F4E7002040B2B0BDC0EB001051
:10E3B00001EB400010F81200F6E700BF3C7F400080
:10E3C000BF7E400070B5ED492A4D51F82020C2F3C0
:10E3D000023395F90540B4EB226F1ADACBB1274C22
:10E3E0005E1E2240244CF3B266F30E32E45642EA3B
:10E3F000046241F820202146FEF7B6FB95F905009E
:10E4000000218442B6FA86F0D8BF012140090843B2
:10E4100070BD012070BD00BFAC7F4020F8B5E5495C
:10E42000E64E51F82020C2F3023596F90430B3EBE2
:10E43000226F1CDD072D1AD00F4C6B1CDE4F3A40AB
:10E44000E45663F30E3242EA046241F8202021468A
:10E45000FEF78AFB96F90400002184424FF0000089
:10E46000A8BF0120052D88BF01210843F8BD012068
:10E47000F8BD00BFAC7F4020B87E4000FF8FFF009A
:10E48000F8B5194F06460D4600201446C7E901129B
:10E490008DF8030015A128460322F8F793F758B129
:10E4A00013A128460322F8F78DF728B111A12846B9
:10E4B0000422F8F787F7B0B9F8F71EF63878012884
:10E4C00000D1FEE7012038704DF440FC0B48036892
:10E4D0001BB130462946224698474AF42DFD9DF847
:10E4E00003000028FBD0F8BDA07F40205F6B6500D3
:10E4F0006B655F00706C617400000000C0E5402037
:10E50000B0B50546F8F7F8F5044607482946FEF782
:10E510002AF418B104482946FEF7F4F32046BDE872
:10E52000B040F8F7EDB500BF98FA40202E4910B181
:10E530002B4B2C2208E0134801F5C0512B4B0268ED
:10E5400022F04002026071222648036141614FF4CB
:10E550008041C2608160816841F4086181608168A6
:10E5600041F410718160816841F0010181600168AE
:10E570008907FCD501214160816821F0010181609A
:10E58000704700BF000409401649174A10B1144BE8
:10E590002C2009E0012002F5C052144B4860886825
:10E5A00020F00100886071200B614A61C86044F26C
:10E5B00010008860886840F408608860886840F4CB
:10E5C00010708860886840F00100886008688007E3
:10E5D000FCD501204860886820F001008860704701
:10E5E00008ED40200010004000280840005E402058
:10E5F00070B51A481A4930224BF40FFA194A2625E9
:10E6000008234FF480701A4E4FF401741749C2F872
:10E61000C4504FF48235C2F89C00C2F8A430C2F84E
:10E62000803011484FF48203C2E90765114D4FF461
:10E630000076C2F8A0504FF48055C2F894500125DE
:10E64000D565C2E91065C2E91213C2E914044FF49A
:10E65000887050630420906070BD00BFE8E44020E3
:10E66000447F400028EC4020003501801400400029
:10E670004050084848000C0070B5012831D00C46C5
:10E68000084611461D461646FEF744FB012E04D1EE
:10E6900020462946FEF74EFB0AE03A48942140887E
:10E6A00004FB01001049425A22F0FF022A44425260
:10E6B000344841888088401A942190FBF1F0A042B0
:10E6C00011DD2D48012E50F8241066F3CB2140F8BF
:10E6D00024101ABF21F0FF01294465F30A2140F8F4
:10E6E0002410002070BDFEE71A80402070B50C4653
:10E6F00080B301283DD104EB4402214B2D4843EA6D
:10E700004212204B50F82400DC8C00F40061155BB1
:10E7100025F4006529441153C108DC8C49091444CF
:10E72000E58861F34715E580D98C11448A8A60F346
:10E7300007028A8214490A68D2041AD40A68000AB5
:10E7400000F0070022F460620A600A6842EA402092
:10E7500008600EE0084850F824602046C6F3C02543
:10E760002946FEF7D7FA25B1C6F302212046FEF767
:10E77000E1FA002070BD00BFB8ED4020F0ED402070
:10E78000008040200CEE4020B000094010B5094A3E
:10E79000094B52F820100B4008498C7991F904106C
:10E7A00064F30E3343EA016342F82030BDE81040C1
:10E7B000FEF7DAB9F0ED4020FF8FFF00AC7F40207C
:10E7C00000220A28C8BF0122002918BF012142EAFD
:10E7D000010070470004070A0D1013EC13EF15F247
:10E7E00017F61BF71DF81EF920FA22FB24FC27FD63
:10E7F0002BFE2FFF34003E7FFFEC11F013F317F7D1
:10E8000018FA1BFD1E0025012B022F0334043D7F47
:10E81000FF000000000000E610F011F912FE1301E5
:10E8200015041A052006240728082E09340A3E7FFD
:10E83000FF000000000000008D704000857F400058
:10E8400082000000CD704000807F4000D1000000B9
:10E850006001B400500BEE030003060A0D0D101307
:10E860004972400099724000157340005773400090
:10E8700079734000A17340006B744000AD74400098
:10E88000B3744000BD744000957540001B76400095
:10E8900025714000887F40004A0000004231364226
:10E8A0000042420042424848484800008971400006
:10E8B000867F4000410000009027084048435450A4
:10E8C000F000000064660200BDF90221142000007F
:10E8D00004F0D0B0248E0100EDF308B95C130500FC
:10E8E000B6F302BCE4D90100E8F37DBB3CAF020003
:10E8F000DBF390B808890500ADF3BCBB24B500007C
:10E90000FAF3ECBD0CEF0400B7F308B9C04E0100F8
:10E91000022900BFCC3B00001040022038A70400B1
:10E92000841D062CC0A002005146384494B5050051
:10E930000FF00C00D4980100ECF334BE785A0000BC
:10E9400000F064B39859000000F0DDB3508104007A
:10E95000002014493859000000F010B49CA60400AF
:10E9600018BF002158B10200002482F8B0B50000A1
:10E9700002E045F0502102006EB1D6F8AC3302003F
:10E98000012182420C81040001F000007CB20200EF
:10E99000DAF373BFB4B20200DAF361BF28A000005B
:10E9A0000C0A0329F49E0000D847B91CA0ED010011
:10E9B000E7F3F7B980B500F009FA02480C210170BD
:10E9C00080BD00BF9009402000F0A0B870475146BC
:10E9D00000F0D8F804464AF6C131C0F201010847F8
:10E9E0000AD1F80703D12046012104F473FA44F652
:10E9F0000F11C0F20201084744F60551C0F20201AE
:10EA0000084770B5044600F0B7F8204641F6895231
:10EA1000C0F20202104742F21071084404906846A6
:10EA200049F2A971C0F203010847AC69A24288BF4C
:10EA300022467C2B04D84DF65D34C0F202042047F8
:10EA40004DF67134C0F202042047284600F002F966
:10EA5000904288BF024690B2618AADF8122040F61B
:10EA6000A912C0F20302104758460B4600F0F2F814
:10EA70001946884288BF0146AAF81010608A0B46E2
:10EA800041008B4288BF1946042988BF0A464EF2CE
:10EA90005133C0F20203184706B400F051F806BC27
:10EAA0004BF62343C0F20103184735B1D5F8647122
:10EAB00041F60176C0F20206304741F62B76C0F2ED
:10EAC0000206304759450BD8A6F80A8008EB090121
:10EAD0001FFA81F8D8458CBFA6F80CB0B18101E0CF
:10EAE0004FF0030049F24521C0F2050108474FF0FD
:10EAF000FF0200F083F845F22F51C0F202010847EF
:10EB00001B49032818BF002108467047B0B50C46C2
:10EB10000546FBF70BF0296809B1696800E0294652
:10EB20000C6000216C602160BDE8B040FBF702B0D2
:10EB30000021006808B10131FBE788B2704700008E
:10EB40007F22B2EB500F06D148780A4900EB400013
:10EB500001EB8000704741080548044B01EB41027E
:10EB6000032918BF03EB8200704700BF54E505007E
:10EB70000855400078E8050091F8C50181F8390092
:10EB800070470000B0B50D460446FAF7CFF71A49B2
:10EB9000096851F82510002569B191F89610094AC5
:10EBA00001EB410142EA4111BF4AD28C895A490422
:10EBB00058BF4FF4C875FAF7BDF7601C20F001008C
:10EBC0002844B0BD068040200B49096851F8200058
:10EBD00030B190F899000338B0FA80F040097047DE
:10EBE00000207047C8B20449096851F82000002885
:10EBF00018BF0120704700BF280340202DE9F041D5
:10EC000090460D460646FAF791F707460948083040
:10EC1000FFF78EFF04463846FAF78CF70A2C88BFB8
:10EC2000BDE8F081304629464246BDE8F04114F483
:10EC30000DBB00BF8805402050B19C4991F8393088
:10EC400091F83B20D1F820C090F896100020604742
:10EC5000704700BF0749096851F8200038B1406E7D
:10EC600040F2712100F59C70B0FBF1F0704700207C
:10EC7000704700BFF40240201A49096851F820008B
:10EC800038B1018D29B1B0F85200814218BFFFF7A9
:10EC9000B3B770472DE9F04115460E460746FAF71F
:10ECA00045F7DFF840800446D8F8000050F82710F8
:10ECB00099B191F8570050B1088D28B1FFF79CF732
:10ECC000D8F8000050F827100D854E8505E038462D
:10ECD00031462A46012338F40FFF2046BDE8F041B3
:10ECE000FAF728B7FC02402070B5054640780C467C
:10ECF000182813D10C49200A096851F8206096F8A9
:10ED0000360001280AD1204614F4D8FA322805D05A
:10ED100096F83C0002281CBF002070BD2846214602
:10ED2000BDE8704045F4F8B91803402010B514460A
:10ED3000072809D031280ED00D2808BF102912D17C
:10ED4000D8B2FFF799FF0CE0B1F5002F0BD11846B0
:10ED5000FFF772FF05E0B1F5804F04D1184600F0CF
:10ED60002FF8012000E00020207010BDB0B514463F
:10ED70000A46002113282170DDE9041505D00D286D
:10ED800008BFB2F5807F0CD0B0BDB2F5803FFBD19B
:10ED9000EAB21846FFF726FF012804BF01202070C1
:10EDA000B0BDD8B2C9B2AAB2BDE8B040FFF772BFD9
:10EDB0000020107000207047002010707047000085
:10EDC00001494162704700BF815440000D480E491F
:10EDD00001600E480E4901600E480F4901600F485E
:10EDE0000F4901600F4844F20401C0F8C4104FF409
:10EDF000887141634FF48031C1644FF40021C161D7
:10EE0000704700BF9801402085534000B801402062
:10EE100011544000A8014020C5534000AC014020DF
:10EE200009544000A8084020F8B5012837D11446FD
:10EE30000D464AF45DFFA8422CD92846FFF7C4FED0
:10EE4000012827D105EB4502174C1649174F41EA17
:10EE50004213E58C585B20F4006697F8390097F868
:10EE60003B7046EAC726012F5E534FEA4213E28CFD
:10EE70001FBF143119438B5A23F0FF0311BF1844ED
:10EE8000063119438B5A04BF23F0E00343EA4010D4
:10EE9000885204E001202946224655F421FC002036
:10EEA000F8BD00BF00804020F80040206C154020D5
:10EEB0004153400024554000820000000800040037
:10EEC0004000100050002C00D002CE014242000051
:10EED00048435450680000003078050032206863D1
:10EEE000C8620000FEF3AABEBCAB0100EAF333BA6D
:10EEF000004D0200E0F39AB960790400DF48002178
:10EF0000841D0200E3F369B9A4970300CBF363BC4B
:10EF100050930500ABF3E4BEA0090300D4F37FBB1C
:10EF200044E30200D6F3BCBE08BC0100E9F372BAA8
:10EF3000FC1E0200E3F301B928550200DFF30DBE09
:10EF4000504143480C0000000D50400000F0FF000D
:10EF5000FDCFFF00FCEFFF00050001001DB0020027
:10EF600037C0030038B002001580FF00D5FFFA005B
:10EF70008A9FF600518FF40050DFF600A1CFFE000B
:10EF80004E300C0048511D0065122F006FB33D003C
:10EF90002CF44500700400003C183C1802300C3082
:10EFA00013303C286418083009300A300B300C301C
:10EFB000642840180B301130402858180030582869
:10EFC000025040180A30402802505818053058287E
:10EFD0004C1807304C286018043009301530602870
:10EFE0003C1814303C2828180B30282800180D3005
:10EFF000073000281418074014281C1813300B3051
:10F000000D401C2814180C3005400430034014280F
:10F01000041802300630042848180D30482800181B
:10F020000D30242810180030103011301230102804
:10F0300000180C300730002814180C300740142832
:10F040001C1813301C283418163010301530342892
:10F0500000F000F010181018104011401240102855
:10F06000025048180D404828006024286C280018D9
:10F070000D4000281C1813400B400D301C2814189C
:10F080000C400530044003301428141807301428AD
:10F0900004180240064004280018074000282818D9
:10F0A0000B40282810180040102864180840094018
:10F0B0000A400B4064283C1814403C2840180B4080
:10F0C000114040280070A8280080AC283C180C4053
:10F0D00013403C285818054058284C1807404C2825
:10F0E00060180440094015406028085040180A4044
:10F0F00040280550581800405828145074181D40D6
:10F100007428095064180C4064283C1802403C28BC
:10F1100000F000F0101810180830103011301230C4
:10F12000102800180C300730002814180C30074045
:10F1300014281C1813301C283418163010301530C1
:10F1400034283C1814303C286418083009300A3040
:10F150000B300C30642840180B30113040283C181C
:10F1600002300C3013303C2828180B3028280018A7
:10F170000D30073000281418074014281C181330CD
:10F180001C2814180C3005400430034014280418BF
:10F1900002300630042848180D30482800180D3079
:10F1A000242810180030103011301230102800F0D0
:10F1B0001018101811401240104010280250006022
:10F1C000082800180C40002814180C4014281C189B
:10F1D00013401C281418073014281E50001807402C
:10F1E00000281018084010283C1814403C283418F7
:10F1F0001640342840180B30402805503418104071
:10F200001540342874181D407428095000F000F08F
:10F210001018101812301130103009301028001852
:10F220000C300730002814180C30074014281C1824
:10F2300013301C284418033006401130163044287F
:10F2400060180430093015301430602848180D302B
:10F250004828381809403828581805300630073033
:10F2600058284C181B30063007304C2850180030F6
:10F27000013002300330502800F000F01018101850
:10F280001240114010401028025000600828001859
:10F290000C4000281C1813401C2814180C4014287B
:10F2A0001418073014282D5000180740002844185F
:10F2B00016400630442860180440094015401440A8
:10F2C000602848180D404828381809303828581840
:10F2D00005400640074058284C181B400640074090
:10F2E0004C2850180040014002400340502805506F
:10F2F000101809401028441803401140442874187D
:10F300001D4074281E5000F051777977A177C97796
:10F31000F1771978417869789178B978E178097945
:10F32000317959798179A979D179F979217A497A2B
:10F33000717A997AC17AE97A117B397B617B897B11
:10F34000B17BD97B017C297C517C797CA17CC97CF7
:10F35000F17C197D417D697D917DB97DE17D097EDD
:10F36000317E597E817EA97ED17EF97E217F497FC3
:10F37000717F997FC17FE97F1180398061808980A9
:10F38000B180D9800181298151817981A181C9818F
:10F39000F1811982418269829182B982E182098375
:10F3A000318359838183ED7615773D7765778D7746
:10F3B000B577DD7705782D7855787D78A578CD7887
:10F3C000F5781D7945796D799579BD79E5790D7A6D
:10F3D000357A5D7A857AAD7AD57AFD7A257B4D7B53
:10F3E000757B9D7BC57BED7B157C3D7C657C8D7C39
:10F3F000B57CDD7C057D2D7D557D7D7DA57DCD7D1F
:10F40000F57D1D7E457E6D7E957EBD7EE57E0D7F04
:10F41000357F5D7F857FAD7FD57FFD7F25804D80EA
:10F4200075809D80C580ED8015813D8165818D81D0
:10F43000B581DD8105822D8255827D82A582CD82B6
:10F44000F5821D8350777877A077C877F0771878A2
:10F45000407868789078B878E07808793079587989
:10F460008079A879D079F879207A487A707A987A70
:10F47000C07AE87A107B387B607B887BB07BD87B56
:10F48000007C287C507C787CA07CC87CF07C187D3B
:10F49000407D687D907DB87DE07D087E307E587E21
:10F4A000807EA87ED07EF87E207F487F707F987F08
:10F4B000C07FE87F1080388060808880B080D880EE
:10F4C0000081288150817881A081C881F0811882D3
:10F4D000408268829082B882E082088330835883B9
:10F4E0008083D97629777977C97719786978B97857
:10F4F00009795979A979F979497A997AE97A397B37
:10F50000897BD97B297C797CC97C197D697DB97D12
:10F51000097E597EA97EF97E497F997FE97F3980EE
:10F520008980D98029817981C98119826982B982CA
:10F53000098315776577B57705785578A578F578D7
:10F5400045799579E579357A857AD57A257B757B04
:10F55000C57B157C657CB57C057D557DA57DF57DE0
:10F56000457E957EE57E357F857FD57F25807580BC
:10F57000C58015816581B58105825582A582F58298
:10F5800045830004B203D4028801000078FE2CFDFC
:10F590004EFC00FC4EFC2CFD78FE00008801D402DD
:10F5A000B203000078FE2CFD4EFC00FC4EFC2CFD4E
:10F5B00078FE00008801D402B2030004B203D40232
:10F5C00088010003060A0D101315FFFF1AFFFF281C
:10F5D000FF2E343E00040A0D101300001F680310B4
:10F5E000266803102D680310376803104168031064
:10F5F000496803107072696E745F70696E5F73742E
:10F60000617465007369666C695F70696E5F6D6FC8
:10F610006465007369666C695F70696E5F726561CD
:10F6200064007369666C695F70696E5F61747461B0
:10F6300063685F697271007369666C695F70696E97
:10F640005F646574746163685F6972710073696691
:10F650006C695F70696E5F6972715F656E61626C23
:10F660006500636865636B5F7773725F70696E00D6
:10F6700070696E5F6972715F686472006472765F50
:10F6800070696E5F636865636B0070696E20677098
:10F69000696F2066756E6374696F6E73005F5F6378
:10F6A0006D645F70696E0000893A0110513A011073
:10F6B000013A011011310110FD3101100138011022
:10F6C00000000000000000007369666C695F636FF2
:10F6D0006E666967757265007369666C695F636FF2
:10F6E0006E74726F6C007369666C695F70757463B9
:10F6F000007369666C695F67657463007369666C43
:10F70000695F646D615F7472616E736D69740072BC
:10F71000745F68775F75736172745F696E69743264
:10F720000048414C5F554152545F4572726F7243BD
:10F73000616C6C6261636B0048414C5F554152548F
:10F740005F527848616C6643706C7443616C6C62A4
:10F7500061636B00756172745F69737200756172C9
:10F76000742073657474696E67005F5F636D645FB6
:10F77000756172740000000055400110394101109C
:10F78000553F0110153F0110B13F011000C20100AB
:10F79000080001006C705F74696D65725F696E6965
:10F7A00074006C705F74696D65725F7374617274FC
:10F7B000006C705F74696D65725F73746F70006C5C
:10F7C000705F74696D65725F636F756E7465725F8B
:10F7D000676574006C705F74696D65725F637472E5
:10F7E0006C0074696D65725F696E69740074696D2F
:10F7F00065725F73746172740074696D65725F73B2
:10F80000746F700074696D65725F636F756E746597
:10F81000725F6765740074696D65725F6374726CA2
:10F8200000000000DD4801108548011091470110DB
:10F830005D4701106D4601100080000000010000CE
:10F84000FFFFFF0001000000B5470110094601104D
:10F85000E5450110354501105945011040420F00A2
:10F86000D0070000FFFF00000100000000000000C2
:10F870000002000000040000000600000008000074
:10F88000000A0000000C0000000E00006472765FA9
:10F8900070776D5F7365745F627265616B5F6465DD
:10F8A0006164006472765F70776D5F636F6E74720F
:10F8B0006F6C005F65705F656E61626C65005F65AF
:10F8C000705F64697361626C65005F65705F72652B
:10F8D0006164006579655F74657374005F5F636D73
:10F8E000645F757362635F746573745F7061636B8B
:10F8F000657400005D5201109150011049520110D1
:10F9000035520110C1510110855101106D51011086
:10F910004151011029510110115101109550011050
:10F92000E9540110F95001106932635F6275735F29
:10F93000636F6E666967757265006D617374657279
:10F940005F78666572006932635F6275735F636FCB
:10F950006E74726F6C0072745F68775F6932635F98
:10F96000696E69743200000001560110A95501103A
:10F97000E55801108959011072745F7274635F63F6
:10F980006F6E666967007274635F657869745F6340
:10F990007269746963616C007274635F656E74652B
:10F9A000725F637269746963616C0072745F727410
:10F9B000635F636F6E74726F6C0072745F68775F01
:10F9C0007274635F696E697400706F72745F7265E0
:10F9D00061645F706167650072745F6E616E645F21
:10F9E000726561645F706167650072745F6E616EFD
:10F9F000645F756E6C6F636B0072745F6E616E64D2
:10FA00005F6C6F636B000000002004500200000078
:10FA10000000001220000000010000001C1008502F
:10FA20000000000033000000010000004558545F52
:10FA3000444D415F496E697400736176655F65711D
:10FA40000048414C5F4155445052435F52784861F1
:10FA50006C6643706C7443616C6C6261636B0048EC
:10FA6000414C5F4155445052435F527843706C742F
:10FA700043616C6C6261636B0048414C5F4155446B
:10FA80005052435F547848616C6643706C744361B4
:10FA90006C6C6261636B0048414C5F41554450524D
:10FAA000435F547843706C7443616C6C6261636B48
:10FAB000006266305F617564696F5F636F6E66696F
:10FAC00067757265006266305F617564696F5F7447
:10FAD00072616E73006C6F61645F6571006170725A
:10FAE000635F64656275672072202F2077206964E8
:10FAF000782076616C7565005F5F636D645F61702F
:10FB000072635F6465627567006D69635F676169F1
:10FB10006E005F5F636D645F6D69635F6761696EEF
:10FB20000000000041680110D97701107D760110B6
:10FB3000456D0110C57C01106D6D01104568011007
:10FB400079760110356C0110496801100000000041
:10FB500080BB00000000E803007D00000000DC0521
:10FB6000C05D00000000D007803E00000000B80B20
:10FB7000E02E00000000A00F401F000000007017E2
:10FB800044AC00000100E803225600000100D00749
:10FB9000112B00000100A00F401F112B00000000DE
:10FBA00000000100609C702E401FE02E000000004D
:10FBB00000000100A8AAAA2A401F803E0100000000
:10FBC0000000000000000000401F2256010000005D
:10FBD00000000100806D702E401FC05D010001001B
:10FBE0000000010000375555401F007D0100010055
:10FBF0000000000000000000401F44AC01000100B4
:10FC000000000100002F702E401F80BB010001008A
:10FC100000000100005DAA2A112B401F0000000017
:10FC200000000100D9133358112BE02E0000000012
:10FC300000000100E6B7CC3A112B803E0000000026
:10FC4000000001006474192C112B225601000000E1
:10FC50000000000000000000112BC05D010000004A
:10FC600000000100E6B7CC3A112B007D0100000036
:10FC7000000001006474192C112B44AC0100010038
:10FC80000000000000000000112B80BB01000100FB
:10FC900000000100C461CC3AE02E401F01010000C9
:10FCA00000000100F0EEFF2FE02E112B00000000FD
:10FCB0000000010020D3A845E02E803E0000000097
:10FCC0000000010080D7FF2FE02E22560100000027
:10FCD0000000010040A4A845E02EC05D0100000026
:10FCE0000000000000000000E02E007D0100000088
:10FCF0000000010080D7FF2FE02E44AC010001007E
:10FD0000000001008046A845E02E80BB01000100F4
:10FD10000000000000000000803E401F01010000C4
:10FD20000000000000000000803E112B00000000D9
:10FD3000000001008019E15C803EE02E0000000020
:10FD40000000010000375555803E2256000000009B
:10FD500000000100806D702E803EC05D000000003C
:10FD600000000100809BAA2A803E007D0100000067
:10FD70000000000000000000803E44AC01000000D4
:10FD800000000100002F702E803E80BB01000000AB
:10FD900000000100005DAA2A2256401F0101000058
:10FDA00000000100D91333582256112B0101000025
:10FDB00000000000000000002256E02E01010000BB
:10FDC00000000100E6B7CC3A2256803E0000000059
:10FDD00000000100C8E832582256C05D0000000053
:10FDE00000000100E6B7CC3A2256007D000000007A
:10FDF000000001006474192C225644AC010000007C
:10FE00000000000000000000225680BB010000003E
:10FE100000000100C461CC3AC05D401F0101000038
:10FE200000000100E0DDFF5FC05D112B010100005B
:10FE30000000010020D3A845C05DE02E01010000B4
:10FE40000000000000000000C05D803E01010000D5
:10FE50000000010080D7FF2FC05D22560000000087
:10FE60000000010040A4A845C05D007D0000000026
:10FE70000000010080D7FF2FC05D44AC01000000EE
:10FE8000000001008046A845C05D80BB0100000065
:10FE90000000000000000000007D401F0101010182
:10FEA0000000000000000000007D112B0101000097
:10FEB000000001008019E15C007DE02E01010000DE
:10FEC0000000010000375555007D803E0101000013
:10FED0000000000000000000007D2256010100002B
:10FEE00000000100806D702E007DC05D00000000EC
:10FEF0000000010000375555007D44AC00000000B3
:10FF000000000100002F702E007D80BB000000006B
:10FF100000000100005DAA2A44AC401F010101015C
:10FF200000000100D913335844AC112B0101010129
:10FF3000000000000000000044ACE02E01010101BF
:10FF400000000100E6B7CC3A44AC803E010100005D
:10FF500000000100C8E8325844AC225601010000FC
:10FF6000000000000000000044ACC05D0101000082
:10FF700000000100E6B7CC3A44AC007D0000000070
:10FF800000000100C8E8325844AC80BB000000000B
:10FF900000000100C461CC3A80BB401F0101010197
:10FFA00001010100F0EEFF2F80BB112B01010101C7
:10FFB0000000010020D3A84580BBE02E0101010113
:10FFC000000000000000000080BB803E0101000036
:10FFD0000000010000AFFF5F80BB2256010100005E
:10FFE0000000010040A4A84580BBC05D01010000E5
:10FFF000000000000000000080BB007D0101000047
:020000041004E6
:100000000000010080D7FF2F80BB44AC000000003F
:10001000000001008046A845312E302E390064656D
:100020006661756C745F62797061737300000000C3
:10003000000048414C5F415544434F4445435F52A3
:100040007848616C6643706C7443616C6C62616388
:100050006B0048414C5F415544434F4445435F5218
:100060007843706C7443616C6C6261636B006266B0
:10007000305F617564696F5F706C6C5F636F6E6633
:100080006967006266305F617564696F5F74726191
:100090006E73007570646174615F706C6C5F667222
:1000A00065710000BD7F01102D850110998401103C
:1000B000C17F0110398801100D830110C57F011027
:1000C00051860110E1810110F5850110000000004A
:1000D00080BB00000005000001050000007D00005D
:1000E0000005010001050000C05D0000000A0000DD
:1000F00000050200803E0000000A01000005020029
:10010000E02E0000000A020000050200401F00006F
:10011000000A03000005020044AC000001050001D4
:100120000105010022560000010502010105010040
:10013000112B0000010A02010005030080BB000032
:10014000000100004D01000504021414000000002D
:10015000007D0000000101004D010005040214149F
:1001600000000000C05D0000000105004D01000A14
:1001700002020A0A01000000803E000000010400A3
:100180004D0100050402141400000000E02E0000E0
:10019000000107004D0100140201050501000000E7
:1001A000401F0000000108004D01000A02020A0A77
:1001B0000100000044AC0000010100004D010105F8
:1001C0000402141400000000225600000101050082
:1001D0004D01010A02020A0A01000000112B000071
:1001E000010107004D010114020105050100000095
:1001F00072745F6C63645F6C617965725F636F6E6C
:1002000074726F6C0072745F6C63645F666F726DA2
:1002100061745F746F5F68616C5F6C63645F666F6D
:10022000726D6174004C434443315F4952514861DF
:100230006E646C6572000000E5AF0310ED7F031083
:10024000F57F0310FE7F03108D8103100A800310D9
:10025000168003100E7C03101A8003106C63645F19
:1002600077726567006C63645F72726567006261D4
:10027000636B6C6967745F676574006261636B6C64
:100280006967745F736574006179736E635F73652A
:100290006E645F636D706C745F63626B0061706944
:1002A0005F756E6C6F636B006578655F6C63645F30
:1002B000636F6E74726F6C5F636D647300736574EB
:1002C0005F77696E646F770053656E644C61796522
:1002D000724461746143706C7443626B0064726158
:1002E000775F636F7265006C63645F7461736B004A
:1002F0006170695F6C63645F696E697400736574D3
:100300005F6472765F6C63645F73746174650073BD
:10031000656E645F6D73675F746F5F6C63645F7459
:1003200061736B006170695F6C63645F636F6E74AF
:10033000726F6C00719A0110399A01100000000070
:100340000000000000000000119A0110DD9901106A
:10035000B99901106C636420636F6E74726F6C00E6
:100360005F5F636D645F6C63645F6374726C006C89
:1003700063645F77726567005F5F636D645F6C6382
:10038000645F77726567006C63645F7272656700B3
:100390005F5F636D645F6C63645F72726567006763
:1003A00065745F6C63645F70776D5F62676C6974BE
:1003B000005F5F636D645F6765745F6C63645F704B
:1003C000776D5F62676C697400647261775F636CFC
:1003D0006F73655F6F70656E5F7461736B00686FDC
:1003E000745F706C75675F696E5F6F75745F746161
:1003F000736B006472765F6C63645F746573740022
:10040000647276206C63642074657374005F5F634C
:100410006D645F6472765F6C63645F7465737400AF
:1004200074705F696E69745F7468726561645F653A
:100430006E7472790074705F696E697400696E69B8
:100440007400746F7563685F6170695F756E6C6F5F
:10045000636B00746F7563685F6170695F6C6F6375
:100460006B00636F6E74726F6C00546F75636820FD
:1004700070616E656C2064726976657220636D646C
:10048000005F5F636D645F74705F6374726C0065BE
:100490006E61626C6520746F7563682070616E6553
:1004A0006C206C6F67005F5F636D645F656E5F6497
:1004B000727674705F6C6F67006472765F657069E6
:1004C000635F696E6974006472765F6770755F63FD
:1004D0006C6F736500776169745F6770755F646FD7
:1004E0006E6500657069635F73656D5F72656C65ED
:1004F000617365007072696E745F6770755F6572B5
:10050000726F725F696E666F006472765F657069A4
:100510006320636F6E66696775726174696F6E00E0
:100520005F5F636D645F6472765F657069635F636C
:100530006667004145535F496E697400556E6C6F84
:10054000636B0048414C5F41737365727446616927
:100550006C6564006472765F6765745F626C657376
:1005600079735F636C6B006472765F6765745F6C50
:10057000707379735F636C6B006472765F67657428
:100580005F68707379735F636C6B005265626F6F45
:10059000742053797374656D005F5F636D645F727F
:1005A00065626F6F74006173736572745F636F6D02
:1005B0006D616E6400537769746368206465627569
:1005C00067207561727420746F206A6C696E6B00AD
:1005D0005F5F636D645F64626775617274326A6CD9
:1005E000696E6B00466F7263652061737365727428
:1005F000005F5F636D645F61737365727400425482
:1006000020545820706F7765722061646A75737426
:10061000005F5F636D645F7077725F6374726C001C
:1006200052656769737465722072656164202F205A
:100630007772697465005F5F636D645F7265676F91
:10064000700073657420616E616C6F67207061204B
:100650006D6F6465005F5F636D645F6170615F73A0
:1006600065745F6D6F6465004C43445F52656164FF
:10067000506978656C00000021D50110DDD40110AF
:10068000A5D301109BD301101DD401106DD401100E
:10069000EDD301109DD60110B1D3011079D3011013
:1006A00053D301102DD30110000000000000000002
:1006B00000000000000000000500000080F0FA02C9
:1006C000020000000000000001080000000000001F
:1006D000000000000000000000000000000000001A
:1006E000000000000000000000000000000000000A
:1006F00000000000000000000000000000000000FA
:1007000000000000000000006674363134365F637C
:100710006865636B5F74696D65725F637265617450
:1007200065006674363134365F6972715F68616E78
:10073000646C65720000000000000000F40100001D
:10074000801A060072745F6170706C69636174690D
:100750006F6E5F696E69740072745F646576696359
:10076000655F7365745F74785F636F6D706C6574DB
:10077000650072745F6465766963655F7365745F55
:1007800072785F696E6469636174650072745F6436
:1007900065766963655F636F6E74726F6C00727407
:1007A0005F6465766963655F77726974650072740A
:1007B0005F6465766963655F726561640072745F2A
:1007C0006465766963655F636C6F73650072745FFF
:1007D0006465766963655F6F70656E0072745F64EF
:1007E00065766963655F696E69740072745F6465DC
:1007F000766963655F66696E640072745F646576CE
:100800006963655F756E726567697374657200729E
:10081000745F7468726561645F69646C655F657854
:10082000637574650072745F6D715F7265637600E5
:1008300072745F6D715F73656E640072745F6D7169
:100840005F64656C6574650072745F6D715F63727F
:10085000656174650072745F6D715F696E697400C3
:1008600072745F6D757465785F72656C65617365D0
:100870000072745F6D757465785F74616B6500728A
:10088000745F6D757465785F63726561746500721D
:10089000745F6D757465785F696E69740072745FFA
:1008A00073656D5F636F6E74726F6C0072745F73EB
:1008B000656D5F72656C656173650072745F736509
:1008C0006D5F74616B650072745F73656D5F646505
:1008D0006C6574650072745F73656D5F63726561EA
:1008E00074650072745F73656D5F696E6974007220
:1008F000745F696E746572727570745F6C65617631
:1009000065003031323334353637383961626364EB
:100910006566003031323334353637383941424339
:1009200044454600000001000200010003000100F0
:1009300002000100040001000200010003000100A8
:100940000200010005000100020001000300010097
:100950000200010004000100020001000300010088
:100960000200010006000100020001000300010076
:100970000200010004000100020001000300010068
:100980000200010005000100020001000300010057
:100990000200010004000100020001000300010048
:1009A0000200010007000100020001000300010035
:1009B0000200010004000100020001000300010028
:1009C0000200010005000100020001000300010017
:1009D0000200010004000100020001000300010008
:1009E00002000100060001000200010003000100F6
:1009F00002000100040001000200010003000100E8
:100A000002000100050001000200010003000100D6
:100A100002000100040001000200010003000100C7
:100A20000200010072745F6672656500706C756724
:100A30005F686F6C65730072745F7265616C6C6F78
:100A4000630072745F6D616C6C6F6300696E6974D2
:100A50005F686561705F656E640072745F7379735F
:100A600074656D5F686561705F696E6974006C695B
:100A70007374206D656D6F72792075736167652081
:100A8000696E666F726D6174696F6E005F5F636D32
:100A9000645F6C6973745F6D656D0072745F6F6223
:100AA0006A6563745F6765745F74797065007274FA
:100AB0005F6F626A6563745F69735F73797374658E
:100AC0006D6F626A6563740072745F6F626A6563FA
:100AD000745F64656C6574650072745F6F626A65EB
:100AE00063745F616C6C6F636174650072745F6FD7
:100AF000626A6563745F6465746163680072745FE1
:100B00006F626A6563745F696E69740072745F73A3
:100B100063686564756C655F72656D6F76655F743B
:100B200068726561640072745F7363686564756C94
:100B3000655F696E736572745F7468726561640085
:100B40005F72745F7363686564756C65725F7374FC
:100B500061636B5F636865636B0072745F74687276
:100B60006561645F74696D656F75740072745F743C
:100B700068726561645F726573756D650072745F3C
:100B80007468726561645F73757370656E6400721A
:100B9000745F7468726561645F636F6E74726F6CAA
:100BA0000072745F7468726561645F736C65657010
:100BB0000072745F7468726561645F64656C65740B
:100BC000650072745F7468726561645F73746172EA
:100BD000747570005F72745F7468726561645F69D8
:100BE0006E69740072745F7468726561645F696EC7
:100BF00069740072745F74696D65725F636F6E749F
:100C0000726F6C0072745F74696D65725F73746F7C
:100C1000700072745F74696D65725F737461727471
:100C20000072745F74696D65725F64656C6574658C
:100C30000072745F74696D65725F64657461636886
:100C40000072745F74696D65725F696E69740067C4
:100C5000657474696D656F666461790000001F00DA
:100C60003B005A0078009700B500D400F300110152
:100C700030014E016D015F6570305F6F75745F6E9E
:100C80006F74696679005F76656E646F725F726516
:100C90007175657374006463645F6570305F73655C
:100CA0006E645F737461747573006463645F657010
:100CB0005F656E61626C65006463645F65705F644C
:100CC000697361626C65005F6765745F636F6E6610
:100CD0006967005F6765745F636F6E6669675F640D
:100CE000657363726970746F72006463645F7365C7
:100CF000745F616464726573730072745F757362AC
:100D0000645F6576656E745F7369676E616C0072AF
:100D1000745F757362645F6570305F7265616400F3
:100D200072745F757362645F6570305F7772697447
:100D3000650072745F757362645F646973636F6E7C
:100D40006E6563745F68616E646C65720072745F77
:100D5000757362645F636F6E6E6563745F68616E06
:100D6000646C65720072745F757362645F72657340
:100D700065745F68616E646C65720072745F757330
:100D800062645F65705F6F75745F68616E646C65E7
:100D9000720072745F757362645F65705F696E5F25
:100DA00068616E646C65720072745F757362645F13
:100DB0006570305F6F75745F68616E646C6572003A
:100DC00072745F757362645F6570305F696E5F68CF
:100DD000616E646C6572006463645F65705F726508
:100DE00061640072745F757362645F6570305F7315
:100DF000657475705F68616E646C65720072745FB3
:100E0000757362645F6570305F7365745F7374617E
:100E10006C6C006463645F65705F636C6561725FD6
:100E20007374616C6C0072745F757362645F636C81
:100E30006561725F66656174757265006463645FA5
:100E4000746573745F6D6F6465006463645F65707F
:100E50005F7365745F7374616C6C0072745F75733B
:100E600062645F7365745F66656174757265006462
:100E700063645F65705F77726974650072745F7533
:100E80007362645F65705F77726974650064636440
:100E90005F65705F726561645F70726570617265D5
:100EA0000072745F757362645F65705F7265616420
:100EB0005F707265706172650072745F75736264F1
:100EC0005F696F5F72657175657374006463645FF9
:100ED0007365745F636F6E6669670072745F7573C4
:100EE00062645F7365745F636F6E666967007274D6
:100EF0005F757362645F7365745F616C747365744E
:100F000074696E670072745F757362645F6F735F9C
:100F1000636F6D705F69645F646573635F61646470
:100F20005F6F735F66756E635F636F6D705F69643B
:100F30005F646573630072745F757362645F616C94
:100F40007473657474696E675F6164645F656E6411
:100F5000706F696E740072745F757362645F696E3E
:100F6000746572666163655F6164645F616C74730C
:100F7000657474696E670072745F757362645F662E
:100F8000756E6374696F6E5F6164645F696E7465CA
:100F900072666163650072745F757362645F636F2C
:100FA0006E6669675F6164645F66756E6374696FBE
:100FB0006E0072745F757362645F65705F617373F6
:100FC00069676E0072745F757362645F64657669E9
:100FD00063655F6164645F636F6E66696700727406
:100FE0005F757362645F66696E645F656E64706F7F
:100FF000696E740072745F757362645F66696E64B3
:101000005F616C7473657474696E670072745F7588
:101010007362645F66696E645F696E74657266614F
:1010200063650072745F757362645F66696E645FA6
:10103000636F6E6669670072745F757362645F6682
:10104000696E645F6465766963650072745F757369
:1010500062645F656E64706F696E745F6E65770061
:1010600072745F757362645F66756E6374696F6EC8
:101070005F6E65770072745F757362645F616C7434
:1010800073657474696E675F636F6E6669675F64CA
:10109000657363726970746F720072745F757362E6
:1010A000645F616C7473657474696E675F6E657795
:1010B0000072745F757362645F696E7465726661F5
:1010C00063655F6E65770072745F757362645F64F9
:1010D00065766963655F7365745F64657363726980
:1010E00070746F720072745F757362645F646576AA
:1010F0006963655F7365745F636F6E74726F6C6C48
:1011000065720072745F757362645F6465766963AB
:10111000655F7365745F7175616C6966696572009E
:1011200072745F757362645F6465766963655F732B
:1011300065745F6F735F636F6D705F69645F646533
:1011400073630072745F757362645F64657669636C
:10115000655F7365745F737472696E670000000089
:10116000000000000000AAAAAAAAAAAAAAAAEEEE53
:10117000EEEEEEEEEEEEFEFFFFFFFFFFFFFFFFFFE6
:10118000FFFF7FBFDFEFF7FBFDFC7EBFDFEFF7FB6D
:10119000FD7E5F66756E6374696F6E5F656E61621A
:1011A0006C65005F66756E6374696F6E5F6469730A
:1011B00061626C65006463645F6570305F73656E67
:1011C000645F737461747573005F696E74657266D1
:1011D0006163655F68616E646C6572005F65705F16
:1011E0006F75745F68616E646C6572005F65705FD7
:1011F000696E5F68616E646C65720072745F7573AE
:1012000062645F66756E6374696F6E5F6869645F60
:101210006372656174650000080B00010301000042
:10122000090400000203010000092110010001224D
:101230008900070580034000010705000340000105
:1012400005010906A1018501050719E029E7150037
:1012500025017501950881029501750881019505A3
:101260007501050819012905910295017503910180
:101270009506750815002565050719002965810083
:10128000C0050C0901A1018504050C150025017597
:1012900001950709B509B609B709CD09E209E909B8
:1012A000EA810295018101C0058C0901A101850532
:1012B000953F09037508150025FF8102953F090434
:1012C0007508150025FF9102C06466735F6E6F722A
:1012D0006D616C697A655F706174680066645F70E7
:1012E0007574006466735F6C6F636B006C69737414
:1012F0002066696C652064657363726970746F72CF
:10130000005F5F636D645F6C6973745F6664006344
:101310006F70792066696C65206F72206469720055
:10132000636F7079007072696E742066696C650015
:101330006361740072656D6F76652066696C6573B4
:10134000206F72206469726563746F7269657300DF
:10135000726D006C697374206469726563746F7276
:101360007920636F6E74656E7473006C73006466CD
:10137000735F66696C6573797374656D5F6C6F6FAD
:101380006B757000676574206469736B20667265A5
:1013900065006466006D616B6520612066696C653F
:1013A0002073797374656D006D6B667300000000C7
:1013B000FEA6031001A7031004A703106F70656E4B
:1013C000006368616E67652063757272656E742074
:1013D000776F726B696E67206469726563746F7290
:1013E00079006364006372656174652061206469DB
:1013F000726563746F7279006D6B64697200646604
:10140000735F6465766963655F66735F676574645F
:10141000656E7473006466735F6465766963655FA7
:1014200066735F6F70656E006466735F646576698E
:1014300063655F66735F636C6F7365006466735F9B
:101440006465766963655F66735F7772697465006A
:101450006466735F6465766963655F66735F726512
:101460006164006466735F6465766963655F667373
:101470005F696F63746C0000B5A303100000000087
:10148000A0140410F94C021000000000000000003D
:101490000000000000000000214E021000000000CB
:1014A000854E0210C54D0210014D02103D4D021037
:1014B000814D02100000000000000000554F021096
:1014C000FD4C021066696E73685F7365745F7072BD
:1014D0006F6D70745F6D6F6465006C69737420610B
:1014E0006C6C2073796D626F6C20696E20737973F8
:1014F00074656D006C697374006C69737420646545
:101500007669636520696E2073797374656D005F19
:101510005F636D645F6C6973745F6465766963654E
:10152000006C6973742064657669636520696E2058
:1015300073797374656D006C6973745F6465766943
:101540006365006C6973742074696D657220696EDF
:101550002073797374656D005F5F636D645F6C69A0
:1015600073745F74696D6572006C6973742074695B
:101570006D657220696E2073797374656D006C6996
:1015800073745F74696D6572006C697374206D6546
:101590006D6F727920706F6F6C20696E2073797334
:1015A00074656D005F5F636D645F6C6973745F6D1C
:1015B000656D706F6F6C006C697374206D656D6F15
:1015C000727920706F6F6C20696E20737973746507
:1015D0006D006C6973745F6D656D706F6F6C006C1E
:1015E000697374206D6573736167652071756575C6
:1015F0006520696E2073797374656D005F5F636D3C
:10160000645F6C6973745F6D736771756575650090
:101610006C697374206D657373616765207175659E
:10162000756520696E2073797374656D006C6973DC
:10163000745F6D73677175657565006C697374208F
:101640006D61696C20626F7820696E2073797374A4
:10165000656D005F5F636D645F6C6973745F6D617E
:10166000696C626F78006C697374206D61696C20BD
:10167000626F7820696E2073797374656D006C6990
:1016800073745F6D61696C626F78006C697374204C
:101690006D7574657820696E2073797374656D005B
:1016A0005F5F636D645F6C6973745F6D757465789B
:1016B000006C697374206D7574657820696E207391
:1016C000797374656D006C6973745F6D757465789A
:1016D000006C697374206576656E7420696E207382
:1016E000797374656D005F5F636D645F6C697374BB
:1016F0005F6576656E74006C697374206576656EDF
:101700007420696E2073797374656D006C697374ED
:101710005F6576656E74006C6973742073656D61C6
:1017200070686F726520696E2073797374656D00DF
:101730005F5F636D645F6C6973745F73656D006C8C
:101740006973742073656D6170686F726520696E6E
:101750002073797374656D006C6973745F73656D64
:10176000006C69737420746872656164005F5F6304
:101770006D645F6C6973745F746872656164006C3A
:1017800069737420746872656164006C6973745F56
:101790007468726561640073686F77205254202DFD
:1017A000205468726561642076657273696F6E207B
:1017B000696E666F726D6174696F6E005F5F636DF5
:1017C000645F76657273696F6E0073686F7720521D
:1017D00054202D20546872656164207665727369A7
:1017E0006F6E20696E666F726D6174696F6E0076E0
:1017F000657273696F6E007361792068656C6C6FD8
:1018000020776F726C640068656C6C6F000000007C
:1018100015AC031026AC031033AC031045AC031019
:1018200050AC03105BAC03105FAC03106CAC031046
:101830007BAC031083AC031094AC0310A1AC031079
:10184000A9AC0310B4AC0310BDAC0310CEAC0310B4
:10185000D3AC0310E1AC0310EEAC031003AD0310E6
:1018600011AD0310CDA703105254202D20546872DF
:10187000656164207368656C6C2068656C702E000F
:101880005F5F636D645F68656C70004368616E677D
:1018900065204D5348202F2046494E534820636F02
:1018A0006E736F6C65206465766963652E005F5F9B
:1018B000636D645F636F6E736F6C650053686F7701
:1018C00020746865206D656D6F727920757361672E
:1018D0006520696E207468652073797374656D2E58
:1018E000005F5F636D645F66726565004578656380
:1018F00075746520636F6D6D616E642077697468BF
:101900002074696D652E005F5F636D645F74696D3F
:1019100065004C6973742074687265616473206932
:101920006E207468652073797374656D2E005F5F37
:10193000636D645F7073006563686F2073747269B0
:101940006E6720746F2066696C65005F5F636D640D
:101950005F6563686F006469736B2066726565001C
:101960005F5F636D645F6466006D6F756E742064A5
:10197000657669636520746F2066696C652073798C
:101980007374656D005F5F636D645F6D6F756E741A
:10199000667300666F726D6174206469736B207783
:1019A0006974682066696C652073797374656D006D
:1019B0005F5F636D645F6D6B667300437265617436
:1019C0006520746865204449524543544F52592E4E
:1019D000005F5F636D645F6D6B6469720050726974
:1019E0006E7420746865206E616D65206F6620746A
:1019F00068652063757272656E7420776F726B69AB
:101A00006E67206469726563746F72792E005F5F20
:101A1000636D645F707764004368616E676520740E
:101A20006865207368656C6C20776F726B696E6790
:101A3000206469726563746F72792E005F5F636DF5
:101A4000645F63640052656D6F766528756E6C69BE
:101A50006E6B29207468652046494C452873292EF1
:101A6000005F5F636D645F726D00436F6E636174EE
:101A7000656E6174652046494C45287329005F5F97
:101A8000636D645F6361740052656E616D652053C0
:101A90004F5552434520746F20444553542E005FE8
:101AA0005F636D645F6D7600436F707920534F55AF
:101AB00052434520746F20444553542E005F5F63AA
:101AC0006D645F6370004C69737420696E666F7239
:101AD0006D6174696F6E2061626F757420746865E2
:101AE0002046494C45732E005F5F636D645F6C73E5
:101AF0000072745F70696E5F726561640072745F1A
:101B000070696E5F77726974650072745F70696E78
:101B10005F6D6F6465007570646174655F70696E98
:101B20005F6972710072745F70696E5F6972715F74
:101B3000656E61626C650072745F70696E5F64658A
:101B4000746163685F6972710072745F70696E5F5F
:101B50006174746163685F697271005F70696E5F60
:101B600072656164007570646174655F70696E5F51
:101B700076616C7565005F70696E5F777269746518
:101B8000006164645F70696E5F6D6F6465005F70B3
:101B9000696E5F636F6E74726F6C00726561642052
:101BA0007374617475732066726F6D2068617264FE
:101BB000776172652070696E0070696E526561644C
:101BC0000077726974652076616C756520746F208A
:101BD00068617264776172652070696E0070696E09
:101BE0005772697465007365742068617264776107
:101BF00072652070696E206D6F64650070696E4D4E
:101C00006F64650072745F6164635F6469736162CD
:101C10006C650072745F6164635F656E61626C65C0
:101C20000072745F6164635F726561640061646324
:101C30002066756E6374696F6E005F5F636D645FCD
:101C40006164630072745F6932635F6D61737465B0
:101C5000725F726563760072745F6932635F636F8F
:101C60006E6669677572650072745F6932635F637F
:101C70006F6E74726F6C0072745F6932635F636C55
:101C80006F73650072745F6932635F6F70656E00B9
:101C90006932635F6275735F6465766963655F6F00
:101CA00070656E006932635F6275735F6465766943
:101CB00063655F636C6F7365006932635F62757340
:101CC0005F6465766963655F72656164006932634C
:101CD0005F6275735F6465766963655F7772697467
:101CE00065006932635F6275735F64657669636519
:101CF0005F636F6E74726F6C0072745F6932635FE2
:101D00006275735F6465766963655F646576696350
:101D1000655F696E69740072745F64657669636596
:101D20005F687774696D65725F7265676973746502
:101D3000720072745F6465766963655F6877746961
:101D40006D65725F697372005F617564696F5F646E
:101D500065765F696E6974005F617564696F5F6461
:101D600065765F6F70656E005F617564696F5F6453
:101D700065765F636C6F7365005F617564696F5F43
:101D80006465765F72656164005F617564696F5F49
:101D90006465765F7772697465005F617564696F09
:101DA0005F73656E645F7265706C61795F667261A6
:101DB0006D65005F617564696F5F6465765F636F11
:101DC0006E74726F6C0072745F617564696F5F72BC
:101DD00065676973746572005F72745F70697065BE
:101DE0005F726573756D655F777269746572007295
:101DF000745F706970655F72656164005F72745FC3
:101E0000706970655F726573756D655F7265616439
:101E100065720072745F706970655F77726974656E
:101E20000072745F617564696F5F706970655F6986
:101E30006E697400676574206461746520616E6406
:101E40002074696D65206F7220736574205B7965FD
:101E50006172206D6F6E74682064617920686F759F
:101E600072206D696E207365635D005F5F636D64F2
:101E70005F73686F775F6461746500736574207465
:101E8000696D652E20652E673A207365745F7469ED
:101E90006D652832332C2035392C203539290073D3
:101EA00065745F74696D6500736574206461746541
:101EB0002E20652E673A207365745F64617465280F
:101EC000323031302C20322C2032382900736574A6
:101ED0005F646174650073686F7720646174652066
:101EE000616E642074696D652E005F5F636D645F71
:101EF0006C6973745F646174650072745F646D61B2
:101F00005F726563765F7570646174655F70757428
:101F10005F696E6465780072745F68775F7365727D
:101F200069616C5F6973720072745F736572696175
:101F30006C5F696E69740072745F73657269616C5D
:101F40005F6F70656E0072745F73657269616C5F5C
:101F5000636C6F73650072745F646D615F7265635B
:101F6000765F7570646174655F6765745F696E64E0
:101F70006578005F73657269616C5F646D615F7243
:101F800078005F73657269616C5F696E745F727807
:101F90000072745F73657269616C5F726561640081
:101FA0005F73657269616C5F696E745F74780072EB
:101FB000745F73657269616C5F7772697465005FE5
:101FC00073657269616C5F6669666F5F63616C639C
:101FD0005F7265637665645F6C656E0072745F73D3
:101FE000657269616C5F636F6E74726F6C007365AC
:101FF0007269616C5F666F70735F6F70656E00739E
:10200000657269616C5F666F70735F706F6C6C0096
:1020100072745F68775F73657269616C5F72656720
:102020006973746572000000957F02107F7F021053
:10203000797F02103B7F02102D7F0210000000000C
:1020400000000000000000002D7E021072745F632B
:102050006F6D706C6574696F6E5F646F6E65007232
:10206000745F636F6D706C6574696F6E5F776169C3
:10207000740072745F636F6D706C6574696F6E5F0E
:10208000696E69740072745F646174615F71756513
:1020900075655F6465696E69740072745F6461740C
:1020A000615F71756575655F7065616B0072745F06
:1020B000646174615F71756575655F706F700072E2
:1020C000745F646174615F71756575655F70757368
:1020D000680072745F646174615F71756575655FD6
:1020E000696E69740072745F72696E6762756666A4
:1020F00065725F72657365740072745F72696E6792
:102100006275666665725F6765740072745F726996
:102110006E676275666665725F7075745F666F7212
:1021200063650072745F72696E6762756666657278
:102130005F7075740072745F72696E67627566664F
:1021400065725F696E69740072745F777175657529
:10215000655F776169740000000000001F000000E7
:102160003B0000005A0000007800000097000000CB
:10217000B5000000D4000000F300000011010000D1
:10218000300100004E0100001F0000001C00000094
:102190001F0000001E0000001F0000001E000000C5
:1021A0001F0000001F0000001E0000001F000000B4
:1021B0001E0000001F000000545A0000474D54004C
:1021C0002531315B2D2B302D39412D5A612D7A5D12
:1021D000256E00002531315B412D5A612D7A5D2538
:1021E0006E000000256875256E3A256875256E3AE3
:1021F000256875256E0000004D256875256E2E2515
:102200006875256E2E256875256E00002F2568756A
:10221000256E3A256875256E3A256875256E00008D
:10222000494E4600696E66004E414E006E616E007A
:10223000303132333435363738396162636465663C
:1022400000000000303132333435363738394142FE
:102250004344454600000000286E756C6C29000060
:1022600030000000252E337320252E337325336470
:1022700020252E32643A252E32643A252E326420EF
:1022800025640A002E0000004C435F434F4C4C4134
:10229000544500004C435F43545950450000000032
:1022A0004C435F4D4F4E4554415259004C435F4E95
:1022B000554D4552494300004C435F54494D45003C
:1022C0004C435F4D45535341474553004A495300E2
:1022D000534A4953000000004555434A500000004E
:1022E000496E66696E697479000000004E614E00A7
:1022F00042616C6C6F6320737563636565646564CC
:10230000000000002F566F6C756D65732F6461744B
:10231000612F6A656E6B696E732F776F726B737066
:102320006163652F474E552D746F6F6C63686169EB
:102330006E2F61726D2D31342F7372632F6E65773E
:102340006C69622D63796777696E2F6E65776C694A
:10235000622F6C6962632F7374646C69622F64749A
:102360006F612E63000000002F566F6C756D6573F2
:102370002F646174612F6A656E6B696E732F776F5E
:10238000726B73706163652F474E552D746F6F6C60
:10239000636861696E2F61726D2D31342F737263C2
:1023A0002F6E65776C69622D63796777696E2F6E22
:1023B00065776C69622F6C6962632F7374646C69F2
:1023C000622F6D707265632E630000002C206675AD
:1023D0006E6374696F6E3A2000000000617373656C
:1023E0007274696F6E2022257322206661696C65A4
:1023F000643A2066696C6520222573222C206C6962
:102400006E65202564257325730A000000202020B6
:102410002020202020202828282828202020202094
:102420002020202020202020202020202088101064
:1024300010101010101010101010101010040404C0
:10244000040404040404041010101010101041417E
:10245000414141410101010101010101010101016C
:102460000101010101010101101010101010424280
:10247000424242420202020202020202020202023C
:1024800002020202020202021010101020000000DC
:10249000000000000000000000000000000000003C
:1024A000000000000000000000000000000000002C
:1024B000000000000000000000000000000000001C
:1024C000000000000000000000000000000000000C
:1024D00000000000000000000000000000000000FC
:1024E00000000000000000000000000000000000EC
:1024F00000000000000000000000000000000000DC
:1025000000000000000000000000000000000000CB
:102510000A00010002000300040005000600070095
:10252000080009000A000B000C000D000E000F004F
:10253000100000003030303030303030303030304B
:10254000303030302020202020202020202020204B
:10255000202020204A616E4665624D617241707292
:102560004D61794A756E4A756C4175675365704F58
:1025700063744E6F7644656353756E4D6F6E54751C
:10258000655765645468754672695361740000004C
:102590001F0000001C0000001F0000001E000000C3
:1025A0001F0000001E0000001F0000001F000000B0
:1025B0001E0000001F0000001E0000001F000000A1
:1025C0001F0000001D0000001F0000001E00000092
:1025D0001F0000001E0000001F0000001F00000080
:1025E0001E0000001F0000001E0000001F00000071
:1025F0000C5F104E154E2A4E314E364E3C4E3F4E1D
:10260000424E564E584E824E854E6B8C8A4E1282EA
:102610000D5F8E4E9E4E9F4EA04EA24EB04EB34EBC
:10262000B64ECE4ECD4EC44EC64EC24ED74EDE4EE8
:10263000ED4EDF4EF74E094F5A4F304F5B4F5D4F17
:10264000574F474F764F884F8F4F984F7B4F694F6B
:10265000704F914F6F4F864F964F1851D44FDF4FA9
:10266000CE4FD84FDB4FD14FDA4FD04FE44FE54F2D
:102670001A50285014502A50255005501C4FF64F20
:10268000215029502C50FE4FEF4F1150065043500F
:10269000475003675550505048505A5056506C5050
:1026A000785080509A508550B450B250C950CA509A
:1026B000B350C250D650DE50E550ED50E350EE50CE
:1026C000F950F5500951015102511651155114514B
:1026D0001A5121513A5137513C513B513F514051D0
:1026E00052514C5154516251F87A69516A516E51AC
:1026F00080518251D8568C5189518F5191519351AB
:1027000095519651A451A651A251A951AA51AB512C
:10271000B351B151B251B051B551BD51C551C9516B
:10272000DB51E0515586E951ED51F051F551FE5123
:1027300004520B5214520E5227522A522E52335226
:1027400039524F5244524B524C525E5254526A527A
:102750007452695273527F527D528D5294529252EA
:10276000715288529152A88FA78FAC52AD52BC5271
:10277000B552C152CD52D752DE52E352E652ED98D5
:10278000E052F352F552F852F95206530853387595
:102790000D5310530F5315531A5323532F533153C3
:1027A00033533853405346534553174E49534D53B3
:1027B000D6515E5369536E5318597B5377538253E6
:1027C0009653A053A653A553AE53B053B653C35319
:1027D000127CD996DF53FC66EE71EE53E853ED534D
:1027E000FA5301543D5440542C542D543C542E540F
:1027F000365429541D544E548F5475548E545F547E
:1028000071547754705492547B5480547654845449
:1028100090548654C754A254B854A554AC54C454CC
:10282000C854A854AB54C254A454BE54BC54D85435
:10283000E554E6540F551455FD54EE54ED54FA5436
:10284000E2543955405563554C552E555C55455508
:1028500056555755385533555D5599558055AF5494
:102860008A559F557B557E5598559E55AE557C553E
:102870008355A9558755A855DA55C555DF55C45513
:10288000DC55E455D4551456F7551656FE55FD55EE
:102890001B56F9554E565056DF7134563656325641
:1028A00038566B5664562F566C566A568656805666
:1028B0008A56A05694568F56A556AE56B656B4565E
:1028C000C256BC56C156C356C056C856CE56D1562F
:1028D000D356D756EE56F9560057FF5604570957A8
:1028E00008570B570D57135718571657C7551C57EE
:1028F0002657375738574E573B5740574F5769570A
:10290000C057885761577F5789579357A057B35778
:10291000A457AA57B057C357C657D457D257D357FF
:102920000A58D657E3570B5819581D587258215852
:1029300062584B587058C06B52583D58795885585A
:10294000B9589F58AB58BA58DE58BB58B858AE580B
:10295000C558D358D158D758D958D858E558DC5805
:10296000E458DF58EF58FA58F958FB58FC58FD580E
:1029700002590A5910591B59A66825592C592D5925
:10298000325938593E59D27A555950594E595A5997
:1029900058596259605967596C5969597859815920
:1029A0009D595E4FAB4FA359B259C659E859DC59EE
:1029B0008D59D959DA59255A1F5A115A1C5A095A90
:1029C0001A5A405A6C5A495A355A365A625A6A5AF1
:1029D0009A5ABC5ABE5ACB5AC25ABD5AE35AD75A0F
:1029E000E65AE95AD65AFA5AFB5A0C5B0B5B165B4D
:1029F000325BD05A2A5B365B3E5B435B455B405B98
:102A0000515B555B5A5B5B5B655B695B705B735BE2
:102A1000755B785B88657A5B805B835BA65BB85B84
:102A2000C35BC75BC95BD45BD05BE45BE65BE25B2B
:102A3000DE5BE55BEB5BF05BF65BF35B055C075C29
:102A4000085C0D5C135C205C225C285C385C395CA3
:102A5000415C465C4E5C535C505C4F5C715B6C5CF3
:102A60006E5C624E765C795C8C5C915C945C9B598C
:102A7000AB5CBB5CB65CBC5CB75CC55CBE5CC75C9D
:102A8000D95CE95CFD5CFA5CED5C8C5DEA5C0B5D3D
:102A9000155D175D5C5D1F5D1B5D115D145D225D45
:102AA0001A5D195D185D4C5D525D4E5D4B5D6C5D50
:102AB000735D765D875D845D825DA25D9D5DAC5DCD
:102AC000AE5DBD5D905DB75DBC5DC95DCD5DD35D47
:102AD000D25DD65DDB5DEB5DF25DF55D0B5E1A5E92
:102AE000195E115E1B5E365E375E445E435E405E7D
:102AF0004E5E575E545E5F5E625E645E475E755E0C
:102B0000765E7A5EBC9E7F5EA05EC15EC25EC85E7F
:102B1000D05ECF5ED65EE35EDD5EDA5EDB5EE25EF9
:102B2000E15EE85EE95EEC5EF15EF35EF05EF45E4F
:102B3000F85EFE5E035F095F5D5F5C5F0B5F115FC8
:102B4000165F295F2D5F385F415F485F4C5F4E5FC6
:102B50002F5F515F565F575F595F615F6D5F735FB6
:102B6000775F835F825F7F5F8A5F885F915F875F48
:102B70009E5F995F985FA05FA85FAD5FBC5FD65F07
:102B8000FB5FE45FF85FF15FDD5FB360FF5F2160D3
:102B900060601960106029600E6031601B60156014
:102BA0002B6026600F603A605A6041606A6077600F
:102BB0005F604A6046604D6063604360646042608D
:102BC0006C606B60596081608D60E76083609A60C3
:102BD00084609B60966097609260A7608B60E16004
:102BE000B860E060D360B460F05FBD60C660B5609F
:102BF000D8604D6115610661F660F7600061F460B0
:102C0000FA6003612161FB60F1600D610E61476153
:102C10003E61286127614A613F613C612C613461FA
:102C20003D614261446173617761586159615A61E4
:102C30006B6174616F61656171615F615D61536159
:102C40007561996196618761AC6194619A618A61ED
:102C50009161AB61AE61CC61CA61C961F761C86164
:102C6000C361C661BA61CB61797FCD61E661E36121
:102C7000F661FA61F461FF61FD61FC61FE61006271
:102C8000086209620D620C6214621B621E6221629C
:102C90002A622E6230623262336241624E625E624A
:102CA00063625B62606268627C62826289627E6289
:102CB000926293629662D46283629462D762D162B6
:102CC000BB62CF62FF62C662D464C862DC62CC625F
:102CD000CA62C262C7629B62C9620C63EE62F16241
:102CE000276302630863EF62F56250633E634D63DE
:102CF0001C644F6396638E638063AB637663A363E8
:102D00008F6389639F63B5636B636963BE63E963C4
:102D1000C063C663E363C963D263F663C4631664C6
:102D2000346406641364266436641D65176428647D
:102D30000F6467646F6476644E642A659564936477
:102D4000A564A9648864BC64DA64D264C564C76499
:102D5000BB64D864C264F164E7640982E064E1643E
:102D6000AC62E364EF642C65F664F464F264FA64C4
:102D70000065FD6418651C650565246523652B6584
:102D8000346535653765366538654B754865566514
:102D900055654D6558655E655D65726578658265EA
:102DA00083658A8B9B659F65AB65B765C365C665A3
:102DB000C165C465CC65D265DB65D965E065E16553
:102DC000F16572670A660366FB657367356636668A
:102DD00034661C664F664466496641665E665D669B
:102DE0006466676668665F66626670668366886644
:102DF0008E668966846698669D66C166B966C96690
:102E0000BE66BC66C466B866D666DA66E0663F66CD
:102E1000E666E966F066F566F7660F6716671E6791
:102E20002667276738972E673F6736674167386799
:102E3000376746675E676067596763676467896776
:102E40007067A9677C676A678C678B67A667A167ED
:102E50008567B767EF67B467EC67B367E967B8671B
:102E6000E467DE67DD67E267EE67B967CE67C6676E
:102E7000E7679C6A1E684668296840684D68326842
:102E80004E68B3682B685968636877687F689F6885
:102E90008F68AD6894689D689B688368AE6AB968FE
:102EA0007468B568A068BA680F698D687E68016942
:102EB000CA680869D86822692669E1680C69CD6822
:102EC000D468E768D568366912690469D768E36829
:102ED0002569F968E068EF6828692A691A69236931
:102EE0002169C668796977695C6978696B69546931
:102EF0007E696E69396974693D69596930696169CA
:102F00005E695D6981696A69B269AE69D069BF69E4
:102F1000C169D369BE69CE69E85BCA69DD69BB690D
:102F2000C369A7692E6A9169A0699C699569B469AA
:102F3000DE69E869026A1B6AFF690A6BF969F2696E
:102F4000E769056AB1691E6AED69146AEB690A6A84
:102F5000126AC16A236A136A446A0C6A726A366A20
:102F6000786A476A626A596A666A486A386A226A8F
:102F7000906A8D6AA06A846AA26AA36A976A1786B1
:102F8000BB6AC36AC26AB86AB36AAC6ADE6AD16AEB
:102F9000DF6AAA6ADA6AEA6AFB6A056B1686FA6A67
:102FA000126B166B319B1F6B386B376BDC76396B92
:102FB000EE98476B436B496B506B596B546B5B6B73
:102FC0005F6B616B786B796B7F6B806B846B836BF2
:102FD0008D6B986B956B9E6BA46BAA6BAB6BAF6B99
:102FE000B26BB16BB36BB76BBC6BC66BCB6BD36B9C
:102FF000DF6BEC6BEB6BF36BEF6BBE9E086C136CD3
:10300000146C1B6C246C236C5E6C556C626C6A6C6B
:10301000826C8D6C9A6C816C9B6C7E6C686C736C32
:10302000926C906CC46CF16CD36CBD6CD76CC56C3D
:10303000DD6CAE6CB16CBE6CBA6CDB6CEF6CD96CD9
:10304000EA6C1F6D4D88366D2B6D3D6D386D196DB9
:10305000356D336D126D0C6D636D936D646D5A6DCE
:10306000796D596D8E6D956DE46F856DF96D156E89
:103070000A6EB56DC76DE66DB86DC66DEC6DDE6D33
:10308000CC6DE86DD26DC56DFA6DD96DE46DD56D01
:10309000EA6DEE6D2D6E6E6E2E6E196E726E5F6E37
:1030A0003E6E236E6B6E2B6E766E4D6E1F6E436E94
:1030B0003A6E4E6E246EFF6E1D6E386E826EAA6E74
:1030C000986EC96EB76ED36EBD6EAF6EC46EB26EC3
:1030D000D46ED56E8F6EA56EC26E9F6E416F116FEE
:1030E0004C70EC6EF86EFE6E3F6FF26E316FEF6EED
:1030F000326FCC6E3E6F136FF76E866F7A6F786F9C
:10310000816F806F6F6F5B6FF36F6D6F826F7C6F1E
:10311000586F8E6F916FC26F666FB36FA36FA16FA1
:10312000A46FB96FC66FAA6FDF6FD56FEC6FD46FE6
:10313000D86FF16FEE6FDB6F09700B70FA6F117063
:1031400001700F70FE6F1B701A70746F1D70187015
:103150001F7030703E703270517063709970927051
:10316000AF70F170AC70B870B370AE70DF70CB70D0
:10317000DD70D9700971FD701C711971657155711F
:103180008871667162714C7156716C718F71FB71CF
:1031900084719571A871AC71D771B971BE71D2711A
:1031A000C971D471CE71E071EC71E771F571FC7188
:1031B000F971FF710D7210721B7228722D722C72D0
:1031C000307232723B723C723F72407246724B7286
:1031D000587274727E728272817287729272967263
:1031E000A272A772B972B272C372C672C472CE7280
:1031F000D272E272E072E172F972F7720F501773D5
:103200000A731C7316731D7334732F73297325731C
:103210003E734E734F73D89E57736A73687370739F
:10322000787375737B737A73C873B373CE73BB7320
:10323000C073E573EE73DE73A27405746F74257446
:10324000F87332743A7455743F745F7459744174EE
:103250005C746974707463746A7476747E748B744D
:103260009E74A774CA74CF74D474F173E074E37459
:10327000E774E974EE74F274F074F174F874F7742E
:103280000475037505750C750E750D75157513753B
:103290001E7526752C753C7544754D754A754975B6
:1032A0005B7546755A756975647567756B756D756F
:1032B000787576758675877574758A758975827562
:1032C00094759A759D75A575A375C275B375C3750B
:1032D000B575BD75B875BC75B175CD75CA75D27546
:1032E000D975E375DE75FE75FF75FC750176F075B1
:1032F000FA75F275F3750B760D7609761F762776DB
:103300002076217622762476347630763B764776A0
:10331000487646765C765876617662766876697627
:103320006A7667766C7670767276767678767C7664
:103330008076837688768B768E7696769376997677
:103340009A76B076B476B876B976BA76C276CD7615
:10335000D676D276DE76E176E576E776EA762F8661
:10336000FB76087707770477297724771E77257708
:1033700026771B773777387747775A7768776B7771
:103380005B7765777F777E7779778E778B779177A5
:10339000A0779E77B077B677B977BF77BC77BD77E0
:1033A000BB77C777CD77D777DA77DC77E377EE77B8
:1033B000FC770C781278267920782A7945788E78EF
:1033C000747886787C789A788C78A378B578AA789F
:1033D000AF78D178C678CB78D478BE78BC78C57809
:1033E000CA78EC78E778DA78FD78F478077912799A
:1033F000117919792C792B794079607957795F792E
:103400005A79557953797A797F798A799D79A7792B
:103410004B9FAA79AE79B379B979BA79C979D57957
:10342000E779EC79E179E379087A0D7A187A197AF3
:10343000207A1F7A8079317A3B7A3E7A377A437ADA
:10344000577A497A617A627A697A9D9F707A797A35
:103450007D7A887A977A957A987A967AA97AC87ACC
:10346000B07AB67AC57AC47ABF7A8390C77ACA7AB4
:10347000CD7ACF7AD57AD37AD97ADA7ADD7AE17AC7
:10348000E27AE67AED7AF07A027B0F7B0A7B067BA2
:10349000337B187B197B1E7B357B287B367B507BEF
:1034A0007A7B047B4D7B0B7B4C7B457B757B657B03
:1034B000747B677B707B717B6C7B6E7B9D7B987B69
:1034C0009F7B8D7B9C7B9A7B8B7B927B8F7B5D7BB9
:1034D000997BCB7BC17BCC7BCF7BB47BC67BDD7BFD
:1034E000E97B117C147CE67BE57B607C007C077CBF
:1034F000137CF37BF77B177C0D7CF67B237C277C8E
:103500002A7C1F7C377C2B7C3D7C4C7C437C547C10
:103510004F7C407C507C587C5F7C647C567C657C16
:103520006C7C757C837C907CA47CAD7CA27CAB7C29
:10353000A17CA87CB37CB27CB17CAE7CB97CBD7C28
:10354000C07CC57CC27CD87CD27CDC7CE27C3B9B92
:10355000EF7CF27CF47CF67CFA7C067D027D1C7D9F
:10356000157D0A7D457D4B7D2E7D327D3F7D357DF0
:10357000467D737D567D4E7D727D687D6E7D4F7D6F
:10358000637D937D897D5B7D8F7D7D7D9B7DBA7D18
:10359000AE7DA37DB57DC77DBD7DAB7D3D7EA27D2E
:1035A000AF7DDC7DB87D9F7DB07DD87DDD7DE47D08
:1035B000DE7DFB7DF27DE17D057E0A7E237E217E20
:1035C000127E317E1F7E097E0B7E227E467E667EC7
:1035D0003B7E357E397E437E377E327E3A7E677E05
:1035E0005D7E567E5E7E597E5A7E797E6A7E697EDB
:1035F0007C7E7B7E837ED57D7D7EAE8F7F7E887E4A
:10360000897E8C7E927E907E937E947E967E8E7E48
:103610009B7E9C7E387F3A7F457F4C7F4D7F4E7FDF
:10362000507F517F557F547F587F5F7F607F687FD9
:10363000697F677F787F827F867F837F887F877FB0
:103640008C7F947F9E7F9D7F9A7FA37FAF7FB27F89
:10365000B97FAE7FB67FB87F718BC57FC67FCA7FCB
:10366000D57FD47FE17FE67FE97FF37FF97FDC9828
:10367000068004800B801280188019801C802180B5
:1036800028803F803B804A804680528058805A8004
:103690005F806280688073807280708076807980BD
:1036A0007D807F808480868085809B8093809A80C7
:1036B000AD809051AC80DB80E580D980DD80C48016
:1036C000DA80D6800981EF80F1801B8129812381F6
:1036D0002F814B818B9646813E8153815181FC80A5
:1036E00071816E81658166817481838188818A811F
:1036F00080818281A0819581A481A3815F81938152
:10370000A981B081B581BE81B881BD81C081C281EE
:10371000BA81C981CD81D181D981D881C881DA812D
:10372000DF81E081E781FA81FB81FE8101820282F3
:10373000058207820A820D821082168229822B82DC
:10374000388233824082598258825D825A825F82F7
:103750006482628268826A826B822E827182778240
:1037600078827E828D829282AB829F82BB82AC8283
:10377000E182E382DF82D282F482F382FA8293834F
:103780000383FB82F982DE820683DC820983D9828D
:103790003583348316833283318340833983508366
:1037A00045832F832B831783188385839A83AA836A
:1037B0009F83A283968323838E8387838A837C83DC
:1037C000B58373837583A0838983A883F48313846B
:1037D000EB83CE83FD830384D8830B84C183F7837B
:1037E0000784E083F2830D8422842084BD8338849F
:1037F0000685FB836D842A843C845A85848477847F
:103800006B84AD846E848284698446842C846F8446
:1038100079843584CA846284B984BF849F84D984BE
:10382000CD84BB84DA84D084C184C684D684A18448
:103830002185FF84F484178518852C851F851585BF
:103840001485FC84408563855885488541850286BA
:103850004B8555858085A485888591858A85A88531
:103860006D8594859B85EA8587859C8577857E8592
:103870009085C985BA85CF85B985D085D585DD8503
:10388000E585DC85F9850A8613860B86FE85FA8533
:10389000068622861A8630863F864D86554E548689
:1038A0005F86678671869386A386A986AA868B869D
:1038B0008C86B686AF86C486C686B086C9862388BF
:1038C000AB86D486DE86E986EC86DF86DB86EF86ED
:1038D00012870687088700870387FB861187098779
:1038E0000D87F9860A8734873F8737873B87258787
:1038F00029871A8760875F8778874C874E87748708
:10390000578768876E875987538763876A870588D3
:10391000A2879F878287AF87CB87BD87C087D087E5
:10392000D696AB87C487B387C787C687BB87EF8721
:10393000F287E0870F880D88FE87F687F7870E8865
:10394000D287118816881588228821883188368880
:10395000398827883B8844884288528859885E88FD
:1039600062886B8881887E889E8875887D88B58806
:103970007288828897889288AE889988A2888D8874
:10398000A488B088BF88B188C388C488D488D88800
:10399000D988DD88F9880289FC88F488E888F2886B
:1039A00004890C890A89138943891E8925892A89F2
:1039B0002B89418944893B89368938894C891D89FD
:1039C00060895E89668964896D896A896F8974896D
:1039D00077897E89838988898A8993899889A18949
:1039E000A989A689AC89AF89B289BA89BD89BF89FD
:1039F000C089DA89DC89DD89E789F489F889038A55
:103A0000168A108A0C8A1B8A1D8A258A368A418A60
:103A10005B8A528A468A488A7C8A6D8A6C8A628A64
:103A2000858A828A848AA88AA18A918AA58AA68A96
:103A30009A8AA38AC48ACD8AC28ADA8AEB8AF38AEE
:103A4000E78AE48AF18A148BE08AE28AF78ADE8ABE
:103A5000DB8A0C8B078B1A8BE18A168B108B178BEA
:103A6000208B338BAB97268B2B8B3E8B288B418BFC
:103A70004C8B4F8B4E8B498B568B5B8B5A8B6B8B46
:103A80005F8B6C8B6F8B748B7D8B808B8C8B8E8B19
:103A9000928B938B968B998B9A8B3A8C418C3F8C23
:103AA000488C4C8C4E8C508C558C628C6C8C788CE9
:103AB0007A8C828C898C858C8A8C8D8C8E8C948C63
:103AC0007C8C988C1D62AD8CAA8CBD8CB28CB38C16
:103AD000AE8CB68CC88CC18CE48CE38CDA8CFD8CFB
:103AE000FA8CFB8C048D058D0A8D078D0F8D0D8D45
:103AF000108D4E9F138DCD8C148D168D678D6D8D11
:103B0000718D738D818D998DC28DBE8DBA8DCF8D46
:103B1000DA8DD68DCC8DDB8DCB8DEA8DEB8DDF8D67
:103B2000E38DFC8D088E098EFF8D1D8E1E8E108EEE
:103B30001F8E428E358E308E348E4A8E478E498E41
:103B40004C8E508E488E598E648E608E2A8E638E77
:103B5000558E768E728E7C8E818E878E858E848E2B
:103B60008B8E8A8E938E918E948E998EAA8EA18E34
:103B7000AC8EB08EC68EB18EBE8EC58EC88ECB8EEC
:103B8000DB8EE38EFC8EFB8EEB8EFE8E0A8F058F16
:103B9000158F128F198F138F1C8F1F8F1B8F0C8FF8
:103BA000268F338F3B8F398F458F428F3E8F4C8FBF
:103BB000498F468F4E8F578F5C8F628F638F648FD4
:103BC0009C8F9F8FA38FAD8FAF8FB78FDA8FE58FCD
:103BD000E28FEA8FEF8F8790F48F0590F98FFA8F3D
:103BE0001190159021900D901E9016900B9027909B
:103BF000369035903990F88F4F9050905190529068
:103C00000E9049903E90569058905E9068906F90BC
:103C10007690A896729082907D90819080908A9004
:103C200089908F90A890AF90B190B590E290E49079
:103C30004862DB90029112911991329130914A9130
:103C400056915891639165916991739172918B919D
:103C500089918291A291AB91AF91AA91B591B491C2
:103C6000BA91C091C191C991CB91D091D691DF9178
:103C7000E191DB91FC91F591F6911E92FF911492E6
:103C80002C92159211925E925792459249926492AB
:103C9000489295923F924B9250929C929692939218
:103CA0009B925A92CF92B992B792E9920F93FA925D
:103CB00044932E93199322931A9323933A93359313
:103CC0003B935C9360937C936E935693B093AC93C9
:103CD000AD939493B993D693D793E893E593D89300
:103CE000C393DD93D093C893E4931A9414941394DC
:103CF00003940794109436942B94359421943A9419
:103D00004194529444945B94609462945E946A9457
:103D100029927094759477947D945A947C947E94AF
:103D200081947F94829587958A9594959695989598
:103D30009995A095A895A795AD95BC95BB95B99576
:103D4000BE95CA95F66FC395CD95CC95D595D4956E
:103D5000D695DC95E195E595E295219628962E96E7
:103D60002F9642964C964F964B9677965C965E961B
:103D70005D965F96669672966C968D9698969596D9
:103D80009796AA96A796B196B296B096B496B6961E
:103D9000B896B996CE96CB96C996CD964D89DC96B7
:103DA0000D97D596F99604970697089713970E974F
:103DB00011970F971697199724972A973097399745
:103DC0003D973E97449746974897429749975C9707
:103DD0006097649766976897D2526B9771977997B7
:103DE00085977C9781977A9786978B978F979097EF
:103DF0009C97A897A697A397B397B497C397C6978E
:103E0000C897CB97DC97ED974F9FF297DF7AF6979D
:103E1000F5970F980C9838982498219837983D98E2
:103E200046984F984B986B986F98709871987498C3
:103E30007398AA98AF98B198B698C498C398C69842
:103E4000E998EB980399099912991499189921996D
:103E50001D991E99249920992C992E993D993E9946
:103E600042994999459950994B99519952994C9930
:103E7000559997999899A599AD99AE99BC99DF995B
:103E8000DB99DD99D899D199ED99EE99F199F2994B
:103E9000FB99F899019A0F9A059AE299199A2B9A27
:103EA000379A459A429A409A439A3E9A559A4D9A21
:103EB0005B9A579A5F9A629A659A649A699A6B9A22
:103EC0006A9AAD9AB09ABC9AC09ACF9AD19AD39A6C
:103ED000D49ADE9ADF9AE29AE39AE69AEF9AEB9AFC
:103EE000EE9AF49AF19AF79AFB9A069B189B1A9B02
:103EF0001F9B229B239B259B279B289B299B2A9BBF
:103F00002E9B2F9B329B449B439B4F9B4D9B4E9BD9
:103F1000519B589B749B939B839B919B969B979BD8
:103F20009F9BA09BA89BB49BC09BCA9BB99BC69B15
:103F3000CF9BD19BD29BE39BE29BE49BD49BE19BD9
:103F40003A9CF29BF19BF09B159C149C099C139C42
:103F50000C9C069C089C129C0A9C049C2E9C1B9CFE
:103F6000259C249C219C309C479C329C469C3E9CDA
:103F70005A9C609C679C769C789CE79CEC9CF09C8F
:103F8000099D089DEB9C039D069D2A9D269DAF9D46
:103F9000239D1F9D449D159D129D419D3F9D3E9DCE
:103FA000469D489D5D9D5E9D649D519D509D599D82
:103FB000729D899D879DAB9D6F9D7A9D9A9DA49DC5
:103FC000A99DB29DC49DC19DBB9DB89DBA9DC69D36
:103FD000CF9DC29DD99DD39DF89DE69DED9DEF9D02
:103FE000FD9D1A9E1B9E1E9E759E799E7D9E819EA6
:103FF000889E8B9E8C9E929E959E919E9D9EA59E38
:10400000A99EB89EAA9EAD9E6197CC9ECE9ECF9E45
:10401000D09ED49EDC9EDE9EDD9EE09EE59EE89EC8
:10402000EF9EF49EF69EF79EF99EFB9EFC9EFD9EE3
:10403000079F089FB776159F219F2C9F3E9F4A9F01
:10404000529F549F639F5F9F609F619F669F679F82
:104050006C9F6A9F779F729F769F959F9C9FA09F62
:104060002F58C76959906474DC5199719C4E16554C
:10407000035A3F96C0541B612863F65922907584F9
:104080001C83507AAA60E163256EED656684A68282
:10409000F59B93682757A16571629B5BD0597B861E
:1040A000F498627DBE7D8E9B16629F7CB788895B8B
:1040B000B55E096397664868C7958D974F67E54E6B
:1040C0000A4F4D4F9D4F4950F2563759D459015A16
:1040D000095CDF600F61706113660569BA704F7526
:1040E0007075FB79AD7DEF7DC3800E846388028B94
:1040F00055907A903B53954EA54EDF57B280C190B4
:10410000EF78004EF158A26E3890327A28838B8275
:104110002F9C41517053BD54E154E056FB59155F3B
:10412000F298EB6DE4802D8562967096A096FB97D1
:104130000B54F353875BCF70BD7FC28FE8966F53EC
:104140005C9DBA7A114E9378FC81266E1856045500
:104150001D6B1A853B9CE559A953666DDC748F95E0
:104160004256914E4B90F2964F830C99E153B655BF
:10417000305B715F2066F3660468386CF36C296D00
:104180005B74C8764E7A3498F1825B88608AED92CF
:10419000B26DAB75CA76C599A660018B8A8DB29552
:1041A0008E69AD538651125730584459B45BF65E50
:1041B0002860A963F463BF6C146F8E701471597119
:1041C000D5713F73017E7682D182978560905B9234
:1041D0001B9D6958BC655A6C2575F9512E59655956
:1041E000805FDC5FBC62FA652A6A276BB46B8B73F5
:1041F000C17F56892C9D0E9DC49EA15C966C7B83CD
:1042000004514B5CB661C68176686172594EFA4FB3
:1042100078536960296E4F7AF3970B4E1653EE4E22
:10422000554F3D4FA14F734FA052EF5309560F59B1
:10423000C15AB65BE15BD17987669C67B6674C6B08
:10424000B36C6B70C2738D79BE793C7A877BB18217
:10425000DB8204837783EF83D3836687B28A295610
:10426000A88CE68F4E901E978A86C44FE85C116238
:1042700059723B75E581BD82FE86C08CC596139947
:10428000D599CB4E1A4FE389DE564A58CA58FB5E81
:10429000EB5F2A6094606260D0611262D06239651F
:1042A000419B6666B068776D70704C758676757DDB
:1042B000A582F9878B958E969D8CF151BE52165929
:1042C000B354B35B165D68618269AF6D8D78CB8442
:1042D0005788728AA793B89A6C6DA899D986A35704
:1042E000FF67CE860E92835287560454D35EE162F6
:1042F000B9643C683868BB6B7273BA786B7A9A8918
:10430000D2896B8D038FED90A39594966997665B28
:10431000B35C7D694D984E989B63207B2B6A7F6AC6
:10432000B6680D9C5F6F72529D557060EC623B6D7C
:10433000076ED16E5B841089448F144E399CF653FE
:104340001B693A6A84972A685C51C37AB284DC910B
:104350008C935B56289D226805833184A57C085286
:10436000C582E6747E4E834FA051D25B0A52D8526A
:10437000E752FB5D9A552A58E6598C5B985BDB5BEC
:10438000725E795EA3601F616361BE61DB6362651B
:10439000D1675368FA683E6B536B576C226F976F07
:1043A000456FB0741875E3760B77FF7AA17B217C9B
:1043B000E97D367FF07F9D8066829E83B389CC8ABB
:1043C000AB8C8490519493959195A2956596D397D3
:1043D00028991882384E2B54B85CCC5DA9734C7662
:1043E0003C77A95CEB7F0B8DC19611985498589837
:1043F000014F0E4F71539C556856FA574759095B48
:10440000C45B905C0C5E7E5ECC5FEE633A67D76502
:10441000E2651F67CB68C4685F6A305EC56B176C66
:104420007D6C7F754879635B007A007DBD5F8F8905
:10443000188AB48C778DCC8E1D8FE2980E9A3C9B97
:10444000804E7D50005193599C5B2F628062EC64DA
:104450003A6BA07291754779A97FFB87BC8A708BF4
:10446000AC63CA83A09709540354AB555468586A87
:10447000708A27787567CD9E7453A25B1A81508627
:104480000690184E454EC74E114FCA533854AE5B76
:10449000135F256051653D67426C726CE36C787008
:1044A0000374767AAE7A087B1A7DFE7C667DE765BA
:1044B0005B72BB53455CE85DD262E0621963206EBB
:1044C0005A86318ADD8DF892016FA6795A9BA84EE3
:1044D000AB4EAC4E9B4FA04FD1504751F67A715125
:1044E000F651545321537F53EB53AC558358E15C41
:1044F000375F4A5F2F6050606D601F6359654B6A7C
:10450000C16CC272ED72EF77F880058108824E852A
:10451000F790E193FF9757995A9AF04EDD512D5C31
:1045200081666D69405CF266756989735068817C4B
:10453000C550E4524757FE5D2693A465236B3D6B3F
:1045400034748179BD794B7BCA7DB982CC837F88F5
:104550005F89398BD18FD1911F5480925D4E365037
:10456000E5533A53D7729673E977E682AF8EC699D0
:10457000C899D29977511A615E86B0557A7A765089
:10458000D35B47908596324EDB6AE791515C485C7D
:1045900098639F7A936C7497618FAA7A8A718896D0
:1045A000827C1768707E51686C93F2521B54AB8505
:1045B000138AA47FCD8EE190665388884179C24FDB
:1045C000BE501152445153552D57EA738B575159D0
:1045D000625F845F756076616761A961B2633A6406
:1045E0006C656F664268136E66753D7AFB7C4C7D28
:1045F000997D4B7E6B7F0E834A83CD86088A638AC2
:10460000668BFD8E1A988F9DB882CE8FE89B87525D
:104610001F628364C06F999641689150206B7A6CD9
:10462000546F747A507D4088238A0867F64E39505B
:10463000265065507C5138526352A7550F57055884
:10464000CC5AFA5EB261F861F36272631C69296A3E
:104650007D72AC722E7314786F78797D0C77A98097
:104660008B89198BE28CD28E639075937A965598CC
:10467000139A789E43519F53B3537B5E265F1B6E04
:10468000906E8473FE73437D3782008AFA8A509657
:104690004E4E0B50E4537C54FA56D159645BF15D95
:1046A000AB5E275F38624565AF67566ED072CA7CD5
:1046B000B488A180E180F0834E86878AE88D3792A6
:1046C000C7966798139F944E924E0D4F4853495486
:1046D0003E542F5A8C5FA15F9F60A7688E6A5A7400
:1046E00081789E8AA48A778B90915E4EC99BA44E56
:1046F0007C4FAF4F1950165049516C519F52B952CF
:10470000FE529A53E35311540E5489555157A257F0
:104710007D59545B5D5B8F5BE55DE75DF75D785EC2
:10472000835E9A5EB75E185F52604C619762D86292
:10473000A7633B6502664366F4666D672168976808
:10474000CB695F6C2A6D696D2F6E9D6E32758776B1
:104750006C783F7AE07C057D187D5E7DB17D1580AB
:104760000380AF80B18054818F812A8252834C882C
:1047700061881B8BA28CFC8CCA90759171923F78DA
:10478000FC92A4954D9605989999D89A3B9D5B52B9
:10479000AB52F7530854D558F762E06F6A8C5F8FBD
:1047A000B99E4B513B524A54FD56407A7791609DD9
:1047B000D29E4473096F70811175FD5FDA60A89A0B
:1047C000DB72BC8F646B0398CA4EF0566457BE58B8
:1047D0005A5A6860C7610F6606663968B168F76D36
:1047E000D5753A7D6E82429B9B4E504FC9530655FC
:1047F0006F5DE65DEE5DFB67996C73740278508ABD
:104800009693DF885057A75E2B63B550AC508D51FF
:104810000067C9545E58BB59B05B695F4D62A163C4
:104820003D68736B086E7D70C7918072157826782D
:104830006D798E65307DDC83C188098F9B966452CB
:10484000285750676A7FA18CB45142572A963A582C
:104850008A69B480B2540E5DFC579578FA9D5C4F1E
:104860004A528B543E6428661467F567847A567BF7
:10487000227D2F935C68AD9B397B19538A51375247
:10488000DF5BF662AE64E6642D67BA6BA985D196EC
:104890009076D69B4C630693AB9BBF765266094ECF
:1048A0009850C253715CE860926463655F68E6711A
:1048B000CA732375977B827E9586838BDB8C789178
:1048C0001099AC65AB668B6BD54ED44E3A4F7F4F8B
:1048D0003A52F853F253E355DB56EB58CB59C959CA
:1048E000FF59505B4D5C025E2B5ED75F1D60076316
:1048F0002F655C5BAF65BD65E8659D67626B7B6B33
:104900000F6C45734979C179F87C197D2B7DA280A4
:104910000281F38196895E8A698A668A8C8AEE8A28
:10492000C78CDC8CCC96FC986F6B8B4E3C4F8D4FBC
:104930005051575BFA5B486101634266216BCB6E55
:10494000BB6C3E72BD74D475C1783A790C803380EB
:10495000EA8194849E8F506C7F9E0F5F588B2B9DB5
:10496000FA7AF88E8D5BEB96034EF153F757315977
:10497000C95AA45B89607F6E066FBE75EA8C9F5B27
:104980000085E07B7250F4679D82615C4A851E7EE3
:104990000E829951045C6863668D9C656E713E79E8
:1049A000177D05801D8BCA8E6E90C786AA901F50FA
:1049B000FA523A5C53677C7035724C91C8912B93D4
:1049C000E582C25B315FF9603B4ED653885B4B6238
:1049D00031678A6BE972E0732E7A6B81A38D5291F5
:1049E00096991251D7536A54FF5B8863396AAC7D3C
:1049F0000097DA56CE536854975B315CDE5DEE4F1C
:104A00000161FE62326DC079CB79427D4D7ED27FED
:104A1000ED811F82908446887289908B748E2F8FCF
:104A200031904B916C91C6969C91C04E4F4F455121
:104A30004153935F0E62D467416C0B6E6373267EA5
:104A4000CD918392D4531959BF5BD16D5D792E7E80
:104A50009B7C7E589F71FA515388F08FCA4FFB5C44
:104A60002566AC77E37A1C82FF99C651AA5FEC6594
:104A70006F69896BF36D966E646FFE76147DE15DF0
:104A8000759087910698E6511D5240629166D966ED
:104A90001A6EB65ED27D727FF866AF85F785F88AAA
:104AA000A952D95373598F5E905F5560E492649612
:104AB000B7501F51DD5220534753EC53E85446552D
:104AC000315517566859BE593C5AB55B065C0F5CA8
:104AD000115C1A5C845E8A5EE05E705F7F62846255
:104AE000DB628C63776307660C662D6676667E678D
:104AF000A2681F6A356ABC6C886D096E586E3C717D
:104B000026716771C77501775D7801796579F079EC
:104B1000E07A117BA77C397D9680D6838B8449858A
:104B20005D88F3881F8A3C8A548A738A618CDE8C84
:104B3000A49166927E9318949C9698970A4E084E7C
:104B40001E4E574E97517052CE573458CC58225B58
:104B5000385EC560FE6461675667446DB6727375F2
:104B6000637AB884728BB89120933156F457FE98CB
:104B7000ED620D69966BED71547E77807282E689E5
:104B8000DF985587B18F3B5C384FE14FB54F0755E4
:104B9000205ADD5BE95BC35F4E612F63B0654B66F6
:104BA000EE689B69786DF16D3375B9751F775E7925
:104BB000E679337DE381AF82AA85AA893A8AAB8EF2
:104BC0009B8F3290DD910797BA4EC14E03527558B4
:104BD000EC580B5C1A753D5C4E810A8AC58F639652
:104BE0006D97257BCF8A08986291F356A85317904A
:104BF00039548257255EA863346C8A7061778B7C48
:104C0000E07F708842905491109318938F965E7451
:104C1000C49A075D695D7065A267A88DDB966E63B7
:104C200049671969C5831798C096FE88846F7A64AE
:104C3000F85B164E2C705D752F66C4513652E252E9
:104C4000D359815F276010623F6574651F66746683
:104C5000F2681668636B056E72721F75DB76BE7C38
:104C60005680F058FD887F89A08A938ACB8A1D9050
:104C700092915297599789650E7A0681BB962D5E5F
:104C8000DC601A62A56514669067F3774D7A4D7CF7
:104C90003E7E0A81AC8C648DE18D5F8EA9780752CF
:104CA000D962A563426498622D8A837AC07BAC8AFC
:104CB000EA96767D0C824987D94E4851435360531A
:104CC000A35B025C165CDD5D26624762B06413681C
:104CD0003468C96C456D176DD3675C6F4E717D711B
:104CE000CB657F7AAD7BDA7D4A7EA87F7A811B8295
:104CF0003982A6856E8ACE8CF58D78907790AD92AC
:104D000091928395AE9B4D528455386F36716851A0
:104D10008579557EB381CE7C4C565158A85CAA63E8
:104D2000FE66FD665A69D9728F758E750E79567951
:104D3000DF79977C207D447D0786348A3B9661909D
:104D4000209FE7507552CC53E2530950AA55EE58B4
:104D50004F593D728B5B645C1D53E360F3605C6391
:104D600083633F63BB63CD64E965F966E35DCD6949
:104D7000FD69156FE571894EE975F876937ADF7CE8
:104D8000CF7D9C7D6180498358836C84BC84FB8586
:104D9000C588708D01906D9097931C97129ACF5093
:104DA00097588E61D3813585088D2090C34F7450FC
:104DB000475273536F6049635F672C6EB38D1F90CA
:104DC000D74F5E5CCA8CCF659A7D525396887651D8
:104DD000C363585B6B5B0A5C0D6451675C90D64E95
:104DE0001A592A59706C518A3E551558A559F060C8
:104DF0005362C167358255694096C499289A534FCA
:104E00000658FE5B1080B15C2F5E855F20604B61B1
:104E10003462FF66F06CDE6ECE807F81D4828B8838
:104E2000B88C00902E908A96DB9EDB9BE34EF0536D
:104E300027592C7B8D914C98F99DDD6E277053532B
:104E40004455855B58629E62D362A26CEF6F2274F8
:104E5000178A3894C16FFE8A3883E751F886EA537F
:104E6000E953464F5490B08F6A593181FD5DEA7A1B
:104E7000BF8FDA68378CF872489C3D6AB08A394E29
:104E8000585306566657C562A263E6654E6BE16DE0
:104E90005B6EAD70ED77EF7AAA7BBB7D3D80C680FF
:104EA000CB86958A5B93E356C7583E5FAD659666A1
:104EB000806AB56B3775C78A2450E57730571B5F1A
:104EC00065607A66606CF4751A7A6E7FF481188773
:104ED0004590B399C97B5C75F97A517BC484109075
:104EE000E979927A3683E15A40772D4EF24E995BFA
:104EF000E05FBD623C66F167E86C6B8677883B8A51
:104F00004E91F392D099176A26702A73E7825784DC
:104F1000AF8C014E4651CB518B55F55B165E335E1F
:104F2000815E145F355F6B5FB45FF2611163A266EF
:104F30001D676E6F52723A753A7774803981788145
:104F40007687BF8ADC8A858DF38D9A927795029851
:104F5000E59CC5525763F4761567886CCD73C38C96
:104F6000AE937396256D9C580E69CC69FD8F9A930C
:104F7000DB751A905A580268B463FB69434F2C6F73
:104F8000D867BB8F2685B47D54933F69706F6A578D
:104F9000F7582C5B2C7D2A720A54E391B49DAD4ED8
:104FA0004E4F5C50755043529E8C485424589A5B27
:104FB0001D5E955EAD5EF75E1F5F8C60B5623A6305
:104FC000D063AF68406C87788E790B7AE07D47823A
:104FD000028AE68A448E1390B8902D91D8910E9F44
:104FE000E56C5864E2647565F46E84761B7B6990A9
:104FF000D193BA6EF254B95FA4644D8FED8F449291
:1050000078516B582959555C975EFB6D8F7E1C75E6
:10501000BC8CE28E5B98B9701D4FBF6BB16F307561
:10502000FB964E51105435585758AC59605C925FFE
:1050300097655C67216E7B76DF83ED8C1490FD9025
:105040004D9325783A78AA52A65E1F57745912607C
:1050500012505A51AC51CD51005210555458585815
:105060005759955BF65C8B5DBC6095622D647167EA
:105070004368BC68DF68D776D86D6F6E9B6D6F70C4
:10508000C871535FD8757779497B547B527BD67C46
:10509000717D305263846985E4850E8A048B468C69
:1050A0000F8E03900F90199476962D98309AD8957C
:1050B000CD50D5520C5402580E5CA7619E641E6DF3
:1050C000B377E57AF480048453908592E05C079D81
:1050D0003F53975FB35F9C6D79726377BF79E47BD1
:1050E000D26BEC72AD8A0368616AF851817A3469D7
:1050F0004A5CF69CEB82C55B49911E7078566F5CEA
:10510000C76066658C6C5A8C419013985154C76681
:105110000D924859A39085514D4EEA5199850E8BB9
:1051200058707A634B936269B499047E77755753CC
:105130006069DF8EE3965D6C8C4E3C5C105FE98F9E
:105140000253D18C89807986FF5EE565734E655187
:1051500082593F5CEE97FB4E8A59CD5F8D8AE16F95
:10516000B0796279E75B71842B73B171745EF55F1E
:105170007B639A64C371987C434EFC5E4B4EDC5754
:10518000A256A960C36F0D7DFD803381BF81B28FB0
:105190009789A486F45D8A62AD6487897767E26C3B
:1051A0003E6D36743478465A757FAD82AC99F34FB4
:1051B000C35EDD62926357656F67C3764C72CC80C5
:1051C000BA80298F4D910D50F957925A85687369AD
:1051D0006471FD72B78CF258E08C6A9619907F87E3
:1051E000E479E77729842F4F65525A53CD62CF6710
:1051F000CA6C7D76947B957C36828485EB8FDD66E8
:10520000206F06721B7EAB83C199A69EFD51B17BB8
:105210007278B87B8780487BE86A615E8C805175C4
:1052200060756B5162928C6E7A769791EA9A104F04
:10523000707F9C624F7BA595E99C7A565958E4860D
:10524000BC96344F24524A53CD53DB53065E2C6434
:1052500091657F673E6C4E6C4872AF72ED7354750A
:10526000417E2C82E985A98CC47BC6916971129814
:10527000EF983D6369666A75E476D0784385EE867B
:105280002A53515326548359875E7C5FB26049622A
:105290007962AB629065D46BCC6CB275AE76917866
:1052A000D879CB7D777FA580AB88B98ABB8C7F907E
:1052B0005E97DB980B6A387C99503E5CAE5F8767DF
:1052C000D86B357409778E7F3B9FCA67177A39533D
:1052D0008B75ED9A665F9D81F18398803C5FC55F19
:1052E0006275467B3C906768EB599B5A107D7E76D1
:1052F0002C8BF54F6A5F196A376C026FE27468791C
:105300006888558A798CDF5ECF63C575D279D7827C
:105310002893F2929C84ED862D9CC1546C5F8C6521
:105320005C6D1570A78CD38C3B984F65F6740D4E51
:10533000D84EE0572B59665ACC5BA851035E9C5E51
:10534000166076627765A7656E666E6D3672267B2F
:1053500050819A8199825C8BA08CE68C748D1C960E
:105360004496AE4FAB64666B1E8261846A85E8909A
:10537000015C5369A8987A8457850F4F6F52A95FD3
:10538000455E0D678F79798107898689F56D175F8D
:105390005562B86CCF4E6972929B06523B5474565C
:1053A000B358A4616E621A716E59897CDE7C1B7DD4
:1053B000F09687655E80194E754F75514058635E53
:1053C000735E0A5FC467264E3D8589955B96737C44
:1053D0000198FB50C1585676A7782552A5771185BC
:1053E000867B4F5009594772C77BE87DBA8FD48FAF
:1053F0004D90BF4FC952295A015FAD97DD4F1782BB
:10540000EA9203575563696B2B75DC88148F427AD7
:10541000DF52935855610A62AE66CD6B3F7CE983DB
:105420002350F84F05534654315849599D5BF05C61
:10543000EF5C295D965EB16267633E65B9650B6797
:10544000D56CE16CF97032782B7EDE80B3820C84EF
:10545000EC84028712892A8A4A8CA690D292FD98FF
:10546000F39C6C9D4F4EA14E8D5056524A57A859F1
:105470003D5ED85FD95F3F62B4661B67D067D26874
:105480009251217DAA80A881008B8C8CBF8C7E924A
:10549000329620542C981753D5505C53A858B264B8
:1054A000346767726677467AE691C352A16C866B61
:1054B00000584C5E54592C67FB7FE151C6766964F5
:1054C000E878549BBB9ECB57B95927669A67CE6B39
:1054D000E954D969555E9C819567AA9BFE67529CE9
:1054E0005D68A64EE34FC853B9622B67AB6CC48F9F
:1054F000AD4F6D7EBF9E074E6261806E2B6F138530
:1055000073542A67459BF35D957BAC5CC65B1C8737
:105510004A6ED184147A088199598D7C116C207758
:10552000D952225921715F72DB772797619D0B69F0
:105530007F5A185AA5510D547D540E66DF76F78FA9
:105540009892F49CEA595D72C56E4D51C968BF7D51
:10555000EC7D6297BA9E7864216A028384595F5B0E
:10556000DB6B1B73F276B27D17809984325128670A
:10557000D99EEE766267FF520599245C3B627E7C81
:10558000B08C4F55B6600B7D809501535F4EB65180
:105590001C593A723680CE91255FE2778453795F49
:1055A000047DAC85338A8D8E5697F367AE85539410
:1055B00009610861B96C5276ED8A388F2F55514FC9
:1055C0002A51C752CB53A55B7D5EA0608261D66332
:1055D0000967DA67676E8C6D36733773317550798A
:1055E000D588988A4A909190F590C4968D871559E0
:1055F000884E594F0E4E898A3F8F1098AD507C5E71
:105600009659B95BB85EDA63FA63C164DC664A69CD
:10561000D8690B6DB66E94712875AF7A8A7F008059
:105620004984C9848189218B0A8E65907D960A9967
:105630007E619162326B836C746DCC7FFC7FC06D38
:10564000857FBA87F8886567B1833C98F7961B6DAC
:10565000617D3D846A91714E7553505D046BEB6FB3
:10566000CD852D86A78929520F54655C4E67A868A1
:1056700006748374E275CF88E188CC91E2967896BF
:105680008B5F8773CB7A4E84A06365758952416DB9
:105690009C6E097459756B78927C8696DC7A8D9F26
:1056A000B64F6E61C5655C86864EAE4EDA50214EB1
:1056B000CC51EE5B99658168BC6D1F734276AD7706
:1056C0001C7AE77C6F82D28A7C90CF91759618986D
:1056D0009B52D17D2B5098539767CB6DD07133740B
:1056E000E8812A8FA396579C9F9E60744158996DBC
:1056F0002F7D5E98E44E364F8B4FB751B152BA5D55
:105700001C60B2733C79D3823492B796F6960A97AE
:10571000979E629FA666746B1752A352C870C28888
:10572000C95E4B609061236F49713E7CF47D6F8050
:10573000EE8423902C9342546F9BD36A8970C28C61
:10574000EF8D3297B452415ACA5E045F17677C6985
:1057500094696A6D0F6F6272FC72ED7B01807E80CE
:105760004B87CE906D51939E84798B803293D68AED
:105770002D508C54718A6A6BC48C0781D160A067EC
:10578000F29D994E984E109C6B8AC1856885006980
:105790007E6E977855810000002502250C25102586
:1057A000182514251C252C25242534253C250125C8
:1057B00003250F2513251B251725232533252B25E9
:1057C0003B254B2520252F25282537253F251D2521
:1057D0003025252538254225100411041204130410
:1057E00014041504010416041704180419041A04F7
:1057F0001B041C041D041E041F0420042104220495
:1058000023042404250426042704280429042A0444
:105810002B042C042D042E042F0400000000000093
:105820000000000000000000000000000000000078
:105830000000000000000000300431043204330492
:1058400034043504510436043704380439043A0466
:105850003B043C043D043E043F0440044104420434
:1058600043044404450446044704480449044A04E4
:105870004B044C044D044E044F040000910392036A
:1058800093039403950396039703980399039A034C
:105890009B039C039D039E039F03A003A103A303FB
:1058A000A403A503A603A703A803A90300000000FF
:1058B000000000000000000000000000B103B2037F
:1058C000B303B403B503B603B703B803B903BA030C
:1058D000BB03BC03BD03BE03BF03C003C103C303BB
:1058E000C403C503C603C703C803C90300000000FF
:1058F00000000000000000000000000101010101A3
:10590000010101010100000000000000010101018E
:105910000101010101010101010101010101010177
:10592000010101010101000000000000000101016E
:105930000101010101010101010101010101010157
:105940000101010101010100C625A125A025B32502
:10595000B225BD25BC253B201230922190219121FA
:105960009321133000000000000000000000000040
:105970000000000000000000000008220B22862228
:105980008722822283222A2229220000000000008E
:105990000000000000000000000027222822AC00C8
:1059A000D221D4210022032229220000000000007D
:1059B00000000000000000000000000000002022A5
:1059C000A522122302220722612252226A226B227E
:1059D0001A223D221D2235222B222C2200000000FB
:1059E000000000000000000000002B2130206F2686
:1059F0006D266A2620202120B6002C2200000000FF
:105A00000000EF250030013002300CFF0EFFFB30AC
:105A10001AFF1BFF1FFF01FF9B309C30B40040FFAB
:105A2000A8003EFF3E203FFFFD30FE309D309E30FF
:105A30000330DD4E053006300730FC3014201020D6
:105A40000FFF3CFF1C3016205CFF2620252018206D
:105A500019201C201D2008FF09FF143015303BFFC2
:105A60003DFF5BFF5DFF083009300A300B300C3022
:105A70000D300E300F30103011300BFF1222B100FC
:105A8000D700F7001DFF60221CFF1EFF6622672261
:105A90001E22342242264026B00032203320032129
:105AA000A50004FFA200A30005FF03FF06FF0AFFF5
:105AB00020FFA70006260526CB25CF25CE25C72506
:105AC000000000001F001C20000000001421000046
:105AD0000200162400000000142500000200152812
:105AE00000000000112900000000142A000000003E
:105AF000182B00000000142C00000000102D0000E6
:105B00000000142E000001000C3000000900143ABF
:105B100000000100183C00000200143F00000100DA
:105B2000034100001900155B00000000145C000038
:105B30000000115D00000000175E000000000F5F14
:105B40000000000017600000000003610000190061
:105B5000157B00000000187C00000000117D000093
:105B60000000187E00000000007F000020001CA044
:105B70000000000014A10000000016A200000300B5
:105B800019A60000000014A70000000017A80000DC
:105B9000000019A90000000006AA0000000013ABD5
:105BA0000000000018AC0000000001AD0000000083
:105BB00019AE0000000017AF0000000019B000008F
:105BC000000018B1000000000EB20000010017B480
:105BD0000000000003B50000000014B60000010042
:105BE00017B8000000000EB90000000006BA00005F
:105BF000000012BB000000000EBC0000020014BF39
:105C00000000000003C00000160018D700000000CC
:105C100003D80000060004DF0000000003E00000DD
:105C2000160018F70000000003F800003F000438D9
:105C300001000000033901000F00044901000000C9
:105C4000034A01004200048D01000000038E0100A0
:105C50000C00049B01000000039C01000D0004AA3D
:105C60000100010003AC01000D0004BA01000000B6
:105C700006BB0100000003BC0100010004BE0100DE
:105C8000000003BF0100000006C00100030003C4C0
:105C90000100000007C50100000003C6010001006B
:105CA00007C80100000003C90100010007CB010083
:105CB000000003CC0100230004F00100000003F108
:105CC0000100000007F20100000003F301002D00B5
:105CD000042102000000032202001100043402002B
:105CE0000500033A02001A000455020000000356A2
:105CF00002000100045802000000035902000000E5
:105D0000045A02000000035B02000100045D02006F
:105D1000020003600200010004620200000003634D
:105D2000020000000464020000000365020001009C
:105D3000046702000000036802000400046D020012
:105D40000100036F020000000470020000000371F4
:105D5000020001000473020001000375020000004C
:105D6000047602000600037D02000000047E0200AB
:105D70000100038002000000048102000000038291
:105D800002000100048402000200038702000500F3
:105D9000048D02000400039202000000049302003C
:105DA0000000069402000000049502000700039D15
:105DB00002000100049F0200100005B00200110063
:105DC00017C20200030005C602000B0017D2020032
:105DD0000D0005E00200040017E50200060005ECD6
:105DE0000200000017ED0200000005EE02000000B6
:105DF00017EF020010000B0003006F000370030098
:105E0000030005740300000017750300000003760B
:105E100003000100057A03000000037B0300020079
:105E2000147E03000000037F0300000017840300BA
:105E300001000386030000001487030000000388AC
:105E400003000200038C03000000038E0300010026
:105E500004900300000003910300100003A303005B
:105E60000C0004B00300000003B10300200008D2BE
:105E70000300020003D50300200018F60300000011
:105E800003F70300040004FC0300000003FD03000B
:105E900084001982040000000B83040004000A88B7
:105EA00004000100038A0400A50003310500250059
:105EB000055905000000145A05000500046005009E
:105EC0000000036105002500048705000100148916
:105ED00005000000108A05000000198D0500010072
:105EE000168F050000000B9105002C0010BE050068
:105EF00000000BBF0500000014C0050000000BC12E
:105F00000500010014C3050000000BC405000100DA
:105F100014C6050000000BC70500000006D00500F0
:105F20001A0006EF0500030014F30500010001004C
:105F3000060005001806060002001409060001000C
:105F4000160B06000000140C06000100190E0600D6
:105F500001000B1006000A00141B06000000011CC3
:105F600006000000141D06000200062006001F00A7
:105F70000540060000000641060009000B4B060024
:105F800014000C6006000900146A06000300066E87
:105F9000060001000B70060000000671060062009A
:105FA00014D40600000006D5060000000BD606003B
:105FB000060001DD0600000019DE060000000BDF10
:105FC0000600050005E5060001000BE706000100DC
:105FD00019E9060000000BEA0600030006EE0600C1
:105FE00001000CF00600090006FA0600020019FD87
:105FF0000600010006FF06000000140007000D0067
:10600000010F070000000610070000000B11070039
:106010000000061207001D000B3007001A00064D95
:10602000070058000BA607000A0006B10700000091
:106030000CC00700090006CA070020000BEB070090
:10604000080005F40700010019F60700000014F726
:106050000700020005FA070000000BFD0700000022
:1060600016FE070001000600080015000B160800C8
:106070000300051A080000000B1B08000800052497
:10608000080000000B250800020005280800000099
:106090000B2908000400143008000E000640080018
:1060A00018000B5908000200145E0800000006608A
:1060B00008000A0006700800170017880800000092
:1060C0000689080005000190080001000B980800EF
:1060D000070006A00800280005C9080000000BCA38
:1060E0000800170001E2080000000BE308001F0091
:1060F0000903090000000604090035000B3A0900F5
:106100000000093B090000000B3C09000000063DAF
:1061100009000000093E090002000B4109000700C8
:106120000949090003000B4D09000000094E090050
:1061300001000650090000000B5109000600065836
:10614000090009000B620900010014640900010044
:106150000C660900090014700900000005710900AF
:106160000000067209000E000B8109000000098280
:1061700009000100068509000700068F09000100DB
:1061800006930900150006AA0900060006B20900D8
:10619000000006B6090003000BBC0900000006BDA4
:1061A0000900000009BE090002000BC1090003003C
:1061B00009C70900010009CB090001000BCD090046
:1061C000000006CE0900000009D70900000006DC27
:1061D0000900010006DF090002000BE209000100CE
:1061E0000CE60900090006F00900010016F209009A
:1061F00001000EF40900050019FA0900000016FB61
:106200000900000006FC0900000014FD0900000060
:106210000BFE090000000B010A00010009030A003F
:10622000000006050A000500060F0A00010006131B
:106230000A001500062A0A00060006320A000100BC
:1062400006350A00010006380A0001000B3C0A006E
:106250000000093E0A0002000B410A0001000B4742
:106260000A0001000B4B0A0002000B510A0000005B
:1062700006590A000300065E0A0000000C660A00C8
:1062800009000B700A00010006720A0002000B757B
:106290000A00000014760A0000000B810A000100C9
:1062A00009830A00000006850A000800068F0A001C
:1062B000020006930A00150006AA0A00060006B2AC
:1062C0000A00010006B50A0004000BBC0A00000029
:1062D00006BD0A00000009BE0A0002000BC10A0048
:1062E00004000BC70A00010009C90A00000009CB1D
:1062F0000A0001000BCD0A00000006D00A000000D1
:1063000006E00A0001000BE20A0001000CE60A00A8
:10631000090014F00A00000016F10A00000006F956
:106320000A0000000BFA0A0005000B010B00000038
:1063300009020B00010006050B000700060F0B0009
:10634000010006130B001500062A0B00060006329A
:106350000B00010006350B0004000B3C0B00000095
:10636000063D0B000000093E0B0000000B3F0B0038
:10637000000009400B0000000B410B00030009471F
:106380000B000100094B0B0001000B4D0B0000003E
:106390000B550B00010009570B000000065C0B00B9
:1063A0000100065F0B0002000B620B0001000C668F
:1063B0000B00090019700B00000006710B000000B3
:1063C0000E720B0005000B820B00000006830B0011
:1063D000000006850B000500068E0B0002000692E9
:1063E0000B00030006990B000100069C0B00000047
:1063F000069E0B00010006A30B00010006A80B007F
:10640000020006AE0B000B0009BE0B0001000BC022
:106410000B00000009C10B00010009C60B000200BF
:1064200009CA0B0002000BCD0B00000006D00B00C8
:10643000000009D70B0000000CE60B0009000EF06D
:106440000B00020019F30B00050016F90B00000009
:1064500019FA0B0000000B000C00000009010C00F1
:1064600002000B040C00000006050C000700060EDD
:106470000C00020006120C001600062A0C000F0089
:106480000B3C0C000000063D0C0000000B3E0C0015
:10649000020009410C0003000B460C0002000B4AED
:1064A0000C0003000B550C00010006580C00020004
:1064B000065D0C00000006600C0001000B620C0081
:1064C00001000C660C00090014770C0000000E7827
:1064D0000C000600197F0C00000006800C00000074
:1064E0000B810C00000009820C00010014840C00D8
:1064F000000006850C000700068E0C0002000692C4
:106500000C00160006AA0C00090006B50C000400D9
:106510000BBC0C00000006BD0C00000009BE0C0006
:1065200000000BBF0C00000009C00C0004000BC6EB
:106530000C00000009C70C00010009CA0C00010092
:106540000BCC0C00010009D50C00010006DD0C008D
:10655000010006E00C0001000BE20C0001000CE65B
:106560000C00090006F10C00010009F30C0000000A
:106570000B000D00010009020D00010006040D00D2
:106580000800060E0D00020006120D0028000B3B4D
:106590000D000100063D0D000000093E0D00020047
:1065A0000B410D00030009460D000200094A0D00D1
:1065B00002000B4D0D000000064E0D000000194FAB
:1065C0000D00000006540D00020009570D000000E8
:1065D0000E580D000600065F0D0002000B620D0054
:1065E00001000C660D0009000E700D0008001979FD
:1065F0000D000000067A0D0005000B810D00000063
:1066000009820D00010006850D001100069A0D009B
:10661000170006B30D00080006BD0D00000006C0FF
:106620000D0006000BCA0D00000009CF0D0002008E
:106630000BD20D0002000BD60D00000009D80D0092
:1066400007000CE60D00090009F20D00010014F42A
:106650000D00000006010E002F000B310E0000009F
:1066600006320E0001000B340E000600163F0E002D
:10667000000006400E00050005460E0000000B4716
:106680000E000700144F0E0000000C500E00090011
:10669000145A0E00010006810E00010006840E004F
:1066A000000006860E000400068C0E00170006A5EA
:1066B0000E00000006A70E0009000BB10E0000003E
:1066C00006B20E0001000BB40E00080006BD0E005D
:1066D000000006C00E00040005C60E0000000BC836
:1066E0000E0006000CD00E00090006DC0E000300B0
:1066F00006000F00000019010F00020014040F0033
:106700000E0019130F00000014140F0000001915DB
:106710000F0002000B180F000100191A0F000500EE
:106720000C200F0009000E2A0F00090019340F0079
:1067300000000B350F00000019360F0000000B376A
:106740000F00000019380F0000000B390F00000087
:10675000153A0F000000113B0F000000153C0F0020
:106760000000113D0F000000093E0F00010006402F
:106770000F00070006490F0023000B710F000D00EA
:10678000097F0F0000000B800F00040014850F002C
:1067900000000B860F00010006880F0004000B8D1F
:1067A0000F000A000B990F00230019BE0F0007000D
:1067B0000BC60F00000019C70F00050019CE0F000F
:1067C000010014D00F00040019D50F00030014D9E4
:1067D0000F000100060010002A00092B1000010024
:1067E0000B2D100003000931100000000B321000C7
:1067F00005000938100000000B3910000100093BAA
:10680000100001000B3D10000100063F10000000C9
:106810000C4010000900144A10000500065010003A
:1068200005000956100001000B5810000100065A1F
:10683000100003000B5E1000020006611000000053
:1068400009621000020006651000010009671000CF
:106850000600066E100002000B71100003000675A2
:1068600010000C000B8210000000098310000100D2
:106870000B85100001000987100005000B8D10002A
:106880000000068E10000000098F100000000C9020
:1068900010000900099A100002000B9D1000000072
:1068A000199E1000010003A01000250003C710006E
:1068B000000003CD1000000003D010002A0014FBDC
:1068C0001000000005FC1000000003FD1000020095
:1068D000060011004801064A12000300065012008B
:1068E0000600065812000000065A12000300066057
:1068F00012002800068A12000300069012002000F1
:1069000006B21200030006B81200060006C012000C
:10691000000006C21200030006C812000E0006D8CE
:10692000120038000612130003000618130042007C
:106930000B5D130002001460130008000E691300C1
:106940001300068013000F0019901300090003A024
:106950001300550003F81300050010001400000098
:10696000060114006B02196D16000000146E16006B
:106970000000066F160010001C8016000000068143
:1069800016001900159B16000000119C160000004F
:1069900006A016004A0014EB160002000DEE1600C9
:1069A000020006F1160007000600170011000B1286
:1069B00017000200091517000000061F170012003B
:1069C0000B321700010009341700000014351700BE
:1069D00001000640170011000B521700010006606D
:1069E00017000C00066E170002000B721700010062
:1069F0000680170033000BB41700010009B617001A
:106A000000000BB71700060009BE170007000BC6F1
:106A10001700000009C7170001000BC917000A0082
:106A200014D41700020005D71700000014D817006F
:106A3000020016DB1700000006DC170000000BDD6B
:106A4000170000000CE0170009000EF01700090005
:106A500014001800050010061800000014071800A4
:106A600003000B0B18000200010E180000000B0FB2
:106A7000180000000C101800090006201800220061
:106A80000543180000000644180034000680180072
:106A900004000B85180001000687180021000BA9CF
:106AA0001800000006AA1800000006B018004500F3
:106AB000060019001E000B2019000200092319000E
:106AC00003000B27190001000929190002000930F1
:106AD000190001000B3219000000093319000500EC
:106AE0000B39190002001940190000001444190064
:106AF00001000C4619000900065019001D0006701F
:106B000019000400068019002B0006B019001900B6
:106B10000CD0190009000EDA1900000019DE190066
:106B2000210006001A0016000B171A0001000919AF
:106B30001A0001000B1B1A000000141E1A000100AD
:106B400006201A00340009551A0000000B561A00DE
:106B5000000009571A0000000B581A0006000B60CD
:106B60001A00000009611A0000000B621A00000000
:106B700009631A0001000B651A000700096D1A006D
:106B800005000B731A0009000B7F1A0000000C802F
:106B90001A0009000C901A00090014A01A0006003F
:106BA00005A71A00000014A81A0005000BB01A006F
:106BB0000D000ABE1A0000000BBF1A000F000B00E8
:106BC0001B00030009041B00000006051B002E002B
:106BD0000B341B00000009351B0000000B361B00A6
:106BE0000400093B1B0000000B3C1B000000093D9A
:106BF0001B0004000B421B00000009431B000100A6
:106C000006451B0007000C501B000900145A1B000E
:106C1000060019611B0009000B6B1B0008001974AA
:106C20001B000800147D1B0001000B801B000100ED
:106C300009821B00000006831B001D0009A11B0028
:106C400000000BA21B00030009A61B0001000BA8FB
:106C50001B00010009AA1B0000000BAB1B00020077
:106C600006AE1B0001000CB01B00090006BA1B0099
:106C70002B000BE61B00000009E71B0000000BE8DF
:106C80001B00010009EA1B0002000BED1B000000C5
:106C900009EE1B0000000BEF1B00020009F21B00B5
:106CA000010014FC1B00030006001C002300092443
:106CB0001C0007000B2C1C00070009341C000100FD
:106CC0000B361C000100143B1C0004000C401C008F
:106CD0000900064D1C0002000C501C000900065A59
:106CE0001C001D0005781C000500147E1C0001001E
:106CF00003801C00080003901C002A0003BD1C0038
:106D0000020014C01C0007000BD01C00020014D3AA
:106D10001C0000000BD41C000C0009E11C0000004A
:106D20000BE21C00060006E91C0003000BED1C0032
:106D3000000006EE1C0005000BF41C00000006F528
:106D40001C00010009F71C0000000BF81C000100EA
:106D500006FA1C00000004001D002B00052C1D007D
:106D60003E00046B1D000C0005781D000000037937
:106D70001D000000047A1D000200037D1D000000BC
:106D8000047E1D000F00038E1D000000048F1D00F7
:106D90000B00059B1D0024000BC01D003F000300DD
:106DA0001E00950004961E000400039B1E000000B8
:106DB000049C1E000100039E1E000000049F1E0094
:106DC000000003A01E00750003181F00050003202B
:106DD0001F00250003481F00050004501F0000008D
:106DE00003511F00000004521F00000003531F0046
:106DF000000004541F00000003551F00000004564B
:106E00001F00000003571F00000003591F0000006F
:106E1000035B1F000000035D1F000000035F1F00F5
:106E20001E0003801F00070007881F000700039053
:106E30001F00070007981F00070003A01F0007009E
:106E400007A81F00070003B01F00010004B21F00C5
:106E5000000003B31F00000004B41F00000004B6CC
:106E60001F00010003B81F00030007BC1F00000043
:106E700017BD1F00000003BE1F00000017BF1F004A
:106E8000020004C21F00000003C31F00000004C46E
:106E90001F00000004C61F00010003C81F000300FC
:106EA00007CC1F00000017CD1F00020003D01F00F9
:106EB000010004D21F00010004D61F00010003D806
:106EC0001F00030017DD1F00020003E01F00010088
:106ED00004E21F00020003E51F00000004E61F009B
:106EE000010003E81F00040017ED1F00020004F278
:106EF0001F00000003F31F00000004F41F00000047
:106F000004F61F00010003F81F00030007FC1F0028
:106F1000000017FD1F0001001C0020000A00010BEB
:106F200020000400101020000500141620000100AD
:106F3000131820000000121920000000151A20006C
:106F40000000131B20000100121D20000000151E70
:106F500020000000131F2000000014202000070064
:106F60001A28200000001B2920000000012A200010
:106F700004001C2F200000001430200008001339EA
:106F800020000000123A20000000143B2000030003
:106F90000F3F20000100144120000200184420008F
:106FA0000000154520000000114620000000144795
:106FB00020000A0018522000000014532000000096
:106FC0000F54200000001455200009001C5F200011
:106FD00000000160200004000166200009000E701E
:106FE000200000000571200000000E742000050044
:106FF000187A20000200157D20000000117E20007C
:107000000000057F200000000E8020000900188A83
:1070100020000200158D20000000118E20000000CD
:10702000059020000C0016A0200020000BD02000AE
:107030000C000ADD200003000BE1200000000AE242
:10704000200002000BE520000B00190021000100C8
:107050000802210000001903210003000807210095
:107060000000190821000100040A21000000080B9B
:1070700021000200040E210001000810210002007E
:10708000041321000000191421000000081521003C
:10709000000019162100010018182100000008192D
:1070A00021000400191E2100050008242100000011
:1070B00019252100000003262100000019272100C6
:1070C0000000082821000000192921000000032ADF
:1070D00021000100082C21000100192E21000000D0
:1070E000042F21000000083021000100033221009C
:1070F00000000833210000000434210000000635A0
:1071000021000300043921000000193A2100010088
:10711000043C21000100083E21000100184021002C
:107120000400084521000000044621000300194A1C
:1071300021000000184B21000000194C2100010023
:10714000034E21000000194F210000000E502100C5
:107150000F000D60210022000383210001000D8536
:10716000210003000E8921000000198A210001007E
:10717000189021000400199521000400189A21009C
:107180000100199C2100030018A02100000019A192
:107190002100010018A32100000019A42100010012
:1071A00018A62100000019A72100060018AE210032
:1071B000000019AF21001E0018CE2100010019D0D7
:1071C0002100010018D22100000019D32100000085
:1071D00018D42100000019D521001E0018F4210048
:1071E0000B011900230007001508230000001109F6
:1071F00023000000150A23000000110B23000000EB
:10720000190C230013001820230001001922230069
:107210000600152923000000112A23000000192B65
:1072200023005000187C23000000197D23001D005E
:10723000189B2300180019B42300270018DC230032
:10724000050019E223004400194024000A000E60E2
:1072500024003B00199C24004D000EEA2400150078
:1072600019002500B60018B72500000019B8250040
:10727000080018C12500000019C22500350018F8C3
:1072800025000700190026006E00186F2600000078
:1072900019702600F7001568270000001169270003
:1072A0000000156A27000000116B27000000156C14
:1072B00027000000116D27000000156E2700000058
:1072C000116F2700000015702700000011712700C2
:1072D00000001572270000001173270000001574CC
:1072E000270000001175270000000E7627001D0002
:1072F000199427002B0018C02700040015C527008B
:10730000000011C62700000018C727001E0015E660
:107310002700000011E72700000015E82700000003
:1073200011E92700000015EA2700000011EB2700F3
:10733000000015EC2700000011ED2700000015EEFD
:107340002700000011EF2700000018F027000F00B1
:1073500019002800FF001800290082001583290069
:107360000000118429000000158529000000118605
:10737000290000001587290000001188290000005D
:10738000158929000000118A29000000158B2900A9
:107390000000118C29000000158D29000000118EBD
:1073A00029000000158F290000001190290000001D
:1073B0001591290000001192290000001593290061
:1073C0000000119429000000159529000000119675
:1073D00029000000159729000000119829000000DD
:1073E000189929003E0015D82900000011D929005C
:1073F000000015DA2900000011DB2900000018DC6C
:1074000029001F0015FC2900000011FD29000000C3
:1074100018FE2900010119002B002F0018302B0045
:10742000140019452B00010018472B000500194DC9
:107430002B00260019762B001F0019972B006800DF
:1074400003002C00700004712C00000003722C005B
:10745000010004742C00000003752C000100047767
:107460002C000400057C2C000100037E2C0065002C
:1074700004E42C00000019E52C00050003EB2C00AF
:1074800003000BEF2C00020003F22C00010014F9A2
:107490002C0003000EFD2C00000014FE2C00010047
:1074A00003002D00250003272D000000032D2D00D3
:1074B000000006302D003700056F2D00000014700D
:1074C0002D0000000B7F2D00000006802D0016000F
:1074D00006A02D00060006A82D00060006B02D000F
:1074E000060006B82D00060006C02D00060006C8DE
:1074F0002D00060006D02D00060006D82D0006003F
:107500000BE02D001F0014002E00010013022E00BE
:10751000000012032E00000013042E0000001205CC
:107520002E00000014062E00020013092E00000099
:10753000120A2E000000140B2E000000130C2E0067
:107540000000120D2E000000140E2E00080010176F
:107550002E00000014182E000100101A2E0000004A
:10756000141B2E000000131C2E000000121D2E0004
:107570000000141E2E00010013202E000000122116
:107580002E00000015222E00000011232E00000006
:1075900015242E00000011252E00000015262E00B7
:1075A000000011272E00000015282E0000001129D0
:1075B0002E000000142A2E000400052F2E000000CB
:1075C00014302E000900103A2E000100143C2E0049
:1075D000030010402E00000014412E000000154250
:1075E0002E00000014432E000C0019502E00010044
:1075F00014522E00020015552E00000011562E00C8
:10760000000015572E00000011582E0000001559DB
:107610002E000000115A2E000000155B2E00000005
:10762000115C2E000000105D2E00000019802E005D
:107630001900199B2E00580019002F00D50019F0D1
:107640002F000B001C00300000001401300002006D
:107650001904300000000505300000000606300067
:1076600000000D073000000015083000000011096F
:1076700030000000150A30000000110B300000003F
:10768000150C30000000110D30000000150E300008
:107690000000110F30000000151030000000111123
:1076A00030000000191230000100151430000000F5
:1076B00011153000000015163000000011173000C1
:1076C0000000151830000000111930000000151AD4
:1076D00030000000111B30000000101C30000000C2
:1076E000151D30000000111E30000100192030006F
:1076F00000000D21300008000B2A30000300092E85
:10770000300001001030300000000531300004006E
:107710001936300001000D3830000200053B300002
:107720000000063C30000000143D30000000193E0F
:10773000300001000641300055000B993000010077
:10774000179B30000100059D30000100069F3000AE
:10775000000010A03000000006A13000590014FB0A
:107760003000000005FC3000020006FF3000000081
:10777000060531002A00063131005D001990310004
:1077800001000E923100030019963100090006A095
:1077900031001F0019C03100230006F031000F0036
:1077A000190032001E000E2032000900192A320092
:1077B0001D000E48320007001950320000000E5123
:1077C00032000E00196032001F000E8032000900E6
:1077D000198A320026000EB132000E0019C03200A4
:1077E0003F0106003400BF1919C04D003F000600DC
:1077F0004E0014520515A00000000616A0007604E5
:107800001990A400360006D0A400270005F8A400B3
:10781000050014FEA40001000600A5000B01050CE4
:10782000A6000000140DA60002000610A6000F001E
:107830000C20A6000900062AA60001000340A600AD
:107840002D00066EA60000000B6FA60000000A7057
:10785000A60002001473A60000000B74A600090025
:10786000147EA6000000057FA60000000380A6008D
:107870001B00059CA60001000B9EA600010006A0AF
:10788000A60045000DE6A60009000BF0A6000100C9
:1078900014F2A60005001700A70016000517A700A0
:1078A00008001720A70001000322A7000D000430E4
:1078B000A70001000332A7003D000570A7000000EB
:1078C0000471A70007000379A7000E000588A70030
:1078D00000001789A7000100038BA7000200048E97
:1078E000A7000000068FA70000000390A700040077
:1078F0000495A70000000396A700180004AFA70096
:10790000000003B0A7001A0003D0A700010004D3B1
:10791000A700000004D5A700000003D6A7000300BD
:1079200005F2A700020003F5A700010006F7A70073
:10793000000005F8A700010004FAA700000006FBFC
:10794000A70006000B02A80000000603A800020022
:107950000B06A80000000607A80003000B0BA800F8
:107960000000060CA80016000923A80001000B2542
:10797000A80001000927A80000001928A80003009A
:107980000B2CA80000000E30A80005001936A80036
:1079900001001638A80000001939A80000000640B0
:1079A000A80033001474A80003000980A800010097
:1079B0000682A800310009B4A8000F000BC4A8007B
:1079C000010014CEA80001000CD0A80009000BE0B3
:1079D000A800110006F2A800050014F8A800020093
:1079E00006FBA800000014FCA800000006FDA8008B
:1079F00001000BFFA80000000C00A9000900060A06
:107A0000A9001B000B26A9000700142EA9000100E5
:107A10000630A90016000B47A9000A000952A90068
:107A20000100145FA90000000660A9001C000B8083
:107A3000A90002000983A90000000684A9002E0005
:107A40000BB3A900000009B4A90001000BB6A900FE
:107A5000030009BAA90001000BBCA900010009BE7E
:107A6000A900020014C1A9000C0005CFA900000064
:107A70000CD0A900090014DEA900010006E0A9004D
:107A800004000BE5A900000005E6A900000006E7D8
:107A9000A90008000CF0A900090006FAA9000400DA
:107AA0000600AA0028000B29AA000500092FAA0039
:107AB00001000B31AA0001000933AA0001000B35B7
:107AC000AA0001000640AA0002000B43AA00000021
:107AD0000644AA0007000B4CAA000000094DAA00AA
:107AE00000000C50AA000900145CAA000300066004
:107AF000AA000F000570AA0000000671AA00050088
:107B00001977AA000200067AAA000000097BAA00E1
:107B100000000B7CAA000000097DAA000000067E80
:107B2000AA0031000BB0AA00000006B1AA000000B4
:107B30000BB2AA00020006B5AA0001000BB7AA000A
:107B4000010006B9AA0004000BBEAA00010006C08D
:107B5000AA0000000BC1AA00000006C2AA00000093
:107B600006DBAA00010005DDAA00000014DEAA0061
:107B7000010006E0AA000A0009EBAA0000000BECD5
:107B8000AA00010009EEAA00010014F0AA000100F9
:107B900006F2AA00000005F3AA00010009F5AA00F8
:107BA00000000BF6AA0000000601AB000500060964
:107BB000AB0005000611AB0005000620AB00060077
:107BC0000628AB0006000430AB0022000353AB00D4
:107BD00000000454AB000600175BAB000000055C1E
:107BE000AB0003000460AB0008000569AB000000B7
:107BF000176AAB0001000370AB004F0006C0AB007A
:107C0000220009E3AB0001000BE5AB00000009E630
:107C1000AB0001000BE8AB00000009E9AB0001007C
:107C200014EBAB00000009ECAB0000000BEDAB0067
:107C300000000CF0AB0009000600AC00A32B06B05E
:107C4000D700160006CBD70030000200D800FF078F
:107C50000600F9006D010670FA0069000400FB00DF
:107C600006000413FB000400061DFB0000000B1EB1
:107C7000FB000000061FFB0009001829FB000000A4
:107C8000062AFB000C000638FB000400063EFB0041
:107C900000000640FB0001000643FB000100064611
:107CA000FB006B0017B2FB00100006D3FB006A015B
:107CB000113EFD000000153FFD0000001940FD00D1
:107CC0000F000650FD003F000692FD00350019CF61
:107CD000FD00000006F0FD000B0016FCFD0000009A
:107CE00019FDFD0002000B00FE000F001410FE0045
:107CF00006001517FE0000001118FE000000141900
:107D0000FE0000000B20FE000F001430FE000000FB
:107D10001031FE0001000F33FE0001001535FE009A
:107D200000001136FE0000001537FE00000011387B
:107D3000FE0000001539FE000000113AFE000000B0
:107D4000153BFE000000113CFE000000153DFE004A
:107D50000000113EFE000000153FFE000000114033
:107D6000FE0000001541FE0000001142FE00000070
:107D70001543FE0000001144FE0000001445FE0003
:107D800001001547FE0000001148FE0000001449E4
:107D9000FE0003000F4DFE0002001450FE00020022
:107DA0001454FE0003001058FE0000001559FE0098
:107DB0000000115AFE000000155BFE000000115C7F
:107DC000FE000000155DFE000000115EFE000000D8
:107DD000145FFE0002001862FE0000001063FE0047
:107DE00000001864FE0002001468FE00000016691E
:107DF000FE000000146AFE0001000670FE00040090
:107E00000676FE00860001FFFE0000001401FF0060
:107E100002001604FF0000001405FF000200150810
:107E2000FF0000001109FF000000140AFF0000001D
:107E3000180BFF000000140CFF000000100DFF00E5
:107E40000000140EFF0001000C10FF000900141ABE
:107E5000FF000100181CFF000200141FFF000100BA
:107E60000321FF001900153BFF000000143CFF0038
:107E70000000113DFF000000173EFF0000000F3F13
:107E8000FF0000001740FF0000000341FF00190041
:107E9000155BFF000000185CFF000000115DFF0093
:107EA0000000185EFF000000155FFF000000116079
:107EB000FF0000001461FF0000001562FF000000D9
:107EC0001163FF0000001464FF0001000666FF005C
:107ED00009000570FF0000000671FF002C00059EE0
:107EE000FF00010006A0FF001E0006C2FF00050003
:107EF00006CAFF00050006D2FF00050006DAFF00F3
:107F0000020016E0FF00010018E2FF00000017E386
:107F1000FF00000019E4FF00000016E5FF0001006B
:107F200019E8FF00000018E9FF00030019EDFF0049
:107F3000010001F9FF00020019FCFF00010006002A
:107F400000010B00060D00011900062800011200B7
:107F5000063C00010100063F00010E000650000132
:107F60000D00068000017A001400010102000E07D6
:107F700001012C001937010108000D4001013400F6
:107F80000E75010103001979010110000E8A01012B
:107F90000100198C01010200199001010C0019A0C7
:107FA0000101000019D001012C000BFD01010000AE
:107FB000068002011C0006A0020130000BE0020155
:107FC00000000EE102011A00060003011F000E204E
:107FD00003010300062D030113000D4103010000FE
:107FE0000642030107000D4A030100000650030189
:107FF00025000B7603010400068003011D00149F79
:108000000301000006A00301230006C803010700C6
:1080100014D0030100000DD103010400030004018A
:108020004F00065004014D000CA00401090003B0EC
:108030000401230003D804012300060005012700E2
:10804000063005013300146F0501000003700501BF
:108050000A00037C05010E00038C05010600039451
:1080600005010100039705010A0003A305010E00A5
:1080700003B30501060003BB05010100060006016C
:10808000360106400701150006600701070005805C
:108090000701050005870701290005B2070108004F
:1080A000060008010500060808010000060A08018C
:1080B0002B00063708010100063C08010000063FBE
:1080C000080116001457080100000E5808010700A7
:1080D0000660080116001977080101000E790801F1
:1080E0000600068008011E000EA70801080006E031
:1080F0000801120006F4080101000EFB080104004B
:108100000600090115000E1609010500141F0901DA
:108110000000062009011900143F09010000068033
:10812000090137000EBC0901010006BE090101006A
:108130000EC009010F000ED209012D0006000A0130
:1081400000000B010A0102000B050A0101000B0CE3
:108150000A01030006100A01030006150A010200C5
:1081600006190A011C000B380A0102000B3F0A0124
:1081700000000E400A01080014500A0108000660C1
:108180000A011C000E7D0A010100147F0A01000093
:1081900006800A011C000E9D0A01020006C00A01A9
:1081A000070019C80A01000006C90A011B000BE5F7
:1081B0000A0101000EEB0A01040014F00A01060096
:1081C00006000B01350014390B01060006400B01B7
:1081D00015000E580B01070006600B0112000E7807
:1081E0000B01070006800B01110014990B0103001D
:1081F0000EA90B01060006000C01480003800C01CB
:10820000320003C00C0132000EFA0C01050006001A
:108210000D0123000B240D0103000C300D0109009A
:108220000E600E011E0006800E0129000BAB0E0130
:10823000010010AD0E01000006B00E0101000BFDA3
:108240000E01020006000F011C000E1D0F010900A7
:1082500006270F01000006300F0115000B460F0125
:108260000A000E510F01030014550F01040006709F
:108270000F0111000B820F01030014860F01030090
:1082800006B00F0114000EC50F01060006E00F0135
:1082900016000900100100000B0110010000090286
:1082A000100100000603100134000B3810010E000D
:1082B0001447100106000E52100113000C66100145
:1082C00009000B70100100000671100101000B7312
:1082D000100101000675100100000B7F1001020063
:1082E000098210010000068310012C0009B0100162
:1082F00002000BB31001030009B7100101000BB914
:108300001001010014BB1001010001BD10010000AB
:1083100014BE100103000BC21001000001CD1001BA
:10832000000006D0100118000CF0100109000B002D
:10833000110102000603110123000B2711010400A3
:10834000092C110100000B2D110107000C36110141
:108350000900144011010300064411010000094501
:108360001101010006471101000006501101220011
:108370000B73110100001474110101000676110144
:1083800000000B8011010100098211010000068329
:1083900011012F0009B3110102000BB611010800F1
:1083A00009BF1101010006C11101030014C511012B
:1083B00003000BC91101030014CD1101000009CE07
:1083C000110100000BCF110100000CD011010900B8
:1083D00006DA1101000014DB1101000006DC1101B6
:1083E000000014DD110102000EE11101130006006E
:1083F00012011100061312011800092C12010200CB
:108400000B2F120102000932120101000B3412017C
:1084100000000935120100000B361201010014386A
:10842000120105000B3E12010000063F120101007F
:108430000B4112010000068012010600068812019D
:108440000000068A12010300068F12010E00069F2B
:108450001201090014A91201000006B012012E0039
:108460000BDF1201000009E0120102000BE3120110
:1084700007000CF0120109000B00130101000902B2
:1084800013010100060513010700060F1301010087
:10849000061313011500062A130106000632130104
:1084A00001000635130104000B3B13010100063DDA
:1084B00013010000093E130101000B4013010000ED
:1084C000094113010300094713010100094B13017E
:1084D0000200065013010000095713010000065D59
:1084E000130104000962130101000B661301060069
:1084F0000B70130104000600140134000935140147
:1085000002000B38140107000940140101000B425E
:10851000140102000945140100000B46140100007B
:10852000064714010300144B140104000C501401FD
:108530000900145A14010100145D140100000B5EBF
:1085400014010000065F14010200068014012F00D0
:1085500009B0140102000BB31401050009B914019C
:1085600000000BBA1401000009BB140103000BBF8B
:108570001401010009C1140100000BC21401010023
:1085800006C41401010014C61401000006C714013A
:1085900000000CD014010900068015012E0009AF5F
:1085A000150102000BB21501030009B81501030003
:1085B0000BBC1501010009BE150100000BBF150120
:1085C000010014C11501160006D8150103000BDCCB
:1085D00015010100060016012F00093016010200E6
:1085E0000B3316010700093B160101000B3D160174
:1085F0000000093E160100000B3F16010100144166
:10860000160102000644160100000C501601090074
:10861000146016010C00068016012A000BAB16012F
:10862000000009AC160100000BAD1601000009AEF8
:10863000160101000BB01601050009B61601000075
:108640000BB71601000006B81601000014B9160198
:1086500000000CC016010900060017011A000B1DCE
:10866000170102000920170101000B221701030066
:108670000926170100000B27170104000C30170111
:1086800009000E3A17010100143C17010200193FBE
:1086900017010000064017010600060018012B0014
:1086A000092C180102000B2F1801080009381801C5
:1086B00000000B3918010100143B1801000003A051
:1086C00018013F000CE0180109000EEA180108002B
:1086D00006FF18010700060919010000060C190120
:1086E00007000615190101000618190117000930C5
:1086F000190105000937190101000B3B190101009F
:10870000093D190100000B3E19010000063F190147
:10871000000009401901000006411901000009424A
:10872000190100000B431901000014441901020053
:108730000C501901090006A01901070006AA190129
:10874000260009D1190102000BD4190103000BDA2C
:108750001901010009DC190103000BE019010000F7
:1087600006E11901000014E21901000006E31901F5
:10877000000009E41901000006001A0100000B01C5
:108780001A010900060B1A0127000B331A01050014
:1087900009391A010000063A1A0100000B3B1A01C0
:1087A0000300143F1A0107000B471A01000006508E
:1087B0001A0100000B511A01050009571A010100A6
:1087C0000B591A010200065C1A012D000B8A1A01CE
:1087D0000C0009971A0100000B981A010100149A65
:1087E0001A010200069D1A010000149E1A010400DD
:1087F00006B01A01480014001B01090006001C0104
:108800000800060A1C012400092F1C0100000B307F
:108810001C0106000B381C010500093E1C0100006C
:108820000B3F1C01000006401C01000014411C010C
:1088300004000C501C0109000E5A1C011200147097
:108840001C01010006721C011D000B921C01150089
:1088500009A91C0100000BAA1C01060009B11C019A
:1088600000000BB21C01010009B41C0100000BB593
:108870001C01010006001D01060006081D01010083
:10888000060B1D0125000B311D0105000B3A1D01D2
:1088900000000B3C1D0101000B3F1D0106000646B8
:1088A0001D0100000B471D0100000C501D010900B7
:1088B00006601D01050006671D010100066A1D0115
:1088C0001F00098A1D0104000B901D01010009937E
:1088D0001D0101000B951D01000009961D010000FE
:1088E0000B971D01000006981D0100000CA01D0142
:1088F000090006E01E0112000BF31E01010009F53C
:108900001E01010014F71E0101000B001F010100F0
:1089100006021F01000009031F01000006041F01D9
:108920000C0006121F01210009341F0101000B3643
:108930001F010400093E1F0101000B401F01000040
:1089400009411F0100000B421F01000014431F01D9
:108950000C000C501F01090006B01F0100000EC0E2
:108960001F01140019D51F01070016DD1F010300A8
:1089700019E11F01100014FF1F0100000600200173
:1089800099030D0024016E00147024010400068078
:108990002401C30006902F01600014F12F01010093
:1089A000060030012F04013034010F000B40340168
:1089B00000000641340105000B4734010E0006009B
:1089C0004401460206006801380206406A011E00A2
:1089D0000C606A010900146E6A01010006706A01E8
:1089E0004E000CC06A01090006D06A011D000BF0A0
:1089F0006A01040014F56A01000006006B012F00F3
:108A00000B306B01060014376B010400193C6B013D
:108A1000030005406B01030014446B01000019457D
:108A20006B0100000C506B0109000E5B6B0106002E
:108A300006636B011400067D6B01120003406E019A
:108A40003F000E806E01160014976E0103000600B1
:108A50006F014A000B4F6F01000006506F010000CC
:108A600009516F0136000B8F6F01030005936F01F1
:108A70000C0005E06F01010014E26F01000005E346
:108A80006F0100000BE46F01000009F06F010100AD
:108A900006007001F71706008801D50406008D0155
:108AA000080005F0AF01030005F5AF01060005FD64
:108AB000AF0101000600B00122010632B101000041
:108AC0000650B10102000655B10100000664B10173
:108AD00003000670B1018B010600BC016A0006703C
:108AE000BC010C000680BC0108000690BC01090016
:108AF000199CBC0100000B9DBC010100149FBC012E
:108B0000000001A0BC0103000B00CF012D000B30C1
:108B1000CF0116001950CF0173001900D001F500E4
:108B20001900D10126001929D1013B000965D101A5
:108B300001000B67D1010200196AD1010200096D21
:108B4000D10105000173D10107000B7BD1010700A2
:108B50001983D10101000B85D1010600198CD101C7
:108B60001D000BAAD101030019AED1013C00190070
:108B7000D20141000B42D20102001945D20100008E
:108B80000EC0D20113000EE0D20113001900D30170
:108B900056000E60D30118000800D4011900041A11
:108BA000D40119000834D4011900044ED401060080
:108BB0000456D40111000868D40119000482D401BC
:108BC0001900089CD4010000089ED401010008A2ED
:108BD000D401000008A5D401010008A9D4010300B4
:108BE00008AED401070004B6D401030004BBD401CD
:108BF000000004BDD401060004C5D4010A0008D059
:108C0000D401190004EAD40119000804D5010100B7
:108C10000807D5010300080DD50107000816D50186
:108C20000600041ED50119000838D5010100083BD3
:108C3000D50103000840D50104000846D501000015
:108C4000084AD50106000452D5011900086CD50167
:108C500019000486D501190008A0D501190004BA2D
:108C6000D501190008D4D501190004EED501190069
:108C70000808D60119000422D6011900083CD601C3
:108C800019000456D60119000870D6011900048A8B
:108C9000D6011B0008A8D601180018C1D601000093
:108CA00004C2D601180018DBD601000004DCD6018E
:108CB000050008E2D601180018FBD601000004FCEC
:108CC000D60118001815D70100000416D7010500B9
:108CD000081CD70118001835D70100000436D70149
:108CE0001800184FD70100000450D701050008569E
:108CF000D7011800186FD70100000470D7011800C1
:108D00001889D7010000048AD70105000890D7010F
:108D1000180018A9D701000004AAD701180018C329
:108D2000D701000004C4D701050008CAD70100001C
:108D300004CBD70100000CCED70131001900D801B7
:108D4000FF010B00DA0136001937DA0103000B3B93
:108D5000DA013100196DDA0107000B75DA01000044
:108D60001976DA010D000B84DA0100001985DA01A9
:108D700001001487DA0104000B9BDA0104000BA147
:108D8000DA010E000400DF010900060ADF0100001D
:108D9000040BDF0113000425DF0105000B00E001D7
:108DA00006000B08E00110000B1BE00106000B237E
:108DB000E00101000B26E00104000530E0013D0068
:108DC0000B8FE00100000600E1012C000B30E101F7
:108DD00006000537E10106000C40E1010900064EDE
:108DE000E1010000194FE10100000690E2011D00C1
:108DF0000BAEE201000006C0E2012B000BECE20129
:108E000003000CF0E201090016FFE201000006D0A9
:108E1000E4011A0005EBE40100000BECE40103009F
:108E20000CF0E401090006E0E701060006E8E701AE
:108E3000030006EDE701010006F0E7010E00060061
:108E4000E801C4000EC7E80108000BD0E8010600E5
:108E50000300E90143000B44E9010600054BE90169
:108E600000000C50E9010900145EE90101000E71D7
:108E7000EC013A0019ACEC0100000EADEC0102006F
:108E800016B0EC0100000EB1EC0103000E01ED0183
:108E90002C00192EED0100000E2FED010E00060032
:108EA000EE0103000605EE011A000621EE010100A5
:108EB0000624EE0100000627EE0100000629EE015F
:108EC00009000634EE0103000639EE010000063BFE
:108ED000EE0100000642EE0100000647EE01000030
:108EE0000649EE010000064BEE010000064DEE01C2
:108EF00002000651EE0101000654EE010000065783
:108F0000EE0100000659EE010000065BEE010000D4
:108F1000065DEE010000065FEE0100000661EE0155
:108F200001000664EE0100000667EE010300066C16
:108F3000EE0106000674EE0103000679EE0103005F
:108F4000067EEE0100000680EE010900068BEE01B0
:108F5000100006A1EE01020006A5EE01040006AB1A
:108F6000EE01100018F0EE0101001900F0012B00D5
:108F70001930F001630019A0F0010E0019B1F001E1
:108F80000E0019C1F0010E0019D1F00124000E00ED
:108F9000F1010C00190DF101A00019E6F1011C000E
:108FA0001910F2012B001940F20108001950F201CA
:108FB00001001960F20105001900F301FA0017FB26
:108FC000F30104001900F401D70219DCF6011000C6
:108FD00019F0F6010C001900F7017600197BF70172
:108FE0005E0019E0F7010B0019F0F701000019000D
:108FF000F8010B001910F80137001950F8010900A9
:109000001960F80127001990F8011D0019B0F80146
:1090100001001900F90153011960FA010D001970DE
:10902000FA010C001980FA0108001990FA012D00CC
:1090300019BFFA01060019CEFA010D0019E0FA0174
:10904000080019F0FA0108001900FB0192001994B8
:10905000FB0136000CF0FB01090006000002DFA650
:109060000600A70239100640B702DD000620B8024C
:10907000811606B0CE02301D0600F8021D02060061
:1090800000034A13065013035F100101000E000095
:109090000120000E5F000B00010EEF003030303079
:1090A0003030303030303030303030302020202000
:1090B000202020202020202020202020050000002B
:1090C000190000007D0000000080E03779C34143B3
:1090D000176E05B5B5B89346F5F93FE9034F384D1E
:1090E000321D30F94877825A3CBF737FDD4F1575CA
:1090F000000000000000F03F0000000000002440DD
:1091000000000000000059400000000000408F40B7
:10911000000000000088C34000000000006AF84022
:109120000000000080842E4100000000D012634146
:109130000000000084D797410000000065CDCD41BC
:10914000000000205FA00242000000E8764837429D
:10915000000000A2941A6D42000040E59C30A2423B
:109160000000901EC4BCD64200003426F56B0C43B0
:109170000080E03779C3414300A0D8855734764357
:1091800000C84E676DC1AB43003D9160E458E143B8
:10919000408CB5781DAF154450EFE2D6E41A4B442D
:1091A00092D54D06CFF08044F64AE1C7022DB54472
:1091B000B49DD9794378EA443030303030303030A3
:1091C000303030303030303020202020202020201F
:1091D0002020202020202020F8B500BFF8BC08BCAB
:1091E0009E467047F8B500BFF8BC08BC9E46704765
:1091F0005FF800F0317900205FF800F0974B002015
:109200005FF800F0174A00205FF800F05179002065
:109210005FF800F0CD5000205FF800F0635E0020A2
:109220005FF800F02D7600205FF800F0D97A00207A
:109230005FF800F0257A00205FF800F05F4700201B
:109240005FF800F00D2C00205FF800F0152E0020D4
:109250005FF800F0796D00205FF800F06D75002078
:109260005FF800F01D4F00205FF800F0016900205A
:109270005FF800F07D7700205FF800F0354F0020A8
:109280005FF800F0936D00205FF800F08168002027
:109290005FF800F01D8A00205FF800F0192C002014
:1092A0005FF800F0215D00205FF800F06D6D002098
:1092B0005FF800F0AD6800205FF800F0BD690020A5
:1092C0005FF800F0D97900205FF800F0DD6B002036
:1092D0005FF800F0E96B00205FF800F055690020AE
:1092E0005FF800F0396800205FF800F0456000206A
:1092F0005FF800F06D7900205FF800F05D5F0020FE
:109300005FF800F0115F00205FF800F06F6D002043
:109310005FF800F0617800205FF800F0D12D0020A8
:109320005FF800F0C36D00205FF800F0CD6B002007
:109330005FF800F05D6500205FF800F0692D002007
:109340005FF800F0D52D00205FF800F0A92D002077
:109350005FF800F0B97500205FF800F0555E00205E
:109360005FF800F0635E00205FF800F0D96700202E
:109370005FF800F0CD6D00205FF800F03D2D00207B
:109380005FF800F05D5E00205FF800F07D2C0020AB
:109390005FF800F0E55F00205FF800F09D680020B6
:1093A0005FF800F0894D00205FF800F0012C0020EC
:1093B0005FF800F0AF6D00205FF800F03D7700200F
:1093C0005FF800F0257400205FF800F0812D002088
:1093D0005FF800F0A37B00205FF800F0034E002050
:1093E0005FF800F0117D00205FF800F0AD760020FE
:1093F0005FF800F04F5E00205FF800F0558100201C
:109400005FF800F0D17800205FF800F0818A00203A
:109410005FF800F0A57D00205FF800F011650020E6
:109420005FF800F02D4A00205FF800F0F1640020A2
:109430005FF800F0957A0020E2B50310CAB503107A
:109440002167001005B60310F0B50310B1630010DA
:109450009DF603108AF60310E53401106AF7031035
:109460005DF7031041420110DCF80310D3F803103C
:10947000E9520110F8FA0310DDFA0310217101100E
:1094800012FB031009FB0310657F01106003041039
:10949000540304109D9D0110780304106F03041001
:1094A00031960110900304108703041029900110D5
:1094B000B10304109F030410FD9501100D04041066
:1094C0000004041075AE0110810404106A04041035
:1094D00069BA0110A60404108F040410F5B9011034
:1094E0002005041009050410B1C2011099050410EB
:1094F0008B050410DFCF0110D0050410B505041052
:1095000089D00110F1050410E405041075D0011094
:1095100011060410FE05041059D20110360604107D
:109520002006041001D10110550604104206041053
:10953000B5D201108C0A04106E0A041031FB011020
:1095400001130410EC1204100D3902102013041042
:109550000F13041095430210301304102513041048
:10956000F53E02105013041034130410ED3F0210A6
:109570006B13041053130410BD4102109213041016
:109580008413041075480210A813041095130410D6
:1095900051480210E2130410C1130410614C021070
:1095A000F8130410E513041025490210F4140410F4
:1095B000DA140410C95502100F150410F914041020
:1095C00011560210371504102115041011560210FF
:1095D0005815041043150410995602107E150410F6
:1095E0006915041099560210A41504108915041069
:1095F00025570210D2150410B71504102557021074
:10960000FC150410DF150410B55702102D160410B8
:1096100010160410B5570210531604103B16041010
:10962000595802107E16041066160410595802107C
:10963000A01604108B16041009590210C616041047
:10964000B116041009590210E6160410D1160410C0
:109650007D5902100C170410F71604107D590210E2
:1096600030170410171704101D5A02105817041051
:109670003F1704101D5A02106D17041061170410D3
:10968000C15A02108B1704107F170410C15A021020
:10969000BC1704109717041081550210EF1704101F
:1096A000CA1704108155021007180410F717041088
:1096B0002D5502108018041068180410915B0210D8
:1096C000AE1804108B180410FD5B0210E118041092
:1096D000BC1804108761021007190410EC1804105C
:1096E000E15F02102E190410121904107D6102109E
:1096F0004B19041037190410CD62021060190410C0
:109700005619041089620210851904106919041091
:1097100025610210B019041093190410D9600210C9
:10972000D1190410BB1904105D6202100E1A041046
:10973000DD190410FD5F02103C1A0410181A041001
:1097400029620210611A0410451A0410B96102104E
:109750007E1A04106A1A0410F16102109F1A041094
:10976000881A041015600210BD1A0410A81A0410FB
:1097700091610210E81A0410C61A0410E55F021085
:10978000B91B04109B1B041065640210DD1B041040
:10979000C11B041019650210FC1B0410E61B041009
:1097A000116602103A1C04102D1C0410B16802103E
:1097B0006B1E0410341E0410BD7C02109F1E04108A
:1097C0007B1E0410297C0210CD1E0410A81E04105C
:1097D000B17B0210EA1E0410D61E0410997C021000
:1097E000636F3533303000000000000000000000DF
:1097F0000011330080E30020780604108601C201C6
:109800008601C20102000000F9DA0110FDDA011040
:109810007D4A01108D5001106D5B0110295C011013
:10982000A52E002089630110F56701106D8D0110D0
:10983000A18D0110B1B5011079CC011021330210B6
:1098400001DB0110BD360210D13902109D4A011012
:10985000A5500110315F0110BD670110856A01102C
:109860009D810110C97F011061D701109D18021060
:10987000ED380210876B0210BD6801104DC2011057
:10988000D96200107554021005DB011000000000C1
:10989000FC96FC7FB0B0B0805897FC7F01000000C0
:1098A000D498041050AE00200C0D000004020010EB
:1098B000002C0020406000009098041000FC07205D
:0498C00000000000A4
:1098C40060BB0020883F0000408C00201000000096
:1098D400020000000008000000000200006CDC022E
:1098E400FF3C3A3C3C3A3B3B3B3E3A3A3A39383906
:1098F4003838373737363635353434333333323214
:10990400323132323030302F30302F2F2F2F2F2F53
:109914002F2F30303030303030303131313232323C
:10992400333334343535363737383839393A3A3AC7
:1099340000804020FFFF0000000000000000000045
:10994400FFFF00000000000000000000FFFF000017
:109954000000000000000000FFFF00000000000005
:1099640000000000FFFF00000000000000000000F5
:10997400FFFF00000000000000000000FFFF0000E7
:109984000000000000000000FFFF000000000000D5
:1099940000000000FFFF00000000000000000000C5
:1099A400FFFF00000000000000000000FFFF0000B7
:1099B4000000000000000000FFFF000000000000A5
:1099C40000000000FFFF0000000000000000000095
:1099D400FFFF00000000000000000000FFFF000087
:1099E4000000000000000000FFFF00000000000075
:1099F40000000000FFFF0000000000000000000065
:109A0400FFFF00000000000000000000FFFF000056
:109A14000000000000000000FFFF00000000000044
:109A240000000000FFFF0000000000000000000034
:109A3400FFFF00000000000000000000FFFF000026
:109A44000000000000000000FFFF00000000000014
:109A540000000000FFFF0000000000000000000004
:109A6400FFFF00000000000000000000FFFF0000F6
:109A74000000000000000000FFFF000000000000E4
:109A840000000000FFFF00000000000000000000D4
:109A9400FFFF00000000000000000000FFFF0000C6
:109AA4000000000000000000FFFF000000000000B4
:109AB4000000000080100850000000003800000082
:109AC40005000000DD680310004008503B00000062
:109AD4000000000000000000000000000000000082
:109AE4000000000000000000000000000000000072
:109AF4000000000000000000000000000000000062
:109B04000000000000000000000000000000000051
:109B14000000000000000000000000000000000041
:109B24000000000000000000000000000000000031
:109B34000000000000000000000000000000000021
:109B44000000000000000000000000000000000011
:109B540000100C5000000000000000000000000095
:109B640000000000000000000000000000000000F1
:109B740000000000000000000000000000000000E1
:109B8400000000002E0000005B69031000000000CC
:109B940000000000000000000000000000000000C1
:109BA40000000000000000000000000000000000B1
:109BB40000000000000000000000000000000000A1
:109BC4000000000000000000000000000000000091
:109BD4000000000000000000000000000000000081
:109BE4000000000000000000000000000000000071
:109BF4000000000000000000000000000000000061
:109C040000000000002009500000000000000000D7
:109C14000000000000000000000000000000000040
:109C24000000000000000000000000000000000030
:109C34000000000000000000000000000000000020
:109C440000000000000000004801000062690310E9
:109C54000D4C011000000000000000000000000096
:109C640000000000000000000000000000000000F0
:109C740000000000000000000000000000000000E0
:109C840000000000000000000000000000000000D0
:109C940000000000000000000000000000000000C0
:109CA4000000000000000000000009500000000057
:109CB40000000000000000000000000000000000A0
:109CC4000000000000000000000000000000000090
:109CD400000000000000000000000000000100007F
:109CE4000000000000000000000000000000000070
:109CF4002A6A0310000000000000000000000000B9
:109D0400000000000000000000000000000000004F
:109D1400000000000000000000000000000000003F
:109D2400000000000000000000000000000000002F
:109D3400000000000000000000000000000000001F
:109D4400000000000000000000000000000000000F
:109D540000000000000000000000000000000B50A4
:109D640000000000000000000000000000000000EF
:109D740000000000000000000000000000000000DF
:109D840000000000000000000000000000000000CF
:109D940000010000000000000000000000000000BE
:109DA400000000002F6A0310000000000000000003
:109DB400000000000000000000000000000040005F
:109DC4004000010001028000400000000202000087
:109DD40040000000030200004000000004020000F4
:109DE40040000000050380004000000006028000DF
:109DF4004000000007028000400000000000000056
:109E040088130000801A0600000000008813000078
:109E1400801A06000000000088130000801A060063
:109E2400B26B031000C009503D01000000000000A7
:109E340000000000B76B031000D009504C01000073
:109E44000000000000000000BC6B031000F009508B
:109E54004E0200000000000000000000E40C0000BE
:109E6400010000000080854400804D440100000092
:109E74000000020000080000FFFFFFFF010F0000C8
:109E840000002000000000000000000000000000AE
:109E9400000000000000200000000000000000009E
:109EA400000000000000000000002000000000008E
:109EB400000000000000000000000000000020007E
:109EC400000000000000000000000000000000008E
:109ED400000020000000000000000000000000005E
:109EE400000000000000200000000000000000004E
:109EF400000000000000000000002000000000003E
:109F0400000000000000000000000000000020002D
:109F1400000000000000000000000000000000003D
:109F2400000020000000000000000000000000000D
:109F340000000000000020000000000000000000FD
:109F440000000000000000000000200000000000ED
:109F540000000000000000000000000000002000DD
:109F640000000000000000000000000000000000ED
:109F740000002000000000000000000000000000BD
:109F840000000000000020000000000000000000AD
:109F9400000000000000000000002000000000009D
:109FA400000000000000000000000000000020008D
:109FB400000000000000000000000000000000009D
:109FC400000020000000000000000000000000006D
:109FD400000000000000200000000000000000005D
:109FE400000000000000000000002000000000004D
:109FF400000000000000000000000000000020003D
:10A00400000000000000000000000000000000004C
:10A014000A0AC9DEE0E2E4E6E8EAECEFF2F5F6F873
:10A02400FAFCFEDCDEE0E2E4E6E8EAECEFF2F5F668
:10A03400F8FAFCFE3000000000000000D107000028
:10A044002C000000000000002A07000000000000AF
:10A054000100FF000100010001000000E5D701102C
:10A06400BDD9011091D9011001000000ECB5002008
:10A07400ECB500208400000002000000FCB50020C4
:10A08400FCB5002020000000030000000CB60020F6
:10A094000CB6002024000000040000001CB60020C0
:10A0A4001CB6002020000000050000002CB6002093
:10A0B4002CB6002030000000060000003CB6002052
:10A0C4003CB6002034000000080000004CB600201C
:10A0D4004CB6002038000000090000005CB60020E7
:10A0E4005CB60020500000000A0000006CB600209E
:10A0F4006CB60020300000000100000000000000E9
:10A10400000000000001534946555342000000007E
:10A11400000000000000000000000000000000003B
:10A124000001040000000000000000000000000026
:10A13400000000000A060002EF02014001001201C3
:10A144000002EF020140F4380100000201020300A2
:10A154006FA2031078A2031088A203109DA203101B
:10A16400AAA203103BAC0310B8A203100000000025
:10A17400000000007D350210D5340210393502107C
:10A18400000000006FA2031078A203100BA30310B9
:10A194001AA30310AAA203103BAC0310120100027D
:10A1A40003000040F43801000002010203002F0004
:10A1B400000000000000000000000000000000009B
:10A1C400000000000000000000000000000000008B
:10A1D400000000000000000000000000000000007B
:10A1E400000000000000000000000000000000006B
:10A1F400000000000000000000000000000000005B
:10A20400000000000000000000000000000000004A
:10A21400000000000000000000000000000000003A
:10A22400000000000000000000000000000000002A
:10A23400000000000000000000000000000000001A
:10A24400000000000000000000000000000000000A
:10A2540000000000000000000000000000000000FA
:10A2640000000000000000000000000000000000EA
:10A2740000000000000000000000000000000000DA
:10A2840000000000000000000000000000000000CA
:10A2940000000000000000000000000000000000BA
:10A2A40000000000000000000000000000000000AA
:10A2B400000000000300000074F90020BC21041019
:10A2C400BC21041048B800200000000074F90020EC
:10A2D400DCF9002044FA0020000000000000000027
:10A2E400000000000000000000000000000000006A
:10A2F400000000000000000000000000000000005A
:10A304000000000000000000000000000000000049
:10A314000000000000000000000000000000000039
:10A324000000000000000000000000000000000029
:10A334000000000000000000000000000000000019
:10A344000000000000000000000000000000000009
:10A3540000000000000000000000000000000000F9
:10A3640001000000000000000E33CDAB34126DE696
:10A37400ECDE05000B0000000000000000000000FF
:10A3840000000000000000000000000000000000C9
:10A3940000000000000000000000000000000000B9
:10A3A40000000000000000000000000000000000A9
:10A3B4000000000000000000000000000000000099
:10A3C4000000000000000000000000000000000089
:10A3D4000000000000000000000000000000000079
:10A3E4000000000000000000000000000000000069
:10A3F4000000000000000000000000000000000059
:10A404000000000000000000E4FA0020000000004A
:10A4140001000000000000004A00000000000000ED
:10A424000000000000000000000000000000000028
:10A434000000000000000000000000000000000018
:10A444004A000000000000000000000000000000BE
:10A4540000000000000000000000000000000000F8
:10A4640000000000000000004300000000000000A5
:10A4740000000000000000000000000000000000D8
:10A484000000000000000000430000000000000085
:10A4940000000000000000000000000000000000B8
:10A4A4000000000000000000430000000000000065
:10A4B4000000000000000000000000000000000098
:10A4C4000000000000000000430000000000000045
:10A4D4000000000000000000000000000000000078
:10A4E4000000000000000000430000000000000025
:10A4F4000000000000000000000000000000000058
:10A504000000000000000000430000000000000004
:10A514000000000000000000000000000000000037
:10A5240000000000000000004300000000000000E4
:10A534000000000000000000000000000000000017
:10A544000000000000000000D12E03103D14031091
:10A55400000000000C24041084220410D8230410EA
:10A56400D8230410D8230410D8230410D8230410AB
:10A57400D8230410D8230410D8230410D82304109B
:10A58400FFFFFFFFFFFFFFFFFFFFFFFFFFFF0000D5
:10A59400010041534349490000000000000000004D
:10A5A40000000000000000000000000000000000A7
:10A5B400000041534349490000000000000000002E
:10A5C4000000000000000000000000000000000087
:0CA5D40000000000B56200108D62001055
:040000051001DBC348
:00000001FF
